dataset,arch,scenario,pert_idx,sample_id,source_sample_idx,severity,score_metric,clean_sample_score,perturbed_sample_score,segment,time_index,time_step,feature,affected_feature,clean_input,perturbed_input,ground_truth,clean_prediction,perturbed_prediction
traffic,PatchTST,time_stretch,4,7218,79,0.4942803978919983,MSE,0.3723537623882293,0.873369038105011,input,1.0,0,9,True,0.0028999969363212,0.0028999969363212,,,
traffic,PatchTST,time_stretch,4,7218,79,0.4942803978919983,MSE,0.3723537623882293,0.873369038105011,input,1.0,0,43,True,0.0148000009357929,0.0148000009357929,,,
traffic,PatchTST,time_stretch,4,7218,79,0.4942803978919983,MSE,0.3723537623882293,0.873369038105011,input,1.0,0,217,True,0.0110000036656856,0.0110000036656856,,,
traffic,PatchTST,time_stretch,4,7218,79,0.4942803978919983,MSE,0.3723537623882293,0.873369038105011,input,1.0,0,304,True,0.0069999992847442,0.0069999992847442,,,
traffic,PatchTST,time_stretch,4,7218,79,0.4942803978919983,MSE,0.3723537623882293,0.873369038105011,input,1.0,0,397,True,0.0181000009179115,0.0181000009179115,,,
traffic,PatchTST,time_stretch,4,7218,79,0.4942803978919983,MSE,0.3723537623882293,0.873369038105011,input,1.0,0,475,True,0.0170999988913536,0.0170999988913536,,,
traffic,PatchTST,time_stretch,4,7218,79,0.4942803978919983,MSE,0.3723537623882293,0.873369038105011,input,1.0,0,580,True,0.003100000321865,0.003100000321865,,,
traffic,PatchTST,time_stretch,4,7218,79,0.4942803978919983,MSE,0.3723537623882293,0.873369038105011,input,1.0,0,586,True,0.0037000030279159,0.0037000030279159,,,
traffic,PatchTST,time_stretch,4,7218,79,0.4942803978919983,MSE,0.3723537623882293,0.873369038105011,input,1.0,0,608,True,0.018600009381771,0.018600009381771,,,
traffic,PatchTST,time_stretch,4,7218,79,0.4942803978919983,MSE,0.3723537623882293,0.873369038105011,input,1.0,0,632,True,0.0121999979019165,0.0121999979019165,,,
traffic,PatchTST,time_stretch,4,7218,79,0.4942803978919983,MSE,0.3723537623882293,0.873369038105011,input,1.0,0,840,True,0.0087000001221895,0.0087000001221895,,,
traffic,PatchTST,time_stretch,4,7218,79,0.4942803978919983,MSE,0.3723537623882293,0.873369038105011,input,2.0,1,9,True,0.0089000016450881,0.0089000016450881,,,
traffic,PatchTST,time_stretch,4,7218,79,0.4942803978919983,MSE,0.3723537623882293,0.873369038105011,input,2.0,1,43,True,0.0152000002562999,0.0152000002562999,,,
traffic,PatchTST,time_stretch,4,7218,79,0.4942803978919983,MSE,0.3723537623882293,0.873369038105011,input,2.0,1,217,True,0.0221000015735626,0.0221000015735626,,,
traffic,PatchTST,time_stretch,4,7218,79,0.4942803978919983,MSE,0.3723537623882293,0.873369038105011,input,2.0,1,304,True,0.0126000009477138,0.0126000009477138,,,
traffic,PatchTST,time_stretch,4,7218,79,0.4942803978919983,MSE,0.3723537623882293,0.873369038105011,input,2.0,1,397,True,0.0359000004827976,0.0359000004827976,,,
traffic,PatchTST,time_stretch,4,7218,79,0.4942803978919983,MSE,0.3723537623882293,0.873369038105011,input,2.0,1,475,True,0.0405000001192092,0.0405000001192092,,,
traffic,PatchTST,time_stretch,4,7218,79,0.4942803978919983,MSE,0.3723537623882293,0.873369038105011,input,2.0,1,580,True,0.0029999986290931,0.0029999986290931,,,
traffic,PatchTST,time_stretch,4,7218,79,0.4942803978919983,MSE,0.3723537623882293,0.873369038105011,input,2.0,1,586,True,0.0111000016331672,0.0111000016331672,,,
traffic,PatchTST,time_stretch,4,7218,79,0.4942803978919983,MSE,0.3723537623882293,0.873369038105011,input,2.0,1,608,True,0.0208000019192695,0.0208000019192695,,,
traffic,PatchTST,time_stretch,4,7218,79,0.4942803978919983,MSE,0.3723537623882293,0.873369038105011,input,2.0,1,632,True,0.033900000154972,0.033900000154972,,,
traffic,PatchTST,time_stretch,4,7218,79,0.4942803978919983,MSE,0.3723537623882293,0.873369038105011,input,2.0,1,840,True,0.0227000005543231,0.0227000005543231,,,
traffic,PatchTST,time_stretch,4,7218,79,0.4942803978919983,MSE,0.3723537623882293,0.873369038105011,input,3.0,2,9,True,0.0208999998867511,0.0129307433962821,,,
traffic,PatchTST,time_stretch,4,7218,79,0.4942803978919983,MSE,0.3723537623882293,0.873369038105011,input,3.0,2,43,True,0.0278000012040138,0.0194322727620601,,,
traffic,PatchTST,time_stretch,4,7218,79,0.4942803978919983,MSE,0.3723537623882293,0.873369038105011,input,3.0,2,217,True,0.0907000005245208,0.0451423898339271,,,
traffic,PatchTST,time_stretch,4,7218,79,0.4942803978919983,MSE,0.3723537623882293,0.873369038105011,input,3.0,2,304,True,0.0256999991834163,0.0170002207159996,,,
traffic,PatchTST,time_stretch,4,7218,79,0.4942803978919983,MSE,0.3723537623882293,0.873369038105011,input,3.0,2,397,True,0.0621000006794929,0.0447004474699497,,,
traffic,PatchTST,time_stretch,4,7218,79,0.4942803978919983,MSE,0.3723537623882293,0.873369038105011,input,3.0,2,475,True,0.0817999988794326,0.0543724596500396,,,
traffic,PatchTST,time_stretch,4,7218,79,0.4942803978919983,MSE,0.3723537623882293,0.873369038105011,input,3.0,2,580,True,0.0054999999701976,0.0038397349417209,,,
traffic,PatchTST,time_stretch,4,7218,79,0.4942803978919983,MSE,0.3723537623882293,0.873369038105011,input,3.0,2,586,True,0.0271000005304813,0.0164743177592754,,,
traffic,PatchTST,time_stretch,4,7218,79,0.4942803978919983,MSE,0.3723537623882293,0.873369038105011,input,3.0,2,608,True,0.0263999998569488,0.0226810127496719,,,
traffic,PatchTST,time_stretch,4,7218,79,0.4942803978919983,MSE,0.3723537623882293,0.873369038105011,input,3.0,2,632,True,0.0694999992847442,0.0458578579127788,,,
traffic,PatchTST,time_stretch,4,7218,79,0.4942803978919983,MSE,0.3723537623882293,0.873369038105011,input,3.0,2,840,True,0.3140000104904175,0.1205461919307708,,,
traffic,PatchTST,time_stretch,4,7218,79,0.4942803978919983,MSE,0.3723537623882293,0.873369038105011,input,4.0,3,9,True,0.0450999997556209,0.0169614814221858,,,
traffic,PatchTST,time_stretch,4,7218,79,0.4942803978919983,MSE,0.3723537623882293,0.873369038105011,input,4.0,3,43,True,0.0417000018060207,0.0236645527184009,,,
traffic,PatchTST,time_stretch,4,7218,79,0.4942803978919983,MSE,0.3723537623882293,0.873369038105011,input,4.0,3,217,True,0.2529000043869018,0.0681847855448722,,,
traffic,PatchTST,time_stretch,4,7218,79,0.4942803978919983,MSE,0.3723537623882293,0.873369038105011,input,4.0,3,304,True,0.0421999990940094,0.0214004442095756,,,
traffic,PatchTST,time_stretch,4,7218,79,0.4942803978919983,MSE,0.3723537623882293,0.873369038105011,input,4.0,3,397,True,0.0722000002861023,0.0535008944571018,,,
traffic,PatchTST,time_stretch,4,7218,79,0.4942803978919983,MSE,0.3723537623882293,0.873369038105011,input,4.0,3,475,True,0.1618999987840652,0.06824491918087,,,
traffic,PatchTST,time_stretch,4,7218,79,0.4942803978919983,MSE,0.3723537623882293,0.873369038105011,input,4.0,3,580,True,0.0287000015377998,0.0046794712543487,,,
traffic,PatchTST,time_stretch,4,7218,79,0.4942803978919983,MSE,0.3723537623882293,0.873369038105011,input,4.0,3,586,True,0.0557000003755092,0.0218486413359642,,,
traffic,PatchTST,time_stretch,4,7218,79,0.4942803978919983,MSE,0.3723537623882293,0.873369038105011,input,4.0,3,608,True,0.0401000007987022,0.0245620235800743,,,
traffic,PatchTST,time_stretch,4,7218,79,0.4942803978919983,MSE,0.3723537623882293,0.873369038105011,input,4.0,3,632,True,0.4444000124931335,0.0578157156705856,,,
traffic,PatchTST,time_stretch,4,7218,79,0.4942803978919983,MSE,0.3723537623882293,0.873369038105011,input,4.0,3,840,True,0.5942000150680542,0.2183923870325088,,,
traffic,PatchTST,time_stretch,4,7218,79,0.4942803978919983,MSE,0.3723537623882293,0.873369038105011,input,5.0,4,9,True,0.0784000009298324,0.0210859738290309,,,
traffic,PatchTST,time_stretch,4,7218,79,0.4942803978919983,MSE,0.3723537623882293,0.873369038105011,input,5.0,4,43,True,0.064300000667572,0.0279068201780319,,,
traffic,PatchTST,time_stretch,4,7218,79,0.4942803978919983,MSE,0.3723537623882293,0.873369038105011,input,5.0,4,217,True,0.4108999967575073,0.091946467757225,,,
traffic,PatchTST,time_stretch,4,7218,79,0.4942803978919983,MSE,0.3723537623882293,0.873369038105011,input,5.0,4,304,True,0.0703999996185302,0.0258267931640148,,,
traffic,PatchTST,time_stretch,4,7218,79,0.4942803978919983,MSE,0.3723537623882293,0.873369038105011,input,5.0,4,397,True,0.0820999965071678,0.0621776171028614,,,
traffic,PatchTST,time_stretch,4,7218,79,0.4942803978919983,MSE,0.3723537623882293,0.873369038105011,input,5.0,4,475,True,0.3283999860286712,0.0824155434966087,,,
traffic,PatchTST,time_stretch,4,7218,79,0.4942803978919983,MSE,0.3723537623882293,0.873369038105011,input,5.0,4,580,True,0.0590000003576278,0.0056782849133014,,,
traffic,PatchTST,time_stretch,4,7218,79,0.4942803978919983,MSE,0.3723537623882293,0.873369038105011,input,5.0,4,586,True,0.1022000014781951,0.0273197852075099,,,
traffic,PatchTST,time_stretch,4,7218,79,0.4942803978919983,MSE,0.3723537623882293,0.873369038105011,input,5.0,4,608,True,0.0549999997019767,0.0265052840113639,,,
traffic,PatchTST,time_stretch,4,7218,79,0.4942803978919983,MSE,0.3723537623882293,0.873369038105011,input,5.0,4,632,True,0.4190999865531921,0.0723810046911239,,,
traffic,PatchTST,time_stretch,4,7218,79,0.4942803978919983,MSE,0.3723537623882293,0.873369038105011,input,5.0,4,840,True,0.6154999732971191,0.3161532878875732,,,
traffic,PatchTST,time_stretch,4,7218,79,0.4942803978919983,MSE,0.3723537623882293,0.873369038105011,input,6.0,5,9,True,0.2333000004291534,0.0292146280407905,,,
traffic,PatchTST,time_stretch,4,7218,79,0.4942803978919983,MSE,0.3723537623882293,0.873369038105011,input,6.0,5,43,True,0.0741000026464462,0.0325757600367069,,,
traffic,PatchTST,time_stretch,4,7218,79,0.4942803978919983,MSE,0.3723537623882293,0.873369038105011,input,6.0,5,217,True,0.3494000136852264,0.1464286148548126,,,
traffic,PatchTST,time_stretch,4,7218,79,0.4942803978919983,MSE,0.3723537623882293,0.873369038105011,input,6.0,5,304,True,0.0865999981760978,0.0313690640032291,,,
traffic,PatchTST,time_stretch,4,7218,79,0.4942803978919983,MSE,0.3723537623882293,0.873369038105011,input,6.0,5,397,True,0.0930999964475631,0.0655701532959938,,,
traffic,PatchTST,time_stretch,4,7218,79,0.4942803978919983,MSE,0.3723537623882293,0.873369038105011,input,6.0,5,475,True,0.2739999890327453,0.109320729970932,,,
traffic,PatchTST,time_stretch,4,7218,79,0.4942803978919983,MSE,0.3723537623882293,0.873369038105011,input,6.0,5,580,True,0.0747999995946884,0.0134710483253002,,,
traffic,PatchTST,time_stretch,4,7218,79,0.4942803978919983,MSE,0.3723537623882293,0.873369038105011,input,6.0,5,586,True,0.2748000025749206,0.0369263812899589,,,
traffic,PatchTST,time_stretch,4,7218,79,0.4942803978919983,MSE,0.3723537623882293,0.873369038105011,input,6.0,5,608,True,0.0668999999761581,0.0311070382595062,,,
traffic,PatchTST,time_stretch,4,7218,79,0.4942803978919983,MSE,0.3723537623882293,0.873369038105011,input,6.0,5,632,True,0.3916999995708465,0.1983080208301544,,,
traffic,PatchTST,time_stretch,4,7218,79,0.4942803978919983,MSE,0.3723537623882293,0.873369038105011,input,6.0,5,840,True,0.5383999943733215,0.410271018743515,,,
traffic,PatchTST,time_stretch,4,7218,79,0.4942803978919983,MSE,0.3723537623882293,0.873369038105011,input,7.0,6,9,True,0.0996999964118003,0.0373432822525501,,,
traffic,PatchTST,time_stretch,4,7218,79,0.4942803978919983,MSE,0.3723537623882293,0.873369038105011,input,7.0,6,43,True,0.067900002002716,0.0372446961700916,,,
traffic,PatchTST,time_stretch,4,7218,79,0.4942803978919983,MSE,0.3723537623882293,0.873369038105011,input,7.0,6,217,True,0.159199982881546,0.2009107768535614,,,
traffic,PatchTST,time_stretch,4,7218,79,0.4942803978919983,MSE,0.3723537623882293,0.873369038105011,input,7.0,6,304,True,0.0917000025510788,0.0369113311171531,,,
traffic,PatchTST,time_stretch,4,7218,79,0.4942803978919983,MSE,0.3723537623882293,0.873369038105011,input,7.0,6,397,True,0.152999997138977,0.0689626932144165,,,
traffic,PatchTST,time_stretch,4,7218,79,0.4942803978919983,MSE,0.3723537623882293,0.873369038105011,input,7.0,6,475,True,0.245399996638298,0.1362259089946746,,,
traffic,PatchTST,time_stretch,4,7218,79,0.4942803978919983,MSE,0.3723537623882293,0.873369038105011,input,7.0,6,580,True,0.0851000025868415,0.0212638080120086,,,
traffic,PatchTST,time_stretch,4,7218,79,0.4942803978919983,MSE,0.3723537623882293,0.873369038105011,input,7.0,6,586,True,0.1253000050783157,0.0465329736471176,,,
traffic,PatchTST,time_stretch,4,7218,79,0.4942803978919983,MSE,0.3723537623882293,0.873369038105011,input,7.0,6,608,True,0.0595000013709068,0.035708799958229,,,
traffic,PatchTST,time_stretch,4,7218,79,0.4942803978919983,MSE,0.3723537623882293,0.873369038105011,input,7.0,6,632,True,0.3384000062942505,0.3242350220680237,,,
traffic,PatchTST,time_stretch,4,7218,79,0.4942803978919983,MSE,0.3723537623882293,0.873369038105011,input,7.0,6,840,True,0.520799994468689,0.5043887495994568,,,
traffic,PatchTST,time_stretch,4,7218,79,0.4942803978919983,MSE,0.3723537623882293,0.873369038105011,input,8.0,7,9,True,0.0658000037074089,0.0456118024885654,,,
traffic,PatchTST,time_stretch,4,7218,79,0.4942803978919983,MSE,0.3723537623882293,0.873369038105011,input,8.0,7,43,True,0.0720999985933303,0.0420473515987396,,,
traffic,PatchTST,time_stretch,4,7218,79,0.4942803978919983,MSE,0.3723537623882293,0.873369038105011,input,8.0,7,217,True,0.1030000001192092,0.2553283870220184,,,
traffic,PatchTST,time_stretch,4,7218,79,0.4942803978919983,MSE,0.3723537623882293,0.873369038105011,input,8.0,7,304,True,0.0821999981999397,0.0426334179937839,,,
traffic,PatchTST,time_stretch,4,7218,79,0.4942803978919983,MSE,0.3723537623882293,0.873369038105011,input,8.0,7,397,True,0.2491999864578247,0.0723521560430526,,,
traffic,PatchTST,time_stretch,4,7218,79,0.4942803978919983,MSE,0.3723537623882293,0.873369038105011,input,8.0,7,475,True,0.2689000070095062,0.1644590198993683,,,
traffic,PatchTST,time_stretch,4,7218,79,0.4942803978919983,MSE,0.3723537623882293,0.873369038105011,input,8.0,7,580,True,0.0719999969005584,0.0291656963527202,,,
traffic,PatchTST,time_stretch,4,7218,79,0.4942803978919983,MSE,0.3723537623882293,0.873369038105011,input,8.0,7,586,True,0.0715999975800514,0.0564146824181079,,,
traffic,PatchTST,time_stretch,4,7218,79,0.4942803978919983,MSE,0.3723537623882293,0.873369038105011,input,8.0,7,608,True,0.0636999979615211,0.0403290055692195,,,
traffic,PatchTST,time_stretch,4,7218,79,0.4942803978919983,MSE,0.3723537623882293,0.873369038105011,input,8.0,7,632,True,0.4025999903678894,0.4440111815929413,,,
traffic,PatchTST,time_stretch,4,7218,79,0.4942803978919983,MSE,0.3723537623882293,0.873369038105011,input,8.0,7,840,True,0.4699000120162964,0.5945274233818054,,,
traffic,PatchTST,time_stretch,4,7218,79,0.4942803978919983,MSE,0.3723537623882293,0.873369038105011,input,9.0,8,9,True,0.1040999963879585,0.0567971058189868,,,
traffic,PatchTST,time_stretch,4,7218,79,0.4942803978919983,MSE,0.3723537623882293,0.873369038105011,input,9.0,8,43,True,0.0737999975681305,0.0496385768055915,,,
traffic,PatchTST,time_stretch,4,7218,79,0.4942803978919983,MSE,0.3723537623882293,0.873369038105011,input,9.0,8,217,True,0.0961999967694282,0.3083997666835785,,,
traffic,PatchTST,time_stretch,4,7218,79,0.4942803978919983,MSE,0.3723537623882293,0.873369038105011,input,9.0,8,304,True,0.0841000005602836,0.0521056540310382,,,
traffic,PatchTST,time_stretch,4,7218,79,0.4942803978919983,MSE,0.3723537623882293,0.873369038105011,input,9.0,8,397,True,0.2897000014781952,0.0756775140762329,,,
traffic,PatchTST,time_stretch,4,7218,79,0.4942803978919983,MSE,0.3723537623882293,0.873369038105011,input,9.0,8,475,True,0.2612000107765198,0.2203855216503143,,,
traffic,PatchTST,time_stretch,4,7218,79,0.4942803978919983,MSE,0.3723537623882293,0.873369038105011,input,9.0,8,580,True,0.0668999999761581,0.039343312382698,,,
traffic,PatchTST,time_stretch,4,7218,79,0.4942803978919983,MSE,0.3723537623882293,0.873369038105011,input,9.0,8,586,True,0.1200999990105629,0.0720337927341461,,,
traffic,PatchTST,time_stretch,4,7218,79,0.4942803978919983,MSE,0.3723537623882293,0.873369038105011,input,9.0,8,608,True,0.0703999996185302,0.0453338399529457,,,
traffic,PatchTST,time_stretch,4,7218,79,0.4942803978919983,MSE,0.3723537623882293,0.873369038105011,input,9.0,8,632,True,0.2727999985218048,0.4355130195617676,,,
traffic,PatchTST,time_stretch,4,7218,79,0.4942803978919983,MSE,0.3723537623882293,0.873369038105011,input,9.0,8,840,True,0.0754999965429306,0.6016819477081299,,,
traffic,PatchTST,time_stretch,4,7218,79,0.4942803978919983,MSE,0.3723537623882293,0.873369038105011,input,10.0,9,9,True,0.301499992609024,0.067982405424118,,,
traffic,PatchTST,time_stretch,4,7218,79,0.4942803978919983,MSE,0.3723537623882293,0.873369038105011,input,10.0,9,43,True,0.0834000036120414,0.0572298020124435,,,
traffic,PatchTST,time_stretch,4,7218,79,0.4942803978919983,MSE,0.3723537623882293,0.873369038105011,input,10.0,9,217,True,0.093699999153614,0.3614711761474609,,,
traffic,PatchTST,time_stretch,4,7218,79,0.4942803978919983,MSE,0.3723537623882293,0.873369038105011,input,10.0,9,304,True,0.0935999974608421,0.0615778937935829,,,
traffic,PatchTST,time_stretch,4,7218,79,0.4942803978919983,MSE,0.3723537623882293,0.873369038105011,input,10.0,9,397,True,0.2933999896049499,0.0790028721094131,,,
traffic,PatchTST,time_stretch,4,7218,79,0.4942803978919983,MSE,0.3723537623882293,0.873369038105011,input,10.0,9,475,True,0.2955999970436096,0.276311993598938,,,
traffic,PatchTST,time_stretch,4,7218,79,0.4942803978919983,MSE,0.3723537623882293,0.873369038105011,input,10.0,9,580,True,0.0644999966025352,0.0495209284126758,,,
traffic,PatchTST,time_stretch,4,7218,79,0.4942803978919983,MSE,0.3723537623882293,0.873369038105011,input,10.0,9,586,True,0.3228000104427337,0.0876529067754745,,,
traffic,PatchTST,time_stretch,4,7218,79,0.4942803978919983,MSE,0.3723537623882293,0.873369038105011,input,10.0,9,608,True,0.0745000019669532,0.0503386743366718,,,
traffic,PatchTST,time_stretch,4,7218,79,0.4942803978919983,MSE,0.3723537623882293,0.873369038105011,input,10.0,9,632,True,0.0472999997437,0.4270148575305938,,,
traffic,PatchTST,time_stretch,4,7218,79,0.4942803978919983,MSE,0.3723537623882293,0.873369038105011,input,10.0,9,840,True,0.0427000001072883,0.6088364720344543,,,
traffic,PatchTST,time_stretch,4,7218,79,0.4942803978919983,MSE,0.3723537623882293,0.873369038105011,input,11.0,10,9,True,0.0838999971747398,0.081971101462841,,,
traffic,PatchTST,time_stretch,4,7218,79,0.4942803978919983,MSE,0.3723537623882293,0.873369038105011,input,11.0,10,43,True,0.092299997806549,0.0645259320735931,,,
traffic,PatchTST,time_stretch,4,7218,79,0.4942803978919983,MSE,0.3723537623882293,0.873369038105011,input,11.0,10,217,True,0.0934000015258789,0.4094821810722351,,,
traffic,PatchTST,time_stretch,4,7218,79,0.4942803978919983,MSE,0.3723537623882293,0.873369038105011,input,11.0,10,304,True,0.101000003516674,0.0707734748721122,,,
traffic,PatchTST,time_stretch,4,7218,79,0.4942803978919983,MSE,0.3723537623882293,0.873369038105011,input,11.0,10,397,True,0.1146999970078468,0.0823535919189453,,,
traffic,PatchTST,time_stretch,4,7218,79,0.4942803978919983,MSE,0.3723537623882293,0.873369038105011,input,11.0,10,475,True,0.3246999979019165,0.3271458148956299,,,
traffic,PatchTST,time_stretch,4,7218,79,0.4942803978919983,MSE,0.3723537623882293,0.873369038105011,input,11.0,10,580,True,0.0724000036716461,0.0593642555177211,,,
traffic,PatchTST,time_stretch,4,7218,79,0.4942803978919983,MSE,0.3723537623882293,0.873369038105011,input,11.0,10,586,True,0.0860000029206276,0.1061791628599166,,,
traffic,PatchTST,time_stretch,4,7218,79,0.4942803978919983,MSE,0.3723537623882293,0.873369038105011,input,11.0,10,608,True,0.0754999965429306,0.055274348706007,,,
traffic,PatchTST,time_stretch,4,7218,79,0.4942803978919983,MSE,0.3723537623882293,0.873369038105011,input,11.0,10,632,True,0.0427000001072883,0.4184682965278625,,,
traffic,PatchTST,time_stretch,4,7218,79,0.4942803978919983,MSE,0.3723537623882293,0.873369038105011,input,11.0,10,840,True,0.0381999984383583,0.6137225031852722,,,
traffic,PatchTST,time_stretch,4,7218,79,0.4942803978919983,MSE,0.3723537623882293,0.873369038105011,input,12.0,11,9,True,0.1006999984383583,0.134001225233078,,,
traffic,PatchTST,time_stretch,4,7218,79,0.4942803978919983,MSE,0.3723537623882293,0.873369038105011,input,12.0,11,43,True,0.1028999984264373,0.0678177028894424,,,
traffic,PatchTST,time_stretch,4,7218,79,0.4942803978919983,MSE,0.3723537623882293,0.873369038105011,input,12.0,11,217,True,0.0982000008225441,0.3888246417045593,,,
traffic,PatchTST,time_stretch,4,7218,79,0.4942803978919983,MSE,0.3723537623882293,0.873369038105011,input,12.0,11,304,True,0.20660001039505,0.0762149766087532,,,
traffic,PatchTST,time_stretch,4,7218,79,0.4942803978919983,MSE,0.3723537623882293,0.873369038105011,input,12.0,11,397,True,0.145699992775917,0.0860484391450882,,,
traffic,PatchTST,time_stretch,4,7218,79,0.4942803978919983,MSE,0.3723537623882293,0.873369038105011,input,12.0,11,475,True,0.4225000143051147,0.308873176574707,,,
traffic,PatchTST,time_stretch,4,7218,79,0.4942803978919983,MSE,0.3723537623882293,0.873369038105011,input,12.0,11,580,True,0.0746999979019165,0.0646713972091674,,,
traffic,PatchTST,time_stretch,4,7218,79,0.4942803978919983,MSE,0.3723537623882293,0.873369038105011,input,12.0,11,586,True,0.1152999997138977,0.1641546189785003,,,
traffic,PatchTST,time_stretch,4,7218,79,0.4942803978919983,MSE,0.3723537623882293,0.873369038105011,input,12.0,11,608,True,0.0841000005602836,0.0592714957892894,,,
traffic,PatchTST,time_stretch,4,7218,79,0.4942803978919983,MSE,0.3723537623882293,0.873369038105011,input,12.0,11,632,True,0.0461999997496604,0.4092647731304168,,,
traffic,PatchTST,time_stretch,4,7218,79,0.4942803978919983,MSE,0.3723537623882293,0.873369038105011,input,12.0,11,840,True,0.0425000004470348,0.5878250002861023,,,
traffic,PatchTST,time_stretch,4,7218,79,0.4942803978919983,MSE,0.3723537623882293,0.873369038105011,input,13.0,12,9,True,0.0815000012516975,0.1860313415527343,,,
traffic,PatchTST,time_stretch,4,7218,79,0.4942803978919983,MSE,0.3723537623882293,0.873369038105011,input,13.0,12,43,True,0.2940999865531921,0.0711094737052917,,,
traffic,PatchTST,time_stretch,4,7218,79,0.4942803978919983,MSE,0.3723537623882293,0.873369038105011,input,13.0,12,217,True,0.1114000007510185,0.3681671023368835,,,
traffic,PatchTST,time_stretch,4,7218,79,0.4942803978919983,MSE,0.3723537623882293,0.873369038105011,input,13.0,12,304,True,0.2840000092983246,0.0816564708948135,,,
traffic,PatchTST,time_stretch,4,7218,79,0.4942803978919983,MSE,0.3723537623882293,0.873369038105011,input,13.0,12,397,True,0.3030000030994415,0.0897432789206504,,,
traffic,PatchTST,time_stretch,4,7218,79,0.4942803978919983,MSE,0.3723537623882293,0.873369038105011,input,13.0,12,475,True,0.303299993276596,0.2906004786491394,,,
traffic,PatchTST,time_stretch,4,7218,79,0.4942803978919983,MSE,0.3723537623882293,0.873369038105011,input,13.0,12,580,True,0.1876000016927719,0.0699785351753234,,,
traffic,PatchTST,time_stretch,4,7218,79,0.4942803978919983,MSE,0.3723537623882293,0.873369038105011,input,13.0,12,586,True,0.0812999978661537,0.2221300899982452,,,
traffic,PatchTST,time_stretch,4,7218,79,0.4942803978919983,MSE,0.3723537623882293,0.873369038105011,input,13.0,12,608,True,0.1589999943971634,0.0632686465978622,,,
traffic,PatchTST,time_stretch,4,7218,79,0.4942803978919983,MSE,0.3723537623882293,0.873369038105011,input,13.0,12,632,True,0.0447000004351139,0.4000612497329712,,,
traffic,PatchTST,time_stretch,4,7218,79,0.4942803978919983,MSE,0.3723537623882293,0.873369038105011,input,13.0,12,840,True,0.0373999997973442,0.5619275569915771,,,
traffic,PatchTST,time_stretch,4,7218,79,0.4942803978919983,MSE,0.3723537623882293,0.873369038105011,input,14.0,13,9,True,0.1488000005483627,0.2291932851076126,,,
traffic,PatchTST,time_stretch,4,7218,79,0.4942803978919983,MSE,0.3723537623882293,0.873369038105011,input,14.0,13,43,True,0.3738000094890594,0.0739094242453575,,,
traffic,PatchTST,time_stretch,4,7218,79,0.4942803978919983,MSE,0.3723537623882293,0.873369038105011,input,14.0,13,217,True,0.1111999973654747,0.3435534536838531,,,
traffic,PatchTST,time_stretch,4,7218,79,0.4942803978919983,MSE,0.3723537623882293,0.873369038105011,input,14.0,13,304,True,0.2878000140190124,0.0867567658424377,,,
traffic,PatchTST,time_stretch,4,7218,79,0.4942803978919983,MSE,0.3723537623882293,0.873369038105011,input,14.0,13,397,True,0.3407000005245209,0.0949412584304809,,,
traffic,PatchTST,time_stretch,4,7218,79,0.4942803978919983,MSE,0.3723537623882293,0.873369038105011,input,14.0,13,475,True,0.1706999987363815,0.2731208801269531,,,
traffic,PatchTST,time_stretch,4,7218,79,0.4942803978919983,MSE,0.3723537623882293,0.873369038105011,input,14.0,13,580,True,0.3084000051021576,0.0751166120171547,,,
traffic,PatchTST,time_stretch,4,7218,79,0.4942803978919983,MSE,0.3723537623882293,0.873369038105011,input,14.0,13,586,True,0.19480000436306,0.2702045440673828,,,
traffic,PatchTST,time_stretch,4,7218,79,0.4942803978919983,MSE,0.3723537623882293,0.873369038105011,input,14.0,13,608,True,0.3567999899387359,0.066672533750534,,,
traffic,PatchTST,time_stretch,4,7218,79,0.4942803978919983,MSE,0.3723537623882293,0.873369038105011,input,14.0,13,632,True,0.0458000004291534,0.3900615870952606,,,
traffic,PatchTST,time_stretch,4,7218,79,0.4942803978919983,MSE,0.3723537623882293,0.873369038105011,input,14.0,13,840,True,0.0326999984681606,0.5378590226173401,,,
traffic,PatchTST,time_stretch,4,7218,79,0.4942803978919983,MSE,0.3723537623882293,0.873369038105011,input,15.0,14,9,True,0.3353999853134155,0.1843177080154419,,,
traffic,PatchTST,time_stretch,4,7218,79,0.4942803978919983,MSE,0.3723537623882293,0.873369038105011,input,15.0,14,43,True,0.364300012588501,0.0718268752098083,,,
traffic,PatchTST,time_stretch,4,7218,79,0.4942803978919983,MSE,0.3723537623882293,0.873369038105011,input,15.0,14,217,True,0.1377999931573867,0.2796662449836731,,,
traffic,PatchTST,time_stretch,4,7218,79,0.4942803978919983,MSE,0.3723537623882293,0.873369038105011,input,15.0,14,304,True,0.3118000030517578,0.0884698331356048,,,
traffic,PatchTST,time_stretch,4,7218,79,0.4942803978919983,MSE,0.3723537623882293,0.873369038105011,input,15.0,14,397,True,0.378600001335144,0.1150613650679588,,,
traffic,PatchTST,time_stretch,4,7218,79,0.4942803978919983,MSE,0.3723537623882293,0.873369038105011,input,15.0,14,475,True,0.0632999986410141,0.2635142803192138,,,
traffic,PatchTST,time_stretch,4,7218,79,0.4942803978919983,MSE,0.3723537623882293,0.873369038105011,input,15.0,14,580,True,0.3729999959468841,0.0785763263702392,,,
traffic,PatchTST,time_stretch,4,7218,79,0.4942803978919983,MSE,0.3723537623882293,0.873369038105011,input,15.0,14,586,True,0.3747999668121338,0.2199882417917251,,,
traffic,PatchTST,time_stretch,4,7218,79,0.4942803978919983,MSE,0.3723537623882293,0.873369038105011,input,15.0,14,608,True,0.3864000141620636,0.0641869083046913,,,
traffic,PatchTST,time_stretch,4,7218,79,0.4942803978919983,MSE,0.3723537623882293,0.873369038105011,input,15.0,14,632,True,0.1898999959230423,0.372158408164978,,,
traffic,PatchTST,time_stretch,4,7218,79,0.4942803978919983,MSE,0.3723537623882293,0.873369038105011,input,15.0,14,840,True,0.0318999998271465,0.5319472551345825,,,
traffic,PatchTST,time_stretch,4,7218,79,0.4942803978919983,MSE,0.3723537623882293,0.873369038105011,input,16.0,15,9,True,0.3492000102996826,0.1394421458244323,,,
traffic,PatchTST,time_stretch,4,7218,79,0.4942803978919983,MSE,0.3723537623882293,0.873369038105011,input,16.0,15,43,True,0.2619000077247619,0.0697443261742591,,,
traffic,PatchTST,time_stretch,4,7218,79,0.4942803978919983,MSE,0.3723537623882293,0.873369038105011,input,16.0,15,217,True,0.1081999987363815,0.2157790064811706,,,
traffic,PatchTST,time_stretch,4,7218,79,0.4942803978919983,MSE,0.3723537623882293,0.873369038105011,input,16.0,15,304,True,0.4022000133991241,0.0901829004287719,,,
traffic,PatchTST,time_stretch,4,7218,79,0.4942803978919983,MSE,0.3723537623882293,0.873369038105011,input,16.0,15,397,True,0.2838999927043915,0.1351814717054367,,,
traffic,PatchTST,time_stretch,4,7218,79,0.4942803978919983,MSE,0.3723537623882293,0.873369038105011,input,16.0,15,475,True,0.0507000014185905,0.2539076805114746,,,
traffic,PatchTST,time_stretch,4,7218,79,0.4942803978919983,MSE,0.3723537623882293,0.873369038105011,input,16.0,15,580,True,0.2822000086307525,0.0820360481739044,,,
traffic,PatchTST,time_stretch,4,7218,79,0.4942803978919983,MSE,0.3723537623882293,0.873369038105011,input,16.0,15,586,True,0.3657999634742737,0.1697719544172287,,,
traffic,PatchTST,time_stretch,4,7218,79,0.4942803978919983,MSE,0.3723537623882293,0.873369038105011,input,16.0,15,608,True,0.270900011062622,0.0617012903094291,,,
traffic,PatchTST,time_stretch,4,7218,79,0.4942803978919983,MSE,0.3723537623882293,0.873369038105011,input,16.0,15,632,True,0.0819000005722045,0.354255199432373,,,
traffic,PatchTST,time_stretch,4,7218,79,0.4942803978919983,MSE,0.3723537623882293,0.873369038105011,input,16.0,15,840,True,0.0252999998629093,0.5260354280471802,,,
traffic,PatchTST,time_stretch,4,7218,79,0.4942803978919983,MSE,0.3723537623882293,0.873369038105011,input,17.0,16,9,True,0.0762000009417533,0.0983974337577819,,,
traffic,PatchTST,time_stretch,4,7218,79,0.4942803978919983,MSE,0.3723537623882293,0.873369038105011,input,17.0,16,43,True,0.0922000035643577,0.0680613815784454,,,
traffic,PatchTST,time_stretch,4,7218,79,0.4942803978919983,MSE,0.3723537623882293,0.873369038105011,input,17.0,16,217,True,0.0731000006198883,0.1570405811071396,,,
traffic,PatchTST,time_stretch,4,7218,79,0.4942803978919983,MSE,0.3723537623882293,0.873369038105011,input,17.0,16,304,True,0.0894000008702278,0.0913349762558937,,,
traffic,PatchTST,time_stretch,4,7218,79,0.4942803978919983,MSE,0.3723537623882293,0.873369038105011,input,17.0,16,397,True,0.0658000037074089,0.1566963493824005,,,
traffic,PatchTST,time_stretch,4,7218,79,0.4942803978919983,MSE,0.3723537623882293,0.873369038105011,input,17.0,16,475,True,0.0568999983370304,0.2463029474020004,,,
traffic,PatchTST,time_stretch,4,7218,79,0.4942803978919983,MSE,0.3723537623882293,0.873369038105011,input,17.0,16,580,True,0.0511999987065792,0.084596648812294,,,
traffic,PatchTST,time_stretch,4,7218,79,0.4942803978919983,MSE,0.3723537623882293,0.873369038105011,input,17.0,16,586,True,0.0733999982476234,0.1232366561889648,,,
traffic,PatchTST,time_stretch,4,7218,79,0.4942803978919983,MSE,0.3723537623882293,0.873369038105011,input,17.0,16,608,True,0.0857999995350837,0.0596613809466362,,,
traffic,PatchTST,time_stretch,4,7218,79,0.4942803978919983,MSE,0.3723537623882293,0.873369038105011,input,17.0,16,632,True,0.035300001502037,0.3408668041229248,,,
traffic,PatchTST,time_stretch,4,7218,79,0.4942803978919983,MSE,0.3723537623882293,0.873369038105011,input,17.0,16,840,True,0.0218000002205371,0.5188441872596741,,,
traffic,PatchTST,time_stretch,4,7218,79,0.4942803978919983,MSE,0.3723537623882293,0.873369038105011,input,18.0,17,9,True,0.0478999987244606,0.0870105996727943,,,
traffic,PatchTST,time_stretch,4,7218,79,0.4942803978919983,MSE,0.3723537623882293,0.873369038105011,input,18.0,17,43,True,0.0881000012159347,0.0694721415638923,,,
traffic,PatchTST,time_stretch,4,7218,79,0.4942803978919983,MSE,0.3723537623882293,0.873369038105011,input,18.0,17,217,True,0.0599999986588954,0.1381632983684539,,,
traffic,PatchTST,time_stretch,4,7218,79,0.4942803978919983,MSE,0.3723537623882293,0.873369038105011,input,18.0,17,304,True,0.0799999982118606,0.0881439745426178,,,
traffic,PatchTST,time_stretch,4,7218,79,0.4942803978919983,MSE,0.3723537623882293,0.873369038105011,input,18.0,17,397,True,0.0560000017285347,0.1890094578266143,,,
traffic,PatchTST,time_stretch,4,7218,79,0.4942803978919983,MSE,0.3723537623882293,0.873369038105011,input,18.0,17,475,True,0.0502999983727932,0.2541964650154114,,,
traffic,PatchTST,time_stretch,4,7218,79,0.4942803978919983,MSE,0.3723537623882293,0.873369038105011,input,18.0,17,580,True,0.0346999987959861,0.0801964253187179,,,
traffic,PatchTST,time_stretch,4,7218,79,0.4942803978919983,MSE,0.3723537623882293,0.873369038105011,input,18.0,17,586,True,0.0504999980330467,0.1051990911364555,,,
traffic,PatchTST,time_stretch,4,7218,79,0.4942803978919983,MSE,0.3723537623882293,0.873369038105011,input,18.0,17,608,True,0.0804999992251396,0.0610721372067928,,,
traffic,PatchTST,time_stretch,4,7218,79,0.4942803978919983,MSE,0.3723537623882293,0.873369038105011,input,18.0,17,632,True,0.0328000001609325,0.3624312281608581,,,
traffic,PatchTST,time_stretch,4,7218,79,0.4942803978919983,MSE,0.3723537623882293,0.873369038105011,input,18.0,17,840,True,0.016499999910593,0.501747190952301,,,
traffic,PatchTST,time_stretch,4,7218,79,0.4942803978919983,MSE,0.3723537623882293,0.873369038105011,input,19.0,18,9,True,0.0333999991416931,0.0756237655878067,,,
traffic,PatchTST,time_stretch,4,7218,79,0.4942803978919983,MSE,0.3723537623882293,0.873369038105011,input,19.0,18,43,True,0.0837000012397766,0.0708828940987587,,,
traffic,PatchTST,time_stretch,4,7218,79,0.4942803978919983,MSE,0.3723537623882293,0.873369038105011,input,19.0,18,217,True,0.0493000000715255,0.1192860007286071,,,
traffic,PatchTST,time_stretch,4,7218,79,0.4942803978919983,MSE,0.3723537623882293,0.873369038105011,input,19.0,18,304,True,0.0640999972820282,0.0849529653787612,,,
traffic,PatchTST,time_stretch,4,7218,79,0.4942803978919983,MSE,0.3723537623882293,0.873369038105011,input,19.0,18,397,True,0.0562999993562698,0.2213225364685058,,,
traffic,PatchTST,time_stretch,4,7218,79,0.4942803978919983,MSE,0.3723537623882293,0.873369038105011,input,19.0,18,475,True,0.0441000051796436,0.2620900273323059,,,
traffic,PatchTST,time_stretch,4,7218,79,0.4942803978919983,MSE,0.3723537623882293,0.873369038105011,input,19.0,18,580,True,0.0258000008761882,0.0757962018251419,,,
traffic,PatchTST,time_stretch,4,7218,79,0.4942803978919983,MSE,0.3723537623882293,0.873369038105011,input,19.0,18,586,True,0.0384999997913837,0.0871615335345268,,,
traffic,PatchTST,time_stretch,4,7218,79,0.4942803978919983,MSE,0.3723537623882293,0.873369038105011,input,19.0,18,608,True,0.069300003349781,0.0624828971922397,,,
traffic,PatchTST,time_stretch,4,7218,79,0.4942803978919983,MSE,0.3723537623882293,0.873369038105011,input,19.0,18,632,True,0.0346999987959861,0.3839957118034363,,,
traffic,PatchTST,time_stretch,4,7218,79,0.4942803978919983,MSE,0.3723537623882293,0.873369038105011,input,19.0,18,840,True,0.0172000005841255,0.4846501350402832,,,
traffic,PatchTST,time_stretch,4,7218,79,0.4942803978919983,MSE,0.3723537623882293,0.873369038105011,input,20.0,19,9,True,0.0214999988675117,0.0675659552216529,,,
traffic,PatchTST,time_stretch,4,7218,79,0.4942803978919983,MSE,0.3723537623882293,0.873369038105011,input,20.0,19,43,True,0.063400000333786,0.0721783861517906,,,
traffic,PatchTST,time_stretch,4,7218,79,0.4942803978919983,MSE,0.3723537623882293,0.873369038105011,input,20.0,19,217,True,0.034800000488758,0.1026864647865295,,,
traffic,PatchTST,time_stretch,4,7218,79,0.4942803978919983,MSE,0.3723537623882293,0.873369038105011,input,20.0,19,304,True,0.0502000004053115,0.0822876021265983,,,
traffic,PatchTST,time_stretch,4,7218,79,0.4942803978919983,MSE,0.3723537623882293,0.873369038105011,input,20.0,19,397,True,0.0436999984085559,0.2510673701763153,,,
traffic,PatchTST,time_stretch,4,7218,79,0.4942803978919983,MSE,0.3723537623882293,0.873369038105011,input,20.0,19,475,True,0.0340999998152256,0.2685449719429016,,,
traffic,PatchTST,time_stretch,4,7218,79,0.4942803978919983,MSE,0.3723537623882293,0.873369038105011,input,20.0,19,580,True,0.0111999996006488,0.0717648416757583,,,
traffic,PatchTST,time_stretch,4,7218,79,0.4942803978919983,MSE,0.3723537623882293,0.873369038105011,input,20.0,19,586,True,0.0265999995172023,0.0738362595438957,,,
traffic,PatchTST,time_stretch,4,7218,79,0.4942803978919983,MSE,0.3723537623882293,0.873369038105011,input,20.0,19,608,True,0.0586000010371208,0.0640089213848114,,,
traffic,PatchTST,time_stretch,4,7218,79,0.4942803978919983,MSE,0.3723537623882293,0.873369038105011,input,20.0,19,632,True,0.0296999998390674,0.3966151177883148,,,
traffic,PatchTST,time_stretch,4,7218,79,0.4942803978919983,MSE,0.3723537623882293,0.873369038105011,input,20.0,19,840,True,0.0126999989151954,0.4517148435115814,,,
traffic,PatchTST,time_stretch,4,7218,79,0.4942803978919983,MSE,0.3723537623882293,0.873369038105011,input,21.0,20,9,True,0.0111999958753585,0.08043073117733,,,
traffic,PatchTST,time_stretch,4,7218,79,0.4942803978919983,MSE,0.3723537623882293,0.873369038105011,input,21.0,20,43,True,0.0450000017881393,0.0727494060993194,,,
traffic,PatchTST,time_stretch,4,7218,79,0.4942803978919983,MSE,0.3723537623882293,0.873369038105011,input,21.0,20,217,True,0.0219999998807907,0.1004023775458335,,,
traffic,PatchTST,time_stretch,4,7218,79,0.4942803978919983,MSE,0.3723537623882293,0.873369038105011,input,21.0,20,304,True,0.0342999994754791,0.0829258039593696,,,
traffic,PatchTST,time_stretch,4,7218,79,0.4942803978919983,MSE,0.3723537623882293,0.873369038105011,input,21.0,20,397,True,0.030699998140335,0.2646711468696594,,,
traffic,PatchTST,time_stretch,4,7218,79,0.4942803978919983,MSE,0.3723537623882293,0.873369038105011,input,21.0,20,475,True,0.0218999981880188,0.2659585773944855,,,
traffic,PatchTST,time_stretch,4,7218,79,0.4942803978919983,MSE,0.3723537623882293,0.873369038105011,input,21.0,20,580,True,0.003100000321865,0.0700517818331718,,,
traffic,PatchTST,time_stretch,4,7218,79,0.4942803978919983,MSE,0.3723537623882293,0.873369038105011,input,21.0,20,586,True,0.0144999995827674,0.0901271626353263,,,
traffic,PatchTST,time_stretch,4,7218,79,0.4942803978919983,MSE,0.3723537623882293,0.873369038105011,input,21.0,20,608,True,0.0461999997496604,0.0662594214081764,,,
traffic,PatchTST,time_stretch,4,7218,79,0.4942803978919983,MSE,0.3723537623882293,0.873369038105011,input,21.0,20,632,True,0.0182000026106834,0.3530159592628479,,,
traffic,PatchTST,time_stretch,4,7218,79,0.4942803978919983,MSE,0.3723537623882293,0.873369038105011,input,21.0,20,840,True,0.0075000002980232,0.3192378878593445,,,
traffic,PatchTST,time_stretch,4,7218,79,0.4942803978919983,MSE,0.3723537623882293,0.873369038105011,input,22.0,21,9,True,0.0060999989509582,0.0932954996824264,,,
traffic,PatchTST,time_stretch,4,7218,79,0.4942803978919983,MSE,0.3723537623882293,0.873369038105011,input,22.0,21,43,True,0.033900000154972,0.0733204260468483,,,
traffic,PatchTST,time_stretch,4,7218,79,0.4942803978919983,MSE,0.3723537623882293,0.873369038105011,input,22.0,21,217,True,0.0137000009417533,0.0981182903051376,,,
traffic,PatchTST,time_stretch,4,7218,79,0.4942803978919983,MSE,0.3723537623882293,0.873369038105011,input,22.0,21,304,True,0.0227999985218048,0.0835640057921409,,,
traffic,PatchTST,time_stretch,4,7218,79,0.4942803978919983,MSE,0.3723537623882293,0.873369038105011,input,22.0,21,397,True,0.0234000012278556,0.2782748937606811,,,
traffic,PatchTST,time_stretch,4,7218,79,0.4942803978919983,MSE,0.3723537623882293,0.873369038105011,input,22.0,21,475,True,0.0153999999165534,0.2633721828460693,,,
traffic,PatchTST,time_stretch,4,7218,79,0.4942803978919983,MSE,0.3723537623882293,0.873369038105011,input,22.0,21,580,True,0.0028999969363212,0.0683387145400047,,,
traffic,PatchTST,time_stretch,4,7218,79,0.4942803978919983,MSE,0.3723537623882293,0.873369038105011,input,22.0,21,586,True,0.0080000013113021,0.106418065726757,,,
traffic,PatchTST,time_stretch,4,7218,79,0.4942803978919983,MSE,0.3723537623882293,0.873369038105011,input,22.0,21,608,True,0.0355000011622905,0.0685099214315414,,,
traffic,PatchTST,time_stretch,4,7218,79,0.4942803978919983,MSE,0.3723537623882293,0.873369038105011,input,22.0,21,632,True,0.0119000002741813,0.309416800737381,,,
traffic,PatchTST,time_stretch,4,7218,79,0.4942803978919983,MSE,0.3723537623882293,0.873369038105011,input,22.0,21,840,True,0.0073000006377696,0.1867609173059463,,,
traffic,PatchTST,time_stretch,4,7218,79,0.4942803978919983,MSE,0.3723537623882293,0.873369038105011,input,23.0,22,9,True,0.0037999972701072,0.114718772470951,,,
traffic,PatchTST,time_stretch,4,7218,79,0.4942803978919983,MSE,0.3723537623882293,0.873369038105011,input,23.0,22,43,True,0.0253999978303909,0.0743164122104644,,,
traffic,PatchTST,time_stretch,4,7218,79,0.4942803978919983,MSE,0.3723537623882293,0.873369038105011,input,23.0,22,217,True,0.0113999992609024,0.0960655137896537,,,
traffic,PatchTST,time_stretch,4,7218,79,0.4942803978919983,MSE,0.3723537623882293,0.873369038105011,input,23.0,22,304,True,0.0126999989151954,0.0846110358834266,,,
traffic,PatchTST,time_stretch,4,7218,79,0.4942803978919983,MSE,0.3723537623882293,0.873369038105011,input,23.0,22,397,True,0.0169999971985816,0.2898990511894226,,,
traffic,PatchTST,time_stretch,4,7218,79,0.4942803978919983,MSE,0.3723537623882293,0.873369038105011,input,23.0,22,475,True,0.0119000002741813,0.2630504965782165,,,
traffic,PatchTST,time_stretch,4,7218,79,0.4942803978919983,MSE,0.3723537623882293,0.873369038105011,input,23.0,22,580,True,0.0028999969363212,0.0667708963155746,,,
traffic,PatchTST,time_stretch,4,7218,79,0.4942803978919983,MSE,0.3723537623882293,0.873369038105011,input,23.0,22,586,True,0.0051999986171722,0.1310038864612579,,,
traffic,PatchTST,time_stretch,4,7218,79,0.4942803978919983,MSE,0.3723537623882293,0.873369038105011,input,23.0,22,608,True,0.0292999967932701,0.0706205517053604,,,
traffic,PatchTST,time_stretch,4,7218,79,0.4942803978919983,MSE,0.3723537623882293,0.873369038105011,input,23.0,22,632,True,0.0086999982595443,0.2606696188449859,,,
traffic,PatchTST,time_stretch,4,7218,79,0.4942803978919983,MSE,0.3723537623882293,0.873369038105011,input,23.0,22,840,True,0.0057999994605779,0.0737355798482894,,,
traffic,PatchTST,time_stretch,4,7218,79,0.4942803978919983,MSE,0.3723537623882293,0.873369038105011,input,24.0,23,9,True,0.0028999969363212,0.181024432182312,,,
traffic,PatchTST,time_stretch,4,7218,79,0.4942803978919983,MSE,0.3723537623882293,0.873369038105011,input,24.0,23,43,True,0.0216000005602836,0.0775410085916519,,,
traffic,PatchTST,time_stretch,4,7218,79,0.4942803978919983,MSE,0.3723537623882293,0.873369038105011,input,24.0,23,217,True,0.0115000009536743,0.0952257812023162,,,
traffic,PatchTST,time_stretch,4,7218,79,0.4942803978919983,MSE,0.3723537623882293,0.873369038105011,input,24.0,23,304,True,0.0108000002801418,0.0878020375967025,,,
traffic,PatchTST,time_stretch,4,7218,79,0.4942803978919983,MSE,0.3723537623882293,0.873369038105011,input,24.0,23,397,True,0.0178999975323677,0.2911418378353119,,,
traffic,PatchTST,time_stretch,4,7218,79,0.4942803978919983,MSE,0.3723537623882293,0.873369038105011,input,24.0,23,475,True,0.0134999975562095,0.2746052742004394,,,
traffic,PatchTST,time_stretch,4,7218,79,0.4942803978919983,MSE,0.3723537623882293,0.873369038105011,input,24.0,23,580,True,0.003100000321865,0.0659647434949874,,,
traffic,PatchTST,time_stretch,4,7218,79,0.4942803978919983,MSE,0.3723537623882293,0.873369038105011,input,24.0,23,586,True,0.0038999989628791,0.1990897804498672,,,
traffic,PatchTST,time_stretch,4,7218,79,0.4942803978919983,MSE,0.3723537623882293,0.873369038105011,input,24.0,23,608,True,0.026599995791912,0.0719977170228958,,,
traffic,PatchTST,time_stretch,4,7218,79,0.4942803978919983,MSE,0.3723537623882293,0.873369038105011,input,24.0,23,632,True,0.0095999985933303,0.1849253177642822,,,
traffic,PatchTST,time_stretch,4,7218,79,0.4942803978919983,MSE,0.3723537623882293,0.873369038105011,input,24.0,23,840,True,0.0057999994605779,0.0627182275056839,,,
traffic,PatchTST,time_stretch,4,7218,79,0.4942803978919983,MSE,0.3723537623882293,0.873369038105011,input,25.0,24,9,True,0.003600001335144,0.2473300844430923,,,
traffic,PatchTST,time_stretch,4,7218,79,0.4942803978919983,MSE,0.3723537623882293,0.873369038105011,input,25.0,24,43,True,0.0170000009238719,0.0807655975222587,,,
traffic,PatchTST,time_stretch,4,7218,79,0.4942803978919983,MSE,0.3723537623882293,0.873369038105011,input,25.0,24,217,True,0.0115999989211559,0.0943860411643982,,,
traffic,PatchTST,time_stretch,4,7218,79,0.4942803978919983,MSE,0.3723537623882293,0.873369038105011,input,25.0,24,304,True,0.0082000009715557,0.0909930393099784,,,
traffic,PatchTST,time_stretch,4,7218,79,0.4942803978919983,MSE,0.3723537623882293,0.873369038105011,input,25.0,24,397,True,0.0191000029444694,0.2923846542835235,,,
traffic,PatchTST,time_stretch,4,7218,79,0.4942803978919983,MSE,0.3723537623882293,0.873369038105011,input,25.0,24,475,True,0.0166999995708465,0.2861600518226623,,,
traffic,PatchTST,time_stretch,4,7218,79,0.4942803978919983,MSE,0.3723537623882293,0.873369038105011,input,25.0,24,580,True,0.003100000321865,0.0651585981249809,,,
traffic,PatchTST,time_stretch,4,7218,79,0.4942803978919983,MSE,0.3723537623882293,0.873369038105011,input,25.0,24,586,True,0.0049000009894371,0.2671756744384765,,,
traffic,PatchTST,time_stretch,4,7218,79,0.4942803978919983,MSE,0.3723537623882293,0.873369038105011,input,25.0,24,608,True,0.0219999998807907,0.0733748972415924,,,
traffic,PatchTST,time_stretch,4,7218,79,0.4942803978919983,MSE,0.3723537623882293,0.873369038105011,input,25.0,24,632,True,0.0129000023007392,0.109181024134159,,,
traffic,PatchTST,time_stretch,4,7218,79,0.4942803978919983,MSE,0.3723537623882293,0.873369038105011,input,25.0,24,840,True,0.008899999782443,0.0517008751630783,,,
traffic,PatchTST,time_stretch,4,7218,79,0.4942803978919983,MSE,0.3723537623882293,0.873369038105011,input,26.0,25,9,True,0.0086999982595443,0.2881224155426025,,,
traffic,PatchTST,time_stretch,4,7218,79,0.4942803978919983,MSE,0.3723537623882293,0.873369038105011,input,26.0,25,43,True,0.015599999576807,0.0839471593499183,,,
traffic,PatchTST,time_stretch,4,7218,79,0.4942803978919983,MSE,0.3723537623882293,0.873369038105011,input,26.0,25,217,True,0.0219999998807907,0.093681551516056,,,
traffic,PatchTST,time_stretch,4,7218,79,0.4942803978919983,MSE,0.3723537623882293,0.873369038105011,input,26.0,25,304,True,0.0135999992489814,0.0940549373626709,,,
traffic,PatchTST,time_stretch,4,7218,79,0.4942803978919983,MSE,0.3723537623882293,0.873369038105011,input,26.0,25,397,True,0.0340000018477439,0.282413899898529,,,
traffic,PatchTST,time_stretch,4,7218,79,0.4942803978919983,MSE,0.3723537623882293,0.873369038105011,input,26.0,25,475,True,0.0383000001311302,0.2973890006542206,,,
traffic,PatchTST,time_stretch,4,7218,79,0.4942803978919983,MSE,0.3723537623882293,0.873369038105011,input,26.0,25,580,True,0.0029999986290931,0.0649856701493263,,,
traffic,PatchTST,time_stretch,4,7218,79,0.4942803978919983,MSE,0.3723537623882293,0.873369038105011,input,26.0,25,586,True,0.0116999968886375,0.3082420229911804,,,
traffic,PatchTST,time_stretch,4,7218,79,0.4942803978919983,MSE,0.3723537623882293,0.873369038105011,input,26.0,25,608,True,0.0236000120639801,0.0745614767074585,,,
traffic,PatchTST,time_stretch,4,7218,79,0.4942803978919983,MSE,0.3723537623882293,0.873369038105011,input,26.0,25,632,True,0.0318999998271465,0.0470172017812728,,,
traffic,PatchTST,time_stretch,4,7218,79,0.4942803978919983,MSE,0.3723537623882293,0.873369038105011,input,26.0,25,840,True,0.0219999998807907,0.0424233488738536,,,
traffic,PatchTST,time_stretch,4,7218,79,0.4942803978919983,MSE,0.3723537623882293,0.873369038105011,input,27.0,26,9,True,0.0200999975204467,0.2150316685438156,,,
traffic,PatchTST,time_stretch,4,7218,79,0.4942803978919983,MSE,0.3723537623882293,0.873369038105011,input,27.0,26,43,True,0.0238000005483627,0.0869366228580474,,,
traffic,PatchTST,time_stretch,4,7218,79,0.4942803978919983,MSE,0.3723537623882293,0.873369038105011,input,27.0,26,217,True,0.0811000019311904,0.0935807898640632,,,
traffic,PatchTST,time_stretch,4,7218,79,0.4942803978919983,MSE,0.3723537623882293,0.873369038105011,input,27.0,26,304,True,0.0252999998629093,0.096540555357933,,,
traffic,PatchTST,time_stretch,4,7218,79,0.4942803978919983,MSE,0.3723537623882293,0.873369038105011,input,27.0,26,397,True,0.0597000010311603,0.2223894596099853,,,
traffic,PatchTST,time_stretch,4,7218,79,0.4942803978919983,MSE,0.3723537623882293,0.873369038105011,input,27.0,26,475,True,0.0788000002503395,0.3071635365486145,,,
traffic,PatchTST,time_stretch,4,7218,79,0.4942803978919983,MSE,0.3723537623882293,0.873369038105011,input,27.0,26,580,True,0.0086999982595443,0.0676392465829849,,,
traffic,PatchTST,time_stretch,4,7218,79,0.4942803978919983,MSE,0.3723537623882293,0.873369038105011,input,27.0,26,586,True,0.0270000025629997,0.2287021279335022,,,
traffic,PatchTST,time_stretch,4,7218,79,0.4942803978919983,MSE,0.3723537623882293,0.873369038105011,input,27.0,26,608,True,0.0280000045895576,0.0748973712325096,,,
traffic,PatchTST,time_stretch,4,7218,79,0.4942803978919983,MSE,0.3723537623882293,0.873369038105011,input,27.0,26,632,True,0.0617000013589859,0.0454720854759216,,,
traffic,PatchTST,time_stretch,4,7218,79,0.4942803978919983,MSE,0.3723537623882293,0.873369038105011,input,27.0,26,840,True,0.1013000011444091,0.0409118235111236,,,
traffic,PatchTST,time_stretch,4,7218,79,0.4942803978919983,MSE,0.3723537623882293,0.873369038105011,input,28.0,27,9,True,0.0427000001072883,0.1419409215450287,,,
traffic,PatchTST,time_stretch,4,7218,79,0.4942803978919983,MSE,0.3723537623882293,0.873369038105011,input,28.0,27,43,True,0.0412999987602233,0.089926078915596,,,
traffic,PatchTST,time_stretch,4,7218,79,0.4942803978919983,MSE,0.3723537623882293,0.873369038105011,input,28.0,27,217,True,0.1307000070810318,0.0934800207614898,,,
traffic,PatchTST,time_stretch,4,7218,79,0.4942803978919983,MSE,0.3723537623882293,0.873369038105011,input,28.0,27,304,True,0.0434999987483024,0.0990261808037757,,,
traffic,PatchTST,time_stretch,4,7218,79,0.4942803978919983,MSE,0.3723537623882293,0.873369038105011,input,28.0,27,397,True,0.0733999982476234,0.162365049123764,,,
traffic,PatchTST,time_stretch,4,7218,79,0.4942803978919983,MSE,0.3723537623882293,0.873369038105011,input,28.0,27,475,True,0.166700005531311,0.3169381022453308,,,
traffic,PatchTST,time_stretch,4,7218,79,0.4942803978919983,MSE,0.3723537623882293,0.873369038105011,input,28.0,27,580,True,0.0310999974608421,0.0702928155660629,,,
traffic,PatchTST,time_stretch,4,7218,79,0.4942803978919983,MSE,0.3723537623882293,0.873369038105011,input,28.0,27,586,True,0.0540000014007091,0.1491622030735016,,,
traffic,PatchTST,time_stretch,4,7218,79,0.4942803978919983,MSE,0.3723537623882293,0.873369038105011,input,28.0,27,608,True,0.0399999991059303,0.0752332657575607,,,
traffic,PatchTST,time_stretch,4,7218,79,0.4942803978919983,MSE,0.3723537623882293,0.873369038105011,input,28.0,27,632,True,0.336899995803833,0.0439269691705703,,,
traffic,PatchTST,time_stretch,4,7218,79,0.4942803978919983,MSE,0.3723537623882293,0.873369038105011,input,28.0,27,840,True,0.5217000246047974,0.0394002944231033,,,
traffic,PatchTST,time_stretch,4,7218,79,0.4942803978919983,MSE,0.3723537623882293,0.873369038105011,input,29.0,28,9,True,0.0710999965667724,0.0850619301199913,,,
traffic,PatchTST,time_stretch,4,7218,79,0.4942803978919983,MSE,0.3723537623882293,0.873369038105011,input,29.0,28,43,True,0.062399998307228,0.0930331200361251,,,
traffic,PatchTST,time_stretch,4,7218,79,0.4942803978919983,MSE,0.3723537623882293,0.873369038105011,input,29.0,28,217,True,0.1334999948740005,0.0937319844961166,,,
traffic,PatchTST,time_stretch,4,7218,79,0.4942803978919983,MSE,0.3723537623882293,0.873369038105011,input,29.0,28,304,True,0.0658999979496002,0.1083035841584205,,,
traffic,PatchTST,time_stretch,4,7218,79,0.4942803978919983,MSE,0.3723537623882293,0.873369038105011,input,29.0,28,397,True,0.0843999981880188,0.1168440356850624,,,
traffic,PatchTST,time_stretch,4,7218,79,0.4942803978919983,MSE,0.3723537623882293,0.873369038105011,input,29.0,28,475,True,0.2153999805450439,0.3314641118049621,,,
traffic,PatchTST,time_stretch,4,7218,79,0.4942803978919983,MSE,0.3723537623882293,0.873369038105011,input,29.0,28,580,True,0.0540999993681907,0.0725590735673904,,,
traffic,PatchTST,time_stretch,4,7218,79,0.4942803978919983,MSE,0.3723537623882293,0.873369038105011,input,29.0,28,586,True,0.0826999992132186,0.0880264714360237,,,
traffic,PatchTST,time_stretch,4,7218,79,0.4942803978919983,MSE,0.3723537623882293,0.873369038105011,input,29.0,28,608,True,0.0535999983549118,0.0760947987437248,,,
traffic,PatchTST,time_stretch,4,7218,79,0.4942803978919983,MSE,0.3723537623882293,0.873369038105011,input,29.0,28,632,True,0.0718000009655952,0.0429420694708824,,,
traffic,PatchTST,time_stretch,4,7218,79,0.4942803978919983,MSE,0.3723537623882293,0.873369038105011,input,29.0,28,840,True,0.378600001335144,0.0384973995387554,,,
traffic,PatchTST,time_stretch,4,7218,79,0.4942803978919983,MSE,0.3723537623882293,0.873369038105011,input,30.0,29,9,True,0.0719000026583671,0.0907049626111984,,,
traffic,PatchTST,time_stretch,4,7218,79,0.4942803978919983,MSE,0.3723537623882293,0.873369038105011,input,30.0,29,43,True,0.0683000013232231,0.0965936034917831,,,
traffic,PatchTST,time_stretch,4,7218,79,0.4942803978919983,MSE,0.3723537623882293,0.873369038105011,input,30.0,29,217,True,0.1318999975919723,0.0953442752361297,,,
traffic,PatchTST,time_stretch,4,7218,79,0.4942803978919983,MSE,0.3723537623882293,0.873369038105011,input,30.0,29,304,True,0.0833000019192695,0.1437740921974182,,,
traffic,PatchTST,time_stretch,4,7218,79,0.4942803978919983,MSE,0.3723537623882293,0.873369038105011,input,30.0,29,397,True,0.0895000025629997,0.1272567808628082,,,
traffic,PatchTST,time_stretch,4,7218,79,0.4942803978919983,MSE,0.3723537623882293,0.873369038105011,input,30.0,29,475,True,0.2035000026226043,0.3643146455287933,,,
traffic,PatchTST,time_stretch,4,7218,79,0.4942803978919983,MSE,0.3723537623882293,0.873369038105011,input,30.0,29,580,True,0.0856999978423118,0.073331631720066,,,
traffic,PatchTST,time_stretch,4,7218,79,0.4942803978919983,MSE,0.3723537623882293,0.873369038105011,input,30.0,29,586,True,0.0820999965071678,0.0978681892156601,,,
traffic,PatchTST,time_stretch,4,7218,79,0.4942803978919983,MSE,0.3723537623882293,0.873369038105011,input,30.0,29,608,True,0.0612000003457069,0.0789834931492805,,,
traffic,PatchTST,time_stretch,4,7218,79,0.4942803978919983,MSE,0.3723537623882293,0.873369038105011,input,30.0,29,632,True,0.0471000000834465,0.0441177003085613,,,
traffic,PatchTST,time_stretch,4,7218,79,0.4942803978919983,MSE,0.3723537623882293,0.873369038105011,input,30.0,29,840,True,0.0362999998033046,0.0399417467415332,,,
traffic,PatchTST,time_stretch,4,7218,79,0.4942803978919983,MSE,0.3723537623882293,0.873369038105011,input,31.0,30,9,True,0.0737999975681305,0.0963480025529861,,,
traffic,PatchTST,time_stretch,4,7218,79,0.4942803978919983,MSE,0.3723537623882293,0.873369038105011,input,31.0,30,43,True,0.0732000023126602,0.1001540943980217,,,
traffic,PatchTST,time_stretch,4,7218,79,0.4942803978919983,MSE,0.3723537623882293,0.873369038105011,input,31.0,30,217,True,0.1098999977111816,0.0969565734267234,,,
traffic,PatchTST,time_stretch,4,7218,79,0.4942803978919983,MSE,0.3723537623882293,0.873369038105011,input,31.0,30,304,True,0.0926000028848648,0.1792445927858352,,,
traffic,PatchTST,time_stretch,4,7218,79,0.4942803978919983,MSE,0.3723537623882293,0.873369038105011,input,31.0,30,397,True,0.1458999961614608,0.1376695185899734,,,
traffic,PatchTST,time_stretch,4,7218,79,0.4942803978919983,MSE,0.3723537623882293,0.873369038105011,input,31.0,30,475,True,0.0870999991893768,0.3971651792526245,,,
traffic,PatchTST,time_stretch,4,7218,79,0.4942803978919983,MSE,0.3723537623882293,0.873369038105011,input,31.0,30,580,True,0.0798000022768974,0.0741041898727417,,,
traffic,PatchTST,time_stretch,4,7218,79,0.4942803978919983,MSE,0.3723537623882293,0.873369038105011,input,31.0,30,586,True,0.0773999989032745,0.1077099069952964,,,
traffic,PatchTST,time_stretch,4,7218,79,0.4942803978919983,MSE,0.3723537623882293,0.873369038105011,input,31.0,30,608,True,0.0631999969482421,0.0818721950054168,,,
traffic,PatchTST,time_stretch,4,7218,79,0.4942803978919983,MSE,0.3723537623882293,0.873369038105011,input,31.0,30,632,True,0.0474999994039535,0.0452933348715305,,,
traffic,PatchTST,time_stretch,4,7218,79,0.4942803978919983,MSE,0.3723537623882293,0.873369038105011,input,31.0,30,840,True,0.0419000014662742,0.0413860976696014,,,
traffic,PatchTST,time_stretch,4,7218,79,0.4942803978919983,MSE,0.3723537623882293,0.873369038105011,input,32.0,31,9,True,0.0741999968886375,0.0992245301604271,,,
traffic,PatchTST,time_stretch,4,7218,79,0.4942803978919983,MSE,0.3723537623882293,0.873369038105011,input,32.0,31,43,True,0.0742999985814094,0.1175932213664054,,,
traffic,PatchTST,time_stretch,4,7218,79,0.4942803978919983,MSE,0.3723537623882293,0.873369038105011,input,32.0,31,217,True,0.1018000021576881,0.0992143899202346,,,
traffic,PatchTST,time_stretch,4,7218,79,0.4942803978919983,MSE,0.3723537623882293,0.873369038105011,input,32.0,31,304,True,0.0873000025749206,0.2125479876995086,,,
traffic,PatchTST,time_stretch,4,7218,79,0.4942803978919983,MSE,0.3723537623882293,0.873369038105011,input,32.0,31,397,True,0.1018999963998794,0.1577880978584289,,,
traffic,PatchTST,time_stretch,4,7218,79,0.4942803978919983,MSE,0.3723537623882293,0.873369038105011,input,32.0,31,475,True,0.2556000053882599,0.4133397936820984,,,
traffic,PatchTST,time_stretch,4,7218,79,0.4942803978919983,MSE,0.3723537623882293,0.873369038105011,input,32.0,31,580,True,0.0780000016093254,0.0833760723471641,,,
traffic,PatchTST,time_stretch,4,7218,79,0.4942803978919983,MSE,0.3723537623882293,0.873369038105011,input,32.0,31,586,True,0.0798999965190887,0.1126871854066848,,,
traffic,PatchTST,time_stretch,4,7218,79,0.4942803978919983,MSE,0.3723537623882293,0.873369038105011,input,32.0,31,608,True,0.0608000010251998,0.0898558720946312,,,
traffic,PatchTST,time_stretch,4,7218,79,0.4942803978919983,MSE,0.3723537623882293,0.873369038105011,input,32.0,31,632,True,0.0505999997258186,0.0460847318172454,,,
traffic,PatchTST,time_stretch,4,7218,79,0.4942803978919983,MSE,0.3723537623882293,0.873369038105011,input,32.0,31,840,True,0.0551000013947486,0.0421080775558948,,,
traffic,PatchTST,time_stretch,4,7218,79,0.4942803978919983,MSE,0.3723537623882293,0.873369038105011,input,33.0,32,9,True,0.1517000049352646,0.0927753448486328,,,
traffic,PatchTST,time_stretch,4,7218,79,0.4942803978919983,MSE,0.3723537623882293,0.873369038105011,input,33.0,32,43,True,0.0804999992251396,0.1818163245916366,,,
traffic,PatchTST,time_stretch,4,7218,79,0.4942803978919983,MSE,0.3723537623882293,0.873369038105011,input,33.0,32,217,True,0.0962999984622001,0.1036482006311416,,,
traffic,PatchTST,time_stretch,4,7218,79,0.4942803978919983,MSE,0.3723537623882293,0.873369038105011,input,33.0,32,304,True,0.0905999988317489,0.2385462522506714,,,
traffic,PatchTST,time_stretch,4,7218,79,0.4942803978919983,MSE,0.3723537623882293,0.873369038105011,input,33.0,32,397,True,0.1659000068902969,0.2106243669986724,,,
traffic,PatchTST,time_stretch,4,7218,79,0.4942803978919983,MSE,0.3723537623882293,0.873369038105011,input,33.0,32,475,True,0.2869000136852264,0.3733011484146118,,,
traffic,PatchTST,time_stretch,4,7218,79,0.4942803978919983,MSE,0.3723537623882293,0.873369038105011,input,33.0,32,580,True,0.0794999971985817,0.121298611164093,,,
traffic,PatchTST,time_stretch,4,7218,79,0.4942803978919983,MSE,0.3723537623882293,0.873369038105011,input,33.0,32,586,True,0.1772000044584274,0.1012667566537857,,,
traffic,PatchTST,time_stretch,4,7218,79,0.4942803978919983,MSE,0.3723537623882293,0.873369038105011,input,33.0,32,608,True,0.0737999975681305,0.1150143966078758,,,
traffic,PatchTST,time_stretch,4,7218,79,0.4942803978919983,MSE,0.3723537623882293,0.873369038105011,input,33.0,32,632,True,0.0549999997019767,0.0455808863043785,,,
traffic,PatchTST,time_stretch,4,7218,79,0.4942803978919983,MSE,0.3723537623882293,0.873369038105011,input,33.0,32,840,True,0.0480999983847141,0.040395013988018,,,
traffic,PatchTST,time_stretch,4,7218,79,0.4942803978919983,MSE,0.3723537623882293,0.873369038105011,input,34.0,33,9,True,0.1026000007987022,0.0863261669874191,,,
traffic,PatchTST,time_stretch,4,7218,79,0.4942803978919983,MSE,0.3723537623882293,0.873369038105011,input,34.0,33,43,True,0.089599996805191,0.2460394203662872,,,
traffic,PatchTST,time_stretch,4,7218,79,0.4942803978919983,MSE,0.3723537623882293,0.873369038105011,input,34.0,33,217,True,0.0945999994874,0.1080820113420486,,,
traffic,PatchTST,time_stretch,4,7218,79,0.4942803978919983,MSE,0.3723537623882293,0.873369038105011,input,34.0,33,304,True,0.0991000011563301,0.2645445168018341,,,
traffic,PatchTST,time_stretch,4,7218,79,0.4942803978919983,MSE,0.3723537623882293,0.873369038105011,input,34.0,33,397,True,0.2702000439167022,0.263460636138916,,,
traffic,PatchTST,time_stretch,4,7218,79,0.4942803978919983,MSE,0.3723537623882293,0.873369038105011,input,34.0,33,475,True,0.2910000085830688,0.3332624435424804,,,
traffic,PatchTST,time_stretch,4,7218,79,0.4942803978919983,MSE,0.3723537623882293,0.873369038105011,input,34.0,33,580,True,0.0714000016450882,0.1592211425304412,,,
traffic,PatchTST,time_stretch,4,7218,79,0.4942803978919983,MSE,0.3723537623882293,0.873369038105011,input,34.0,33,586,True,0.1433999985456466,0.0898463353514671,,,
traffic,PatchTST,time_stretch,4,7218,79,0.4942803978919983,MSE,0.3723537623882293,0.873369038105011,input,34.0,33,608,True,0.0798000022768974,0.140172928571701,,,
traffic,PatchTST,time_stretch,4,7218,79,0.4942803978919983,MSE,0.3723537623882293,0.873369038105011,input,34.0,33,632,True,0.050900001078844,0.0450770445168018,,,
traffic,PatchTST,time_stretch,4,7218,79,0.4942803978919983,MSE,0.3723537623882293,0.873369038105011,input,34.0,33,840,True,0.0496999993920326,0.0386819504201412,,,
traffic,PatchTST,time_stretch,4,7218,79,0.4942803978919983,MSE,0.3723537623882293,0.873369038105011,input,35.0,34,9,True,0.0832000002264976,0.0871890187263488,,,
traffic,PatchTST,time_stretch,4,7218,79,0.4942803978919983,MSE,0.3723537623882293,0.873369038105011,input,35.0,34,43,True,0.1037999987602233,0.3008371889591217,,,
traffic,PatchTST,time_stretch,4,7218,79,0.4942803978919983,MSE,0.3723537623882293,0.873369038105011,input,35.0,34,217,True,0.095100000500679,0.1113830953836441,,,
traffic,PatchTST,time_stretch,4,7218,79,0.4942803978919983,MSE,0.3723537623882293,0.873369038105011,input,35.0,34,304,True,0.1080999970436096,0.2843212187290191,,,
traffic,PatchTST,time_stretch,4,7218,79,0.4942803978919983,MSE,0.3723537623882293,0.873369038105011,input,35.0,34,397,True,0.243399977684021,0.3061868548393249,,,
traffic,PatchTST,time_stretch,4,7218,79,0.4942803978919983,MSE,0.3723537623882293,0.873369038105011,input,35.0,34,475,True,0.2791000008583069,0.2920910120010376,,,
traffic,PatchTST,time_stretch,4,7218,79,0.4942803978919983,MSE,0.3723537623882293,0.873369038105011,input,35.0,34,580,True,0.0728999972343444,0.197811484336853,,,
traffic,PatchTST,time_stretch,4,7218,79,0.4942803978919983,MSE,0.3723537623882293,0.873369038105011,input,35.0,34,586,True,0.0824000015854835,0.0908944010734558,,,
traffic,PatchTST,time_stretch,4,7218,79,0.4942803978919983,MSE,0.3723537623882293,0.873369038105011,input,35.0,34,608,True,0.0856000036001205,0.1757204532623291,,,
traffic,PatchTST,time_stretch,4,7218,79,0.4942803978919983,MSE,0.3723537623882293,0.873369038105011,input,35.0,34,632,True,0.049600001424551,0.0447929836809635,,,
traffic,PatchTST,time_stretch,4,7218,79,0.4942803978919983,MSE,0.3723537623882293,0.873369038105011,input,35.0,34,840,True,0.2061000019311905,0.0370026975870132,,,
traffic,PatchTST,time_stretch,4,7218,79,0.4942803978919983,MSE,0.3723537623882293,0.873369038105011,input,36.0,35,9,True,0.0866999998688697,0.1097947359085083,,,
traffic,PatchTST,time_stretch,4,7218,79,0.4942803978919983,MSE,0.3723537623882293,0.873369038105011,input,36.0,35,43,True,0.2317000031471252,0.327608048915863,,,
traffic,PatchTST,time_stretch,4,7218,79,0.4942803978919983,MSE,0.3723537623882293,0.873369038105011,input,36.0,35,217,True,0.1010999977588653,0.1113159134984016,,,
traffic,PatchTST,time_stretch,4,7218,79,0.4942803978919983,MSE,0.3723537623882293,0.873369038105011,input,36.0,35,304,True,0.2197000086307525,0.2855976223945617,,,
traffic,PatchTST,time_stretch,4,7218,79,0.4942803978919983,MSE,0.3723537623882293,0.873369038105011,input,36.0,35,397,True,0.2355999946594238,0.3188501000404358,,,
traffic,PatchTST,time_stretch,4,7218,79,0.4942803978919983,MSE,0.3723537623882293,0.873369038105011,input,36.0,35,475,True,0.2754999995231628,0.2475513666868209,,,
traffic,PatchTST,time_stretch,4,7218,79,0.4942803978919983,MSE,0.3723537623882293,0.873369038105011,input,36.0,35,580,True,0.1124999970197677,0.2383875995874405,,,
traffic,PatchTST,time_stretch,4,7218,79,0.4942803978919983,MSE,0.3723537623882293,0.873369038105011,input,36.0,35,586,True,0.0833000019192695,0.1290184706449508,,,
traffic,PatchTST,time_stretch,4,7218,79,0.4942803978919983,MSE,0.3723537623882293,0.873369038105011,input,36.0,35,608,True,0.0944999977946281,0.2421604692935943,,,
traffic,PatchTST,time_stretch,4,7218,79,0.4942803978919983,MSE,0.3723537623882293,0.873369038105011,input,36.0,35,632,True,0.0502999983727932,0.0451624691486358,,,
traffic,PatchTST,time_stretch,4,7218,79,0.4942803978919983,MSE,0.3723537623882293,0.873369038105011,input,36.0,35,840,True,0.0403000004589557,0.0354239903390407,,,
traffic,PatchTST,time_stretch,4,7218,79,0.4942803978919983,MSE,0.3723537623882293,0.873369038105011,input,37.0,36,9,True,0.0791999995708465,0.1324004679918289,,,
traffic,PatchTST,time_stretch,4,7218,79,0.4942803978919983,MSE,0.3723537623882293,0.873369038105011,input,37.0,36,43,True,0.3736999928951263,0.3543788492679596,,,
traffic,PatchTST,time_stretch,4,7218,79,0.4942803978919983,MSE,0.3723537623882293,0.873369038105011,input,37.0,36,217,True,0.1199000030755996,0.1112487316131591,,,
traffic,PatchTST,time_stretch,4,7218,79,0.4942803978919983,MSE,0.3723537623882293,0.873369038105011,input,37.0,36,304,True,0.3641000092029571,0.2868740260601043,,,
traffic,PatchTST,time_stretch,4,7218,79,0.4942803978919983,MSE,0.3723537623882293,0.873369038105011,input,37.0,36,397,True,0.2175000011920929,0.3315133452415466,,,
traffic,PatchTST,time_stretch,4,7218,79,0.4942803978919983,MSE,0.3723537623882293,0.873369038105011,input,37.0,36,475,True,0.096000000834465,0.2030117064714431,,,
traffic,PatchTST,time_stretch,4,7218,79,0.4942803978919983,MSE,0.3723537623882293,0.873369038105011,input,37.0,36,580,True,0.2513999938964844,0.2789637148380279,,,
traffic,PatchTST,time_stretch,4,7218,79,0.4942803978919983,MSE,0.3723537623882293,0.873369038105011,input,37.0,36,586,True,0.0806000009179115,0.1671425402164459,,,
traffic,PatchTST,time_stretch,4,7218,79,0.4942803978919983,MSE,0.3723537623882293,0.873369038105011,input,37.0,36,608,True,0.1005999967455864,0.3086004853248596,,,
traffic,PatchTST,time_stretch,4,7218,79,0.4942803978919983,MSE,0.3723537623882293,0.873369038105011,input,37.0,36,632,True,0.045899998396635,0.0455319546163082,,,
traffic,PatchTST,time_stretch,4,7218,79,0.4942803978919983,MSE,0.3723537623882293,0.873369038105011,input,37.0,36,840,True,0.0335999988019466,0.0338452868163585,,,
traffic,PatchTST,time_stretch,4,7218,79,0.4942803978919983,MSE,0.3723537623882293,0.873369038105011,input,38.0,37,9,True,0.0800999999046325,0.1660076677799224,,,
traffic,PatchTST,time_stretch,4,7218,79,0.4942803978919983,MSE,0.3723537623882293,0.873369038105011,input,38.0,37,43,True,0.3503000140190124,0.3729239702224731,,,
traffic,PatchTST,time_stretch,4,7218,79,0.4942803978919983,MSE,0.3723537623882293,0.873369038105011,input,38.0,37,217,True,0.1165999993681907,0.1136529669165611,,,
traffic,PatchTST,time_stretch,4,7218,79,0.4942803978919983,MSE,0.3723537623882293,0.873369038105011,input,38.0,37,304,True,0.2728999853134155,0.2900132238864898,,,
traffic,PatchTST,time_stretch,4,7218,79,0.4942803978919983,MSE,0.3723537623882293,0.873369038105011,input,38.0,37,397,True,0.2944999933242798,0.344195008277893,,,
traffic,PatchTST,time_stretch,4,7218,79,0.4942803978919983,MSE,0.3723537623882293,0.873369038105011,input,38.0,37,475,True,0.0662999972701072,0.1607958972454071,,,
traffic,PatchTST,time_stretch,4,7218,79,0.4942803978919983,MSE,0.3723537623882293,0.873369038105011,input,38.0,37,580,True,0.2373999953269958,0.3143572211265564,,,
traffic,PatchTST,time_stretch,4,7218,79,0.4942803978919983,MSE,0.3723537623882293,0.873369038105011,input,38.0,37,586,True,0.0820000022649765,0.2113990485668182,,,
traffic,PatchTST,time_stretch,4,7218,79,0.4942803978919983,MSE,0.3723537623882293,0.873369038105011,input,38.0,37,608,True,0.1660999953746795,0.3595296144485473,,,
traffic,PatchTST,time_stretch,4,7218,79,0.4942803978919983,MSE,0.3723537623882293,0.873369038105011,input,38.0,37,632,True,0.096400000154972,0.0590884536504745,,,
traffic,PatchTST,time_stretch,4,7218,79,0.4942803978919983,MSE,0.3723537623882293,0.873369038105011,input,38.0,37,840,True,0.0307000000029802,0.0326262265443801,,,
traffic,PatchTST,time_stretch,4,7218,79,0.4942803978919983,MSE,0.3723537623882293,0.873369038105011,input,39.0,38,9,True,0.1352999955415725,0.228685662150383,,,
traffic,PatchTST,time_stretch,4,7218,79,0.4942803978919983,MSE,0.3723537623882293,0.873369038105011,input,39.0,38,43,True,0.2023999989032745,0.3697329461574554,,,
traffic,PatchTST,time_stretch,4,7218,79,0.4942803978919983,MSE,0.3723537623882293,0.873369038105011,input,39.0,38,217,True,0.1221000030636787,0.1225877702236175,,,
traffic,PatchTST,time_stretch,4,7218,79,0.4942803978919983,MSE,0.3723537623882293,0.873369038105011,input,39.0,38,304,True,0.402999997138977,0.2980746924877167,,,
traffic,PatchTST,time_stretch,4,7218,79,0.4942803978919983,MSE,0.3723537623882293,0.873369038105011,input,39.0,38,397,True,0.3158000111579895,0.3569254279136657,,,
traffic,PatchTST,time_stretch,4,7218,79,0.4942803978919983,MSE,0.3723537623882293,0.873369038105011,input,39.0,38,475,True,0.061099998652935,0.1247207894921302,,,
traffic,PatchTST,time_stretch,4,7218,79,0.4942803978919983,MSE,0.3723537623882293,0.873369038105011,input,39.0,38,580,True,0.0781999975442886,0.3360560238361358,,,
traffic,PatchTST,time_stretch,4,7218,79,0.4942803978919983,MSE,0.3723537623882293,0.873369038105011,input,39.0,38,586,True,0.160300001502037,0.271860122680664,,,
traffic,PatchTST,time_stretch,4,7218,79,0.4942803978919983,MSE,0.3723537623882293,0.873369038105011,input,39.0,38,608,True,0.311599999666214,0.3694721162319183,,,
traffic,PatchTST,time_stretch,4,7218,79,0.4942803978919983,MSE,0.3723537623882293,0.873369038105011,input,39.0,38,632,True,0.3380999863147735,0.1074909120798111,,,
traffic,PatchTST,time_stretch,4,7218,79,0.4942803978919983,MSE,0.3723537623882293,0.873369038105011,input,39.0,38,840,True,0.0331999994814395,0.0323575101792812,,,
traffic,PatchTST,time_stretch,4,7218,79,0.4942803978919983,MSE,0.3723537623882293,0.873369038105011,input,40.0,39,9,True,0.241699993610382,0.2913636565208435,,,
traffic,PatchTST,time_stretch,4,7218,79,0.4942803978919983,MSE,0.3723537623882293,0.873369038105011,input,40.0,39,43,True,0.0939000025391578,0.3665419518947601,,,
traffic,PatchTST,time_stretch,4,7218,79,0.4942803978919983,MSE,0.3723537623882293,0.873369038105011,input,40.0,39,217,True,0.1015999987721443,0.1315225660800933,,,
traffic,PatchTST,time_stretch,4,7218,79,0.4942803978919983,MSE,0.3723537623882293,0.873369038105011,input,40.0,39,304,True,0.0846000015735626,0.3061361610889435,,,
traffic,PatchTST,time_stretch,4,7218,79,0.4942803978919983,MSE,0.3723537623882293,0.873369038105011,input,40.0,39,397,True,0.1983000040054321,0.3696558475494385,,,
traffic,PatchTST,time_stretch,4,7218,79,0.4942803978919983,MSE,0.3723537623882293,0.873369038105011,input,40.0,39,475,True,0.0621000006794929,0.0886456742882728,,,
traffic,PatchTST,time_stretch,4,7218,79,0.4942803978919983,MSE,0.3723537623882293,0.873369038105011,input,40.0,39,580,True,0.0615000016987323,0.3577548265457153,,,
traffic,PatchTST,time_stretch,4,7218,79,0.4942803978919983,MSE,0.3723537623882293,0.873369038105011,input,40.0,39,586,True,0.2829999923706054,0.3323212265968323,,,
traffic,PatchTST,time_stretch,4,7218,79,0.4942803978919983,MSE,0.3723537623882293,0.873369038105011,input,40.0,39,608,True,0.0940999984741211,0.3794146180152893,,,
traffic,PatchTST,time_stretch,4,7218,79,0.4942803978919983,MSE,0.3723537623882293,0.873369038105011,input,40.0,39,632,True,0.0939000025391578,0.1558933705091476,,,
traffic,PatchTST,time_stretch,4,7218,79,0.4942803978919983,MSE,0.3723537623882293,0.873369038105011,input,40.0,39,840,True,0.0297999996691942,0.0320887938141822,,,
traffic,PatchTST,time_stretch,4,7218,79,0.4942803978919983,MSE,0.3723537623882293,0.873369038105011,input,41.0,40,9,True,0.0706000030040741,0.3367786407470703,,,
traffic,PatchTST,time_stretch,4,7218,79,0.4942803978919983,MSE,0.3723537623882293,0.873369038105011,input,41.0,40,43,True,0.0854000002145767,0.354070097208023,,,
traffic,PatchTST,time_stretch,4,7218,79,0.4942803978919983,MSE,0.3723537623882293,0.873369038105011,input,41.0,40,217,True,0.0780000016093254,0.1348429024219513,,,
traffic,PatchTST,time_stretch,4,7218,79,0.4942803978919983,MSE,0.3723537623882293,0.873369038105011,input,41.0,40,304,True,0.0807999968528747,0.3208311200141907,,,
traffic,PatchTST,time_stretch,4,7218,79,0.4942803978919983,MSE,0.3723537623882293,0.873369038105011,input,41.0,40,397,True,0.0710000023245811,0.3691393136978149,,,
traffic,PatchTST,time_stretch,4,7218,79,0.4942803978919983,MSE,0.3723537623882293,0.873369038105011,input,41.0,40,475,True,0.0614000037312507,0.062041237950325,,,
traffic,PatchTST,time_stretch,4,7218,79,0.4942803978919983,MSE,0.3723537623882293,0.873369038105011,input,41.0,40,580,True,0.0504000000655651,0.3639289140701294,,,
traffic,PatchTST,time_stretch,4,7218,79,0.4942803978919983,MSE,0.3723537623882293,0.873369038105011,input,41.0,40,586,True,0.0685999989509582,0.3739008903503418,,,
traffic,PatchTST,time_stretch,4,7218,79,0.4942803978919983,MSE,0.3723537623882293,0.873369038105011,input,41.0,40,608,True,0.0838000029325485,0.3748613893985748,,,
traffic,PatchTST,time_stretch,4,7218,79,0.4942803978919983,MSE,0.3723537623882293,0.873369038105011,input,41.0,40,632,True,0.0355999991297721,0.1791106164455413,,,
traffic,PatchTST,time_stretch,4,7218,79,0.4942803978919983,MSE,0.3723537623882293,0.873369038105011,input,41.0,40,840,True,0.0267999991774559,0.0312406495213508,,,
traffic,PatchTST,time_stretch,4,7218,79,0.4942803978919983,MSE,0.3723537623882293,0.873369038105011,input,42.0,41,9,True,0.0527999997138977,0.3414139747619629,,,
traffic,PatchTST,time_stretch,4,7218,79,0.4942803978919983,MSE,0.3723537623882293,0.873369038105011,input,42.0,41,43,True,0.0822999998927116,0.3196744322776794,,,
traffic,PatchTST,time_stretch,4,7218,79,0.4942803978919983,MSE,0.3723537623882293,0.873369038105011,input,42.0,41,217,True,0.0606000013649463,0.1249004155397415,,,
traffic,PatchTST,time_stretch,4,7218,79,0.4942803978919983,MSE,0.3723537623882293,0.873369038105011,input,42.0,41,304,True,0.0696000009775161,0.3511960208415985,,,
traffic,PatchTST,time_stretch,4,7218,79,0.4942803978919983,MSE,0.3723537623882293,0.873369038105011,input,42.0,41,397,True,0.0609999969601631,0.3373300731182098,,,
traffic,PatchTST,time_stretch,4,7218,79,0.4942803978919983,MSE,0.3723537623882293,0.873369038105011,input,42.0,41,475,True,0.0549000017344951,0.0578089617192745,,,
traffic,PatchTST,time_stretch,4,7218,79,0.4942803978919983,MSE,0.3723537623882293,0.873369038105011,input,42.0,41,580,True,0.0348999984562397,0.3334296643733978,,,
traffic,PatchTST,time_stretch,4,7218,79,0.4942803978919983,MSE,0.3723537623882293,0.873369038105011,input,42.0,41,586,True,0.0546000003814697,0.3708778023719787,,,
traffic,PatchTST,time_stretch,4,7218,79,0.4942803978919983,MSE,0.3723537623882293,0.873369038105011,input,42.0,41,608,True,0.0719999969005584,0.3360655307769775,,,
traffic,PatchTST,time_stretch,4,7218,79,0.4942803978919983,MSE,0.3723537623882293,0.873369038105011,input,42.0,41,632,True,0.0364999994635582,0.1428339779376983,,,
traffic,PatchTST,time_stretch,4,7218,79,0.4942803978919983,MSE,0.3723537623882293,0.873369038105011,input,42.0,41,840,True,0.0205000005662441,0.0290237423032522,,,
traffic,PatchTST,time_stretch,4,7218,79,0.4942803978919983,MSE,0.3723537623882293,0.873369038105011,input,43.0,42,9,True,0.0386000014841556,0.3460493683815002,,,
traffic,PatchTST,time_stretch,4,7218,79,0.4942803978919983,MSE,0.3723537623882293,0.873369038105011,input,43.0,42,43,True,0.0820999965071678,0.2852787971496582,,,
traffic,PatchTST,time_stretch,4,7218,79,0.4942803978919983,MSE,0.3723537623882293,0.873369038105011,input,43.0,42,217,True,0.0524000003933906,0.1149579286575317,,,
traffic,PatchTST,time_stretch,4,7218,79,0.4942803978919983,MSE,0.3723537623882293,0.873369038105011,input,43.0,42,304,True,0.0635000020265579,0.3815609216690063,,,
traffic,PatchTST,time_stretch,4,7218,79,0.4942803978919983,MSE,0.3723537623882293,0.873369038105011,input,43.0,42,397,True,0.0548000000417232,0.3055208027362823,,,
traffic,PatchTST,time_stretch,4,7218,79,0.4942803978919983,MSE,0.3723537623882293,0.873369038105011,input,43.0,42,475,True,0.0441999994218349,0.053576685488224,,,
traffic,PatchTST,time_stretch,4,7218,79,0.4942803978919983,MSE,0.3723537623882293,0.873369038105011,input,43.0,42,580,True,0.0256000012159347,0.3029304146766662,,,
traffic,PatchTST,time_stretch,4,7218,79,0.4942803978919983,MSE,0.3723537623882293,0.873369038105011,input,43.0,42,586,True,0.0438000001013278,0.3678547739982605,,,
traffic,PatchTST,time_stretch,4,7218,79,0.4942803978919983,MSE,0.3723537623882293,0.873369038105011,input,43.0,42,608,True,0.0737000033259391,0.2972696423530578,,,
traffic,PatchTST,time_stretch,4,7218,79,0.4942803978919983,MSE,0.3723537623882293,0.873369038105011,input,43.0,42,632,True,0.0368000008165836,0.1065573245286941,,,
traffic,PatchTST,time_stretch,4,7218,79,0.4942803978919983,MSE,0.3723537623882293,0.873369038105011,input,43.0,42,840,True,0.0177000015974044,0.0268068350851535,,,
traffic,PatchTST,time_stretch,4,7218,79,0.4942803978919983,MSE,0.3723537623882293,0.873369038105011,input,44.0,43,9,True,0.029399998486042,0.3198289275169372,,,
traffic,PatchTST,time_stretch,4,7218,79,0.4942803978919983,MSE,0.3723537623882293,0.873369038105011,input,44.0,43,43,True,0.069300003349781,0.2436425983905792,,,
traffic,PatchTST,time_stretch,4,7218,79,0.4942803978919983,MSE,0.3723537623882293,0.873369038105011,input,44.0,43,217,True,0.0454000011086463,0.1044237166643142,,,
traffic,PatchTST,time_stretch,4,7218,79,0.4942803978919983,MSE,0.3723537623882293,0.873369038105011,input,44.0,43,304,True,0.0571999996900558,0.3685469925403595,,,
traffic,PatchTST,time_stretch,4,7218,79,0.4942803978919983,MSE,0.3723537623882293,0.873369038105011,input,44.0,43,397,True,0.0480999983847141,0.260435402393341,,,
traffic,PatchTST,time_stretch,4,7218,79,0.4942803978919983,MSE,0.3723537623882293,0.873369038105011,input,44.0,43,475,True,0.0412999987602233,0.0513670369982719,,,
traffic,PatchTST,time_stretch,4,7218,79,0.4942803978919983,MSE,0.3723537623882293,0.873369038105011,input,44.0,43,580,True,0.0111999996006488,0.2573475837707519,,,
traffic,PatchTST,time_stretch,4,7218,79,0.4942803978919983,MSE,0.3723537623882293,0.873369038105011,input,44.0,43,586,True,0.0351000018417835,0.3343417048454284,,,
traffic,PatchTST,time_stretch,4,7218,79,0.4942803978919983,MSE,0.3723537623882293,0.873369038105011,input,44.0,43,608,True,0.062399998307228,0.2509857714176178,,,
traffic,PatchTST,time_stretch,4,7218,79,0.4942803978919983,MSE,0.3723537623882293,0.873369038105011,input,44.0,43,632,True,0.0346000008285045,0.0768864750862121,,,
traffic,PatchTST,time_stretch,4,7218,79,0.4942803978919983,MSE,0.3723537623882293,0.873369038105011,input,44.0,43,840,True,0.0130000002682209,0.0249234475195407,,,
traffic,PatchTST,time_stretch,4,7218,79,0.4942803978919983,MSE,0.3723537623882293,0.873369038105011,input,45.0,44,9,True,0.0185000002384185,0.2281296253204345,,,
traffic,PatchTST,time_stretch,4,7218,79,0.4942803978919983,MSE,0.3723537623882293,0.873369038105011,input,45.0,44,43,True,0.0650999993085861,0.1866412311792373,,,
traffic,PatchTST,time_stretch,4,7218,79,0.4942803978919983,MSE,0.3723537623882293,0.873369038105011,input,45.0,44,217,True,0.0288999937474727,0.092633806169033,,,
traffic,PatchTST,time_stretch,4,7218,79,0.4942803978919983,MSE,0.3723537623882293,0.873369038105011,input,45.0,44,304,True,0.0421000011265277,0.2634790539741516,,,
traffic,PatchTST,time_stretch,4,7218,79,0.4942803978919983,MSE,0.3723537623882293,0.873369038105011,input,45.0,44,397,True,0.041399996727705,0.1871767342090606,,,
traffic,PatchTST,time_stretch,4,7218,79,0.4942803978919983,MSE,0.3723537623882293,0.873369038105011,input,45.0,44,475,True,0.0257000029087066,0.0534495823085308,,,
traffic,PatchTST,time_stretch,4,7218,79,0.4942803978919983,MSE,0.3723537623882293,0.873369038105011,input,45.0,44,580,True,0.0073999986052513,0.1797558367252349,,,
traffic,PatchTST,time_stretch,4,7218,79,0.4942803978919983,MSE,0.3723537623882293,0.873369038105011,input,45.0,44,586,True,0.0221000052988529,0.2361260503530502,,,
traffic,PatchTST,time_stretch,4,7218,79,0.4942803978919983,MSE,0.3723537623882293,0.873369038105011,input,45.0,44,608,True,0.0571000017225742,0.1888116151094436,,,
traffic,PatchTST,time_stretch,4,7218,79,0.4942803978919983,MSE,0.3723537623882293,0.873369038105011,input,45.0,44,632,True,0.0273000001907348,0.0612337738275527,,,
traffic,PatchTST,time_stretch,4,7218,79,0.4942803978919983,MSE,0.3723537623882293,0.873369038105011,input,45.0,44,840,True,0.0085000004619359,0.0237478148192167,,,
traffic,PatchTST,time_stretch,4,7218,79,0.4942803978919983,MSE,0.3723537623882293,0.873369038105011,input,46.0,45,9,True,0.0119000002741813,0.1364302933216095,,,
traffic,PatchTST,time_stretch,4,7218,79,0.4942803978919983,MSE,0.3723537623882293,0.873369038105011,input,46.0,45,43,True,0.0568999983370304,0.1296398639678955,,,
traffic,PatchTST,time_stretch,4,7218,79,0.4942803978919983,MSE,0.3723537623882293,0.873369038105011,input,46.0,45,217,True,0.0186000019311904,0.0808438956737518,,,
traffic,PatchTST,time_stretch,4,7218,79,0.4942803978919983,MSE,0.3723537623882293,0.873369038105011,input,46.0,45,304,True,0.0262999981641769,0.1584111303091049,,,
traffic,PatchTST,time_stretch,4,7218,79,0.4942803978919983,MSE,0.3723537623882293,0.873369038105011,input,46.0,45,397,True,0.0295000001788139,0.113918051123619,,,
traffic,PatchTST,time_stretch,4,7218,79,0.4942803978919983,MSE,0.3723537623882293,0.873369038105011,input,46.0,45,475,True,0.0173000022768974,0.0555321313440799,,,
traffic,PatchTST,time_stretch,4,7218,79,0.4942803978919983,MSE,0.3723537623882293,0.873369038105011,input,46.0,45,580,True,0.003100000321865,0.1021640971302986,,,
traffic,PatchTST,time_stretch,4,7218,79,0.4942803978919983,MSE,0.3723537623882293,0.873369038105011,input,46.0,45,586,True,0.0146999955177307,0.137910395860672,,,
traffic,PatchTST,time_stretch,4,7218,79,0.4942803978919983,MSE,0.3723537623882293,0.873369038105011,input,46.0,45,608,True,0.0449000000953674,0.1266374588012695,,,
traffic,PatchTST,time_stretch,4,7218,79,0.4942803978919983,MSE,0.3723537623882293,0.873369038105011,input,46.0,45,632,True,0.0165999978780746,0.0455810688436031,,,
traffic,PatchTST,time_stretch,4,7218,79,0.4942803978919983,MSE,0.3723537623882293,0.873369038105011,input,46.0,45,840,True,0.0062000006437301,0.0225721839815378,,,
traffic,PatchTST,time_stretch,4,7218,79,0.4942803978919983,MSE,0.3723537623882293,0.873369038105011,input,47.0,46,9,True,0.0062000006437301,0.0729378312826156,,,
traffic,PatchTST,time_stretch,4,7218,79,0.4942803978919983,MSE,0.3723537623882293,0.873369038105011,input,47.0,46,43,True,0.0344999991357326,0.091727390885353,,,
traffic,PatchTST,time_stretch,4,7218,79,0.4942803978919983,MSE,0.3723537623882293,0.873369038105011,input,47.0,46,217,True,0.013799998909235,0.0715899467468261,,,
traffic,PatchTST,time_stretch,4,7218,79,0.4942803978919983,MSE,0.3723537623882293,0.873369038105011,input,47.0,46,304,True,0.0186000019311904,0.0883164554834365,,,
traffic,PatchTST,time_stretch,4,7218,79,0.4942803978919983,MSE,0.3723537623882293,0.873369038105011,input,47.0,46,397,True,0.0219999998807907,0.0646703466773033,,,
traffic,PatchTST,time_stretch,4,7218,79,0.4942803978919983,MSE,0.3723537623882293,0.873369038105011,input,47.0,46,475,True,0.0137000009417533,0.0561392083764076,,,
traffic,PatchTST,time_stretch,4,7218,79,0.4942803978919983,MSE,0.3723537623882293,0.873369038105011,input,47.0,46,580,True,0.005400002002716,0.0492980256676673,,,
traffic,PatchTST,time_stretch,4,7218,79,0.4942803978919983,MSE,0.3723537623882293,0.873369038105011,input,47.0,46,586,True,0.0081999972462654,0.0707602873444557,,,
traffic,PatchTST,time_stretch,4,7218,79,0.4942803978919983,MSE,0.3723537623882293,0.873369038105011,input,47.0,46,608,True,0.0368000045418739,0.0851890593767166,,,
traffic,PatchTST,time_stretch,4,7218,79,0.4942803978919983,MSE,0.3723537623882293,0.873369038105011,input,47.0,46,632,True,0.0108999982476234,0.0350118242204189,,,
traffic,PatchTST,time_stretch,4,7218,79,0.4942803978919983,MSE,0.3723537623882293,0.873369038105011,input,47.0,46,840,True,0.0043999999761581,0.0211890637874603,,,
traffic,PatchTST,time_stretch,4,7218,79,0.4942803978919983,MSE,0.3723537623882293,0.873369038105011,input,48.0,47,9,True,0.004100002348423,0.0634320005774498,,,
traffic,PatchTST,time_stretch,4,7218,79,0.4942803978919983,MSE,0.3723537623882293,0.873369038105011,input,48.0,47,43,True,0.0304000005125999,0.0903502255678176,,,
traffic,PatchTST,time_stretch,4,7218,79,0.4942803978919983,MSE,0.3723537623882293,0.873369038105011,input,48.0,47,217,True,0.0123000033199787,0.0671897232532501,,,
traffic,PatchTST,time_stretch,4,7218,79,0.4942803978919983,MSE,0.3723537623882293,0.873369038105011,input,48.0,47,304,True,0.0172000005841255,0.0851590409874916,,,
traffic,PatchTST,time_stretch,4,7218,79,0.4942803978919983,MSE,0.3723537623882293,0.873369038105011,input,48.0,47,397,True,0.0212000012397766,0.061378575861454,,,
traffic,PatchTST,time_stretch,4,7218,79,0.4942803978919983,MSE,0.3723537623882293,0.873369038105011,input,48.0,47,475,True,0.0120000019669532,0.0539223030209541,,,
traffic,PatchTST,time_stretch,4,7218,79,0.4942803978919983,MSE,0.3723537623882293,0.873369038105011,input,48.0,47,580,True,0.003100000321865,0.0437557622790336,,,
traffic,PatchTST,time_stretch,4,7218,79,0.4942803978919983,MSE,0.3723537623882293,0.873369038105011,input,48.0,47,586,True,0.0055000036954879,0.0630683004856109,,,
traffic,PatchTST,time_stretch,4,7218,79,0.4942803978919983,MSE,0.3723537623882293,0.873369038105011,input,48.0,47,608,True,0.0328000001609325,0.0834088176488876,,,
traffic,PatchTST,time_stretch,4,7218,79,0.4942803978919983,MSE,0.3723537623882293,0.873369038105011,input,48.0,47,632,True,0.0108999982476234,0.0341720841825008,,,
traffic,PatchTST,time_stretch,4,7218,79,0.4942803978919983,MSE,0.3723537623882293,0.873369038105011,input,48.0,47,840,True,0.0043000001460313,0.0194088201969862,,,
traffic,PatchTST,time_stretch,4,7218,79,0.4942803978919983,MSE,0.3723537623882293,0.873369038105011,input,49.0,48,9,True,0.0033999979496002,0.0539261773228645,,,
traffic,PatchTST,time_stretch,4,7218,79,0.4942803978919983,MSE,0.3723537623882293,0.873369038105011,input,49.0,48,43,True,0.0278000012040138,0.0889730527997016,,,
traffic,PatchTST,time_stretch,4,7218,79,0.4942803978919983,MSE,0.3723537623882293,0.873369038105011,input,49.0,48,217,True,0.0111999996006488,0.062789499759674,,,
traffic,PatchTST,time_stretch,4,7218,79,0.4942803978919983,MSE,0.3723537623882293,0.873369038105011,input,49.0,48,304,True,0.0121999979019165,0.0820016264915466,,,
traffic,PatchTST,time_stretch,4,7218,79,0.4942803978919983,MSE,0.3723537623882293,0.873369038105011,input,49.0,48,397,True,0.0166999995708465,0.0580868050456047,,,
traffic,PatchTST,time_stretch,4,7218,79,0.4942803978919983,MSE,0.3723537623882293,0.873369038105011,input,49.0,48,475,True,0.0116999968886375,0.0517053939402103,,,
traffic,PatchTST,time_stretch,4,7218,79,0.4942803978919983,MSE,0.3723537623882293,0.873369038105011,input,49.0,48,580,True,0.003100000321865,0.0382134914398193,,,
traffic,PatchTST,time_stretch,4,7218,79,0.4942803978919983,MSE,0.3723537623882293,0.873369038105011,input,49.0,48,586,True,0.0046999976038932,0.0553763061761856,,,
traffic,PatchTST,time_stretch,4,7218,79,0.4942803978919983,MSE,0.3723537623882293,0.873369038105011,input,49.0,48,608,True,0.0262999981641769,0.0816285759210586,,,
traffic,PatchTST,time_stretch,4,7218,79,0.4942803978919983,MSE,0.3723537623882293,0.873369038105011,input,49.0,48,632,True,0.0094000026583671,0.0333323515951633,,,
traffic,PatchTST,time_stretch,4,7218,79,0.4942803978919983,MSE,0.3723537623882293,0.873369038105011,input,49.0,48,840,True,0.0042000003159046,0.017628576606512,,,
traffic,PatchTST,time_stretch,4,7218,79,0.4942803978919983,MSE,0.3723537623882293,0.873369038105011,input,50.0,49,9,True,0.0041999965906143,0.0461171381175518,,,
traffic,PatchTST,time_stretch,4,7218,79,0.4942803978919983,MSE,0.3723537623882293,0.873369038105011,input,50.0,49,43,True,0.0187999978661537,0.0875589922070503,,,
traffic,PatchTST,time_stretch,4,7218,79,0.4942803978919983,MSE,0.3723537623882293,0.873369038105011,input,50.0,49,217,True,0.0148000009357929,0.0586843714118003,,,
traffic,PatchTST,time_stretch,4,7218,79,0.4942803978919983,MSE,0.3723537623882293,0.873369038105011,input,50.0,49,304,True,0.0120999999344348,0.0780450031161308,,,
traffic,PatchTST,time_stretch,4,7218,79,0.4942803978919983,MSE,0.3723537623882293,0.873369038105011,input,50.0,49,397,True,0.0186000019311904,0.05603688955307,,,
traffic,PatchTST,time_stretch,4,7218,79,0.4942803978919983,MSE,0.3723537623882293,0.873369038105011,input,50.0,49,475,True,0.0175999999046325,0.0495376698672771,,,
traffic,PatchTST,time_stretch,4,7218,79,0.4942803978919983,MSE,0.3723537623882293,0.873369038105011,input,50.0,49,580,True,0.003100000321865,0.0336056910455226,,,
traffic,PatchTST,time_stretch,4,7218,79,0.4942803978919983,MSE,0.3723537623882293,0.873369038105011,input,50.0,49,586,True,0.0059999972581863,0.0490245297551155,,,
traffic,PatchTST,time_stretch,4,7218,79,0.4942803978919983,MSE,0.3723537623882293,0.873369038105011,input,50.0,49,608,True,0.0232000052928924,0.0791228935122489,,,
traffic,PatchTST,time_stretch,4,7218,79,0.4942803978919983,MSE,0.3723537623882293,0.873369038105011,input,50.0,49,632,True,0.0137000009417533,0.0330336168408393,,,
traffic,PatchTST,time_stretch,4,7218,79,0.4942803978919983,MSE,0.3723537623882293,0.873369038105011,input,50.0,49,840,True,0.0091999992728233,0.0165860690176486,,,
traffic,PatchTST,time_stretch,4,7218,79,0.4942803978919983,MSE,0.3723537623882293,0.873369038105011,input,51.0,50,9,True,0.0091999992728233,0.0091999992728233,,,
traffic,PatchTST,time_stretch,4,7218,79,0.4942803978919983,MSE,0.3723537623882293,0.873369038105011,input,51.0,50,43,True,0.0204000025987625,0.0204000025987625,,,
traffic,PatchTST,time_stretch,4,7218,79,0.4942803978919983,MSE,0.3723537623882293,0.873369038105011,input,51.0,50,217,True,0.0236000008881092,0.0236000008881092,,,
traffic,PatchTST,time_stretch,4,7218,79,0.4942803978919983,MSE,0.3723537623882293,0.873369038105011,input,51.0,50,304,True,0.0172000005841255,0.0172000005841255,,,
traffic,PatchTST,time_stretch,4,7218,79,0.4942803978919983,MSE,0.3723537623882293,0.873369038105011,input,51.0,50,397,True,0.0241999998688697,0.0241999998688697,,,
traffic,PatchTST,time_stretch,4,7218,79,0.4942803978919983,MSE,0.3723537623882293,0.873369038105011,input,51.0,50,475,True,0.0305999964475631,0.0305999964475631,,,
traffic,PatchTST,time_stretch,4,7218,79,0.4942803978919983,MSE,0.3723537623882293,0.873369038105011,input,51.0,50,580,True,0.003100000321865,0.003100000321865,,,
traffic,PatchTST,time_stretch,4,7218,79,0.4942803978919983,MSE,0.3723537623882293,0.873369038105011,input,51.0,50,586,True,0.0099999979138374,0.0099999979138374,,,
traffic,PatchTST,time_stretch,4,7218,79,0.4942803978919983,MSE,0.3723537623882293,0.873369038105011,input,51.0,50,608,True,0.0231000036001205,0.0231000036001205,,,
traffic,PatchTST,time_stretch,4,7218,79,0.4942803978919983,MSE,0.3723537623882293,0.873369038105011,input,51.0,50,632,True,0.0252000018954277,0.0252000018954277,,,
traffic,PatchTST,time_stretch,4,7218,79,0.4942803978919983,MSE,0.3723537623882293,0.873369038105011,input,51.0,50,840,True,0.0178999993950128,0.0178999993950128,,,
traffic,PatchTST,time_stretch,4,7218,79,0.4942803978919983,MSE,0.3723537623882293,0.873369038105011,input,52.0,51,9,True,0.0160000063478946,0.0160000063478946,,,
traffic,PatchTST,time_stretch,4,7218,79,0.4942803978919983,MSE,0.3723537623882293,0.873369038105011,input,52.0,51,43,True,0.0236000008881092,0.0236000008881092,,,
traffic,PatchTST,time_stretch,4,7218,79,0.4942803978919983,MSE,0.3723537623882293,0.873369038105011,input,52.0,51,217,True,0.0403999984264373,0.0403999984264373,,,
traffic,PatchTST,time_stretch,4,7218,79,0.4942803978919983,MSE,0.3723537623882293,0.873369038105011,input,52.0,51,304,True,0.0230999998748302,0.0230999998748302,,,
traffic,PatchTST,time_stretch,4,7218,79,0.4942803978919983,MSE,0.3723537623882293,0.873369038105011,input,52.0,51,397,True,0.0330000035464763,0.0330000035464763,,,
traffic,PatchTST,time_stretch,4,7218,79,0.4942803978919983,MSE,0.3723537623882293,0.873369038105011,input,52.0,51,475,True,0.0410000011324882,0.0410000011324882,,,
traffic,PatchTST,time_stretch,4,7218,79,0.4942803978919983,MSE,0.3723537623882293,0.873369038105011,input,52.0,51,580,True,0.0057000033557415,0.0057000033557415,,,
traffic,PatchTST,time_stretch,4,7218,79,0.4942803978919983,MSE,0.3723537623882293,0.873369038105011,input,52.0,51,586,True,0.0139000006020069,0.0139000006020069,,,
traffic,PatchTST,time_stretch,4,7218,79,0.4942803978919983,MSE,0.3723537623882293,0.873369038105011,input,52.0,51,608,True,0.0235000103712081,0.0235000103712081,,,
traffic,PatchTST,time_stretch,4,7218,79,0.4942803978919983,MSE,0.3723537623882293,0.873369038105011,input,52.0,51,632,True,0.030699998140335,0.030699998140335,,,
traffic,PatchTST,time_stretch,4,7218,79,0.4942803978919983,MSE,0.3723537623882293,0.873369038105011,input,52.0,51,840,True,0.0221999995410442,0.0221999995410442,,,
traffic,PatchTST,time_stretch,4,7218,79,0.4942803978919983,MSE,0.3723537623882293,0.873369038105011,input,53.0,52,9,True,0.0280999988317489,0.0280999988317489,,,
traffic,PatchTST,time_stretch,4,7218,79,0.4942803978919983,MSE,0.3723537623882293,0.873369038105011,input,53.0,52,43,True,0.0390999987721443,0.0390999987721443,,,
traffic,PatchTST,time_stretch,4,7218,79,0.4942803978919983,MSE,0.3723537623882293,0.873369038105011,input,53.0,52,217,True,0.0610000006854534,0.0610000006854534,,,
traffic,PatchTST,time_stretch,4,7218,79,0.4942803978919983,MSE,0.3723537623882293,0.873369038105011,input,53.0,52,304,True,0.032600000500679,0.032600000500679,,,
traffic,PatchTST,time_stretch,4,7218,79,0.4942803978919983,MSE,0.3723537623882293,0.873369038105011,input,53.0,52,397,True,0.0450000017881393,0.0450000017881393,,,
traffic,PatchTST,time_stretch,4,7218,79,0.4942803978919983,MSE,0.3723537623882293,0.873369038105011,input,53.0,52,475,True,0.050000000745058,0.050000000745058,,,
traffic,PatchTST,time_stretch,4,7218,79,0.4942803978919983,MSE,0.3723537623882293,0.873369038105011,input,53.0,52,580,True,0.0170000009238719,0.0170000009238719,,,
traffic,PatchTST,time_stretch,4,7218,79,0.4942803978919983,MSE,0.3723537623882293,0.873369038105011,input,53.0,52,586,True,0.0278999991714954,0.0278999991714954,,,
traffic,PatchTST,time_stretch,4,7218,79,0.4942803978919983,MSE,0.3723537623882293,0.873369038105011,input,53.0,52,608,True,0.0361000001430511,0.0361000001430511,,,
traffic,PatchTST,time_stretch,4,7218,79,0.4942803978919983,MSE,0.3723537623882293,0.873369038105011,input,53.0,52,632,True,0.0351999998092651,0.0351999998092651,,,
traffic,PatchTST,time_stretch,4,7218,79,0.4942803978919983,MSE,0.3723537623882293,0.873369038105011,input,53.0,52,840,True,0.0254999995231628,0.0254999995231628,,,
traffic,PatchTST,time_stretch,4,7218,79,0.4942803978919983,MSE,0.3723537623882293,0.873369038105011,input,54.0,53,9,True,0.0494999960064888,0.0494999960064888,,,
traffic,PatchTST,time_stretch,4,7218,79,0.4942803978919983,MSE,0.3723537623882293,0.873369038105011,input,54.0,53,43,True,0.0529999993741512,0.0529999993741512,,,
traffic,PatchTST,time_stretch,4,7218,79,0.4942803978919983,MSE,0.3723537623882293,0.873369038105011,input,54.0,53,217,True,0.0813999995589256,0.0813999995589256,,,
traffic,PatchTST,time_stretch,4,7218,79,0.4942803978919983,MSE,0.3723537623882293,0.873369038105011,input,54.0,53,304,True,0.0425999984145164,0.0425999984145164,,,
traffic,PatchTST,time_stretch,4,7218,79,0.4942803978919983,MSE,0.3723537623882293,0.873369038105011,input,54.0,53,397,True,0.0527999997138977,0.0527999997138977,,,
traffic,PatchTST,time_stretch,4,7218,79,0.4942803978919983,MSE,0.3723537623882293,0.873369038105011,input,54.0,53,475,True,0.0839999988675117,0.0839999988675117,,,
traffic,PatchTST,time_stretch,4,7218,79,0.4942803978919983,MSE,0.3723537623882293,0.873369038105011,input,54.0,53,580,True,0.0357000008225441,0.0357000008225441,,,
traffic,PatchTST,time_stretch,4,7218,79,0.4942803978919983,MSE,0.3723537623882293,0.873369038105011,input,54.0,53,586,True,0.0450000017881393,0.0450000017881393,,,
traffic,PatchTST,time_stretch,4,7218,79,0.4942803978919983,MSE,0.3723537623882293,0.873369038105011,input,54.0,53,608,True,0.0430999994277954,0.0430999994277954,,,
traffic,PatchTST,time_stretch,4,7218,79,0.4942803978919983,MSE,0.3723537623882293,0.873369038105011,input,54.0,53,632,True,0.0447000004351139,0.0447000004351139,,,
traffic,PatchTST,time_stretch,4,7218,79,0.4942803978919983,MSE,0.3723537623882293,0.873369038105011,input,54.0,53,840,True,0.0310999993234872,0.0310999993234872,,,
traffic,PatchTST,time_stretch,4,7218,79,0.4942803978919983,MSE,0.3723537623882293,0.873369038105011,input,55.0,54,9,True,0.0653999969363212,0.0653999969363212,,,
traffic,PatchTST,time_stretch,4,7218,79,0.4942803978919983,MSE,0.3723537623882293,0.873369038105011,input,55.0,54,43,True,0.0535000003874301,0.0535000003874301,,,
traffic,PatchTST,time_stretch,4,7218,79,0.4942803978919983,MSE,0.3723537623882293,0.873369038105011,input,55.0,54,217,True,0.0962999984622001,0.0962999984622001,,,
traffic,PatchTST,time_stretch,4,7218,79,0.4942803978919983,MSE,0.3723537623882293,0.873369038105011,input,55.0,54,304,True,0.0553000010550022,0.0553000010550022,,,
traffic,PatchTST,time_stretch,4,7218,79,0.4942803978919983,MSE,0.3723537623882293,0.873369038105011,input,55.0,54,397,True,0.0626000016927719,0.0626000016927719,,,
traffic,PatchTST,time_stretch,4,7218,79,0.4942803978919983,MSE,0.3723537623882293,0.873369038105011,input,55.0,54,475,True,0.0873000025749206,0.0873000025749206,,,
traffic,PatchTST,time_stretch,4,7218,79,0.4942803978919983,MSE,0.3723537623882293,0.873369038105011,input,55.0,54,580,True,0.0516999997198581,0.0516999997198581,,,
traffic,PatchTST,time_stretch,4,7218,79,0.4942803978919983,MSE,0.3723537623882293,0.873369038105011,input,55.0,54,586,True,0.0566999986767768,0.0566999986767768,,,
traffic,PatchTST,time_stretch,4,7218,79,0.4942803978919983,MSE,0.3723537623882293,0.873369038105011,input,55.0,54,608,True,0.050900001078844,0.050900001078844,,,
traffic,PatchTST,time_stretch,4,7218,79,0.4942803978919983,MSE,0.3723537623882293,0.873369038105011,input,55.0,54,632,True,0.0561999976634979,0.0561999976634979,,,
traffic,PatchTST,time_stretch,4,7218,79,0.4942803978919983,MSE,0.3723537623882293,0.873369038105011,input,55.0,54,840,True,0.0810000002384185,0.0810000002384185,,,
traffic,PatchTST,time_stretch,4,7218,79,0.4942803978919983,MSE,0.3723537623882293,0.873369038105011,input,56.0,55,9,True,0.0812999978661537,0.0812999978661537,,,
traffic,PatchTST,time_stretch,4,7218,79,0.4942803978919983,MSE,0.3723537623882293,0.873369038105011,input,56.0,55,43,True,0.0681999996304512,0.0681999996304512,,,
traffic,PatchTST,time_stretch,4,7218,79,0.4942803978919983,MSE,0.3723537623882293,0.873369038105011,input,56.0,55,217,True,0.097300000488758,0.097300000488758,,,
traffic,PatchTST,time_stretch,4,7218,79,0.4942803978919983,MSE,0.3723537623882293,0.873369038105011,input,56.0,55,304,True,0.0678000003099441,0.0678000003099441,,,
traffic,PatchTST,time_stretch,4,7218,79,0.4942803978919983,MSE,0.3723537623882293,0.873369038105011,input,56.0,55,397,True,0.0747999995946884,0.0747999995946884,,,
traffic,PatchTST,time_stretch,4,7218,79,0.4942803978919983,MSE,0.3723537623882293,0.873369038105011,input,56.0,55,475,True,0.246299996972084,0.246299996972084,,,
traffic,PatchTST,time_stretch,4,7218,79,0.4942803978919983,MSE,0.3723537623882293,0.873369038105011,input,56.0,55,580,True,0.0619000010192394,0.0619000010192394,,,
traffic,PatchTST,time_stretch,4,7218,79,0.4942803978919983,MSE,0.3723537623882293,0.873369038105011,input,56.0,55,586,True,0.0741999968886375,0.0741999968886375,,,
traffic,PatchTST,time_stretch,4,7218,79,0.4942803978919983,MSE,0.3723537623882293,0.873369038105011,input,56.0,55,608,True,0.062899999320507,0.062899999320507,,,
traffic,PatchTST,time_stretch,4,7218,79,0.4942803978919983,MSE,0.3723537623882293,0.873369038105011,input,56.0,55,632,True,0.2529000043869018,0.2529000043869018,,,
traffic,PatchTST,time_stretch,4,7218,79,0.4942803978919983,MSE,0.3723537623882293,0.873369038105011,input,56.0,55,840,True,0.512499988079071,0.512499988079071,,,
traffic,PatchTST,time_stretch,4,7218,79,0.4942803978919983,MSE,0.3723537623882293,0.873369038105011,input,57.0,56,9,True,0.0811000019311904,0.0811000019311904,,,
traffic,PatchTST,time_stretch,4,7218,79,0.4942803978919983,MSE,0.3723537623882293,0.873369038105011,input,57.0,56,43,True,0.0839999988675117,0.0839999988675117,,,
traffic,PatchTST,time_stretch,4,7218,79,0.4942803978919983,MSE,0.3723537623882293,0.873369038105011,input,57.0,56,217,True,0.1045000031590461,0.1045000031590461,,,
traffic,PatchTST,time_stretch,4,7218,79,0.4942803978919983,MSE,0.3723537623882293,0.873369038105011,input,57.0,56,304,True,0.0705000013113021,0.0705000013113021,,,
traffic,PatchTST,time_stretch,4,7218,79,0.4942803978919983,MSE,0.3723537623882293,0.873369038105011,input,57.0,56,397,True,0.0756999999284744,0.0756999999284744,,,
traffic,PatchTST,time_stretch,4,7218,79,0.4942803978919983,MSE,0.3723537623882293,0.873369038105011,input,57.0,56,475,True,0.2994999885559082,0.2994999885559082,,,
traffic,PatchTST,time_stretch,4,7218,79,0.4942803978919983,MSE,0.3723537623882293,0.873369038105011,input,57.0,56,580,True,0.0719999969005584,0.0719999969005584,,,
traffic,PatchTST,time_stretch,4,7218,79,0.4942803978919983,MSE,0.3723537623882293,0.873369038105011,input,57.0,56,586,True,0.0812000036239624,0.0812000036239624,,,
traffic,PatchTST,time_stretch,4,7218,79,0.4942803978919983,MSE,0.3723537623882293,0.873369038105011,input,57.0,56,608,True,0.0776999965310096,0.0776999965310096,,,
traffic,PatchTST,time_stretch,4,7218,79,0.4942803978919983,MSE,0.3723537623882293,0.873369038105011,input,57.0,56,632,True,0.414000004529953,0.414000004529953,,,
traffic,PatchTST,time_stretch,4,7218,79,0.4942803978919983,MSE,0.3723537623882293,0.873369038105011,input,57.0,56,840,True,0.4417000114917755,0.4417000114917755,,,
traffic,PatchTST,time_stretch,4,7218,79,0.4942803978919983,MSE,0.3723537623882293,0.873369038105011,input,58.0,57,9,True,0.0816999971866607,0.0816999971866607,,,
traffic,PatchTST,time_stretch,4,7218,79,0.4942803978919983,MSE,0.3723537623882293,0.873369038105011,input,58.0,57,43,True,0.0848999992012977,0.0848999992012977,,,
traffic,PatchTST,time_stretch,4,7218,79,0.4942803978919983,MSE,0.3723537623882293,0.873369038105011,input,58.0,57,217,True,0.1026000007987022,0.1026000007987022,,,
traffic,PatchTST,time_stretch,4,7218,79,0.4942803978919983,MSE,0.3723537623882293,0.873369038105011,input,58.0,57,304,True,0.0741000026464462,0.0741000026464462,,,
traffic,PatchTST,time_stretch,4,7218,79,0.4942803978919983,MSE,0.3723537623882293,0.873369038105011,input,58.0,57,397,True,0.0741999968886375,0.0741999968886375,,,
traffic,PatchTST,time_stretch,4,7218,79,0.4942803978919983,MSE,0.3723537623882293,0.873369038105011,input,58.0,57,475,True,0.2940999865531921,0.2940999865531921,,,
traffic,PatchTST,time_stretch,4,7218,79,0.4942803978919983,MSE,0.3723537623882293,0.873369038105011,input,58.0,57,580,True,0.0696000009775161,0.0696000009775161,,,
traffic,PatchTST,time_stretch,4,7218,79,0.4942803978919983,MSE,0.3723537623882293,0.873369038105011,input,58.0,57,586,True,0.0807000026106834,0.0807000026106834,,,
traffic,PatchTST,time_stretch,4,7218,79,0.4942803978919983,MSE,0.3723537623882293,0.873369038105011,input,58.0,57,608,True,0.0771000012755394,0.0771000012755394,,,
traffic,PatchTST,time_stretch,4,7218,79,0.4942803978919983,MSE,0.3723537623882293,0.873369038105011,input,58.0,57,632,True,0.3355000019073486,0.3355000019073486,,,
traffic,PatchTST,time_stretch,4,7218,79,0.4942803978919983,MSE,0.3723537623882293,0.873369038105011,input,58.0,57,840,True,0.5658000111579895,0.5658000111579895,,,
traffic,PatchTST,time_stretch,4,7218,79,0.4942803978919983,MSE,0.3723537623882293,0.873369038105011,input,59.0,58,9,True,0.1544000059366226,0.1544000059366226,,,
traffic,PatchTST,time_stretch,4,7218,79,0.4942803978919983,MSE,0.3723537623882293,0.873369038105011,input,59.0,58,43,True,0.0873000025749206,0.0873000025749206,,,
traffic,PatchTST,time_stretch,4,7218,79,0.4942803978919983,MSE,0.3723537623882293,0.873369038105011,input,59.0,58,217,True,0.101400002837181,0.101400002837181,,,
traffic,PatchTST,time_stretch,4,7218,79,0.4942803978919983,MSE,0.3723537623882293,0.873369038105011,input,59.0,58,304,True,0.0703999996185302,0.0703999996185302,,,
traffic,PatchTST,time_stretch,4,7218,79,0.4942803978919983,MSE,0.3723537623882293,0.873369038105011,input,59.0,58,397,True,0.0741000026464462,0.0741000026464462,,,
traffic,PatchTST,time_stretch,4,7218,79,0.4942803978919983,MSE,0.3723537623882293,0.873369038105011,input,59.0,58,475,True,0.3355999886989593,0.3355999886989593,,,
traffic,PatchTST,time_stretch,4,7218,79,0.4942803978919983,MSE,0.3723537623882293,0.873369038105011,input,59.0,58,580,True,0.0680000036954879,0.0680000036954879,,,
traffic,PatchTST,time_stretch,4,7218,79,0.4942803978919983,MSE,0.3723537623882293,0.873369038105011,input,59.0,58,586,True,0.2175000011920929,0.2175000011920929,,,
traffic,PatchTST,time_stretch,4,7218,79,0.4942803978919983,MSE,0.3723537623882293,0.873369038105011,input,59.0,58,608,True,0.0776999965310096,0.0776999965310096,,,
traffic,PatchTST,time_stretch,4,7218,79,0.4942803978919983,MSE,0.3723537623882293,0.873369038105011,input,59.0,58,632,True,0.3490000069141388,0.3490000069141388,,,
traffic,PatchTST,time_stretch,4,7218,79,0.4942803978919983,MSE,0.3723537623882293,0.873369038105011,input,59.0,58,840,True,0.6025999784469604,0.6025999784469604,,,
traffic,PatchTST,time_stretch,4,7218,79,0.4942803978919983,MSE,0.3723537623882293,0.873369038105011,input,60.0,59,9,True,0.0828000009059906,0.0828000009059906,,,
traffic,PatchTST,time_stretch,4,7218,79,0.4942803978919983,MSE,0.3723537623882293,0.873369038105011,input,60.0,59,43,True,0.0873999968171119,0.0873999968171119,,,
traffic,PatchTST,time_stretch,4,7218,79,0.4942803978919983,MSE,0.3723537623882293,0.873369038105011,input,60.0,59,217,True,0.1001999974250793,0.1001999974250793,,,
traffic,PatchTST,time_stretch,4,7218,79,0.4942803978919983,MSE,0.3723537623882293,0.873369038105011,input,60.0,59,304,True,0.0756999999284744,0.0756999999284744,,,
traffic,PatchTST,time_stretch,4,7218,79,0.4942803978919983,MSE,0.3723537623882293,0.873369038105011,input,60.0,59,397,True,0.0741999968886375,0.0741999968886375,,,
traffic,PatchTST,time_stretch,4,7218,79,0.4942803978919983,MSE,0.3723537623882293,0.873369038105011,input,60.0,59,475,True,0.3650999963283539,0.3650999963283539,,,
traffic,PatchTST,time_stretch,4,7218,79,0.4942803978919983,MSE,0.3723537623882293,0.873369038105011,input,60.0,59,580,True,0.0631999969482421,0.0631999969482421,,,
traffic,PatchTST,time_stretch,4,7218,79,0.4942803978919983,MSE,0.3723537623882293,0.873369038105011,input,60.0,59,586,True,0.0798999965190887,0.0798999965190887,,,
traffic,PatchTST,time_stretch,4,7218,79,0.4942803978919983,MSE,0.3723537623882293,0.873369038105011,input,60.0,59,608,True,0.0737000033259391,0.0737000033259391,,,
traffic,PatchTST,time_stretch,4,7218,79,0.4942803978919983,MSE,0.3723537623882293,0.873369038105011,input,60.0,59,632,True,0.3449999988079071,0.3449999988079071,,,
traffic,PatchTST,time_stretch,4,7218,79,0.4942803978919983,MSE,0.3723537623882293,0.873369038105011,input,60.0,59,840,True,0.6007999777793884,0.6007999777793884,,,
traffic,PatchTST,time_stretch,4,7218,79,0.4942803978919983,MSE,0.3723537623882293,0.873369038105011,input,61.0,60,9,True,0.0716999992728233,0.0716999992728233,,,
traffic,PatchTST,time_stretch,4,7218,79,0.4942803978919983,MSE,0.3723537623882293,0.873369038105011,input,61.0,60,43,True,0.0917000025510788,0.0917000025510788,,,
traffic,PatchTST,time_stretch,4,7218,79,0.4942803978919983,MSE,0.3723537623882293,0.873369038105011,input,61.0,60,217,True,0.1008000001311302,0.1008000001311302,,,
traffic,PatchTST,time_stretch,4,7218,79,0.4942803978919983,MSE,0.3723537623882293,0.873369038105011,input,61.0,60,304,True,0.0736000016331672,0.0736000016331672,,,
traffic,PatchTST,time_stretch,4,7218,79,0.4942803978919983,MSE,0.3723537623882293,0.873369038105011,input,61.0,60,397,True,0.0785000026226043,0.0785000026226043,,,
traffic,PatchTST,time_stretch,4,7218,79,0.4942803978919983,MSE,0.3723537623882293,0.873369038105011,input,61.0,60,475,True,0.3544000089168548,0.3544000089168548,,,
traffic,PatchTST,time_stretch,4,7218,79,0.4942803978919983,MSE,0.3723537623882293,0.873369038105011,input,61.0,60,580,True,0.0644000023603439,0.0644000023603439,,,
traffic,PatchTST,time_stretch,4,7218,79,0.4942803978919983,MSE,0.3723537623882293,0.873369038105011,input,61.0,60,586,True,0.0734999999403953,0.0734999999403953,,,
traffic,PatchTST,time_stretch,4,7218,79,0.4942803978919983,MSE,0.3723537623882293,0.873369038105011,input,61.0,60,608,True,0.0753000006079673,0.0753000006079673,,,
traffic,PatchTST,time_stretch,4,7218,79,0.4942803978919983,MSE,0.3723537623882293,0.873369038105011,input,61.0,60,632,True,0.3795999884605407,0.3795999884605407,,,
traffic,PatchTST,time_stretch,4,7218,79,0.4942803978919983,MSE,0.3723537623882293,0.873369038105011,input,61.0,60,840,True,0.5662999749183655,0.5662999749183655,,,
traffic,PatchTST,time_stretch,4,7218,79,0.4942803978919983,MSE,0.3723537623882293,0.873369038105011,input,62.0,61,9,True,0.0731000006198883,0.0731000006198883,,,
traffic,PatchTST,time_stretch,4,7218,79,0.4942803978919983,MSE,0.3723537623882293,0.873369038105011,input,62.0,61,43,True,0.0841000005602836,0.0841000005602836,,,
traffic,PatchTST,time_stretch,4,7218,79,0.4942803978919983,MSE,0.3723537623882293,0.873369038105011,input,62.0,61,217,True,0.0984999984502792,0.0984999984502792,,,
traffic,PatchTST,time_stretch,4,7218,79,0.4942803978919983,MSE,0.3723537623882293,0.873369038105011,input,62.0,61,304,True,0.0698999986052513,0.0698999986052513,,,
traffic,PatchTST,time_stretch,4,7218,79,0.4942803978919983,MSE,0.3723537623882293,0.873369038105011,input,62.0,61,397,True,0.0776999965310096,0.0776999965310096,,,
traffic,PatchTST,time_stretch,4,7218,79,0.4942803978919983,MSE,0.3723537623882293,0.873369038105011,input,62.0,61,475,True,0.3382999897003174,0.3382999897003174,,,
traffic,PatchTST,time_stretch,4,7218,79,0.4942803978919983,MSE,0.3723537623882293,0.873369038105011,input,62.0,61,580,True,0.0666999965906143,0.0666999965906143,,,
traffic,PatchTST,time_stretch,4,7218,79,0.4942803978919983,MSE,0.3723537623882293,0.873369038105011,input,62.0,61,586,True,0.0734999999403953,0.0734999999403953,,,
traffic,PatchTST,time_stretch,4,7218,79,0.4942803978919983,MSE,0.3723537623882293,0.873369038105011,input,62.0,61,608,True,0.0803999975323677,0.0803999975323677,,,
traffic,PatchTST,time_stretch,4,7218,79,0.4942803978919983,MSE,0.3723537623882293,0.873369038105011,input,62.0,61,632,True,0.3955999910831451,0.3955999910831451,,,
traffic,PatchTST,time_stretch,4,7218,79,0.4942803978919983,MSE,0.3723537623882293,0.873369038105011,input,62.0,61,840,True,0.1263999938964843,0.1263999938964843,,,
traffic,PatchTST,time_stretch,4,7218,79,0.4942803978919983,MSE,0.3723537623882293,0.873369038105011,input,63.0,62,9,True,0.066600002348423,0.066600002348423,,,
traffic,PatchTST,time_stretch,4,7218,79,0.4942803978919983,MSE,0.3723537623882293,0.873369038105011,input,63.0,62,43,True,0.0813999995589256,0.0813999995589256,,,
traffic,PatchTST,time_stretch,4,7218,79,0.4942803978919983,MSE,0.3723537623882293,0.873369038105011,input,63.0,62,217,True,0.0934000015258789,0.0934000015258789,,,
traffic,PatchTST,time_stretch,4,7218,79,0.4942803978919983,MSE,0.3723537623882293,0.873369038105011,input,63.0,62,304,True,0.066600002348423,0.066600002348423,,,
traffic,PatchTST,time_stretch,4,7218,79,0.4942803978919983,MSE,0.3723537623882293,0.873369038105011,input,63.0,62,397,True,0.2329999804496765,0.2329999804496765,,,
traffic,PatchTST,time_stretch,4,7218,79,0.4942803978919983,MSE,0.3723537623882293,0.873369038105011,input,63.0,62,475,True,0.2786000072956085,0.2786000072956085,,,
traffic,PatchTST,time_stretch,4,7218,79,0.4942803978919983,MSE,0.3723537623882293,0.873369038105011,input,63.0,62,580,True,0.0631000027060508,0.0631000027060508,,,
traffic,PatchTST,time_stretch,4,7218,79,0.4942803978919983,MSE,0.3723537623882293,0.873369038105011,input,63.0,62,586,True,0.068400003015995,0.068400003015995,,,
traffic,PatchTST,time_stretch,4,7218,79,0.4942803978919983,MSE,0.3723537623882293,0.873369038105011,input,63.0,62,608,True,0.0829000025987625,0.0829000025987625,,,
traffic,PatchTST,time_stretch,4,7218,79,0.4942803978919983,MSE,0.3723537623882293,0.873369038105011,input,63.0,62,632,True,0.4339999854564667,0.4339999854564667,,,
traffic,PatchTST,time_stretch,4,7218,79,0.4942803978919983,MSE,0.3723537623882293,0.873369038105011,input,63.0,62,840,True,0.0403999984264373,0.0403999984264373,,,
traffic,PatchTST,time_stretch,4,7218,79,0.4942803978919983,MSE,0.3723537623882293,0.873369038105011,input,64.0,63,9,True,0.0610000006854534,0.0610000006854534,,,
traffic,PatchTST,time_stretch,4,7218,79,0.4942803978919983,MSE,0.3723537623882293,0.873369038105011,input,64.0,63,43,True,0.0819000005722045,0.0819000005722045,,,
traffic,PatchTST,time_stretch,4,7218,79,0.4942803978919983,MSE,0.3723537623882293,0.873369038105011,input,64.0,63,217,True,0.0812000036239624,0.0812000036239624,,,
traffic,PatchTST,time_stretch,4,7218,79,0.4942803978919983,MSE,0.3723537623882293,0.873369038105011,input,64.0,63,304,True,0.0615000016987323,0.0615000016987323,,,
traffic,PatchTST,time_stretch,4,7218,79,0.4942803978919983,MSE,0.3723537623882293,0.873369038105011,input,64.0,63,397,True,0.0947000011801719,0.0947000011801719,,,
traffic,PatchTST,time_stretch,4,7218,79,0.4942803978919983,MSE,0.3723537623882293,0.873369038105011,input,64.0,63,475,True,0.2890999913215637,0.2890999913215637,,,
traffic,PatchTST,time_stretch,4,7218,79,0.4942803978919983,MSE,0.3723537623882293,0.873369038105011,input,64.0,63,580,True,0.0588999986648559,0.0588999986648559,,,
traffic,PatchTST,time_stretch,4,7218,79,0.4942803978919983,MSE,0.3723537623882293,0.873369038105011,input,64.0,63,586,True,0.0639000013470649,0.0639000013470649,,,
traffic,PatchTST,time_stretch,4,7218,79,0.4942803978919983,MSE,0.3723537623882293,0.873369038105011,input,64.0,63,608,True,0.0781999975442886,0.0781999975442886,,,
traffic,PatchTST,time_stretch,4,7218,79,0.4942803978919983,MSE,0.3723537623882293,0.873369038105011,input,64.0,63,632,True,0.2802000045776367,0.2802000045776367,,,
traffic,PatchTST,time_stretch,4,7218,79,0.4942803978919983,MSE,0.3723537623882293,0.873369038105011,input,64.0,63,840,True,0.0271000005304813,0.0271000005304813,,,
traffic,PatchTST,time_stretch,4,7218,79,0.4942803978919983,MSE,0.3723537623882293,0.873369038105011,input,65.0,64,9,True,0.0529999993741512,0.0529999993741512,,,
traffic,PatchTST,time_stretch,4,7218,79,0.4942803978919983,MSE,0.3723537623882293,0.873369038105011,input,65.0,64,43,True,0.0732999965548515,0.0732999965548515,,,
traffic,PatchTST,time_stretch,4,7218,79,0.4942803978919983,MSE,0.3723537623882293,0.873369038105011,input,65.0,64,217,True,0.0675999969244003,0.0675999969244003,,,
traffic,PatchTST,time_stretch,4,7218,79,0.4942803978919983,MSE,0.3723537623882293,0.873369038105011,input,65.0,64,304,True,0.0571000017225742,0.0571000017225742,,,
traffic,PatchTST,time_stretch,4,7218,79,0.4942803978919983,MSE,0.3723537623882293,0.873369038105011,input,65.0,64,397,True,0.0621999949216842,0.0621999949216842,,,
traffic,PatchTST,time_stretch,4,7218,79,0.4942803978919983,MSE,0.3723537623882293,0.873369038105011,input,65.0,64,475,True,0.1394000053405761,0.1394000053405761,,,
traffic,PatchTST,time_stretch,4,7218,79,0.4942803978919983,MSE,0.3723537623882293,0.873369038105011,input,65.0,64,580,True,0.0456999987363815,0.0456999987363815,,,
traffic,PatchTST,time_stretch,4,7218,79,0.4942803978919983,MSE,0.3723537623882293,0.873369038105011,input,65.0,64,586,True,0.0549999997019767,0.0549999997019767,,,
traffic,PatchTST,time_stretch,4,7218,79,0.4942803978919983,MSE,0.3723537623882293,0.873369038105011,input,65.0,64,608,True,0.0847000032663345,0.0847000032663345,,,
traffic,PatchTST,time_stretch,4,7218,79,0.4942803978919983,MSE,0.3723537623882293,0.873369038105011,input,65.0,64,632,True,0.0425999984145164,0.0425999984145164,,,
traffic,PatchTST,time_stretch,4,7218,79,0.4942803978919983,MSE,0.3723537623882293,0.873369038105011,input,65.0,64,840,True,0.0240000002086162,0.0240000002086162,,,
traffic,PatchTST,time_stretch,4,7218,79,0.4942803978919983,MSE,0.3723537623882293,0.873369038105011,input,66.0,65,9,True,0.0443000011146068,0.0443000011146068,,,
traffic,PatchTST,time_stretch,4,7218,79,0.4942803978919983,MSE,0.3723537623882293,0.873369038105011,input,66.0,65,43,True,0.0737000033259391,0.0737000033259391,,,
traffic,PatchTST,time_stretch,4,7218,79,0.4942803978919983,MSE,0.3723537623882293,0.873369038105011,input,66.0,65,217,True,0.064300000667572,0.064300000667572,,,
traffic,PatchTST,time_stretch,4,7218,79,0.4942803978919983,MSE,0.3723537623882293,0.873369038105011,input,66.0,65,304,True,0.0533000007271766,0.0533000007271766,,,
traffic,PatchTST,time_stretch,4,7218,79,0.4942803978919983,MSE,0.3723537623882293,0.873369038105011,input,66.0,65,397,True,0.0579999983310699,0.0579999983310699,,,
traffic,PatchTST,time_stretch,4,7218,79,0.4942803978919983,MSE,0.3723537623882293,0.873369038105011,input,66.0,65,475,True,0.0610000006854534,0.0610000006854534,,,
traffic,PatchTST,time_stretch,4,7218,79,0.4942803978919983,MSE,0.3723537623882293,0.873369038105011,input,66.0,65,580,True,0.0397000014781951,0.0397000014781951,,,
traffic,PatchTST,time_stretch,4,7218,79,0.4942803978919983,MSE,0.3723537623882293,0.873369038105011,input,66.0,65,586,True,0.0474999994039535,0.0474999994039535,,,
traffic,PatchTST,time_stretch,4,7218,79,0.4942803978919983,MSE,0.3723537623882293,0.873369038105011,input,66.0,65,608,True,0.0798999965190887,0.0798999965190887,,,
traffic,PatchTST,time_stretch,4,7218,79,0.4942803978919983,MSE,0.3723537623882293,0.873369038105011,input,66.0,65,632,True,0.0421000011265277,0.0421000011265277,,,
traffic,PatchTST,time_stretch,4,7218,79,0.4942803978919983,MSE,0.3723537623882293,0.873369038105011,input,66.0,65,840,True,0.0223999992012977,0.0223999992012977,,,
traffic,PatchTST,time_stretch,4,7218,79,0.4942803978919983,MSE,0.3723537623882293,0.873369038105011,input,67.0,66,9,True,0.0399999991059303,0.0399999991059303,,,
traffic,PatchTST,time_stretch,4,7218,79,0.4942803978919983,MSE,0.3723537623882293,0.873369038105011,input,67.0,66,43,True,0.0798999965190887,0.0798999965190887,,,
traffic,PatchTST,time_stretch,4,7218,79,0.4942803978919983,MSE,0.3723537623882293,0.873369038105011,input,67.0,66,217,True,0.0582000017166137,0.0582000017166137,,,
traffic,PatchTST,time_stretch,4,7218,79,0.4942803978919983,MSE,0.3723537623882293,0.873369038105011,input,67.0,66,304,True,0.0535999983549118,0.0535999983549118,,,
traffic,PatchTST,time_stretch,4,7218,79,0.4942803978919983,MSE,0.3723537623882293,0.873369038105011,input,67.0,66,397,True,0.0595999993383884,0.0595999993383884,,,
traffic,PatchTST,time_stretch,4,7218,79,0.4942803978919983,MSE,0.3723537623882293,0.873369038105011,input,67.0,66,475,True,0.0526000000536441,0.0526000000536441,,,
traffic,PatchTST,time_stretch,4,7218,79,0.4942803978919983,MSE,0.3723537623882293,0.873369038105011,input,67.0,66,580,True,0.0306000001728534,0.0306000001728534,,,
traffic,PatchTST,time_stretch,4,7218,79,0.4942803978919983,MSE,0.3723537623882293,0.873369038105011,input,67.0,66,586,True,0.0443000011146068,0.0443000011146068,,,
traffic,PatchTST,time_stretch,4,7218,79,0.4942803978919983,MSE,0.3723537623882293,0.873369038105011,input,67.0,66,608,True,0.0731000006198883,0.0731000006198883,,,
traffic,PatchTST,time_stretch,4,7218,79,0.4942803978919983,MSE,0.3723537623882293,0.873369038105011,input,67.0,66,632,True,0.0452000014483928,0.0452000014483928,,,
traffic,PatchTST,time_stretch,4,7218,79,0.4942803978919983,MSE,0.3723537623882293,0.873369038105011,input,67.0,66,840,True,0.0210999995470047,0.0210999995470047,,,
traffic,PatchTST,time_stretch,4,7218,79,0.4942803978919983,MSE,0.3723537623882293,0.873369038105011,input,68.0,67,9,True,0.0364000014960765,0.0364000014960765,,,
traffic,PatchTST,time_stretch,4,7218,79,0.4942803978919983,MSE,0.3723537623882293,0.873369038105011,input,68.0,67,43,True,0.0795999988913536,0.0795999988913536,,,
traffic,PatchTST,time_stretch,4,7218,79,0.4942803978919983,MSE,0.3723537623882293,0.873369038105011,input,68.0,67,217,True,0.0504999980330467,0.0504999980330467,,,
traffic,PatchTST,time_stretch,4,7218,79,0.4942803978919983,MSE,0.3723537623882293,0.873369038105011,input,68.0,67,304,True,0.0511000007390975,0.0511000007390975,,,
traffic,PatchTST,time_stretch,4,7218,79,0.4942803978919983,MSE,0.3723537623882293,0.873369038105011,input,68.0,67,397,True,0.0498000010848045,0.0498000010848045,,,
traffic,PatchTST,time_stretch,4,7218,79,0.4942803978919983,MSE,0.3723537623882293,0.873369038105011,input,68.0,67,475,True,0.0515000000596046,0.0515000000596046,,,
traffic,PatchTST,time_stretch,4,7218,79,0.4942803978919983,MSE,0.3723537623882293,0.873369038105011,input,68.0,67,580,True,0.0214000009000301,0.0214000009000301,,,
traffic,PatchTST,time_stretch,4,7218,79,0.4942803978919983,MSE,0.3723537623882293,0.873369038105011,input,68.0,67,586,True,0.0397000014781951,0.0397000014781951,,,
traffic,PatchTST,time_stretch,4,7218,79,0.4942803978919983,MSE,0.3723537623882293,0.873369038105011,input,68.0,67,608,True,0.0644000023603439,0.0644000023603439,,,
traffic,PatchTST,time_stretch,4,7218,79,0.4942803978919983,MSE,0.3723537623882293,0.873369038105011,input,68.0,67,632,True,0.0458000004291534,0.0458000004291534,,,
traffic,PatchTST,time_stretch,4,7218,79,0.4942803978919983,MSE,0.3723537623882293,0.873369038105011,input,68.0,67,840,True,0.017400000244379,0.017400000244379,,,
traffic,PatchTST,time_stretch,4,7218,79,0.4942803978919983,MSE,0.3723537623882293,0.873369038105011,input,69.0,68,9,True,0.0234999991953372,0.0234999991953372,,,
traffic,PatchTST,time_stretch,4,7218,79,0.4942803978919983,MSE,0.3723537623882293,0.873369038105011,input,69.0,68,43,True,0.057399995625019,0.057399995625019,,,
traffic,PatchTST,time_stretch,4,7218,79,0.4942803978919983,MSE,0.3723537623882293,0.873369038105011,input,69.0,68,217,True,0.0353999994695186,0.0353999994695186,,,
traffic,PatchTST,time_stretch,4,7218,79,0.4942803978919983,MSE,0.3723537623882293,0.873369038105011,input,69.0,68,304,True,0.0370999984443187,0.0370999984443187,,,
traffic,PatchTST,time_stretch,4,7218,79,0.4942803978919983,MSE,0.3723537623882293,0.873369038105011,input,69.0,68,397,True,0.0449000000953674,0.0449000000953674,,,
traffic,PatchTST,time_stretch,4,7218,79,0.4942803978919983,MSE,0.3723537623882293,0.873369038105011,input,69.0,68,475,True,0.0364999994635582,0.0364999994635582,,,
traffic,PatchTST,time_stretch,4,7218,79,0.4942803978919983,MSE,0.3723537623882293,0.873369038105011,input,69.0,68,580,True,0.0067999996244907,0.0067999996244907,,,
traffic,PatchTST,time_stretch,4,7218,79,0.4942803978919983,MSE,0.3723537623882293,0.873369038105011,input,69.0,68,586,True,0.0267999954521656,0.0267999954521656,,,
traffic,PatchTST,time_stretch,4,7218,79,0.4942803978919983,MSE,0.3723537623882293,0.873369038105011,input,69.0,68,608,True,0.0590000003576278,0.0590000003576278,,,
traffic,PatchTST,time_stretch,4,7218,79,0.4942803978919983,MSE,0.3723537623882293,0.873369038105011,input,69.0,68,632,True,0.0373999997973442,0.0373999997973442,,,
traffic,PatchTST,time_stretch,4,7218,79,0.4942803978919983,MSE,0.3723537623882293,0.873369038105011,input,69.0,68,840,True,0.0124999992549419,0.0124999992549419,,,
traffic,PatchTST,time_stretch,4,7218,79,0.4942803978919983,MSE,0.3723537623882293,0.873369038105011,input,70.0,69,9,True,0.0126000009477138,0.0126000009477138,,,
traffic,PatchTST,time_stretch,4,7218,79,0.4942803978919983,MSE,0.3723537623882293,0.873369038105011,input,70.0,69,43,True,0.0452000014483928,0.0452000014483928,,,
traffic,PatchTST,time_stretch,4,7218,79,0.4942803978919983,MSE,0.3723537623882293,0.873369038105011,input,70.0,69,217,True,0.0219999998807907,0.0219999998807907,,,
traffic,PatchTST,time_stretch,4,7218,79,0.4942803978919983,MSE,0.3723537623882293,0.873369038105011,input,70.0,69,304,True,0.035300001502037,0.035300001502037,,,
traffic,PatchTST,time_stretch,4,7218,79,0.4942803978919983,MSE,0.3723537623882293,0.873369038105011,input,70.0,69,397,True,0.0280000008642673,0.0280000008642673,,,
traffic,PatchTST,time_stretch,4,7218,79,0.4942803978919983,MSE,0.3723537623882293,0.873369038105011,input,70.0,69,475,True,0.0240999981760978,0.0240999981760978,,,
traffic,PatchTST,time_stretch,4,7218,79,0.4942803978919983,MSE,0.3723537623882293,0.873369038105011,input,70.0,69,580,True,0.0031999982893466,0.0031999982893466,,,
traffic,PatchTST,time_stretch,4,7218,79,0.4942803978919983,MSE,0.3723537623882293,0.873369038105011,input,70.0,69,586,True,0.0157000012695789,0.0157000012695789,,,
traffic,PatchTST,time_stretch,4,7218,79,0.4942803978919983,MSE,0.3723537623882293,0.873369038105011,input,70.0,69,608,True,0.0463000014424324,0.0463000014424324,,,
traffic,PatchTST,time_stretch,4,7218,79,0.4942803978919983,MSE,0.3723537623882293,0.873369038105011,input,70.0,69,632,True,0.0209000036120414,0.0209000036120414,,,
traffic,PatchTST,time_stretch,4,7218,79,0.4942803978919983,MSE,0.3723537623882293,0.873369038105011,input,70.0,69,840,True,0.0077999997884035,0.0077999997884035,,,
traffic,PatchTST,time_stretch,4,7218,79,0.4942803978919983,MSE,0.3723537623882293,0.873369038105011,input,71.0,70,9,True,0.0076999962329864,0.0076999962329864,,,
traffic,PatchTST,time_stretch,4,7218,79,0.4942803978919983,MSE,0.3723537623882293,0.873369038105011,input,71.0,70,43,True,0.0304000005125999,0.0304000005125999,,,
traffic,PatchTST,time_stretch,4,7218,79,0.4942803978919983,MSE,0.3723537623882293,0.873369038105011,input,71.0,70,217,True,0.0152999982237815,0.0152999982237815,,,
traffic,PatchTST,time_stretch,4,7218,79,0.4942803978919983,MSE,0.3723537623882293,0.873369038105011,input,71.0,70,304,True,0.0173000022768974,0.0173000022768974,,,
traffic,PatchTST,time_stretch,4,7218,79,0.4942803978919983,MSE,0.3723537623882293,0.873369038105011,input,71.0,70,397,True,0.0192999988794326,0.0192999988794326,,,
traffic,PatchTST,time_stretch,4,7218,79,0.4942803978919983,MSE,0.3723537623882293,0.873369038105011,input,71.0,70,475,True,0.0138000026345252,0.0138000026345252,,,
traffic,PatchTST,time_stretch,4,7218,79,0.4942803978919983,MSE,0.3723537623882293,0.873369038105011,input,71.0,70,580,True,0.003100000321865,0.003100000321865,,,
traffic,PatchTST,time_stretch,4,7218,79,0.4942803978919983,MSE,0.3723537623882293,0.873369038105011,input,71.0,70,586,True,0.0100999996066093,0.0100999996066093,,,
traffic,PatchTST,time_stretch,4,7218,79,0.4942803978919983,MSE,0.3723537623882293,0.873369038105011,input,71.0,70,608,True,0.0399000011384487,0.0399000011384487,,,
traffic,PatchTST,time_stretch,4,7218,79,0.4942803978919983,MSE,0.3723537623882293,0.873369038105011,input,71.0,70,632,True,0.0125000029802322,0.0125000029802322,,,
traffic,PatchTST,time_stretch,4,7218,79,0.4942803978919983,MSE,0.3723537623882293,0.873369038105011,input,71.0,70,840,True,0.0042000003159046,0.0042000003159046,,,
traffic,PatchTST,time_stretch,4,7218,79,0.4942803978919983,MSE,0.3723537623882293,0.873369038105011,input,72.0,71,9,True,0.0051999986171722,0.0051999986171722,,,
traffic,PatchTST,time_stretch,4,7218,79,0.4942803978919983,MSE,0.3723537623882293,0.873369038105011,input,72.0,71,43,True,0.0287999995052814,0.0287999995052814,,,
traffic,PatchTST,time_stretch,4,7218,79,0.4942803978919983,MSE,0.3723537623882293,0.873369038105011,input,72.0,71,217,True,0.0126000046730041,0.0126000046730041,,,
traffic,PatchTST,time_stretch,4,7218,79,0.4942803978919983,MSE,0.3723537623882293,0.873369038105011,input,72.0,71,304,True,0.015599999576807,0.015599999576807,,,
traffic,PatchTST,time_stretch,4,7218,79,0.4942803978919983,MSE,0.3723537623882293,0.873369038105011,input,72.0,71,397,True,0.0186999961733818,0.0186999961733818,,,
traffic,PatchTST,time_stretch,4,7218,79,0.4942803978919983,MSE,0.3723537623882293,0.873369038105011,input,72.0,71,475,True,0.0104999989271163,0.0104999989271163,,,
traffic,PatchTST,time_stretch,4,7218,79,0.4942803978919983,MSE,0.3723537623882293,0.873369038105011,input,72.0,71,580,True,0.0031999982893466,0.0031999982893466,,,
traffic,PatchTST,time_stretch,4,7218,79,0.4942803978919983,MSE,0.3723537623882293,0.873369038105011,input,72.0,71,586,True,0.007200002670288,0.007200002670288,,,
traffic,PatchTST,time_stretch,4,7218,79,0.4942803978919983,MSE,0.3723537623882293,0.873369038105011,input,72.0,71,608,True,0.0359000004827976,0.0359000004827976,,,
traffic,PatchTST,time_stretch,4,7218,79,0.4942803978919983,MSE,0.3723537623882293,0.873369038105011,input,72.0,71,632,True,0.0089000016450881,0.0089000016450881,,,
traffic,PatchTST,time_stretch,4,7218,79,0.4942803978919983,MSE,0.3723537623882293,0.873369038105011,input,72.0,71,840,True,0.0033999998122453,0.0033999998122453,,,
traffic,PatchTST,time_stretch,4,7218,79,0.4942803978919983,MSE,0.3723537623882293,0.873369038105011,input,73.0,72,9,True,0.0032000020146369,0.0032000020146369,,,
traffic,PatchTST,time_stretch,4,7218,79,0.4942803978919983,MSE,0.3723537623882293,0.873369038105011,input,73.0,72,43,True,0.0196999981999397,0.0196999981999397,,,
traffic,PatchTST,time_stretch,4,7218,79,0.4942803978919983,MSE,0.3723537623882293,0.873369038105011,input,73.0,72,217,True,0.0098000019788742,0.0098000019788742,,,
traffic,PatchTST,time_stretch,4,7218,79,0.4942803978919983,MSE,0.3723537623882293,0.873369038105011,input,73.0,72,304,True,0.0086000002920627,0.0086000002920627,,,
traffic,PatchTST,time_stretch,4,7218,79,0.4942803978919983,MSE,0.3723537623882293,0.873369038105011,input,73.0,72,397,True,0.0129000023007392,0.0129000023007392,,,
traffic,PatchTST,time_stretch,4,7218,79,0.4942803978919983,MSE,0.3723537623882293,0.873369038105011,input,73.0,72,475,True,0.0099000036716461,0.0099000036716461,,,
traffic,PatchTST,time_stretch,4,7218,79,0.4942803978919983,MSE,0.3723537623882293,0.873369038105011,input,73.0,72,580,True,0.0031999982893466,0.0031999982893466,,,
traffic,PatchTST,time_stretch,4,7218,79,0.4942803978919983,MSE,0.3723537623882293,0.873369038105011,input,73.0,72,586,True,0.0043999999761581,0.0043999999761581,,,
traffic,PatchTST,time_stretch,4,7218,79,0.4942803978919983,MSE,0.3723537623882293,0.873369038105011,input,73.0,72,608,True,0.0280000045895576,0.0280000045895576,,,
traffic,PatchTST,time_stretch,4,7218,79,0.4942803978919983,MSE,0.3723537623882293,0.873369038105011,input,73.0,72,632,True,0.0077999979257583,0.0077999979257583,,,
traffic,PatchTST,time_stretch,4,7218,79,0.4942803978919983,MSE,0.3723537623882293,0.873369038105011,input,73.0,72,840,True,0.0032999999821186,0.0032999999821186,,,
traffic,PatchTST,time_stretch,4,7218,79,0.4942803978919983,MSE,0.3723537623882293,0.873369038105011,input,74.0,73,9,True,0.0033999979496002,0.0033999979496002,,,
traffic,PatchTST,time_stretch,4,7218,79,0.4942803978919983,MSE,0.3723537623882293,0.873369038105011,input,74.0,73,43,True,0.0188999995589256,0.0188999995589256,,,
traffic,PatchTST,time_stretch,4,7218,79,0.4942803978919983,MSE,0.3723537623882293,0.873369038105011,input,74.0,73,217,True,0.0111000016331672,0.0111000016331672,,,
traffic,PatchTST,time_stretch,4,7218,79,0.4942803978919983,MSE,0.3723537623882293,0.873369038105011,input,74.0,73,304,True,0.0058999992907047,0.0058999992907047,,,
traffic,PatchTST,time_stretch,4,7218,79,0.4942803978919983,MSE,0.3723537623882293,0.873369038105011,input,74.0,73,397,True,0.0130999982357025,0.0130999982357025,,,
traffic,PatchTST,time_stretch,4,7218,79,0.4942803978919983,MSE,0.3723537623882293,0.873369038105011,input,74.0,73,475,True,0.0126999989151954,0.0126999989151954,,,
traffic,PatchTST,time_stretch,4,7218,79,0.4942803978919983,MSE,0.3723537623882293,0.873369038105011,input,74.0,73,580,True,0.0029999986290931,0.0029999986290931,,,
traffic,PatchTST,time_stretch,4,7218,79,0.4942803978919983,MSE,0.3723537623882293,0.873369038105011,input,74.0,73,586,True,0.0046000033617019,0.0046000033617019,,,
traffic,PatchTST,time_stretch,4,7218,79,0.4942803978919983,MSE,0.3723537623882293,0.873369038105011,input,74.0,73,608,True,0.0238000005483627,0.0238000005483627,,,
traffic,PatchTST,time_stretch,4,7218,79,0.4942803978919983,MSE,0.3723537623882293,0.873369038105011,input,74.0,73,632,True,0.0097000002861022,0.0097000002861022,,,
traffic,PatchTST,time_stretch,4,7218,79,0.4942803978919983,MSE,0.3723537623882293,0.873369038105011,input,74.0,73,840,True,0.0043000001460313,0.0043000001460313,,,
traffic,PatchTST,time_stretch,4,7218,79,0.4942803978919983,MSE,0.3723537623882293,0.873369038105011,input,75.0,74,9,True,0.0038999989628791,0.0038999989628791,,,
traffic,PatchTST,time_stretch,4,7218,79,0.4942803978919983,MSE,0.3723537623882293,0.873369038105011,input,75.0,74,43,True,0.0201999992132186,0.0201999992132186,,,
traffic,PatchTST,time_stretch,4,7218,79,0.4942803978919983,MSE,0.3723537623882293,0.873369038105011,input,75.0,74,217,True,0.0166999995708465,0.0166999995708465,,,
traffic,PatchTST,time_stretch,4,7218,79,0.4942803978919983,MSE,0.3723537623882293,0.873369038105011,input,75.0,74,304,True,0.0080000013113021,0.0080000013113021,,,
traffic,PatchTST,time_stretch,4,7218,79,0.4942803978919983,MSE,0.3723537623882293,0.873369038105011,input,75.0,74,397,True,0.0150000005960464,0.0150000005960464,,,
traffic,PatchTST,time_stretch,4,7218,79,0.4942803978919983,MSE,0.3723537623882293,0.873369038105011,input,75.0,74,475,True,0.0178999975323677,0.0178999975323677,,,
traffic,PatchTST,time_stretch,4,7218,79,0.4942803978919983,MSE,0.3723537623882293,0.873369038105011,input,75.0,74,580,True,0.003100000321865,0.003100000321865,,,
traffic,PatchTST,time_stretch,4,7218,79,0.4942803978919983,MSE,0.3723537623882293,0.873369038105011,input,75.0,74,586,True,0.0053000003099441,0.0053000003099441,,,
traffic,PatchTST,time_stretch,4,7218,79,0.4942803978919983,MSE,0.3723537623882293,0.873369038105011,input,75.0,74,608,True,0.0230000019073486,0.0230000019073486,,,
traffic,PatchTST,time_stretch,4,7218,79,0.4942803978919983,MSE,0.3723537623882293,0.873369038105011,input,75.0,74,632,True,0.0146000012755393,0.0146000012755393,,,
traffic,PatchTST,time_stretch,4,7218,79,0.4942803978919983,MSE,0.3723537623882293,0.873369038105011,input,75.0,74,840,True,0.0104999989271163,0.0104999989271163,,,
traffic,PatchTST,time_stretch,4,7218,79,0.4942803978919983,MSE,0.3723537623882293,0.873369038105011,input,76.0,75,9,True,0.0076000019907951,0.0076000019907951,,,
traffic,PatchTST,time_stretch,4,7218,79,0.4942803978919983,MSE,0.3723537623882293,0.873369038105011,input,76.0,75,43,True,0.0241999998688697,0.0241999998688697,,,
traffic,PatchTST,time_stretch,4,7218,79,0.4942803978919983,MSE,0.3723537623882293,0.873369038105011,input,76.0,75,217,True,0.0261000022292137,0.0261000022292137,,,
traffic,PatchTST,time_stretch,4,7218,79,0.4942803978919983,MSE,0.3723537623882293,0.873369038105011,input,76.0,75,304,True,0.0135999992489814,0.0135999992489814,,,
traffic,PatchTST,time_stretch,4,7218,79,0.4942803978919983,MSE,0.3723537623882293,0.873369038105011,input,76.0,75,397,True,0.0209000036120414,0.0209000036120414,,,
traffic,PatchTST,time_stretch,4,7218,79,0.4942803978919983,MSE,0.3723537623882293,0.873369038105011,input,76.0,75,475,True,0.026199996471405,0.026199996471405,,,
traffic,PatchTST,time_stretch,4,7218,79,0.4942803978919983,MSE,0.3723537623882293,0.873369038105011,input,76.0,75,580,True,0.0032999999821186,0.0032999999821186,,,
traffic,PatchTST,time_stretch,4,7218,79,0.4942803978919983,MSE,0.3723537623882293,0.873369038105011,input,76.0,75,586,True,0.0108999982476234,0.0108999982476234,,,
traffic,PatchTST,time_stretch,4,7218,79,0.4942803978919983,MSE,0.3723537623882293,0.873369038105011,input,76.0,75,608,True,0.0261000022292137,0.0261000022292137,,,
traffic,PatchTST,time_stretch,4,7218,79,0.4942803978919983,MSE,0.3723537623882293,0.873369038105011,input,76.0,75,632,True,0.0219999998807907,0.0219999998807907,,,
traffic,PatchTST,time_stretch,4,7218,79,0.4942803978919983,MSE,0.3723537623882293,0.873369038105011,input,76.0,75,840,True,0.0121999997645616,0.0121999997645616,,,
traffic,PatchTST,time_stretch,4,7218,79,0.4942803978919983,MSE,0.3723537623882293,0.873369038105011,input,77.0,76,9,True,0.0102000012993812,0.0102000012993812,,,
traffic,PatchTST,time_stretch,4,7218,79,0.4942803978919983,MSE,0.3723537623882293,0.873369038105011,input,77.0,76,43,True,0.031700000166893,0.031700000166893,,,
traffic,PatchTST,time_stretch,4,7218,79,0.4942803978919983,MSE,0.3723537623882293,0.873369038105011,input,77.0,76,217,True,0.0346000008285045,0.0346000008285045,,,
traffic,PatchTST,time_stretch,4,7218,79,0.4942803978919983,MSE,0.3723537623882293,0.873369038105011,input,77.0,76,304,True,0.0212000012397766,0.0212000012397766,,,
traffic,PatchTST,time_stretch,4,7218,79,0.4942803978919983,MSE,0.3723537623882293,0.873369038105011,input,77.0,76,397,True,0.0287999995052814,0.0287999995052814,,,
traffic,PatchTST,time_stretch,4,7218,79,0.4942803978919983,MSE,0.3723537623882293,0.873369038105011,input,77.0,76,475,True,0.0326999984681606,0.0326999984681606,,,
traffic,PatchTST,time_stretch,4,7218,79,0.4942803978919983,MSE,0.3723537623882293,0.873369038105011,input,77.0,76,580,True,0.0062999986112117,0.0062999986112117,,,
traffic,PatchTST,time_stretch,4,7218,79,0.4942803978919983,MSE,0.3723537623882293,0.873369038105011,input,77.0,76,586,True,0.013799998909235,0.013799998909235,,,
traffic,PatchTST,time_stretch,4,7218,79,0.4942803978919983,MSE,0.3723537623882293,0.873369038105011,input,77.0,76,608,True,0.0329000018537044,0.0329000018537044,,,
traffic,PatchTST,time_stretch,4,7218,79,0.4942803978919983,MSE,0.3723537623882293,0.873369038105011,input,77.0,76,632,True,0.0256999991834163,0.0256999991834163,,,
traffic,PatchTST,time_stretch,4,7218,79,0.4942803978919983,MSE,0.3723537623882293,0.873369038105011,input,77.0,76,840,True,0.0142999999225139,0.0142999999225139,,,
traffic,PatchTST,time_stretch,4,7218,79,0.4942803978919983,MSE,0.3723537623882293,0.873369038105011,input,78.0,77,9,True,0.0225000008940696,0.0225000008940696,,,
traffic,PatchTST,time_stretch,4,7218,79,0.4942803978919983,MSE,0.3723537623882293,0.873369038105011,input,78.0,77,43,True,0.0359999984502792,0.0359999984502792,,,
traffic,PatchTST,time_stretch,4,7218,79,0.4942803978919983,MSE,0.3723537623882293,0.873369038105011,input,78.0,77,217,True,0.0529000014066696,0.0529000014066696,,,
traffic,PatchTST,time_stretch,4,7218,79,0.4942803978919983,MSE,0.3723537623882293,0.873369038105011,input,78.0,77,304,True,0.0322000011801719,0.0322000011801719,,,
traffic,PatchTST,time_stretch,4,7218,79,0.4942803978919983,MSE,0.3723537623882293,0.873369038105011,input,78.0,77,397,True,0.0381999984383583,0.0381999984383583,,,
traffic,PatchTST,time_stretch,4,7218,79,0.4942803978919983,MSE,0.3723537623882293,0.873369038105011,input,78.0,77,475,True,0.0478000007569789,0.0478000007569789,,,
traffic,PatchTST,time_stretch,4,7218,79,0.4942803978919983,MSE,0.3723537623882293,0.873369038105011,input,78.0,77,580,True,0.0227000005543231,0.0227000005543231,,,
traffic,PatchTST,time_stretch,4,7218,79,0.4942803978919983,MSE,0.3723537623882293,0.873369038105011,input,78.0,77,586,True,0.0269000008702278,0.0269000008702278,,,
traffic,PatchTST,time_stretch,4,7218,79,0.4942803978919983,MSE,0.3723537623882293,0.873369038105011,input,78.0,77,608,True,0.0381999984383583,0.0381999984383583,,,
traffic,PatchTST,time_stretch,4,7218,79,0.4942803978919983,MSE,0.3723537623882293,0.873369038105011,input,78.0,77,632,True,0.036200001835823,0.036200001835823,,,
traffic,PatchTST,time_stretch,4,7218,79,0.4942803978919983,MSE,0.3723537623882293,0.873369038105011,input,78.0,77,840,True,0.0225000008940696,0.0225000008940696,,,
traffic,PatchTST,time_stretch,4,7218,79,0.4942803978919983,MSE,0.3723537623882293,0.873369038105011,input,79.0,78,9,True,0.0390999987721443,0.0390999987721443,,,
traffic,PatchTST,time_stretch,4,7218,79,0.4942803978919983,MSE,0.3723537623882293,0.873369038105011,input,79.0,78,43,True,0.0529999993741512,0.0529999993741512,,,
traffic,PatchTST,time_stretch,4,7218,79,0.4942803978919983,MSE,0.3723537623882293,0.873369038105011,input,79.0,78,217,True,0.0776999965310096,0.0776999965310096,,,
traffic,PatchTST,time_stretch,4,7218,79,0.4942803978919983,MSE,0.3723537623882293,0.873369038105011,input,79.0,78,304,True,0.0516000017523765,0.0516000017523765,,,
traffic,PatchTST,time_stretch,4,7218,79,0.4942803978919983,MSE,0.3723537623882293,0.873369038105011,input,79.0,78,397,True,0.0507999993860721,0.0507999993860721,,,
traffic,PatchTST,time_stretch,4,7218,79,0.4942803978919983,MSE,0.3723537623882293,0.873369038105011,input,79.0,78,475,True,0.0711999982595443,0.0711999982595443,,,
traffic,PatchTST,time_stretch,4,7218,79,0.4942803978919983,MSE,0.3723537623882293,0.873369038105011,input,79.0,78,580,True,0.0342999994754791,0.0342999994754791,,,
traffic,PatchTST,time_stretch,4,7218,79,0.4942803978919983,MSE,0.3723537623882293,0.873369038105011,input,79.0,78,586,True,0.0438000001013278,0.0438000001013278,,,
traffic,PatchTST,time_stretch,4,7218,79,0.4942803978919983,MSE,0.3723537623882293,0.873369038105011,input,79.0,78,608,True,0.0533000007271766,0.0533000007271766,,,
traffic,PatchTST,time_stretch,4,7218,79,0.4942803978919983,MSE,0.3723537623882293,0.873369038105011,input,79.0,78,632,True,0.0553000010550022,0.0553000010550022,,,
traffic,PatchTST,time_stretch,4,7218,79,0.4942803978919983,MSE,0.3723537623882293,0.873369038105011,input,79.0,78,840,True,0.0333000011742115,0.0333000011742115,,,
traffic,PatchTST,time_stretch,4,7218,79,0.4942803978919983,MSE,0.3723537623882293,0.873369038105011,input,80.0,79,9,True,0.061099998652935,0.061099998652935,,,
traffic,PatchTST,time_stretch,4,7218,79,0.4942803978919983,MSE,0.3723537623882293,0.873369038105011,input,80.0,79,43,True,0.0706000030040741,0.0706000030040741,,,
traffic,PatchTST,time_stretch,4,7218,79,0.4942803978919983,MSE,0.3723537623882293,0.873369038105011,input,80.0,79,217,True,0.0925000011920929,0.0925000011920929,,,
traffic,PatchTST,time_stretch,4,7218,79,0.4942803978919983,MSE,0.3723537623882293,0.873369038105011,input,80.0,79,304,True,0.0604999996721744,0.0604999996721744,,,
traffic,PatchTST,time_stretch,4,7218,79,0.4942803978919983,MSE,0.3723537623882293,0.873369038105011,input,80.0,79,397,True,0.0617999956011772,0.0617999956011772,,,
traffic,PatchTST,time_stretch,4,7218,79,0.4942803978919983,MSE,0.3723537623882293,0.873369038105011,input,80.0,79,475,True,0.1552000045776367,0.1552000045776367,,,
traffic,PatchTST,time_stretch,4,7218,79,0.4942803978919983,MSE,0.3723537623882293,0.873369038105011,input,80.0,79,580,True,0.0474000014364719,0.0474000014364719,,,
traffic,PatchTST,time_stretch,4,7218,79,0.4942803978919983,MSE,0.3723537623882293,0.873369038105011,input,80.0,79,586,True,0.0636000037193298,0.0636000037193298,,,
traffic,PatchTST,time_stretch,4,7218,79,0.4942803978919983,MSE,0.3723537623882293,0.873369038105011,input,80.0,79,608,True,0.0644000023603439,0.0644000023603439,,,
traffic,PatchTST,time_stretch,4,7218,79,0.4942803978919983,MSE,0.3723537623882293,0.873369038105011,input,80.0,79,632,True,0.2748000025749206,0.2748000025749206,,,
traffic,PatchTST,time_stretch,4,7218,79,0.4942803978919983,MSE,0.3723537623882293,0.873369038105011,input,80.0,79,840,True,0.0427000001072883,0.0427000001072883,,,
traffic,PatchTST,time_stretch,4,7218,79,0.4942803978919983,MSE,0.3723537623882293,0.873369038105011,input,81.0,80,9,True,0.0671000033617019,0.0671000033617019,,,
traffic,PatchTST,time_stretch,4,7218,79,0.4942803978919983,MSE,0.3723537623882293,0.873369038105011,input,81.0,80,43,True,0.0747999995946884,0.0747999995946884,,,
traffic,PatchTST,time_stretch,4,7218,79,0.4942803978919983,MSE,0.3723537623882293,0.873369038105011,input,81.0,80,217,True,0.0938000008463859,0.0938000008463859,,,
traffic,PatchTST,time_stretch,4,7218,79,0.4942803978919983,MSE,0.3723537623882293,0.873369038105011,input,81.0,80,304,True,0.0740000009536743,0.0740000009536743,,,
traffic,PatchTST,time_stretch,4,7218,79,0.4942803978919983,MSE,0.3723537623882293,0.873369038105011,input,81.0,80,397,True,0.0763000026345253,0.0763000026345253,,,
traffic,PatchTST,time_stretch,4,7218,79,0.4942803978919983,MSE,0.3723537623882293,0.873369038105011,input,81.0,80,475,True,0.2813999950885772,0.2813999950885772,,,
traffic,PatchTST,time_stretch,4,7218,79,0.4942803978919983,MSE,0.3723537623882293,0.873369038105011,input,81.0,80,580,True,0.0538000017404556,0.0538000017404556,,,
traffic,PatchTST,time_stretch,4,7218,79,0.4942803978919983,MSE,0.3723537623882293,0.873369038105011,input,81.0,80,586,True,0.0754999965429306,0.0754999965429306,,,
traffic,PatchTST,time_stretch,4,7218,79,0.4942803978919983,MSE,0.3723537623882293,0.873369038105011,input,81.0,80,608,True,0.0703999996185302,0.0703999996185302,,,
traffic,PatchTST,time_stretch,4,7218,79,0.4942803978919983,MSE,0.3723537623882293,0.873369038105011,input,81.0,80,632,True,0.4244999885559082,0.4244999885559082,,,
traffic,PatchTST,time_stretch,4,7218,79,0.4942803978919983,MSE,0.3723537623882293,0.873369038105011,input,81.0,80,840,True,0.4000999927520752,0.4000999927520752,,,
traffic,PatchTST,time_stretch,4,7218,79,0.4942803978919983,MSE,0.3723537623882293,0.873369038105011,input,82.0,81,9,True,0.0684999972581863,0.0684999972581863,,,
traffic,PatchTST,time_stretch,4,7218,79,0.4942803978919983,MSE,0.3723537623882293,0.873369038105011,input,82.0,81,43,True,0.0768999978899955,0.0768999978899955,,,
traffic,PatchTST,time_stretch,4,7218,79,0.4942803978919983,MSE,0.3723537623882293,0.873369038105011,input,82.0,81,217,True,0.0908000022172927,0.0908000022172927,,,
traffic,PatchTST,time_stretch,4,7218,79,0.4942803978919983,MSE,0.3723537623882293,0.873369038105011,input,82.0,81,304,True,0.0741999968886375,0.0741999968886375,,,
traffic,PatchTST,time_stretch,4,7218,79,0.4942803978919983,MSE,0.3723537623882293,0.873369038105011,input,82.0,81,397,True,0.0763999968767166,0.0763999968767166,,,
traffic,PatchTST,time_stretch,4,7218,79,0.4942803978919983,MSE,0.3723537623882293,0.873369038105011,input,82.0,81,475,True,0.3587999939918518,0.3587999939918518,,,
traffic,PatchTST,time_stretch,4,7218,79,0.4942803978919983,MSE,0.3723537623882293,0.873369038105011,input,82.0,81,580,True,0.0584999993443489,0.0584999993443489,,,
traffic,PatchTST,time_stretch,4,7218,79,0.4942803978919983,MSE,0.3723537623882293,0.873369038105011,input,82.0,81,586,True,0.0706999972462654,0.0706999972462654,,,
traffic,PatchTST,time_stretch,4,7218,79,0.4942803978919983,MSE,0.3723537623882293,0.873369038105011,input,82.0,81,608,True,0.0712999999523162,0.0712999999523162,,,
traffic,PatchTST,time_stretch,4,7218,79,0.4942803978919983,MSE,0.3723537623882293,0.873369038105011,input,82.0,81,632,True,0.354200005531311,0.354200005531311,,,
traffic,PatchTST,time_stretch,4,7218,79,0.4942803978919983,MSE,0.3723537623882293,0.873369038105011,input,82.0,81,840,True,0.5667999982833862,0.5667999982833862,,,
traffic,PatchTST,time_stretch,4,7218,79,0.4942803978919983,MSE,0.3723537623882293,0.873369038105011,input,83.0,82,9,True,0.0722000002861023,0.0722000002861023,,,
traffic,PatchTST,time_stretch,4,7218,79,0.4942803978919983,MSE,0.3723537623882293,0.873369038105011,input,83.0,82,43,True,0.0798999965190887,0.0798999965190887,,,
traffic,PatchTST,time_stretch,4,7218,79,0.4942803978919983,MSE,0.3723537623882293,0.873369038105011,input,83.0,82,217,True,0.0908999964594841,0.0908999964594841,,,
traffic,PatchTST,time_stretch,4,7218,79,0.4942803978919983,MSE,0.3723537623882293,0.873369038105011,input,83.0,82,304,True,0.0798999965190887,0.0798999965190887,,,
traffic,PatchTST,time_stretch,4,7218,79,0.4942803978919983,MSE,0.3723537623882293,0.873369038105011,input,83.0,82,397,True,0.0728000029921531,0.0728000029921531,,,
traffic,PatchTST,time_stretch,4,7218,79,0.4942803978919983,MSE,0.3723537623882293,0.873369038105011,input,83.0,82,475,True,0.3628999888896942,0.3628999888896942,,,
traffic,PatchTST,time_stretch,4,7218,79,0.4942803978919983,MSE,0.3723537623882293,0.873369038105011,input,83.0,82,580,True,0.0573999993503093,0.0573999993503093,,,
traffic,PatchTST,time_stretch,4,7218,79,0.4942803978919983,MSE,0.3723537623882293,0.873369038105011,input,83.0,82,586,True,0.0738999992609024,0.0738999992609024,,,
traffic,PatchTST,time_stretch,4,7218,79,0.4942803978919983,MSE,0.3723537623882293,0.873369038105011,input,83.0,82,608,True,0.0731000006198883,0.0731000006198883,,,
traffic,PatchTST,time_stretch,4,7218,79,0.4942803978919983,MSE,0.3723537623882293,0.873369038105011,input,83.0,82,632,True,0.3634999990463257,0.3634999990463257,,,
traffic,PatchTST,time_stretch,4,7218,79,0.4942803978919983,MSE,0.3723537623882293,0.873369038105011,input,83.0,82,840,True,0.5587000250816345,0.5587000250816345,,,
traffic,PatchTST,time_stretch,4,7218,79,0.4942803978919983,MSE,0.3723537623882293,0.873369038105011,input,84.0,83,9,True,0.0734999999403953,0.0734999999403953,,,
traffic,PatchTST,time_stretch,4,7218,79,0.4942803978919983,MSE,0.3723537623882293,0.873369038105011,input,84.0,83,43,True,0.0786999985575676,0.0786999985575676,,,
traffic,PatchTST,time_stretch,4,7218,79,0.4942803978919983,MSE,0.3723537623882293,0.873369038105011,input,84.0,83,217,True,0.0905999988317489,0.0905999988317489,,,
traffic,PatchTST,time_stretch,4,7218,79,0.4942803978919983,MSE,0.3723537623882293,0.873369038105011,input,84.0,83,304,True,0.0821999981999397,0.0821999981999397,,,
traffic,PatchTST,time_stretch,4,7218,79,0.4942803978919983,MSE,0.3723537623882293,0.873369038105011,input,84.0,83,397,True,0.0688999965786933,0.0688999965786933,,,
traffic,PatchTST,time_stretch,4,7218,79,0.4942803978919983,MSE,0.3723537623882293,0.873369038105011,input,84.0,83,475,True,0.3391999900341034,0.3391999900341034,,,
traffic,PatchTST,time_stretch,4,7218,79,0.4942803978919983,MSE,0.3723537623882293,0.873369038105011,input,84.0,83,580,True,0.0553000010550022,0.0553000010550022,,,
traffic,PatchTST,time_stretch,4,7218,79,0.4942803978919983,MSE,0.3723537623882293,0.873369038105011,input,84.0,83,586,True,0.0737000033259391,0.0737000033259391,,,
traffic,PatchTST,time_stretch,4,7218,79,0.4942803978919983,MSE,0.3723537623882293,0.873369038105011,input,84.0,83,608,True,0.0798000022768974,0.0798000022768974,,,
traffic,PatchTST,time_stretch,4,7218,79,0.4942803978919983,MSE,0.3723537623882293,0.873369038105011,input,84.0,83,632,True,0.3819999992847442,0.3819999992847442,,,
traffic,PatchTST,time_stretch,4,7218,79,0.4942803978919983,MSE,0.3723537623882293,0.873369038105011,input,84.0,83,840,True,0.5648000240325928,0.5648000240325928,,,
traffic,PatchTST,time_stretch,4,7218,79,0.4942803978919983,MSE,0.3723537623882293,0.873369038105011,input,85.0,84,9,True,0.0666999965906143,0.0666999965906143,,,
traffic,PatchTST,time_stretch,4,7218,79,0.4942803978919983,MSE,0.3723537623882293,0.873369038105011,input,85.0,84,43,True,0.0842999964952468,0.0842999964952468,,,
traffic,PatchTST,time_stretch,4,7218,79,0.4942803978919983,MSE,0.3723537623882293,0.873369038105011,input,85.0,84,217,True,0.0892999991774559,0.0892999991774559,,,
traffic,PatchTST,time_stretch,4,7218,79,0.4942803978919983,MSE,0.3723537623882293,0.873369038105011,input,85.0,84,304,True,0.0763999968767166,0.0763999968767166,,,
traffic,PatchTST,time_stretch,4,7218,79,0.4942803978919983,MSE,0.3723537623882293,0.873369038105011,input,85.0,84,397,True,0.0608000010251998,0.0608000010251998,,,
traffic,PatchTST,time_stretch,4,7218,79,0.4942803978919983,MSE,0.3723537623882293,0.873369038105011,input,85.0,84,475,True,0.2736000120639801,0.2736000120639801,,,
traffic,PatchTST,time_stretch,4,7218,79,0.4942803978919983,MSE,0.3723537623882293,0.873369038105011,input,85.0,84,580,True,0.0586999990046024,0.0586999990046024,,,
traffic,PatchTST,time_stretch,4,7218,79,0.4942803978919983,MSE,0.3723537623882293,0.873369038105011,input,85.0,84,586,True,0.0684999972581863,0.0684999972581863,,,
traffic,PatchTST,time_stretch,4,7218,79,0.4942803978919983,MSE,0.3723537623882293,0.873369038105011,input,85.0,84,608,True,0.0829999968409538,0.0829999968409538,,,
traffic,PatchTST,time_stretch,4,7218,79,0.4942803978919983,MSE,0.3723537623882293,0.873369038105011,input,85.0,84,632,True,0.3792000114917755,0.3792000114917755,,,
traffic,PatchTST,time_stretch,4,7218,79,0.4942803978919983,MSE,0.3723537623882293,0.873369038105011,input,85.0,84,840,True,0.3348000049591064,0.3348000049591064,,,
traffic,PatchTST,time_stretch,4,7218,79,0.4942803978919983,MSE,0.3723537623882293,0.873369038105011,input,86.0,85,9,True,0.0649000033736229,0.0649000033736229,,,
traffic,PatchTST,time_stretch,4,7218,79,0.4942803978919983,MSE,0.3723537623882293,0.873369038105011,input,86.0,85,43,True,0.0938000008463859,0.0938000008463859,,,
traffic,PatchTST,time_stretch,4,7218,79,0.4942803978919983,MSE,0.3723537623882293,0.873369038105011,input,86.0,85,217,True,0.0874999985098838,0.0874999985098838,,,
traffic,PatchTST,time_stretch,4,7218,79,0.4942803978919983,MSE,0.3723537623882293,0.873369038105011,input,86.0,85,304,True,0.0666999965906143,0.0666999965906143,,,
traffic,PatchTST,time_stretch,4,7218,79,0.4942803978919983,MSE,0.3723537623882293,0.873369038105011,input,86.0,85,397,True,0.0663999989628791,0.0663999989628791,,,
traffic,PatchTST,time_stretch,4,7218,79,0.4942803978919983,MSE,0.3723537623882293,0.873369038105011,input,86.0,85,475,True,0.2096000015735626,0.2096000015735626,,,
traffic,PatchTST,time_stretch,4,7218,79,0.4942803978919983,MSE,0.3723537623882293,0.873369038105011,input,86.0,85,580,True,0.0595000013709068,0.0595000013709068,,,
traffic,PatchTST,time_stretch,4,7218,79,0.4942803978919983,MSE,0.3723537623882293,0.873369038105011,input,86.0,85,586,True,0.0658000037074089,0.0658000037074089,,,
traffic,PatchTST,time_stretch,4,7218,79,0.4942803978919983,MSE,0.3723537623882293,0.873369038105011,input,86.0,85,608,True,0.0847999975085258,0.0847999975085258,,,
traffic,PatchTST,time_stretch,4,7218,79,0.4942803978919983,MSE,0.3723537623882293,0.873369038105011,input,86.0,85,632,True,0.3386000096797943,0.3386000096797943,,,
traffic,PatchTST,time_stretch,4,7218,79,0.4942803978919983,MSE,0.3723537623882293,0.873369038105011,input,86.0,85,840,True,0.0351999998092651,0.0351999998092651,,,
traffic,PatchTST,time_stretch,4,7218,79,0.4942803978919983,MSE,0.3723537623882293,0.873369038105011,input,87.0,86,9,True,0.0653000026941299,0.0653000026941299,,,
traffic,PatchTST,time_stretch,4,7218,79,0.4942803978919983,MSE,0.3723537623882293,0.873369038105011,input,87.0,86,43,True,0.0799999982118606,0.0799999982118606,,,
traffic,PatchTST,time_stretch,4,7218,79,0.4942803978919983,MSE,0.3723537623882293,0.873369038105011,input,87.0,86,217,True,0.0825999975204467,0.0825999975204467,,,
traffic,PatchTST,time_stretch,4,7218,79,0.4942803978919983,MSE,0.3723537623882293,0.873369038105011,input,87.0,86,304,True,0.0701000019907951,0.0701000019907951,,,
traffic,PatchTST,time_stretch,4,7218,79,0.4942803978919983,MSE,0.3723537623882293,0.873369038105011,input,87.0,86,397,True,0.066100001335144,0.066100001335144,,,
traffic,PatchTST,time_stretch,4,7218,79,0.4942803978919983,MSE,0.3723537623882293,0.873369038105011,input,87.0,86,475,True,0.1270000040531158,0.1270000040531158,,,
traffic,PatchTST,time_stretch,4,7218,79,0.4942803978919983,MSE,0.3723537623882293,0.873369038105011,input,87.0,86,580,True,0.0595999993383884,0.0595999993383884,,,
traffic,PatchTST,time_stretch,4,7218,79,0.4942803978919983,MSE,0.3723537623882293,0.873369038105011,input,87.0,86,586,True,0.0671000033617019,0.0671000033617019,,,
traffic,PatchTST,time_stretch,4,7218,79,0.4942803978919983,MSE,0.3723537623882293,0.873369038105011,input,87.0,86,608,True,0.0807000026106834,0.0807000026106834,,,
traffic,PatchTST,time_stretch,4,7218,79,0.4942803978919983,MSE,0.3723537623882293,0.873369038105011,input,87.0,86,632,True,0.3384999930858612,0.3384999930858612,,,
traffic,PatchTST,time_stretch,4,7218,79,0.4942803978919983,MSE,0.3723537623882293,0.873369038105011,input,87.0,86,840,True,0.2693000137805938,0.2693000137805938,,,
traffic,PatchTST,time_stretch,4,7218,79,0.4942803978919983,MSE,0.3723537623882293,0.873369038105011,input,88.0,87,9,True,0.0595000013709068,0.0595000013709068,,,
traffic,PatchTST,time_stretch,4,7218,79,0.4942803978919983,MSE,0.3723537623882293,0.873369038105011,input,88.0,87,43,True,0.0833000019192695,0.0833000019192695,,,
traffic,PatchTST,time_stretch,4,7218,79,0.4942803978919983,MSE,0.3723537623882293,0.873369038105011,input,88.0,87,217,True,0.0771000012755394,0.0771000012755394,,,
traffic,PatchTST,time_stretch,4,7218,79,0.4942803978919983,MSE,0.3723537623882293,0.873369038105011,input,88.0,87,304,True,0.0644000023603439,0.0644000023603439,,,
traffic,PatchTST,time_stretch,4,7218,79,0.4942803978919983,MSE,0.3723537623882293,0.873369038105011,input,88.0,87,397,True,0.0668999999761581,0.0668999999761581,,,
traffic,PatchTST,time_stretch,4,7218,79,0.4942803978919983,MSE,0.3723537623882293,0.873369038105011,input,88.0,87,475,True,0.1128000020980835,0.1128000020980835,,,
traffic,PatchTST,time_stretch,4,7218,79,0.4942803978919983,MSE,0.3723537623882293,0.873369038105011,input,88.0,87,580,True,0.050000000745058,0.050000000745058,,,
traffic,PatchTST,time_stretch,4,7218,79,0.4942803978919983,MSE,0.3723537623882293,0.873369038105011,input,88.0,87,586,True,0.0599999986588954,0.0599999986588954,,,
traffic,PatchTST,time_stretch,4,7218,79,0.4942803978919983,MSE,0.3723537623882293,0.873369038105011,input,88.0,87,608,True,0.0807000026106834,0.0807000026106834,,,
traffic,PatchTST,time_stretch,4,7218,79,0.4942803978919983,MSE,0.3723537623882293,0.873369038105011,input,88.0,87,632,True,0.3601999878883362,0.3601999878883362,,,
traffic,PatchTST,time_stretch,4,7218,79,0.4942803978919983,MSE,0.3723537623882293,0.873369038105011,input,88.0,87,840,True,0.0447000004351139,0.0447000004351139,,,
traffic,PatchTST,time_stretch,4,7218,79,0.4942803978919983,MSE,0.3723537623882293,0.873369038105011,input,89.0,88,9,True,0.0533999986946582,0.0533999986946582,,,
traffic,PatchTST,time_stretch,4,7218,79,0.4942803978919983,MSE,0.3723537623882293,0.873369038105011,input,89.0,88,43,True,0.0718000009655952,0.0718000009655952,,,
traffic,PatchTST,time_stretch,4,7218,79,0.4942803978919983,MSE,0.3723537623882293,0.873369038105011,input,89.0,88,217,True,0.0719000026583671,0.0719000026583671,,,
traffic,PatchTST,time_stretch,4,7218,79,0.4942803978919983,MSE,0.3723537623882293,0.873369038105011,input,89.0,88,304,True,0.0604000017046928,0.0604000017046928,,,
traffic,PatchTST,time_stretch,4,7218,79,0.4942803978919983,MSE,0.3723537623882293,0.873369038105011,input,89.0,88,397,True,0.065200001001358,0.065200001001358,,,
traffic,PatchTST,time_stretch,4,7218,79,0.4942803978919983,MSE,0.3723537623882293,0.873369038105011,input,89.0,88,475,True,0.1228000000119209,0.1228000000119209,,,
traffic,PatchTST,time_stretch,4,7218,79,0.4942803978919983,MSE,0.3723537623882293,0.873369038105011,input,89.0,88,580,True,0.0407000035047531,0.0407000035047531,,,
traffic,PatchTST,time_stretch,4,7218,79,0.4942803978919983,MSE,0.3723537623882293,0.873369038105011,input,89.0,88,586,True,0.0553999990224838,0.0553999990224838,,,
traffic,PatchTST,time_stretch,4,7218,79,0.4942803978919983,MSE,0.3723537623882293,0.873369038105011,input,89.0,88,608,True,0.0864000022411346,0.0864000022411346,,,
traffic,PatchTST,time_stretch,4,7218,79,0.4942803978919983,MSE,0.3723537623882293,0.873369038105011,input,89.0,88,632,True,0.0970999971032142,0.0970999971032142,,,
traffic,PatchTST,time_stretch,4,7218,79,0.4942803978919983,MSE,0.3723537623882293,0.873369038105011,input,89.0,88,840,True,0.1269000023603439,0.1269000023603439,,,
traffic,PatchTST,time_stretch,4,7218,79,0.4942803978919983,MSE,0.3723537623882293,0.873369038105011,input,90.0,89,9,True,0.0437000021338462,0.0437000021338462,,,
traffic,PatchTST,time_stretch,4,7218,79,0.4942803978919983,MSE,0.3723537623882293,0.873369038105011,input,90.0,89,43,True,0.0709000006318092,0.0709000006318092,,,
traffic,PatchTST,time_stretch,4,7218,79,0.4942803978919983,MSE,0.3723537623882293,0.873369038105011,input,90.0,89,217,True,0.0573000013828277,0.0573000013828277,,,
traffic,PatchTST,time_stretch,4,7218,79,0.4942803978919983,MSE,0.3723537623882293,0.873369038105011,input,90.0,89,304,True,0.0645999982953071,0.0645999982953071,,,
traffic,PatchTST,time_stretch,4,7218,79,0.4942803978919983,MSE,0.3723537623882293,0.873369038105011,input,90.0,89,397,True,0.062399998307228,0.062399998307228,,,
traffic,PatchTST,time_stretch,4,7218,79,0.4942803978919983,MSE,0.3723537623882293,0.873369038105011,input,90.0,89,475,True,0.1150999963283538,0.1150999963283538,,,
traffic,PatchTST,time_stretch,4,7218,79,0.4942803978919983,MSE,0.3723537623882293,0.873369038105011,input,90.0,89,580,True,0.0362999998033046,0.0362999998033046,,,
traffic,PatchTST,time_stretch,4,7218,79,0.4942803978919983,MSE,0.3723537623882293,0.873369038105011,input,90.0,89,586,True,0.0472000017762184,0.0472000017762184,,,
traffic,PatchTST,time_stretch,4,7218,79,0.4942803978919983,MSE,0.3723537623882293,0.873369038105011,input,90.0,89,608,True,0.0799999982118606,0.0799999982118606,,,
traffic,PatchTST,time_stretch,4,7218,79,0.4942803978919983,MSE,0.3723537623882293,0.873369038105011,input,90.0,89,632,True,0.0460000000894069,0.0460000000894069,,,
traffic,PatchTST,time_stretch,4,7218,79,0.4942803978919983,MSE,0.3723537623882293,0.873369038105011,input,90.0,89,840,True,0.0361000001430511,0.0361000001430511,,,
traffic,PatchTST,time_stretch,4,7218,79,0.4942803978919983,MSE,0.3723537623882293,0.873369038105011,input,91.0,90,9,True,0.034400001168251,0.034400001168251,,,
traffic,PatchTST,time_stretch,4,7218,79,0.4942803978919983,MSE,0.3723537623882293,0.873369038105011,input,91.0,90,43,True,0.0715000033378601,0.0715000033378601,,,
traffic,PatchTST,time_stretch,4,7218,79,0.4942803978919983,MSE,0.3723537623882293,0.873369038105011,input,91.0,90,217,True,0.0511999987065792,0.0511999987065792,,,
traffic,PatchTST,time_stretch,4,7218,79,0.4942803978919983,MSE,0.3723537623882293,0.873369038105011,input,91.0,90,304,True,0.0480000004172325,0.0480000004172325,,,
traffic,PatchTST,time_stretch,4,7218,79,0.4942803978919983,MSE,0.3723537623882293,0.873369038105011,input,91.0,90,397,True,0.0631999969482421,0.0631999969482421,,,
traffic,PatchTST,time_stretch,4,7218,79,0.4942803978919983,MSE,0.3723537623882293,0.873369038105011,input,91.0,90,475,True,0.0878999978303909,0.0878999978303909,,,
traffic,PatchTST,time_stretch,4,7218,79,0.4942803978919983,MSE,0.3723537623882293,0.873369038105011,input,91.0,90,580,True,0.0243999995291233,0.0243999995291233,,,
traffic,PatchTST,time_stretch,4,7218,79,0.4942803978919983,MSE,0.3723537623882293,0.873369038105011,input,91.0,90,586,True,0.0377999991178512,0.0377999991178512,,,
traffic,PatchTST,time_stretch,4,7218,79,0.4942803978919983,MSE,0.3723537623882293,0.873369038105011,input,91.0,90,608,True,0.0671000033617019,0.0671000033617019,,,
traffic,PatchTST,time_stretch,4,7218,79,0.4942803978919983,MSE,0.3723537623882293,0.873369038105011,input,91.0,90,632,True,0.048200000077486,0.048200000077486,,,
traffic,PatchTST,time_stretch,4,7218,79,0.4942803978919983,MSE,0.3723537623882293,0.873369038105011,input,91.0,90,840,True,0.0296000000089406,0.0296000000089406,,,
traffic,PatchTST,time_stretch,4,7218,79,0.4942803978919983,MSE,0.3723537623882293,0.873369038105011,input,92.0,91,9,True,0.0234999991953372,0.0234999991953372,,,
traffic,PatchTST,time_stretch,4,7218,79,0.4942803978919983,MSE,0.3723537623882293,0.873369038105011,input,92.0,91,43,True,0.0452999994158744,0.0452999994158744,,,
traffic,PatchTST,time_stretch,4,7218,79,0.4942803978919983,MSE,0.3723537623882293,0.873369038105011,input,92.0,91,217,True,0.0428999960422515,0.0428999960422515,,,
traffic,PatchTST,time_stretch,4,7218,79,0.4942803978919983,MSE,0.3723537623882293,0.873369038105011,input,92.0,91,304,True,0.0403000004589557,0.0403000004589557,,,
traffic,PatchTST,time_stretch,4,7218,79,0.4942803978919983,MSE,0.3723537623882293,0.873369038105011,input,92.0,91,397,True,0.0428000018000602,0.0428000018000602,,,
traffic,PatchTST,time_stretch,4,7218,79,0.4942803978919983,MSE,0.3723537623882293,0.873369038105011,input,92.0,91,475,True,0.2012999951839447,0.2012999951839447,,,
traffic,PatchTST,time_stretch,4,7218,79,0.4942803978919983,MSE,0.3723537623882293,0.873369038105011,input,92.0,91,580,True,0.0057000033557415,0.0057000033557415,,,
traffic,PatchTST,time_stretch,4,7218,79,0.4942803978919983,MSE,0.3723537623882293,0.873369038105011,input,92.0,91,586,True,0.0274999998509883,0.0274999998509883,,,
traffic,PatchTST,time_stretch,4,7218,79,0.4942803978919983,MSE,0.3723537623882293,0.873369038105011,input,92.0,91,608,True,0.051400002092123,0.051400002092123,,,
traffic,PatchTST,time_stretch,4,7218,79,0.4942803978919983,MSE,0.3723537623882293,0.873369038105011,input,92.0,91,632,True,0.0390999987721443,0.0390999987721443,,,
traffic,PatchTST,time_stretch,4,7218,79,0.4942803978919983,MSE,0.3723537623882293,0.873369038105011,input,92.0,91,840,True,0.0216000005602836,0.0216000005602836,,,
traffic,PatchTST,time_stretch,4,7218,79,0.4942803978919983,MSE,0.3723537623882293,0.873369038105011,input,93.0,92,9,True,0.0124999992549419,0.0124999992549419,,,
traffic,PatchTST,time_stretch,4,7218,79,0.4942803978919983,MSE,0.3723537623882293,0.873369038105011,input,93.0,92,43,True,0.0306000001728534,0.0306000001728534,,,
traffic,PatchTST,time_stretch,4,7218,79,0.4942803978919983,MSE,0.3723537623882293,0.873369038105011,input,93.0,92,217,True,0.0234999991953372,0.0234999991953372,,,
traffic,PatchTST,time_stretch,4,7218,79,0.4942803978919983,MSE,0.3723537623882293,0.873369038105011,input,93.0,92,304,True,0.0274000018835067,0.0274000018835067,,,
traffic,PatchTST,time_stretch,4,7218,79,0.4942803978919983,MSE,0.3723537623882293,0.873369038105011,input,93.0,92,397,True,0.0280999988317489,0.0280999988317489,,,
traffic,PatchTST,time_stretch,4,7218,79,0.4942803978919983,MSE,0.3723537623882293,0.873369038105011,input,93.0,92,475,True,0.0282000005245208,0.0282000005245208,,,
traffic,PatchTST,time_stretch,4,7218,79,0.4942803978919983,MSE,0.3723537623882293,0.873369038105011,input,93.0,92,580,True,0.003600001335144,0.003600001335144,,,
traffic,PatchTST,time_stretch,4,7218,79,0.4942803978919983,MSE,0.3723537623882293,0.873369038105011,input,93.0,92,586,True,0.0153999999165534,0.0153999999165534,,,
traffic,PatchTST,time_stretch,4,7218,79,0.4942803978919983,MSE,0.3723537623882293,0.873369038105011,input,93.0,92,608,True,0.0377999991178512,0.0377999991178512,,,
traffic,PatchTST,time_stretch,4,7218,79,0.4942803978919983,MSE,0.3723537623882293,0.873369038105011,input,93.0,92,632,True,0.0229000002145767,0.0229000002145767,,,
traffic,PatchTST,time_stretch,4,7218,79,0.4942803978919983,MSE,0.3723537623882293,0.873369038105011,input,93.0,92,840,True,0.0104999989271163,0.0104999989271163,,,
traffic,PatchTST,time_stretch,4,7218,79,0.4942803978919983,MSE,0.3723537623882293,0.873369038105011,input,94.0,93,9,True,0.0053000003099441,0.0053000003099441,,,
traffic,PatchTST,time_stretch,4,7218,79,0.4942803978919983,MSE,0.3723537623882293,0.873369038105011,input,94.0,93,43,True,0.0240000002086162,0.0240000002086162,,,
traffic,PatchTST,time_stretch,4,7218,79,0.4942803978919983,MSE,0.3723537623882293,0.873369038105011,input,94.0,93,217,True,0.0175999999046325,0.0175999999046325,,,
traffic,PatchTST,time_stretch,4,7218,79,0.4942803978919983,MSE,0.3723537623882293,0.873369038105011,input,94.0,93,304,True,0.0155000016093254,0.0155000016093254,,,
traffic,PatchTST,time_stretch,4,7218,79,0.4942803978919983,MSE,0.3723537623882293,0.873369038105011,input,94.0,93,397,True,0.0182000026106834,0.0182000026106834,,,
traffic,PatchTST,time_stretch,4,7218,79,0.4942803978919983,MSE,0.3723537623882293,0.873369038105011,input,94.0,93,475,True,0.0160000026226043,0.0160000026226043,,,
traffic,PatchTST,time_stretch,4,7218,79,0.4942803978919983,MSE,0.3723537623882293,0.873369038105011,input,94.0,93,580,True,0.003100000321865,0.003100000321865,,,
traffic,PatchTST,time_stretch,4,7218,79,0.4942803978919983,MSE,0.3723537623882293,0.873369038105011,input,94.0,93,586,True,0.0076999962329864,0.0076999962329864,,,
traffic,PatchTST,time_stretch,4,7218,79,0.4942803978919983,MSE,0.3723537623882293,0.873369038105011,input,94.0,93,608,True,0.0288000032305717,0.0288000032305717,,,
traffic,PatchTST,time_stretch,4,7218,79,0.4942803978919983,MSE,0.3723537623882293,0.873369038105011,input,94.0,93,632,True,0.0124000012874603,0.0124000012874603,,,
traffic,PatchTST,time_stretch,4,7218,79,0.4942803978919983,MSE,0.3723537623882293,0.873369038105011,input,94.0,93,840,True,0.0065000001341104,0.0065000001341104,,,
traffic,PatchTST,time_stretch,4,7218,79,0.4942803978919983,MSE,0.3723537623882293,0.873369038105011,input,95.0,94,9,True,0.0020999982953071,0.0020999982953071,,,
traffic,PatchTST,time_stretch,4,7218,79,0.4942803978919983,MSE,0.3723537623882293,0.873369038105011,input,95.0,94,43,True,0.0182000026106834,0.0182000026106834,,,
traffic,PatchTST,time_stretch,4,7218,79,0.4942803978919983,MSE,0.3723537623882293,0.873369038105011,input,95.0,94,217,True,0.0123000033199787,0.0123000033199787,,,
traffic,PatchTST,time_stretch,4,7218,79,0.4942803978919983,MSE,0.3723537623882293,0.873369038105011,input,95.0,94,304,True,0.0091999992728233,0.0091999992728233,,,
traffic,PatchTST,time_stretch,4,7218,79,0.4942803978919983,MSE,0.3723537623882293,0.873369038105011,input,95.0,94,397,True,0.0138000026345252,0.0138000026345252,,,
traffic,PatchTST,time_stretch,4,7218,79,0.4942803978919983,MSE,0.3723537623882293,0.873369038105011,input,95.0,94,475,True,0.0120000019669532,0.0120000019669532,,,
traffic,PatchTST,time_stretch,4,7218,79,0.4942803978919983,MSE,0.3723537623882293,0.873369038105011,input,95.0,94,580,True,0.003100000321865,0.003100000321865,,,
traffic,PatchTST,time_stretch,4,7218,79,0.4942803978919983,MSE,0.3723537623882293,0.873369038105011,input,95.0,94,586,True,0.0033999979496002,0.0033999979496002,,,
traffic,PatchTST,time_stretch,4,7218,79,0.4942803978919983,MSE,0.3723537623882293,0.873369038105011,input,95.0,94,608,True,0.0236999988555908,0.0236999988555908,,,
traffic,PatchTST,time_stretch,4,7218,79,0.4942803978919983,MSE,0.3723537623882293,0.873369038105011,input,95.0,94,632,True,0.0085000023245811,0.0085000023245811,,,
traffic,PatchTST,time_stretch,4,7218,79,0.4942803978919983,MSE,0.3723537623882293,0.873369038105011,input,95.0,94,840,True,0.0038999989628791,0.0038999989628791,,,
traffic,PatchTST,time_stretch,4,7218,79,0.4942803978919983,MSE,0.3723537623882293,0.873369038105011,input,96.0,95,9,True,0.0020999982953071,0.0020999982953071,,,
traffic,PatchTST,time_stretch,4,7218,79,0.4942803978919983,MSE,0.3723537623882293,0.873369038105011,input,96.0,95,43,True,0.0186000019311904,0.0186000019311904,,,
traffic,PatchTST,time_stretch,4,7218,79,0.4942803978919983,MSE,0.3723537623882293,0.873369038105011,input,96.0,95,217,True,0.0113999992609024,0.0113999992609024,,,
traffic,PatchTST,time_stretch,4,7218,79,0.4942803978919983,MSE,0.3723537623882293,0.873369038105011,input,96.0,95,304,True,0.0077999979257583,0.0077999979257583,,,
traffic,PatchTST,time_stretch,4,7218,79,0.4942803978919983,MSE,0.3723537623882293,0.873369038105011,input,96.0,95,397,True,0.0130000039935112,0.0130000039935112,,,
traffic,PatchTST,time_stretch,4,7218,79,0.4942803978919983,MSE,0.3723537623882293,0.873369038105011,input,96.0,95,475,True,0.0120999962091445,0.0120999962091445,,,
traffic,PatchTST,time_stretch,4,7218,79,0.4942803978919983,MSE,0.3723537623882293,0.873369038105011,input,96.0,95,580,True,0.003100000321865,0.003100000321865,,,
traffic,PatchTST,time_stretch,4,7218,79,0.4942803978919983,MSE,0.3723537623882293,0.873369038105011,input,96.0,95,586,True,0.0028999969363212,0.0028999969363212,,,
traffic,PatchTST,time_stretch,4,7218,79,0.4942803978919983,MSE,0.3723537623882293,0.873369038105011,input,96.0,95,608,True,0.0221999958157539,0.0221999958157539,,,
traffic,PatchTST,time_stretch,4,7218,79,0.4942803978919983,MSE,0.3723537623882293,0.873369038105011,input,96.0,95,632,True,0.0084000006318092,0.0084000006318092,,,
traffic,PatchTST,time_stretch,4,7218,79,0.4942803978919983,MSE,0.3723537623882293,0.873369038105011,input,96.0,95,840,True,0.0052000004798173,0.0052000004798173,,,
traffic,PatchTST,time_stretch,4,7218,79,0.4942803978919983,MSE,0.3723537623882293,0.873369038105011,forecast,97.0,0,9,True,,,0.0038999989628791,0.0060530006885528,0.0242519490420818
traffic,PatchTST,time_stretch,4,7218,79,0.4942803978919983,MSE,0.3723537623882293,0.873369038105011,forecast,97.0,0,43,True,,,0.0182000026106834,0.0220188647508621,0.0322440639138221
traffic,PatchTST,time_stretch,4,7218,79,0.4942803978919983,MSE,0.3723537623882293,0.873369038105011,forecast,97.0,0,217,True,,,0.0117999985814094,0.0181736536324024,0.0257001891732215
traffic,PatchTST,time_stretch,4,7218,79,0.4942803978919983,MSE,0.3723537623882293,0.873369038105011,forecast,97.0,0,304,True,,,0.0055999979376792,0.0104529708623886,0.0161832831799983
traffic,PatchTST,time_stretch,4,7218,79,0.4942803978919983,MSE,0.3723537623882293,0.873369038105011,forecast,97.0,0,397,True,,,0.0157999992370605,0.0230253636837005,0.0322074852883815
traffic,PatchTST,time_stretch,4,7218,79,0.4942803978919983,MSE,0.3723537623882293,0.873369038105011,forecast,97.0,0,475,True,,,0.0165999978780746,0.025094524025917,0.0551766864955425
traffic,PatchTST,time_stretch,4,7218,79,0.4942803978919983,MSE,0.3723537623882293,0.873369038105011,forecast,97.0,0,580,True,,,0.003100000321865,0.0040822327136993,0.0186605267226696
traffic,PatchTST,time_stretch,4,7218,79,0.4942803978919983,MSE,0.3723537623882293,0.873369038105011,forecast,97.0,0,586,True,,,0.0049000009894371,0.0074524208903312,0.0270146988332271
traffic,PatchTST,time_stretch,4,7218,79,0.4942803978919983,MSE,0.3723537623882293,0.873369038105011,forecast,97.0,0,608,True,,,0.0209000036120414,0.0226017907261848,0.0338529646396636
traffic,PatchTST,time_stretch,4,7218,79,0.4942803978919983,MSE,0.3723537623882293,0.873369038105011,forecast,97.0,0,632,True,,,0.0130999982357025,0.0342725478112697,0.0254166051745414
traffic,PatchTST,time_stretch,4,7218,79,0.4942803978919983,MSE,0.3723537623882293,0.873369038105011,forecast,97.0,0,840,True,,,0.008899999782443,0.0937999635934829,0.0618584901094436
traffic,PatchTST,time_stretch,4,7218,79,0.4942803978919983,MSE,0.3723537623882293,0.873369038105011,forecast,98.0,1,9,True,,,0.0078999996185302,0.0123312212526798,0.026410274207592
traffic,PatchTST,time_stretch,4,7218,79,0.4942803978919983,MSE,0.3723537623882293,0.873369038105011,forecast,98.0,1,43,True,,,0.0207000002264976,0.0262038856744766,0.0373399220407009
traffic,PatchTST,time_stretch,4,7218,79,0.4942803978919983,MSE,0.3723537623882293,0.873369038105011,forecast,98.0,1,217,True,,,0.0205999985337257,0.0344980172812938,0.0330250449478626
traffic,PatchTST,time_stretch,4,7218,79,0.4942803978919983,MSE,0.3723537623882293,0.873369038105011,forecast,98.0,1,304,True,,,0.0104000009596347,0.0173392929136753,0.0183128640055656
traffic,PatchTST,time_stretch,4,7218,79,0.4942803978919983,MSE,0.3723537623882293,0.873369038105011,forecast,98.0,1,397,True,,,0.0332000032067298,0.0400346405804157,0.0297513082623481
traffic,PatchTST,time_stretch,4,7218,79,0.4942803978919983,MSE,0.3723537623882293,0.873369038105011,forecast,98.0,1,475,True,,,0.0390000008046627,0.0565053038299083,0.0703834518790245
traffic,PatchTST,time_stretch,4,7218,79,0.4942803978919983,MSE,0.3723537623882293,0.873369038105011,forecast,98.0,1,580,True,,,0.003100000321865,0.0057168342173099,0.0240488871932029
traffic,PatchTST,time_stretch,4,7218,79,0.4942803978919983,MSE,0.3723537623882293,0.873369038105011,forecast,98.0,1,586,True,,,0.0102000012993812,0.0160728953778743,0.0288237407803535
traffic,PatchTST,time_stretch,4,7218,79,0.4942803978919983,MSE,0.3723537623882293,0.873369038105011,forecast,98.0,1,608,True,,,0.0231000036001205,0.0267734080553054,0.0394656881690025
traffic,PatchTST,time_stretch,4,7218,79,0.4942803978919983,MSE,0.3723537623882293,0.873369038105011,forecast,98.0,1,632,True,,,0.0362999998033046,0.0596928521990776,0.02109856903553
traffic,PatchTST,time_stretch,4,7218,79,0.4942803978919983,MSE,0.3723537623882293,0.873369038105011,forecast,98.0,1,840,True,,,0.0228000003844499,0.1431918442249298,0.1166844218969345
traffic,PatchTST,time_stretch,4,7218,79,0.4942803978919983,MSE,0.3723537623882293,0.873369038105011,forecast,99.0,2,9,True,,,0.020600002259016,0.0345710068941116,0.0304633677005767
traffic,PatchTST,time_stretch,4,7218,79,0.4942803978919983,MSE,0.3723537623882293,0.873369038105011,forecast,99.0,2,43,True,,,0.0320999994874,0.0326478891074657,0.0393328145146369
traffic,PatchTST,time_stretch,4,7218,79,0.4942803978919983,MSE,0.3723537623882293,0.873369038105011,forecast,99.0,2,217,True,,,0.0832000002264976,0.0911773219704628,0.0501677803695201
traffic,PatchTST,time_stretch,4,7218,79,0.4942803978919983,MSE,0.3723537623882293,0.873369038105011,forecast,99.0,2,304,True,,,0.0249999985098838,0.0259856730699539,0.0251713469624519
traffic,PatchTST,time_stretch,4,7218,79,0.4942803978919983,MSE,0.3723537623882293,0.873369038105011,forecast,99.0,2,397,True,,,0.0613999962806701,0.0686675831675529,0.0307022407650947
traffic,PatchTST,time_stretch,4,7218,79,0.4942803978919983,MSE,0.3723537623882293,0.873369038105011,forecast,99.0,2,475,True,,,0.0917000025510788,0.1079378277063369,0.0975378304719924
traffic,PatchTST,time_stretch,4,7218,79,0.4942803978919983,MSE,0.3723537623882293,0.873369038105011,forecast,99.0,2,580,True,,,0.0082999989390373,0.0141505673527717,0.031932882964611
traffic,PatchTST,time_stretch,4,7218,79,0.4942803978919983,MSE,0.3723537623882293,0.873369038105011,forecast,99.0,2,586,True,,,0.0267999954521656,0.0408314168453216,0.0313667394220829
traffic,PatchTST,time_stretch,4,7218,79,0.4942803978919983,MSE,0.3723537623882293,0.873369038105011,forecast,99.0,2,608,True,,,0.0291000008583068,0.0303038656711578,0.0397521145641803
traffic,PatchTST,time_stretch,4,7218,79,0.4942803978919983,MSE,0.3723537623882293,0.873369038105011,forecast,99.0,2,632,True,,,0.1633999943733215,0.123204305768013,0.0327647998929023
traffic,PatchTST,time_stretch,4,7218,79,0.4942803978919983,MSE,0.3723537623882293,0.873369038105011,forecast,99.0,2,840,True,,,0.3736000061035156,0.1929595023393631,0.1281652748584747
traffic,PatchTST,time_stretch,4,7218,79,0.4942803978919983,MSE,0.3723537623882293,0.873369038105011,forecast,100.0,3,9,True,,,0.0430999994277954,0.0603110566735267,0.0360734239220619
traffic,PatchTST,time_stretch,4,7218,79,0.4942803978919983,MSE,0.3723537623882293,0.873369038105011,forecast,100.0,3,43,True,,,0.0425999984145164,0.0494903624057769,0.0491234548389911
traffic,PatchTST,time_stretch,4,7218,79,0.4942803978919983,MSE,0.3723537623882293,0.873369038105011,forecast,100.0,3,217,True,,,0.1835999935865402,0.189524233341217,0.0662164166569709
traffic,PatchTST,time_stretch,4,7218,79,0.4942803978919983,MSE,0.3723537623882293,0.873369038105011,forecast,100.0,3,304,True,,,0.0421999990940094,0.0441773608326911,0.0354933589696884
traffic,PatchTST,time_stretch,4,7218,79,0.4942803978919983,MSE,0.3723537623882293,0.873369038105011,forecast,100.0,3,397,True,,,0.0751999989151954,0.0903451740741729,0.0306930243968963
traffic,PatchTST,time_stretch,4,7218,79,0.4942803978919983,MSE,0.3723537623882293,0.873369038105011,forecast,100.0,3,475,True,,,0.1730999946594238,0.1873092949390411,0.124443918466568
traffic,PatchTST,time_stretch,4,7218,79,0.4942803978919983,MSE,0.3723537623882293,0.873369038105011,forecast,100.0,3,580,True,,,0.034400001168251,0.0355292744934558,0.0353862345218658
traffic,PatchTST,time_stretch,4,7218,79,0.4942803978919983,MSE,0.3723537623882293,0.873369038105011,forecast,100.0,3,586,True,,,0.0548000000417232,0.0703543722629547,0.0373130179941654
traffic,PatchTST,time_stretch,4,7218,79,0.4942803978919983,MSE,0.3723537623882293,0.873369038105011,forecast,100.0,3,608,True,,,0.0414000004529953,0.0428544655442237,0.0449646674096584
traffic,PatchTST,time_stretch,4,7218,79,0.4942803978919983,MSE,0.3723537623882293,0.873369038105011,forecast,100.0,3,632,True,,,0.3970000147819519,0.2592572569847107,0.0625719502568245
traffic,PatchTST,time_stretch,4,7218,79,0.4942803978919983,MSE,0.3723537623882293,0.873369038105011,forecast,100.0,3,840,True,,,0.6171000003814697,0.2575334906578064,0.1756932437419891
traffic,PatchTST,time_stretch,4,7218,79,0.4942803978919983,MSE,0.3723537623882293,0.873369038105011,forecast,101.0,4,9,True,,,0.0768000036478042,0.0998396724462509,0.043068341910839
traffic,PatchTST,time_stretch,4,7218,79,0.4942803978919983,MSE,0.3723537623882293,0.873369038105011,forecast,101.0,4,43,True,,,0.0658999979496002,0.0640598982572555,0.0623238012194633
traffic,PatchTST,time_stretch,4,7218,79,0.4942803978919983,MSE,0.3723537623882293,0.873369038105011,forecast,101.0,4,217,True,,,0.2506000101566314,0.2879988551139831,0.0804605185985565
traffic,PatchTST,time_stretch,4,7218,79,0.4942803978919983,MSE,0.3723537623882293,0.873369038105011,forecast,101.0,4,304,True,,,0.0904000028967857,0.0650277286767959,0.0513900369405746
traffic,PatchTST,time_stretch,4,7218,79,0.4942803978919983,MSE,0.3723537623882293,0.873369038105011,forecast,101.0,4,397,True,,,0.0832000002264976,0.0993753969669342,0.0329102426767349
traffic,PatchTST,time_stretch,4,7218,79,0.4942803978919983,MSE,0.3723537623882293,0.873369038105011,forecast,101.0,4,475,True,,,0.2542999982833862,0.2668100297451019,0.1551996171474456
traffic,PatchTST,time_stretch,4,7218,79,0.4942803978919983,MSE,0.3723537623882293,0.873369038105011,forecast,101.0,4,580,True,,,0.0653000026941299,0.0574030093848705,0.0422681644558906
traffic,PatchTST,time_stretch,4,7218,79,0.4942803978919983,MSE,0.3723537623882293,0.873369038105011,forecast,101.0,4,586,True,,,0.0912000015377998,0.1183284670114517,0.0449175313115119
traffic,PatchTST,time_stretch,4,7218,79,0.4942803978919983,MSE,0.3723537623882293,0.873369038105011,forecast,101.0,4,608,True,,,0.0581000000238418,0.0575538873672485,0.055382777005434
traffic,PatchTST,time_stretch,4,7218,79,0.4942803978919983,MSE,0.3723537623882293,0.873369038105011,forecast,101.0,4,632,True,,,0.3535000085830688,0.3053377270698547,0.1039785891771316
traffic,PatchTST,time_stretch,4,7218,79,0.4942803978919983,MSE,0.3723537623882293,0.873369038105011,forecast,101.0,4,840,True,,,0.6207000017166138,0.2579773068428039,0.2497923374176025
traffic,PatchTST,time_stretch,4,7218,79,0.4942803978919983,MSE,0.3723537623882293,0.873369038105011,forecast,102.0,5,9,True,,,0.0710000023245811,0.1418346166610717,0.0526736825704574
traffic,PatchTST,time_stretch,4,7218,79,0.4942803978919983,MSE,0.3723537623882293,0.873369038105011,forecast,102.0,5,43,True,,,0.0742999985814094,0.069521814584732,0.0705523043870925
traffic,PatchTST,time_stretch,4,7218,79,0.4942803978919983,MSE,0.3723537623882293,0.873369038105011,forecast,102.0,5,217,True,,,0.1289999932050705,0.2533617317676544,0.0930899828672409
traffic,PatchTST,time_stretch,4,7218,79,0.4942803978919983,MSE,0.3723537623882293,0.873369038105011,forecast,102.0,5,304,True,,,0.1372999995946884,0.0793121829628944,0.0687917619943618
traffic,PatchTST,time_stretch,4,7218,79,0.4942803978919983,MSE,0.3723537623882293,0.873369038105011,forecast,102.0,5,397,True,,,0.0920000001788139,0.1065778136253357,0.042418036609888
traffic,PatchTST,time_stretch,4,7218,79,0.4942803978919983,MSE,0.3723537623882293,0.873369038105011,forecast,102.0,5,475,True,,,0.2399999946355819,0.2581239938735962,0.1907775551080703
traffic,PatchTST,time_stretch,4,7218,79,0.4942803978919983,MSE,0.3723537623882293,0.873369038105011,forecast,102.0,5,580,True,,,0.0740000009536743,0.0788279250264167,0.0471699051558971
traffic,PatchTST,time_stretch,4,7218,79,0.4942803978919983,MSE,0.3723537623882293,0.873369038105011,forecast,102.0,5,586,True,,,0.0820000022649765,0.1677580177783966,0.0551765710115432
traffic,PatchTST,time_stretch,4,7218,79,0.4942803978919983,MSE,0.3723537623882293,0.873369038105011,forecast,102.0,5,608,True,,,0.065600000321865,0.065203808248043,0.0629475340247154
traffic,PatchTST,time_stretch,4,7218,79,0.4942803978919983,MSE,0.3723537623882293,0.873369038105011,forecast,102.0,5,632,True,,,0.0593999996781349,0.2603400945663452,0.1207668632268905
traffic,PatchTST,time_stretch,4,7218,79,0.4942803978919983,MSE,0.3723537623882293,0.873369038105011,forecast,102.0,5,840,True,,,0.442900002002716,0.2118815630674362,0.2952572405338287
traffic,PatchTST,time_stretch,4,7218,79,0.4942803978919983,MSE,0.3723537623882293,0.873369038105011,forecast,103.0,6,9,True,,,0.0763999968767166,0.1100545972585678,0.0581256076693534
traffic,PatchTST,time_stretch,4,7218,79,0.4942803978919983,MSE,0.3723537623882293,0.873369038105011,forecast,103.0,6,43,True,,,0.0658000037074089,0.0651928633451461,0.0766035094857215
traffic,PatchTST,time_stretch,4,7218,79,0.4942803978919983,MSE,0.3723537623882293,0.873369038105011,forecast,103.0,6,217,True,,,0.1079000011086463,0.1464695781469345,0.094915010035038
traffic,PatchTST,time_stretch,4,7218,79,0.4942803978919983,MSE,0.3723537623882293,0.873369038105011,forecast,103.0,6,304,True,,,0.0894000008702278,0.0760491117835044,0.0837853401899337
traffic,PatchTST,time_stretch,4,7218,79,0.4942803978919983,MSE,0.3723537623882293,0.873369038105011,forecast,103.0,6,397,True,,,0.2132999897003173,0.1079622358083725,0.0528043024241924
traffic,PatchTST,time_stretch,4,7218,79,0.4942803978919983,MSE,0.3723537623882293,0.873369038105011,forecast,103.0,6,475,True,,,0.1693000048398971,0.2021300494670868,0.2063255608081817
traffic,PatchTST,time_stretch,4,7218,79,0.4942803978919983,MSE,0.3723537623882293,0.873369038105011,forecast,103.0,6,580,True,,,0.0780000016093254,0.0724991485476493,0.0518967024981975
traffic,PatchTST,time_stretch,4,7218,79,0.4942803978919983,MSE,0.3723537623882293,0.873369038105011,forecast,103.0,6,586,True,,,0.0832000002264976,0.1293251663446426,0.0619112476706504
traffic,PatchTST,time_stretch,4,7218,79,0.4942803978919983,MSE,0.3723537623882293,0.873369038105011,forecast,103.0,6,608,True,,,0.0592000000178813,0.063161700963974,0.0699773281812667
traffic,PatchTST,time_stretch,4,7218,79,0.4942803978919983,MSE,0.3723537623882293,0.873369038105011,forecast,103.0,6,632,True,,,0.050500001758337,0.2039410471916198,0.130803108215332
traffic,PatchTST,time_stretch,4,7218,79,0.4942803978919983,MSE,0.3723537623882293,0.873369038105011,forecast,103.0,6,840,True,,,0.0461000017821788,0.1586834788322448,0.307345449924469
traffic,PatchTST,time_stretch,4,7218,79,0.4942803978919983,MSE,0.3723537623882293,0.873369038105011,forecast,104.0,7,9,True,,,0.0800999999046325,0.0794048085808754,0.0621168799698352
traffic,PatchTST,time_stretch,4,7218,79,0.4942803978919983,MSE,0.3723537623882293,0.873369038105011,forecast,104.0,7,43,True,,,0.0694999992847442,0.0660026744008064,0.0837713256478309
traffic,PatchTST,time_stretch,4,7218,79,0.4942803978919983,MSE,0.3723537623882293,0.873369038105011,forecast,104.0,7,217,True,,,0.0982000008225441,0.098767451941967,0.0924325138330459
traffic,PatchTST,time_stretch,4,7218,79,0.4942803978919983,MSE,0.3723537623882293,0.873369038105011,forecast,104.0,7,304,True,,,0.0894000008702278,0.0743087232112884,0.0899756997823715
traffic,PatchTST,time_stretch,4,7218,79,0.4942803978919983,MSE,0.3723537623882293,0.873369038105011,forecast,104.0,7,397,True,,,0.1172000020742416,0.1105828583240509,0.0560595095157623
traffic,PatchTST,time_stretch,4,7218,79,0.4942803978919983,MSE,0.3723537623882293,0.873369038105011,forecast,104.0,7,475,True,,,0.1360999941825866,0.1903733015060424,0.2444749325513839
traffic,PatchTST,time_stretch,4,7218,79,0.4942803978919983,MSE,0.3723537623882293,0.873369038105011,forecast,104.0,7,580,True,,,0.0666999965906143,0.06341502815485,0.0566897466778755
traffic,PatchTST,time_stretch,4,7218,79,0.4942803978919983,MSE,0.3723537623882293,0.873369038105011,forecast,104.0,7,586,True,,,0.0947000011801719,0.0883959606289863,0.0651715770363807
traffic,PatchTST,time_stretch,4,7218,79,0.4942803978919983,MSE,0.3723537623882293,0.873369038105011,forecast,104.0,7,608,True,,,0.0593000017106533,0.0665815770626068,0.077049970626831
traffic,PatchTST,time_stretch,4,7218,79,0.4942803978919983,MSE,0.3723537623882293,0.873369038105011,forecast,104.0,7,632,True,,,0.0520999990403652,0.195051372051239,0.2349448204040527
traffic,PatchTST,time_stretch,4,7218,79,0.4942803978919983,MSE,0.3723537623882293,0.873369038105011,forecast,104.0,7,840,True,,,0.0467000007629394,0.1440117359161377,0.3666570484638214
traffic,PatchTST,time_stretch,4,7218,79,0.4942803978919983,MSE,0.3723537623882293,0.873369038105011,forecast,105.0,8,9,True,,,0.0737000033259391,0.0865643694996833,0.0651838332414627
traffic,PatchTST,time_stretch,4,7218,79,0.4942803978919983,MSE,0.3723537623882293,0.873369038105011,forecast,105.0,8,43,True,,,0.0750999972224235,0.072334423661232,0.0968195348978042
traffic,PatchTST,time_stretch,4,7218,79,0.4942803978919983,MSE,0.3723537623882293,0.873369038105011,forecast,105.0,8,217,True,,,0.0878999978303909,0.0917741954326629,0.0909450054168701
traffic,PatchTST,time_stretch,4,7218,79,0.4942803978919983,MSE,0.3723537623882293,0.873369038105011,forecast,105.0,8,304,True,,,0.0835999995470047,0.0795998871326446,0.0924283266067504
traffic,PatchTST,time_stretch,4,7218,79,0.4942803978919983,MSE,0.3723537623882293,0.873369038105011,forecast,105.0,8,397,True,,,0.1403000056743621,0.1155625134706497,0.0630624145269393
traffic,PatchTST,time_stretch,4,7218,79,0.4942803978919983,MSE,0.3723537623882293,0.873369038105011,forecast,105.0,8,475,True,,,0.1336999982595443,0.1918521672487259,0.2748089432716369
traffic,PatchTST,time_stretch,4,7218,79,0.4942803978919983,MSE,0.3723537623882293,0.873369038105011,forecast,105.0,8,580,True,,,0.0658999979496002,0.0622181482613086,0.0679138153791427
traffic,PatchTST,time_stretch,4,7218,79,0.4942803978919983,MSE,0.3723537623882293,0.873369038105011,forecast,105.0,8,586,True,,,0.0798000022768974,0.0928433164954185,0.069238044321537
traffic,PatchTST,time_stretch,4,7218,79,0.4942803978919983,MSE,0.3723537623882293,0.873369038105011,forecast,105.0,8,608,True,,,0.0693999975919723,0.0730225071310997,0.0860057771205902
traffic,PatchTST,time_stretch,4,7218,79,0.4942803978919983,MSE,0.3723537623882293,0.873369038105011,forecast,105.0,8,632,True,,,0.0513999983668327,0.1746244132518768,0.2691397666931152
traffic,PatchTST,time_stretch,4,7218,79,0.4942803978919983,MSE,0.3723537623882293,0.873369038105011,forecast,105.0,8,840,True,,,0.1728000044822693,0.1730373054742813,0.4415350258350372
traffic,PatchTST,time_stretch,4,7218,79,0.4942803978919983,MSE,0.3723537623882293,0.873369038105011,forecast,106.0,9,9,True,,,0.0763999968767166,0.0943974256515502,0.0714714229106903
traffic,PatchTST,time_stretch,4,7218,79,0.4942803978919983,MSE,0.3723537623882293,0.873369038105011,forecast,106.0,9,43,True,,,0.0821999981999397,0.0767869725823402,0.1082243621349334
traffic,PatchTST,time_stretch,4,7218,79,0.4942803978919983,MSE,0.3723537623882293,0.873369038105011,forecast,106.0,9,217,True,,,0.0859000012278556,0.0883474424481391,0.0965094864368438
traffic,PatchTST,time_stretch,4,7218,79,0.4942803978919983,MSE,0.3723537623882293,0.873369038105011,forecast,106.0,9,304,True,,,0.088699996471405,0.079081192612648,0.0961439609527587
traffic,PatchTST,time_stretch,4,7218,79,0.4942803978919983,MSE,0.3723537623882293,0.873369038105011,forecast,106.0,9,397,True,,,0.1367000043392181,0.1165308207273483,0.0740798115730285
traffic,PatchTST,time_stretch,4,7218,79,0.4942803978919983,MSE,0.3723537623882293,0.873369038105011,forecast,106.0,9,475,True,,,0.0759000033140182,0.1915934085845947,0.2922428846359253
traffic,PatchTST,time_stretch,4,7218,79,0.4942803978919983,MSE,0.3723537623882293,0.873369038105011,forecast,106.0,9,580,True,,,0.0623000003397464,0.0584331005811691,0.0756816565990448
traffic,PatchTST,time_stretch,4,7218,79,0.4942803978919983,MSE,0.3723537623882293,0.873369038105011,forecast,106.0,9,586,True,,,0.0857999995350837,0.0967278704047203,0.0753581300377845
traffic,PatchTST,time_stretch,4,7218,79,0.4942803978919983,MSE,0.3723537623882293,0.873369038105011,forecast,106.0,9,608,True,,,0.0702999979257583,0.0741027817130088,0.0895785093307495
traffic,PatchTST,time_stretch,4,7218,79,0.4942803978919983,MSE,0.3723537623882293,0.873369038105011,forecast,106.0,9,632,True,,,0.0458000004291534,0.1303442120552063,0.2635424435138702
traffic,PatchTST,time_stretch,4,7218,79,0.4942803978919983,MSE,0.3723537623882293,0.873369038105011,forecast,106.0,9,840,True,,,0.5206000208854675,0.1866390705108642,0.5182561874389648
traffic,PatchTST,time_stretch,4,7218,79,0.4942803978919983,MSE,0.3723537623882293,0.873369038105011,forecast,107.0,10,9,True,,,0.0037999972701072,0.0850502252578735,0.0811118632555008
traffic,PatchTST,time_stretch,4,7218,79,0.4942803978919983,MSE,0.3723537623882293,0.873369038105011,forecast,107.0,10,43,True,,,0.0870999991893768,0.0815578922629356,0.1222766563296318
traffic,PatchTST,time_stretch,4,7218,79,0.4942803978919983,MSE,0.3723537623882293,0.873369038105011,forecast,107.0,10,217,True,,,0.0133000016212463,0.0886958688497543,0.1039086729288101
traffic,PatchTST,time_stretch,4,7218,79,0.4942803978919983,MSE,0.3723537623882293,0.873369038105011,forecast,107.0,10,304,True,,,0.0060000009834766,0.0818796828389167,0.1037204936146736
traffic,PatchTST,time_stretch,4,7218,79,0.4942803978919983,MSE,0.3723537623882293,0.873369038105011,forecast,107.0,10,397,True,,,0.0923999994993209,0.1185133531689643,0.081890732049942
traffic,PatchTST,time_stretch,4,7218,79,0.4942803978919983,MSE,0.3723537623882293,0.873369038105011,forecast,107.0,10,475,True,,,0.0731000006198883,0.1902541220188141,0.2913481593132019
traffic,PatchTST,time_stretch,4,7218,79,0.4942803978919983,MSE,0.3723537623882293,0.873369038105011,forecast,107.0,10,580,True,,,0.0631999969482421,0.0575810559093952,0.0872398167848587
traffic,PatchTST,time_stretch,4,7218,79,0.4942803978919983,MSE,0.3723537623882293,0.873369038105011,forecast,107.0,10,586,True,,,0.0807000026106834,0.0823238268494606,0.0852032452821731
traffic,PatchTST,time_stretch,4,7218,79,0.4942803978919983,MSE,0.3723537623882293,0.873369038105011,forecast,107.0,10,608,True,,,0.0753000006079673,0.0797731205821037,0.0968521237373352
traffic,PatchTST,time_stretch,4,7218,79,0.4942803978919983,MSE,0.3723537623882293,0.873369038105011,forecast,107.0,10,632,True,,,0.0461999997496604,0.1211499571800232,0.2780241966247558
traffic,PatchTST,time_stretch,4,7218,79,0.4942803978919983,MSE,0.3723537623882293,0.873369038105011,forecast,107.0,10,840,True,,,0.0421000011265277,0.1951057165861129,0.5072571635246277
traffic,PatchTST,time_stretch,4,7218,79,0.4942803978919983,MSE,0.3723537623882293,0.873369038105011,forecast,108.0,11,9,True,,,0.0728999972343444,0.0834922268986702,0.0923868268728256
traffic,PatchTST,time_stretch,4,7218,79,0.4942803978919983,MSE,0.3723537623882293,0.873369038105011,forecast,108.0,11,43,True,,,0.1049000024795532,0.1114225462079048,0.1327962875366211
traffic,PatchTST,time_stretch,4,7218,79,0.4942803978919983,MSE,0.3723537623882293,0.873369038105011,forecast,108.0,11,217,True,,,0.0864999964833259,0.0918323770165443,0.1105341762304306
traffic,PatchTST,time_stretch,4,7218,79,0.4942803978919983,MSE,0.3723537623882293,0.873369038105011,forecast,108.0,11,304,True,,,0.092299997806549,0.1165625602006912,0.1097961217164993
traffic,PatchTST,time_stretch,4,7218,79,0.4942803978919983,MSE,0.3723537623882293,0.873369038105011,forecast,108.0,11,397,True,,,0.2303999960422516,0.1415820121765136,0.0833879858255386
traffic,PatchTST,time_stretch,4,7218,79,0.4942803978919983,MSE,0.3723537623882293,0.873369038105011,forecast,108.0,11,475,True,,,0.2876999974250793,0.1992406845092773,0.2888726592063904
traffic,PatchTST,time_stretch,4,7218,79,0.4942803978919983,MSE,0.3723537623882293,0.873369038105011,forecast,108.0,11,580,True,,,0.069300003349781,0.0675014406442642,0.0919283330440521
traffic,PatchTST,time_stretch,4,7218,79,0.4942803978919983,MSE,0.3723537623882293,0.873369038105011,forecast,108.0,11,586,True,,,0.0807999968528747,0.0805765092372894,0.0951419845223426
traffic,PatchTST,time_stretch,4,7218,79,0.4942803978919983,MSE,0.3723537623882293,0.873369038105011,forecast,108.0,11,608,True,,,0.0834000036120414,0.0861690789461135,0.1058027371764183
traffic,PatchTST,time_stretch,4,7218,79,0.4942803978919983,MSE,0.3723537623882293,0.873369038105011,forecast,108.0,11,632,True,,,0.0447000004351139,0.1333526372909546,0.2971290051937103
traffic,PatchTST,time_stretch,4,7218,79,0.4942803978919983,MSE,0.3723537623882293,0.873369038105011,forecast,108.0,11,840,True,,,0.0441000014543533,0.1922330856323242,0.5590944886207581
traffic,PatchTST,time_stretch,4,7218,79,0.4942803978919983,MSE,0.3723537623882293,0.873369038105011,forecast,109.0,12,9,True,,,0.0850000008940696,0.0999302789568901,0.1044126376509666
traffic,PatchTST,time_stretch,4,7218,79,0.4942803978919983,MSE,0.3723537623882293,0.873369038105011,forecast,109.0,12,43,True,,,0.2552999854087829,0.1836760342121124,0.1308718919754028
traffic,PatchTST,time_stretch,4,7218,79,0.4942803978919983,MSE,0.3723537623882293,0.873369038105011,forecast,109.0,12,217,True,,,0.1121999993920326,0.0969263911247253,0.1223587989807128
traffic,PatchTST,time_stretch,4,7218,79,0.4942803978919983,MSE,0.3723537623882293,0.873369038105011,forecast,109.0,12,304,True,,,0.0944999977946281,0.1624201834201812,0.1094497442245483
traffic,PatchTST,time_stretch,4,7218,79,0.4942803978919983,MSE,0.3723537623882293,0.873369038105011,forecast,109.0,12,397,True,,,0.1955000162124633,0.1847894936800003,0.0893441662192344
traffic,PatchTST,time_stretch,4,7218,79,0.4942803978919983,MSE,0.3723537623882293,0.873369038105011,forecast,109.0,12,475,True,,,0.3176999986171722,0.1685880422592163,0.2781153321266174
traffic,PatchTST,time_stretch,4,7218,79,0.4942803978919983,MSE,0.3723537623882293,0.873369038105011,forecast,109.0,12,580,True,,,0.0982000008225441,0.1146519258618354,0.0899029821157455
traffic,PatchTST,time_stretch,4,7218,79,0.4942803978919983,MSE,0.3723537623882293,0.873369038105011,forecast,109.0,12,586,True,,,0.0817999988794326,0.1022218465805053,0.1097457185387611
traffic,PatchTST,time_stretch,4,7218,79,0.4942803978919983,MSE,0.3723537623882293,0.873369038105011,forecast,109.0,12,608,True,,,0.0971999987959861,0.1102879717946052,0.1093190088868141
traffic,PatchTST,time_stretch,4,7218,79,0.4942803978919983,MSE,0.3723537623882293,0.873369038105011,forecast,109.0,12,632,True,,,0.0423999987542629,0.1407146006822586,0.2917346060276031
traffic,PatchTST,time_stretch,4,7218,79,0.4942803978919983,MSE,0.3723537623882293,0.873369038105011,forecast,109.0,12,840,True,,,0.0333999991416931,0.1651486605405807,0.4380240738391876
traffic,PatchTST,time_stretch,4,7218,79,0.4942803978919983,MSE,0.3723537623882293,0.873369038105011,forecast,110.0,13,9,True,,,0.1312000006437301,0.1282442361116409,0.1133817806839943
traffic,PatchTST,time_stretch,4,7218,79,0.4942803978919983,MSE,0.3723537623882293,0.873369038105011,forecast,110.0,13,43,True,,,0.3231000006198883,0.2377995252609253,0.1313808262348175
traffic,PatchTST,time_stretch,4,7218,79,0.4942803978919983,MSE,0.3723537623882293,0.873369038105011,forecast,110.0,13,217,True,,,0.1105000004172325,0.1044626086950302,0.1283042430877685
traffic,PatchTST,time_stretch,4,7218,79,0.4942803978919983,MSE,0.3723537623882293,0.873369038105011,forecast,110.0,13,304,True,,,0.0953999981284141,0.1770919263362884,0.1081028506159782
traffic,PatchTST,time_stretch,4,7218,79,0.4942803978919983,MSE,0.3723537623882293,0.873369038105011,forecast,110.0,13,397,True,,,0.1141000017523765,0.2244593799114227,0.1059088483452797
traffic,PatchTST,time_stretch,4,7218,79,0.4942803978919983,MSE,0.3723537623882293,0.873369038105011,forecast,110.0,13,475,True,,,0.0653000026941299,0.1341704726219177,0.2532567381858825
traffic,PatchTST,time_stretch,4,7218,79,0.4942803978919983,MSE,0.3723537623882293,0.873369038105011,forecast,110.0,13,580,True,,,0.0782999992370605,0.1654496043920517,0.0919525027275085
traffic,PatchTST,time_stretch,4,7218,79,0.4942803978919983,MSE,0.3723537623882293,0.873369038105011,forecast,110.0,13,586,True,,,0.1662999987602234,0.1394267082214355,0.1187193095684051
traffic,PatchTST,time_stretch,4,7218,79,0.4942803978919983,MSE,0.3723537623882293,0.873369038105011,forecast,110.0,13,608,True,,,0.2134999930858612,0.1911606341600418,0.1174929365515708
traffic,PatchTST,time_stretch,4,7218,79,0.4942803978919983,MSE,0.3723537623882293,0.873369038105011,forecast,110.0,13,632,True,,,0.0480000004172325,0.1466220170259475,0.2893733978271484
traffic,PatchTST,time_stretch,4,7218,79,0.4942803978919983,MSE,0.3723537623882293,0.873369038105011,forecast,110.0,13,840,True,,,0.0337999984622001,0.1187523305416107,0.3270401358604431
traffic,PatchTST,time_stretch,4,7218,79,0.4942803978919983,MSE,0.3723537623882293,0.873369038105011,forecast,111.0,14,9,True,,,0.3481000065803528,0.179267406463623,0.1159707307815551
traffic,PatchTST,time_stretch,4,7218,79,0.4942803978919983,MSE,0.3723537623882293,0.873369038105011,forecast,111.0,14,43,True,,,0.2520000040531158,0.2286745905876159,0.1230429112911224
traffic,PatchTST,time_stretch,4,7218,79,0.4942803978919983,MSE,0.3723537623882293,0.873369038105011,forecast,111.0,14,217,True,,,0.1298000067472458,0.1114341467618942,0.1202795282006263
traffic,PatchTST,time_stretch,4,7218,79,0.4942803978919983,MSE,0.3723537623882293,0.873369038105011,forecast,111.0,14,304,True,,,0.0917000025510788,0.1851041913032531,0.1084611415863037
traffic,PatchTST,time_stretch,4,7218,79,0.4942803978919983,MSE,0.3723537623882293,0.873369038105011,forecast,111.0,14,397,True,,,0.2249000072479248,0.2231753468513488,0.1179202497005462
traffic,PatchTST,time_stretch,4,7218,79,0.4942803978919983,MSE,0.3723537623882293,0.873369038105011,forecast,111.0,14,475,True,,,0.0546000003814697,0.100545085966587,0.2235573828220367
traffic,PatchTST,time_stretch,4,7218,79,0.4942803978919983,MSE,0.3723537623882293,0.873369038105011,forecast,111.0,14,580,True,,,0.0636000037193298,0.1659041941165924,0.092552863061428
traffic,PatchTST,time_stretch,4,7218,79,0.4942803978919983,MSE,0.3723537623882293,0.873369038105011,forecast,111.0,14,586,True,,,0.4028999805450439,0.1955078542232513,0.1215004026889801
traffic,PatchTST,time_stretch,4,7218,79,0.4942803978919983,MSE,0.3723537623882293,0.873369038105011,forecast,111.0,14,608,True,,,0.251800000667572,0.2417961359024047,0.1206980124115943
traffic,PatchTST,time_stretch,4,7218,79,0.4942803978919983,MSE,0.3723537623882293,0.873369038105011,forecast,111.0,14,632,True,,,0.0438000001013278,0.1753324121236801,0.2995713949203491
traffic,PatchTST,time_stretch,4,7218,79,0.4942803978919983,MSE,0.3723537623882293,0.873369038105011,forecast,111.0,14,840,True,,,0.0307000000029802,0.1273561418056488,0.3386833965778351
traffic,PatchTST,time_stretch,4,7218,79,0.4942803978919983,MSE,0.3723537623882293,0.873369038105011,forecast,112.0,15,9,True,,,0.1859000027179718,0.1764053702354431,0.1063010841608047
traffic,PatchTST,time_stretch,4,7218,79,0.4942803978919983,MSE,0.3723537623882293,0.873369038105011,forecast,112.0,15,43,True,,,0.0971999987959861,0.1566526144742965,0.1074570715427398
traffic,PatchTST,time_stretch,4,7218,79,0.4942803978919983,MSE,0.3723537623882293,0.873369038105011,forecast,112.0,15,217,True,,,0.1067999973893165,0.0886462926864624,0.1032459288835525
traffic,PatchTST,time_stretch,4,7218,79,0.4942803978919983,MSE,0.3723537623882293,0.873369038105011,forecast,112.0,15,304,True,,,0.0866999998688697,0.1346205770969391,0.0991165786981582
traffic,PatchTST,time_stretch,4,7218,79,0.4942803978919983,MSE,0.3723537623882293,0.873369038105011,forecast,112.0,15,397,True,,,0.0671999976038932,0.1497058719396591,0.1099693328142166
traffic,PatchTST,time_stretch,4,7218,79,0.4942803978919983,MSE,0.3723537623882293,0.873369038105011,forecast,112.0,15,475,True,,,0.2363000065088272,0.0750385075807571,0.192846804857254
traffic,PatchTST,time_stretch,4,7218,79,0.4942803978919983,MSE,0.3723537623882293,0.873369038105011,forecast,112.0,15,580,True,,,0.0644000023603439,0.1176874488592147,0.0880433022975921
traffic,PatchTST,time_stretch,4,7218,79,0.4942803978919983,MSE,0.3723537623882293,0.873369038105011,forecast,112.0,15,586,True,,,0.2560999989509582,0.1809979826211929,0.1123388409614563
traffic,PatchTST,time_stretch,4,7218,79,0.4942803978919983,MSE,0.3723537623882293,0.873369038105011,forecast,112.0,15,608,True,,,0.0982000008225441,0.158567190170288,0.120968759059906
traffic,PatchTST,time_stretch,4,7218,79,0.4942803978919983,MSE,0.3723537623882293,0.873369038105011,forecast,112.0,15,632,True,,,0.0377000011503696,0.1288442909717559,0.2846891283988952
traffic,PatchTST,time_stretch,4,7218,79,0.4942803978919983,MSE,0.3723537623882293,0.873369038105011,forecast,112.0,15,840,True,,,0.0254999995231628,0.1179570406675338,0.3138770461082458
traffic,PatchTST,time_stretch,4,7218,79,0.4942803978919983,MSE,0.3723537623882293,0.873369038105011,forecast,113.0,16,9,True,,,0.0894000008702278,0.0886538550257682,0.091433897614479
traffic,PatchTST,time_stretch,4,7218,79,0.4942803978919983,MSE,0.3723537623882293,0.873369038105011,forecast,113.0,16,43,True,,,0.0852999985218048,0.0888870134949684,0.092507280409336
traffic,PatchTST,time_stretch,4,7218,79,0.4942803978919983,MSE,0.3723537623882293,0.873369038105011,forecast,113.0,16,217,True,,,0.0750000029802322,0.0621862933039665,0.0895929858088493
traffic,PatchTST,time_stretch,4,7218,79,0.4942803978919983,MSE,0.3723537623882293,0.873369038105011,forecast,113.0,16,304,True,,,0.0848999992012977,0.0749775990843772,0.0913672894239425
traffic,PatchTST,time_stretch,4,7218,79,0.4942803978919983,MSE,0.3723537623882293,0.873369038105011,forecast,113.0,16,397,True,,,0.0630000010132789,0.0791727229952812,0.1020475476980209
traffic,PatchTST,time_stretch,4,7218,79,0.4942803978919983,MSE,0.3723537623882293,0.873369038105011,forecast,113.0,16,475,True,,,0.0513999983668327,0.0527474470436573,0.1627803295850753
traffic,PatchTST,time_stretch,4,7218,79,0.4942803978919983,MSE,0.3723537623882293,0.873369038105011,forecast,113.0,16,580,True,,,0.0439999997615814,0.0505663082003593,0.0831203758716583
traffic,PatchTST,time_stretch,4,7218,79,0.4942803978919983,MSE,0.3723537623882293,0.873369038105011,forecast,113.0,16,586,True,,,0.1067000031471252,0.0877890586853027,0.0999536141753196
traffic,PatchTST,time_stretch,4,7218,79,0.4942803978919983,MSE,0.3723537623882293,0.873369038105011,forecast,113.0,16,608,True,,,0.0835999995470047,0.0865054577589035,0.121377408504486
traffic,PatchTST,time_stretch,4,7218,79,0.4942803978919983,MSE,0.3723537623882293,0.873369038105011,forecast,113.0,16,632,True,,,0.0346000008285045,0.0619181767106056,0.2141937613487243
traffic,PatchTST,time_stretch,4,7218,79,0.4942803978919983,MSE,0.3723537623882293,0.873369038105011,forecast,113.0,16,840,True,,,0.0189999993890523,0.086908683180809,0.2824651896953583
traffic,PatchTST,time_stretch,4,7218,79,0.4942803978919983,MSE,0.3723537623882293,0.873369038105011,forecast,114.0,17,9,True,,,0.0425999984145164,0.0478133484721183,0.0788468718528747
traffic,PatchTST,time_stretch,4,7218,79,0.4942803978919983,MSE,0.3723537623882293,0.873369038105011,forecast,114.0,17,43,True,,,0.0756999999284744,0.0678461492061615,0.088403046131134
traffic,PatchTST,time_stretch,4,7218,79,0.4942803978919983,MSE,0.3723537623882293,0.873369038105011,forecast,114.0,17,217,True,,,0.0526000000536441,0.0506473183631897,0.0780857354402542
traffic,PatchTST,time_stretch,4,7218,79,0.4942803978919983,MSE,0.3723537623882293,0.873369038105011,forecast,114.0,17,304,True,,,0.0689999982714653,0.0562390387058258,0.0945866703987121
traffic,PatchTST,time_stretch,4,7218,79,0.4942803978919983,MSE,0.3723537623882293,0.873369038105011,forecast,114.0,17,397,True,,,0.0526000000536441,0.0632692575454711,0.0886496305465698
traffic,PatchTST,time_stretch,4,7218,79,0.4942803978919983,MSE,0.3723537623882293,0.873369038105011,forecast,114.0,17,475,True,,,0.0444000028073787,0.0366162955760955,0.1426175534725189
traffic,PatchTST,time_stretch,4,7218,79,0.4942803978919983,MSE,0.3723537623882293,0.873369038105011,forecast,114.0,17,580,True,,,0.030299998819828,0.0255308113992214,0.0777044743299484
traffic,PatchTST,time_stretch,4,7218,79,0.4942803978919983,MSE,0.3723537623882293,0.873369038105011,forecast,114.0,17,586,True,,,0.0456000007688999,0.0509187281131744,0.0873858034610748
traffic,PatchTST,time_stretch,4,7218,79,0.4942803978919983,MSE,0.3723537623882293,0.873369038105011,forecast,114.0,17,608,True,,,0.0668999999761581,0.0760580003261566,0.1158534213900566
traffic,PatchTST,time_stretch,4,7218,79,0.4942803978919983,MSE,0.3723537623882293,0.873369038105011,forecast,114.0,17,632,True,,,0.0302000008523464,0.0390748381614685,0.1782001405954361
traffic,PatchTST,time_stretch,4,7218,79,0.4942803978919983,MSE,0.3723537623882293,0.873369038105011,forecast,114.0,17,840,True,,,0.0146000012755393,0.0327717252075672,0.2293412834405899
traffic,PatchTST,time_stretch,4,7218,79,0.4942803978919983,MSE,0.3723537623882293,0.873369038105011,forecast,115.0,18,9,True,,,0.0262000001966953,0.0349612720310688,0.0707907900214195
traffic,PatchTST,time_stretch,4,7218,79,0.4942803978919983,MSE,0.3723537623882293,0.873369038105011,forecast,115.0,18,43,True,,,0.0626000016927719,0.0646983087062835,0.0858618095517158
traffic,PatchTST,time_stretch,4,7218,79,0.4942803978919983,MSE,0.3723537623882293,0.873369038105011,forecast,115.0,18,217,True,,,0.0419999994337558,0.0441904738545417,0.0710918307304382
traffic,PatchTST,time_stretch,4,7218,79,0.4942803978919983,MSE,0.3723537623882293,0.873369038105011,forecast,115.0,18,304,True,,,0.0568000003695488,0.0509022176265716,0.0922304168343544
traffic,PatchTST,time_stretch,4,7218,79,0.4942803978919983,MSE,0.3723537623882293,0.873369038105011,forecast,115.0,18,397,True,,,0.047699999064207,0.059164673089981,0.0729864835739135
traffic,PatchTST,time_stretch,4,7218,79,0.4942803978919983,MSE,0.3723537623882293,0.873369038105011,forecast,115.0,18,475,True,,,0.0396999977529048,0.0327878147363662,0.1396746039390564
traffic,PatchTST,time_stretch,4,7218,79,0.4942803978919983,MSE,0.3723537623882293,0.873369038105011,forecast,115.0,18,580,True,,,0.0143999978899955,0.0212717577815055,0.0684677585959434
traffic,PatchTST,time_stretch,4,7218,79,0.4942803978919983,MSE,0.3723537623882293,0.873369038105011,forecast,115.0,18,586,True,,,0.0315000005066394,0.0387704446911811,0.0767924264073371
traffic,PatchTST,time_stretch,4,7218,79,0.4942803978919983,MSE,0.3723537623882293,0.873369038105011,forecast,115.0,18,608,True,,,0.0606000013649463,0.0675752609968185,0.0989041626453399
traffic,PatchTST,time_stretch,4,7218,79,0.4942803978919983,MSE,0.3723537623882293,0.873369038105011,forecast,115.0,18,632,True,,,0.029399998486042,0.02853849157691,0.1739333122968673
traffic,PatchTST,time_stretch,4,7218,79,0.4942803978919983,MSE,0.3723537623882293,0.873369038105011,forecast,115.0,18,840,True,,,0.0159000009298324,0.0149820540100336,0.1892579942941665
traffic,PatchTST,time_stretch,4,7218,79,0.4942803978919983,MSE,0.3723537623882293,0.873369038105011,forecast,116.0,19,9,True,,,0.0181000009179115,0.0262335687875747,0.0536929965019226
traffic,PatchTST,time_stretch,4,7218,79,0.4942803978919983,MSE,0.3723537623882293,0.873369038105011,forecast,116.0,19,43,True,,,0.0570000000298023,0.0526069365441799,0.0727951452136039
traffic,PatchTST,time_stretch,4,7218,79,0.4942803978919983,MSE,0.3723537623882293,0.873369038105011,forecast,116.0,19,217,True,,,0.0310999974608421,0.0342727117240428,0.0622847080230712
traffic,PatchTST,time_stretch,4,7218,79,0.4942803978919983,MSE,0.3723537623882293,0.873369038105011,forecast,116.0,19,304,True,,,0.0423999987542629,0.0422201007604599,0.0773785859346389
traffic,PatchTST,time_stretch,4,7218,79,0.4942803978919983,MSE,0.3723537623882293,0.873369038105011,forecast,116.0,19,397,True,,,0.0351999998092651,0.0459779314696788,0.0596027188003063
traffic,PatchTST,time_stretch,4,7218,79,0.4942803978919983,MSE,0.3723537623882293,0.873369038105011,forecast,116.0,19,475,True,,,0.0309999994933605,0.0477284677326679,0.1526821255683899
traffic,PatchTST,time_stretch,4,7218,79,0.4942803978919983,MSE,0.3723537623882293,0.873369038105011,forecast,116.0,19,580,True,,,0.0038999989628791,0.0178916193544864,0.0525348521769046
traffic,PatchTST,time_stretch,4,7218,79,0.4942803978919983,MSE,0.3723537623882293,0.873369038105011,forecast,116.0,19,586,True,,,0.0218999981880188,0.0284079387784004,0.0569127611815929
traffic,PatchTST,time_stretch,4,7218,79,0.4942803978919983,MSE,0.3723537623882293,0.873369038105011,forecast,116.0,19,608,True,,,0.0511000007390975,0.0513252913951873,0.074897713959217
traffic,PatchTST,time_stretch,4,7218,79,0.4942803978919983,MSE,0.3723537623882293,0.873369038105011,forecast,116.0,19,632,True,,,0.0248000025749206,0.0320802889764308,0.1668219268321991
traffic,PatchTST,time_stretch,4,7218,79,0.4942803978919983,MSE,0.3723537623882293,0.873369038105011,forecast,116.0,19,840,True,,,0.0120999999344348,0.0215505715459585,0.1656535416841507
traffic,PatchTST,time_stretch,4,7218,79,0.4942803978919983,MSE,0.3723537623882293,0.873369038105011,forecast,117.0,20,9,True,,,0.0102000012993812,0.0184637866914272,0.0409371852874755
traffic,PatchTST,time_stretch,4,7218,79,0.4942803978919983,MSE,0.3723537623882293,0.873369038105011,forecast,117.0,20,43,True,,,0.0397000014781951,0.0420260801911354,0.0643823444843292
traffic,PatchTST,time_stretch,4,7218,79,0.4942803978919983,MSE,0.3723537623882293,0.873369038105011,forecast,117.0,20,217,True,,,0.0196999981999397,0.0247738026082515,0.0547879859805107
traffic,PatchTST,time_stretch,4,7218,79,0.4942803978919983,MSE,0.3723537623882293,0.873369038105011,forecast,117.0,20,304,True,,,0.0425999984145164,0.0287089981138706,0.0593462586402893
traffic,PatchTST,time_stretch,4,7218,79,0.4942803978919983,MSE,0.3723537623882293,0.873369038105011,forecast,117.0,20,397,True,,,0.0274999998509883,0.0338787883520126,0.0587002262473106
traffic,PatchTST,time_stretch,4,7218,79,0.4942803978919983,MSE,0.3723537623882293,0.873369038105011,forecast,117.0,20,475,True,,,0.0190000012516975,0.0356855019927024,0.1357350349426269
traffic,PatchTST,time_stretch,4,7218,79,0.4942803978919983,MSE,0.3723537623882293,0.873369038105011,forecast,117.0,20,580,True,,,0.0028999969363212,0.0134418793022632,0.0452009662985801
traffic,PatchTST,time_stretch,4,7218,79,0.4942803978919983,MSE,0.3723537623882293,0.873369038105011,forecast,117.0,20,586,True,,,0.0137000009417533,0.0187560319900512,0.0441850908100605
traffic,PatchTST,time_stretch,4,7218,79,0.4942803978919983,MSE,0.3723537623882293,0.873369038105011,forecast,117.0,20,608,True,,,0.0384000018239021,0.0414510518312454,0.0644077882170677
traffic,PatchTST,time_stretch,4,7218,79,0.4942803978919983,MSE,0.3723537623882293,0.873369038105011,forecast,117.0,20,632,True,,,0.0155000016093254,0.0250398814678192,0.1400712728500366
traffic,PatchTST,time_stretch,4,7218,79,0.4942803978919983,MSE,0.3723537623882293,0.873369038105011,forecast,117.0,20,840,True,,,0.0065000001341104,0.0242552980780601,0.1093073040246963
traffic,PatchTST,time_stretch,4,7218,79,0.4942803978919983,MSE,0.3723537623882293,0.873369038105011,forecast,118.0,21,9,True,,,0.0051999986171722,0.0088792741298675,0.0319313295185565
traffic,PatchTST,time_stretch,4,7218,79,0.4942803978919983,MSE,0.3723537623882293,0.873369038105011,forecast,118.0,21,43,True,,,0.0223999992012977,0.0359189063310623,0.0514774918556213
traffic,PatchTST,time_stretch,4,7218,79,0.4942803978919983,MSE,0.3723537623882293,0.873369038105011,forecast,118.0,21,217,True,,,0.0121999979019165,0.0173814967274665,0.0467830449342727
traffic,PatchTST,time_stretch,4,7218,79,0.4942803978919983,MSE,0.3723537623882293,0.873369038105011,forecast,118.0,21,304,True,,,0.0196000002324581,0.0212383493781089,0.0394268706440925
traffic,PatchTST,time_stretch,4,7218,79,0.4942803978919983,MSE,0.3723537623882293,0.873369038105011,forecast,118.0,21,397,True,,,0.0196999981999397,0.0231825709342956,0.0620375610888004
traffic,PatchTST,time_stretch,4,7218,79,0.4942803978919983,MSE,0.3723537623882293,0.873369038105011,forecast,118.0,21,475,True,,,0.0137000009417533,0.0255526155233383,0.1197222769260406
traffic,PatchTST,time_stretch,4,7218,79,0.4942803978919983,MSE,0.3723537623882293,0.873369038105011,forecast,118.0,21,580,True,,,0.0029999986290931,0.0090840943157672,0.0359838902950286
traffic,PatchTST,time_stretch,4,7218,79,0.4942803978919983,MSE,0.3723537623882293,0.873369038105011,forecast,118.0,21,586,True,,,0.006800003349781,0.008468173444271,0.0348452478647232
traffic,PatchTST,time_stretch,4,7218,79,0.4942803978919983,MSE,0.3723537623882293,0.873369038105011,forecast,118.0,21,608,True,,,0.02759999781847,0.0361509770154953,0.0542087815701961
traffic,PatchTST,time_stretch,4,7218,79,0.4942803978919983,MSE,0.3723537623882293,0.873369038105011,forecast,118.0,21,632,True,,,0.0089999958872795,0.0129614695906639,0.1177649945020675
traffic,PatchTST,time_stretch,4,7218,79,0.4942803978919983,MSE,0.3723537623882293,0.873369038105011,forecast,118.0,21,840,True,,,0.0062000006437301,0.0254204720258712,0.0453315488994121
traffic,PatchTST,time_stretch,4,7218,79,0.4942803978919983,MSE,0.3723537623882293,0.873369038105011,forecast,119.0,22,9,True,,,0.002199999988079,0.0070302337408065,0.0294150374829769
traffic,PatchTST,time_stretch,4,7218,79,0.4942803978919983,MSE,0.3723537623882293,0.873369038105011,forecast,119.0,22,43,True,,,0.0200999975204467,0.0302308164536952,0.0423558801412582
traffic,PatchTST,time_stretch,4,7218,79,0.4942803978919983,MSE,0.3723537623882293,0.873369038105011,forecast,119.0,22,217,True,,,0.0102000012993812,0.0127820819616317,0.0423426181077957
traffic,PatchTST,time_stretch,4,7218,79,0.4942803978919983,MSE,0.3723537623882293,0.873369038105011,forecast,119.0,22,304,True,,,0.0126000009477138,0.014843039214611,0.0307075567543506
traffic,PatchTST,time_stretch,4,7218,79,0.4942803978919983,MSE,0.3723537623882293,0.873369038105011,forecast,119.0,22,397,True,,,0.0151999965310096,0.0202068984508514,0.0614024810492992
traffic,PatchTST,time_stretch,4,7218,79,0.4942803978919983,MSE,0.3723537623882293,0.873369038105011,forecast,119.0,22,475,True,,,0.0106000006198883,0.0215165987610816,0.1185841858386993
traffic,PatchTST,time_stretch,4,7218,79,0.4942803978919983,MSE,0.3723537623882293,0.873369038105011,forecast,119.0,22,580,True,,,0.003100000321865,0.0067637041211128,0.0321969911456108
traffic,PatchTST,time_stretch,4,7218,79,0.4942803978919983,MSE,0.3723537623882293,0.873369038105011,forecast,119.0,22,586,True,,,0.0034999996423721,0.0067328661680221,0.0313556902110576
traffic,PatchTST,time_stretch,4,7218,79,0.4942803978919983,MSE,0.3723537623882293,0.873369038105011,forecast,119.0,22,608,True,,,0.0221000015735626,0.0307004302740097,0.0477386228740215
traffic,PatchTST,time_stretch,4,7218,79,0.4942803978919983,MSE,0.3723537623882293,0.873369038105011,forecast,119.0,22,632,True,,,0.0063999965786933,0.0134818777441978,0.0889930576086044
traffic,PatchTST,time_stretch,4,7218,79,0.4942803978919983,MSE,0.3723537623882293,0.873369038105011,forecast,119.0,22,840,True,,,0.0052000004798173,0.0381442084908485,0.0202965289354324
traffic,PatchTST,time_stretch,4,7218,79,0.4942803978919983,MSE,0.3723537623882293,0.873369038105011,forecast,120.0,23,9,True,,,0.002199999988079,0.0031333714723587,0.0359967276453971
traffic,PatchTST,time_stretch,4,7218,79,0.4942803978919983,MSE,0.3723537623882293,0.873369038105011,forecast,120.0,23,43,True,,,0.0186000019311904,0.026211678981781,0.0379991270601749
traffic,PatchTST,time_stretch,4,7218,79,0.4942803978919983,MSE,0.3723537623882293,0.873369038105011,forecast,120.0,23,217,True,,,0.008600004017353,0.0136501602828502,0.0359901450574398
traffic,PatchTST,time_stretch,4,7218,79,0.4942803978919983,MSE,0.3723537623882293,0.873369038105011,forecast,120.0,23,304,True,,,0.0124000012874603,0.0129524581134319,0.0284977369010448
traffic,PatchTST,time_stretch,4,7218,79,0.4942803978919983,MSE,0.3723537623882293,0.873369038105011,forecast,120.0,23,397,True,,,0.0144999995827674,0.0180460214614868,0.0621367469429969
traffic,PatchTST,time_stretch,4,7218,79,0.4942803978919983,MSE,0.3723537623882293,0.873369038105011,forecast,120.0,23,475,True,,,0.0119000002741813,0.0230662673711776,0.125191181898117
traffic,PatchTST,time_stretch,4,7218,79,0.4942803978919983,MSE,0.3723537623882293,0.873369038105011,forecast,120.0,23,580,True,,,0.003100000321865,0.0035789161920547,0.0282623618841171
traffic,PatchTST,time_stretch,4,7218,79,0.4942803978919983,MSE,0.3723537623882293,0.873369038105011,forecast,120.0,23,586,True,,,0.003100000321865,0.0020225495100021,0.0391072109341621
traffic,PatchTST,time_stretch,4,7218,79,0.4942803978919983,MSE,0.3723537623882293,0.873369038105011,forecast,120.0,23,608,True,,,0.0201999992132186,0.0287114307284355,0.0453823879361152
traffic,PatchTST,time_stretch,4,7218,79,0.4942803978919983,MSE,0.3723537623882293,0.873369038105011,forecast,120.0,23,632,True,,,0.0069999992847442,0.0167789161205291,0.0635955333709716
traffic,PatchTST,time_stretch,4,7218,79,0.4942803978919983,MSE,0.3723537623882293,0.873369038105011,forecast,120.0,23,840,True,,,0.0054999999701976,0.0701824873685836,0.0345030911266803
traffic,PatchTST,time_stretch,4,7218,79,0.4942803978919983,MSE,0.3723537623882293,0.873369038105011,forecast,121.0,24,9,True,,,0.002700001001358,0.0066293999552726,0.0450987219810485
traffic,PatchTST,time_stretch,4,7218,79,0.4942803978919983,MSE,0.3723537623882293,0.873369038105011,forecast,121.0,24,43,True,,,0.0129000023007392,0.0255324132740497,0.0393606424331665
traffic,PatchTST,time_stretch,4,7218,79,0.4942803978919983,MSE,0.3723537623882293,0.873369038105011,forecast,121.0,24,217,True,,,0.0100999996066093,0.0154849514365196,0.0371816456317901
traffic,PatchTST,time_stretch,4,7218,79,0.4942803978919983,MSE,0.3723537623882293,0.873369038105011,forecast,121.0,24,304,True,,,0.0102000012993812,0.0139760859310626,0.0286613516509532
traffic,PatchTST,time_stretch,4,7218,79,0.4942803978919983,MSE,0.3723537623882293,0.873369038105011,forecast,121.0,24,397,True,,,0.0177000015974044,0.0219628140330314,0.0649444311857223
traffic,PatchTST,time_stretch,4,7218,79,0.4942803978919983,MSE,0.3723537623882293,0.873369038105011,forecast,121.0,24,475,True,,,0.0169000029563903,0.0235934481024742,0.125838965177536
traffic,PatchTST,time_stretch,4,7218,79,0.4942803978919983,MSE,0.3723537623882293,0.873369038105011,forecast,121.0,24,580,True,,,0.0029999986290931,0.0040236935019493,0.0267441496253013
traffic,PatchTST,time_stretch,4,7218,79,0.4942803978919983,MSE,0.3723537623882293,0.873369038105011,forecast,121.0,24,586,True,,,0.0038999989628791,0.0063767805695533,0.0505081713199615
traffic,PatchTST,time_stretch,4,7218,79,0.4942803978919983,MSE,0.3723537623882293,0.873369038105011,forecast,121.0,24,608,True,,,0.0173000022768974,0.0274352878332138,0.0457020998001098
traffic,PatchTST,time_stretch,4,7218,79,0.4942803978919983,MSE,0.3723537623882293,0.873369038105011,forecast,121.0,24,632,True,,,0.0112999975681304,0.0349513851106166,0.0412060245871543
traffic,PatchTST,time_stretch,4,7218,79,0.4942803978919983,MSE,0.3723537623882293,0.873369038105011,forecast,121.0,24,840,True,,,0.008899999782443,0.1363144069910049,0.0659032016992569
traffic,PatchTST,time_stretch,4,7218,79,0.4942803978919983,MSE,0.3723537623882293,0.873369038105011,forecast,122.0,25,9,True,,,0.0077999979257583,0.0125640481710433,0.0473935157060623
traffic,PatchTST,time_stretch,4,7218,79,0.4942803978919983,MSE,0.3723537623882293,0.873369038105011,forecast,122.0,25,43,True,,,0.0165999978780746,0.026028823107481,0.0411259047687053
traffic,PatchTST,time_stretch,4,7218,79,0.4942803978919983,MSE,0.3723537623882293,0.873369038105011,forecast,122.0,25,217,True,,,0.0229999981820583,0.0307208187878131,0.0472349822521209
traffic,PatchTST,time_stretch,4,7218,79,0.4942803978919983,MSE,0.3723537623882293,0.873369038105011,forecast,122.0,25,304,True,,,0.0148000009357929,0.0142606757581233,0.0312132649123668
traffic,PatchTST,time_stretch,4,7218,79,0.4942803978919983,MSE,0.3723537623882293,0.873369038105011,forecast,122.0,25,397,True,,,0.0334999971091747,0.0383801721036434,0.0663181990385055
traffic,PatchTST,time_stretch,4,7218,79,0.4942803978919983,MSE,0.3723537623882293,0.873369038105011,forecast,122.0,25,475,True,,,0.0394999980926513,0.0420993566513061,0.1319010555744171
traffic,PatchTST,time_stretch,4,7218,79,0.4942803978919983,MSE,0.3723537623882293,0.873369038105011,forecast,122.0,25,580,True,,,0.0031999982893466,0.0053775608539581,0.0266945995390415
traffic,PatchTST,time_stretch,4,7218,79,0.4942803978919983,MSE,0.3723537623882293,0.873369038105011,forecast,122.0,25,586,True,,,0.0102000012993812,0.0165616013109684,0.0528526380658149
traffic,PatchTST,time_stretch,4,7218,79,0.4942803978919983,MSE,0.3723537623882293,0.873369038105011,forecast,122.0,25,608,True,,,0.0209999978542327,0.0296117216348648,0.0435506962239742
traffic,PatchTST,time_stretch,4,7218,79,0.4942803978919983,MSE,0.3723537623882293,0.873369038105011,forecast,122.0,25,632,True,,,0.0337000004947185,0.06668321788311,0.0243768692016601
traffic,PatchTST,time_stretch,4,7218,79,0.4942803978919983,MSE,0.3723537623882293,0.873369038105011,forecast,122.0,25,840,True,,,0.0208999998867511,0.1787974685430526,0.0924303978681564
traffic,PatchTST,time_stretch,4,7218,79,0.4942803978919983,MSE,0.3723537623882293,0.873369038105011,forecast,123.0,26,9,True,,,0.0210999995470047,0.0339116491377353,0.0456218719482421
traffic,PatchTST,time_stretch,4,7218,79,0.4942803978919983,MSE,0.3723537623882293,0.873369038105011,forecast,123.0,26,43,True,,,0.0315000005066394,0.0316426120698452,0.0439587496221065
traffic,PatchTST,time_stretch,4,7218,79,0.4942803978919983,MSE,0.3723537623882293,0.873369038105011,forecast,123.0,26,217,True,,,0.0861999988555908,0.0972070172429084,0.0668736323714256
traffic,PatchTST,time_stretch,4,7218,79,0.4942803978919983,MSE,0.3723537623882293,0.873369038105011,forecast,123.0,26,304,True,,,0.0261000022292137,0.023418303579092,0.0378529354929924
traffic,PatchTST,time_stretch,4,7218,79,0.4942803978919983,MSE,0.3723537623882293,0.873369038105011,forecast,123.0,26,397,True,,,0.0649000033736229,0.0664561539888382,0.0602993667125701
traffic,PatchTST,time_stretch,4,7218,79,0.4942803978919983,MSE,0.3723537623882293,0.873369038105011,forecast,123.0,26,475,True,,,0.0817999988794326,0.0901601910591125,0.1465958654880523
traffic,PatchTST,time_stretch,4,7218,79,0.4942803978919983,MSE,0.3723537623882293,0.873369038105011,forecast,123.0,26,580,True,,,0.0099000036716461,0.0165334232151508,0.0316536091268062
traffic,PatchTST,time_stretch,4,7218,79,0.4942803978919983,MSE,0.3723537623882293,0.873369038105011,forecast,123.0,26,586,True,,,0.028499998152256,0.0419285967946052,0.0485392957925796
traffic,PatchTST,time_stretch,4,7218,79,0.4942803978919983,MSE,0.3723537623882293,0.873369038105011,forecast,123.0,26,608,True,,,0.028499998152256,0.0344737768173217,0.0448259897530078
traffic,PatchTST,time_stretch,4,7218,79,0.4942803978919983,MSE,0.3723537623882293,0.873369038105011,forecast,123.0,26,632,True,,,0.1288000047206878,0.1553514003753662,0.0375218465924263
traffic,PatchTST,time_stretch,4,7218,79,0.4942803978919983,MSE,0.3723537623882293,0.873369038105011,forecast,123.0,26,840,True,,,0.3553999960422516,0.2610211372375488,0.0897483602166175
traffic,PatchTST,time_stretch,4,7218,79,0.4942803978919983,MSE,0.3723537623882293,0.873369038105011,forecast,124.0,27,9,True,,,0.0474000014364719,0.0636408925056457,0.0469605177640914
traffic,PatchTST,time_stretch,4,7218,79,0.4942803978919983,MSE,0.3723537623882293,0.873369038105011,forecast,124.0,27,43,True,,,0.0486999973654747,0.0480190739035606,0.0494875125586986
traffic,PatchTST,time_stretch,4,7218,79,0.4942803978919983,MSE,0.3723537623882293,0.873369038105011,forecast,124.0,27,217,True,,,0.2786000072956085,0.2147603631019592,0.0859312564134597
traffic,PatchTST,time_stretch,4,7218,79,0.4942803978919983,MSE,0.3723537623882293,0.873369038105011,forecast,124.0,27,304,True,,,0.0408000014722347,0.0405985713005065,0.044827289879322
traffic,PatchTST,time_stretch,4,7218,79,0.4942803978919983,MSE,0.3723537623882293,0.873369038105011,forecast,124.0,27,397,True,,,0.0747999995946884,0.0849093124270439,0.0635249242186546
traffic,PatchTST,time_stretch,4,7218,79,0.4942803978919983,MSE,0.3723537623882293,0.873369038105011,forecast,124.0,27,475,True,,,0.1798000037670135,0.1680719256401062,0.1636683344841003
traffic,PatchTST,time_stretch,4,7218,79,0.4942803978919983,MSE,0.3723537623882293,0.873369038105011,forecast,124.0,27,580,True,,,0.0340999998152256,0.0398473031818866,0.030059527605772
traffic,PatchTST,time_stretch,4,7218,79,0.4942803978919983,MSE,0.3723537623882293,0.873369038105011,forecast,124.0,27,586,True,,,0.0568999983370304,0.0746009424328804,0.0501697659492492
traffic,PatchTST,time_stretch,4,7218,79,0.4942803978919983,MSE,0.3723537623882293,0.873369038105011,forecast,124.0,27,608,True,,,0.0408999994397163,0.0465360730886459,0.0456807501614093
traffic,PatchTST,time_stretch,4,7218,79,0.4942803978919983,MSE,0.3723537623882293,0.873369038105011,forecast,124.0,27,632,True,,,0.3039999902248382,0.3321302235126495,0.0665439963340759
traffic,PatchTST,time_stretch,4,7218,79,0.4942803978919983,MSE,0.3723537623882293,0.873369038105011,forecast,124.0,27,840,True,,,0.5968000292778015,0.3634410500526428,0.1561851501464843
traffic,PatchTST,time_stretch,4,7218,79,0.4942803978919983,MSE,0.3723537623882293,0.873369038105011,forecast,125.0,28,9,True,,,0.0772000029683113,0.1094892621040344,0.0517622306942939
traffic,PatchTST,time_stretch,4,7218,79,0.4942803978919983,MSE,0.3723537623882293,0.873369038105011,forecast,125.0,28,43,True,,,0.0725999996066093,0.0674576982855796,0.0606945790350437
traffic,PatchTST,time_stretch,4,7218,79,0.4942803978919983,MSE,0.3723537623882293,0.873369038105011,forecast,125.0,28,217,True,,,0.4298000037670135,0.3398431539535522,0.1010238379240036
traffic,PatchTST,time_stretch,4,7218,79,0.4942803978919983,MSE,0.3723537623882293,0.873369038105011,forecast,125.0,28,304,True,,,0.0584000013768672,0.066609539091587,0.0558177903294563
traffic,PatchTST,time_stretch,4,7218,79,0.4942803978919983,MSE,0.3723537623882293,0.873369038105011,forecast,125.0,28,397,True,,,0.0847000032663345,0.0916654467582702,0.068117082118988
traffic,PatchTST,time_stretch,4,7218,79,0.4942803978919983,MSE,0.3723537623882293,0.873369038105011,forecast,125.0,28,475,True,,,0.2496999949216842,0.2516759634017944,0.185851514339447
traffic,PatchTST,time_stretch,4,7218,79,0.4942803978919983,MSE,0.3723537623882293,0.873369038105011,forecast,125.0,28,580,True,,,0.0917000025510788,0.0650907605886459,0.0359563641250133
traffic,PatchTST,time_stretch,4,7218,79,0.4942803978919983,MSE,0.3723537623882293,0.873369038105011,forecast,125.0,28,586,True,,,0.090499997138977,0.1294209063053131,0.056205965578556
traffic,PatchTST,time_stretch,4,7218,79,0.4942803978919983,MSE,0.3723537623882293,0.873369038105011,forecast,125.0,28,608,True,,,0.0593000017106533,0.0614835806190967,0.0528078265488147
traffic,PatchTST,time_stretch,4,7218,79,0.4942803978919983,MSE,0.3723537623882293,0.873369038105011,forecast,125.0,28,632,True,,,0.4248000085353851,0.3809145987033844,0.0952314585447311
traffic,PatchTST,time_stretch,4,7218,79,0.4942803978919983,MSE,0.3723537623882293,0.873369038105011,forecast,125.0,28,840,True,,,0.6004999876022339,0.3663690090179443,0.2529291808605194
traffic,PatchTST,time_stretch,4,7218,79,0.4942803978919983,MSE,0.3723537623882293,0.873369038105011,forecast,126.0,29,9,True,,,0.0830999985337257,0.1649686992168426,0.058576688170433
traffic,PatchTST,time_stretch,4,7218,79,0.4942803978919983,MSE,0.3723537623882293,0.873369038105011,forecast,126.0,29,43,True,,,0.0705000013113021,0.0716345012187957,0.0732307657599449
traffic,PatchTST,time_stretch,4,7218,79,0.4942803978919983,MSE,0.3723537623882293,0.873369038105011,forecast,126.0,29,217,True,,,0.2178000211715698,0.3164214789867401,0.1177239045500755
traffic,PatchTST,time_stretch,4,7218,79,0.4942803978919983,MSE,0.3723537623882293,0.873369038105011,forecast,126.0,29,304,True,,,0.0781000033020973,0.0815653800964355,0.0698020905256271
traffic,PatchTST,time_stretch,4,7218,79,0.4942803978919983,MSE,0.3723537623882293,0.873369038105011,forecast,126.0,29,397,True,,,0.0953999981284141,0.097608633339405,0.0698989853262901
traffic,PatchTST,time_stretch,4,7218,79,0.4942803978919983,MSE,0.3723537623882293,0.873369038105011,forecast,126.0,29,475,True,,,0.2759999930858612,0.2556717991828918,0.2130935192108154
traffic,PatchTST,time_stretch,4,7218,79,0.4942803978919983,MSE,0.3723537623882293,0.873369038105011,forecast,126.0,29,580,True,,,0.2196999937295913,0.086450308561325,0.0465278178453445
traffic,PatchTST,time_stretch,4,7218,79,0.4942803978919983,MSE,0.3723537623882293,0.873369038105011,forecast,126.0,29,586,True,,,0.1033999994397163,0.1913595646619796,0.0638830289244651
traffic,PatchTST,time_stretch,4,7218,79,0.4942803978919983,MSE,0.3723537623882293,0.873369038105011,forecast,126.0,29,608,True,,,0.0640000030398368,0.0663885548710823,0.0639707148075103
traffic,PatchTST,time_stretch,4,7218,79,0.4942803978919983,MSE,0.3723537623882293,0.873369038105011,forecast,126.0,29,632,True,,,0.4338000118732452,0.3508534133434295,0.118090271949768
traffic,PatchTST,time_stretch,4,7218,79,0.4942803978919983,MSE,0.3723537623882293,0.873369038105011,forecast,126.0,29,840,True,,,0.3776000142097473,0.3219556510448456,0.3268547356128692
traffic,PatchTST,time_stretch,4,7218,79,0.4942803978919983,MSE,0.3723537623882293,0.873369038105011,forecast,127.0,30,9,True,,,0.0811000019311904,0.1360171139240265,0.0646243914961814
traffic,PatchTST,time_stretch,4,7218,79,0.4942803978919983,MSE,0.3723537623882293,0.873369038105011,forecast,127.0,30,43,True,,,0.0648000016808509,0.0648445636034011,0.0857749208807945
traffic,PatchTST,time_stretch,4,7218,79,0.4942803978919983,MSE,0.3723537623882293,0.873369038105011,forecast,127.0,30,217,True,,,0.1169999986886978,0.1806407868862152,0.1231461688876152
traffic,PatchTST,time_stretch,4,7218,79,0.4942803978919983,MSE,0.3723537623882293,0.873369038105011,forecast,127.0,30,304,True,,,0.0812999978661537,0.0774016976356506,0.0862801820039749
traffic,PatchTST,time_stretch,4,7218,79,0.4942803978919983,MSE,0.3723537623882293,0.873369038105011,forecast,127.0,30,397,True,,,0.2549999952316284,0.1029071882367134,0.0731866136193275
traffic,PatchTST,time_stretch,4,7218,79,0.4942803978919983,MSE,0.3723537623882293,0.873369038105011,forecast,127.0,30,475,True,,,0.2542000114917755,0.2176436632871627,0.2274567931890487
traffic,PatchTST,time_stretch,4,7218,79,0.4942803978919983,MSE,0.3723537623882293,0.873369038105011,forecast,127.0,30,580,True,,,0.1030000001192092,0.0812920704483985,0.0597262717783451
traffic,PatchTST,time_stretch,4,7218,79,0.4942803978919983,MSE,0.3723537623882293,0.873369038105011,forecast,127.0,30,586,True,,,0.0905999988317489,0.1514706462621688,0.0706474184989929
traffic,PatchTST,time_stretch,4,7218,79,0.4942803978919983,MSE,0.3723537623882293,0.873369038105011,forecast,127.0,30,608,True,,,0.0617000013589859,0.0596311949193477,0.0749716982245445
traffic,PatchTST,time_stretch,4,7218,79,0.4942803978919983,MSE,0.3723537623882293,0.873369038105011,forecast,127.0,30,632,True,,,0.3303000032901764,0.2846653461456299,0.1420471370220184
traffic,PatchTST,time_stretch,4,7218,79,0.4942803978919983,MSE,0.3723537623882293,0.873369038105011,forecast,127.0,30,840,True,,,0.1780000030994415,0.2780708968639374,0.3725414872169494
traffic,PatchTST,time_stretch,4,7218,79,0.4942803978919983,MSE,0.3723537623882293,0.873369038105011,forecast,128.0,31,9,True,,,0.0794000029563903,0.0944303572177887,0.0690742954611778
traffic,PatchTST,time_stretch,4,7218,79,0.4942803978919983,MSE,0.3723537623882293,0.873369038105011,forecast,128.0,31,43,True,,,0.0725999996066093,0.0665557533502578,0.0918371826410293
traffic,PatchTST,time_stretch,4,7218,79,0.4942803978919983,MSE,0.3723537623882293,0.873369038105011,forecast,128.0,31,217,True,,,0.1006999984383583,0.1075260713696479,0.1180882304906845
traffic,PatchTST,time_stretch,4,7218,79,0.4942803978919983,MSE,0.3723537623882293,0.873369038105011,forecast,128.0,31,304,True,,,0.0737999975681305,0.0740693509578704,0.0960472077131271
traffic,PatchTST,time_stretch,4,7218,79,0.4942803978919983,MSE,0.3723537623882293,0.873369038105011,forecast,128.0,31,397,True,,,0.2337999939918518,0.1095445156097412,0.0798653066158294
traffic,PatchTST,time_stretch,4,7218,79,0.4942803978919983,MSE,0.3723537623882293,0.873369038105011,forecast,128.0,31,475,True,,,0.1176000013947486,0.200355589389801,0.2623754143714905
traffic,PatchTST,time_stretch,4,7218,79,0.4942803978919983,MSE,0.3723537623882293,0.873369038105011,forecast,128.0,31,580,True,,,0.0772999972105026,0.0690772160887718,0.0686116591095924
traffic,PatchTST,time_stretch,4,7218,79,0.4942803978919983,MSE,0.3723537623882293,0.873369038105011,forecast,128.0,31,586,True,,,0.096900001168251,0.1009487435221672,0.0755941271781921
traffic,PatchTST,time_stretch,4,7218,79,0.4942803978919983,MSE,0.3723537623882293,0.873369038105011,forecast,128.0,31,608,True,,,0.065700002014637,0.0625186413526535,0.0812258496880531
traffic,PatchTST,time_stretch,4,7218,79,0.4942803978919983,MSE,0.3723537623882293,0.873369038105011,forecast,128.0,31,632,True,,,0.3307999968528747,0.2236567139625549,0.2375503778457641
traffic,PatchTST,time_stretch,4,7218,79,0.4942803978919983,MSE,0.3723537623882293,0.873369038105011,forecast,128.0,31,840,True,,,0.0417999997735023,0.242211639881134,0.4588268995285034
traffic,PatchTST,time_stretch,4,7218,79,0.4942803978919983,MSE,0.3723537623882293,0.873369038105011,forecast,129.0,32,9,True,,,0.0829000025987625,0.0913110300898552,0.0738901123404502
traffic,PatchTST,time_stretch,4,7218,79,0.4942803978919983,MSE,0.3723537623882293,0.873369038105011,forecast,129.0,32,43,True,,,0.0772000029683113,0.0738367885351181,0.104041002690792
traffic,PatchTST,time_stretch,4,7218,79,0.4942803978919983,MSE,0.3723537623882293,0.873369038105011,forecast,129.0,32,217,True,,,0.0910999998450279,0.092954084277153,0.1102000698447227
traffic,PatchTST,time_stretch,4,7218,79,0.4942803978919983,MSE,0.3723537623882293,0.873369038105011,forecast,129.0,32,304,True,,,0.0781000033020973,0.0770218148827552,0.1017827987670898
traffic,PatchTST,time_stretch,4,7218,79,0.4942803978919983,MSE,0.3723537623882293,0.873369038105011,forecast,129.0,32,397,True,,,0.099200002849102,0.113965630531311,0.0869025066494941
traffic,PatchTST,time_stretch,4,7218,79,0.4942803978919983,MSE,0.3723537623882293,0.873369038105011,forecast,129.0,32,475,True,,,0.0737000033259391,0.1824997663497924,0.2894071936607361
traffic,PatchTST,time_stretch,4,7218,79,0.4942803978919983,MSE,0.3723537623882293,0.873369038105011,forecast,129.0,32,580,True,,,0.0658000037074089,0.0645451173186302,0.0789927691221237
traffic,PatchTST,time_stretch,4,7218,79,0.4942803978919983,MSE,0.3723537623882293,0.873369038105011,forecast,129.0,32,586,True,,,0.0852999985218048,0.0982198864221572,0.0811306610703468
traffic,PatchTST,time_stretch,4,7218,79,0.4942803978919983,MSE,0.3723537623882293,0.873369038105011,forecast,129.0,32,608,True,,,0.0719000026583671,0.072511188685894,0.0903569832444191
traffic,PatchTST,time_stretch,4,7218,79,0.4942803978919983,MSE,0.3723537623882293,0.873369038105011,forecast,129.0,32,632,True,,,0.0555999986827373,0.1389432549476623,0.2709817588329315
traffic,PatchTST,time_stretch,4,7218,79,0.4942803978919983,MSE,0.3723537623882293,0.873369038105011,forecast,129.0,32,840,True,,,0.0430999994277954,0.1960144191980362,0.5469379425048828
traffic,PatchTST,time_stretch,4,7218,79,0.4942803978919983,MSE,0.3723537623882293,0.873369038105011,forecast,130.0,33,9,True,,,0.0734999999403953,0.1097784712910652,0.0794880092144012
traffic,PatchTST,time_stretch,4,7218,79,0.4942803978919983,MSE,0.3723537623882293,0.873369038105011,forecast,130.0,33,43,True,,,0.0824000015854835,0.080220952630043,0.1172375679016113
traffic,PatchTST,time_stretch,4,7218,79,0.4942803978919983,MSE,0.3723537623882293,0.873369038105011,forecast,130.0,33,217,True,,,0.0879999995231628,0.089735060930252,0.116364873945713
traffic,PatchTST,time_stretch,4,7218,79,0.4942803978919983,MSE,0.3723537623882293,0.873369038105011,forecast,130.0,33,304,True,,,0.0832000002264976,0.0786252915859222,0.1084939092397689
traffic,PatchTST,time_stretch,4,7218,79,0.4942803978919983,MSE,0.3723537623882293,0.873369038105011,forecast,130.0,33,397,True,,,0.0914999991655349,0.1164044439792633,0.098298467695713
traffic,PatchTST,time_stretch,4,7218,79,0.4942803978919983,MSE,0.3723537623882293,0.873369038105011,forecast,130.0,33,475,True,,,0.0782999992370605,0.1697016060352325,0.3052530586719513
traffic,PatchTST,time_stretch,4,7218,79,0.4942803978919983,MSE,0.3723537623882293,0.873369038105011,forecast,130.0,33,580,True,,,0.066500000655651,0.0614423528313636,0.0849679484963417
traffic,PatchTST,time_stretch,4,7218,79,0.4942803978919983,MSE,0.3723537623882293,0.873369038105011,forecast,130.0,33,586,True,,,0.0807000026106834,0.1122606843709945,0.0853420123457908
traffic,PatchTST,time_stretch,4,7218,79,0.4942803978919983,MSE,0.3723537623882293,0.873369038105011,forecast,130.0,33,608,True,,,0.0707999989390373,0.0758273303508758,0.0964910015463829
traffic,PatchTST,time_stretch,4,7218,79,0.4942803978919983,MSE,0.3723537623882293,0.873369038105011,forecast,130.0,33,632,True,,,0.0461000017821788,0.0451431535184383,0.2660886347293854
traffic,PatchTST,time_stretch,4,7218,79,0.4942803978919983,MSE,0.3723537623882293,0.873369038105011,forecast,130.0,33,840,True,,,0.0410000011324882,0.1278796195983886,0.6102126240730286
traffic,PatchTST,time_stretch,4,7218,79,0.4942803978919983,MSE,0.3723537623882293,0.873369038105011,forecast,131.0,34,9,True,,,0.0744000002741813,0.0977399423718452,0.0899404436349868
traffic,PatchTST,time_stretch,4,7218,79,0.4942803978919983,MSE,0.3723537623882293,0.873369038105011,forecast,131.0,34,43,True,,,0.0962999984622001,0.0835534110665321,0.1348353922367096
traffic,PatchTST,time_stretch,4,7218,79,0.4942803978919983,MSE,0.3723537623882293,0.873369038105011,forecast,131.0,34,217,True,,,0.0870999991893768,0.0895539969205856,0.1311585158109665
traffic,PatchTST,time_stretch,4,7218,79,0.4942803978919983,MSE,0.3723537623882293,0.873369038105011,forecast,131.0,34,304,True,,,0.093199998140335,0.0854642540216445,0.1205404996871948
traffic,PatchTST,time_stretch,4,7218,79,0.4942803978919983,MSE,0.3723537623882293,0.873369038105011,forecast,131.0,34,397,True,,,0.1545999944210052,0.1234198212623596,0.1085148751735687
traffic,PatchTST,time_stretch,4,7218,79,0.4942803978919983,MSE,0.3723537623882293,0.873369038105011,forecast,131.0,34,475,True,,,0.0829999968409538,0.1602925360202789,0.3026687502861023
traffic,PatchTST,time_stretch,4,7218,79,0.4942803978919983,MSE,0.3723537623882293,0.873369038105011,forecast,131.0,34,580,True,,,0.0683000013232231,0.0632391944527626,0.0933717116713523
traffic,PatchTST,time_stretch,4,7218,79,0.4942803978919983,MSE,0.3723537623882293,0.873369038105011,forecast,131.0,34,586,True,,,0.0797000005841255,0.0922029390931129,0.0956169441342353
traffic,PatchTST,time_stretch,4,7218,79,0.4942803978919983,MSE,0.3723537623882293,0.873369038105011,forecast,131.0,34,608,True,,,0.0763999968767166,0.0780567973852157,0.1063257530331611
traffic,PatchTST,time_stretch,4,7218,79,0.4942803978919983,MSE,0.3723537623882293,0.873369038105011,forecast,131.0,34,632,True,,,0.045899998396635,0.0063284114003181,0.2765282690525055
traffic,PatchTST,time_stretch,4,7218,79,0.4942803978919983,MSE,0.3723537623882293,0.873369038105011,forecast,131.0,34,840,True,,,0.0373999997973442,0.0713646486401557,0.639793872833252
traffic,PatchTST,time_stretch,4,7218,79,0.4942803978919983,MSE,0.3723537623882293,0.873369038105011,forecast,132.0,35,9,True,,,0.0860000029206276,0.0931045562028884,0.1038895398378372
traffic,PatchTST,time_stretch,4,7218,79,0.4942803978919983,MSE,0.3723537623882293,0.873369038105011,forecast,132.0,35,43,True,,,0.1075000017881393,0.1132871657609939,0.1507095992565155
traffic,PatchTST,time_stretch,4,7218,79,0.4942803978919983,MSE,0.3723537623882293,0.873369038105011,forecast,132.0,35,217,True,,,0.093199998140335,0.095216266810894,0.1441957503557205
traffic,PatchTST,time_stretch,4,7218,79,0.4942803978919983,MSE,0.3723537623882293,0.873369038105011,forecast,132.0,35,304,True,,,0.1079000011086463,0.1316592991352081,0.1310821175575256
traffic,PatchTST,time_stretch,4,7218,79,0.4942803978919983,MSE,0.3723537623882293,0.873369038105011,forecast,132.0,35,397,True,,,0.1662999987602234,0.1495700031518936,0.1142322421073913
traffic,PatchTST,time_stretch,4,7218,79,0.4942803978919983,MSE,0.3723537623882293,0.873369038105011,forecast,132.0,35,475,True,,,0.1022000014781951,0.1696853190660476,0.3000437021255493
traffic,PatchTST,time_stretch,4,7218,79,0.4942803978919983,MSE,0.3723537623882293,0.873369038105011,forecast,132.0,35,580,True,,,0.0930999964475631,0.0782684385776519,0.0972407385706901
traffic,PatchTST,time_stretch,4,7218,79,0.4942803978919983,MSE,0.3723537623882293,0.873369038105011,forecast,132.0,35,586,True,,,0.0864999964833259,0.0862453952431678,0.1112810969352722
traffic,PatchTST,time_stretch,4,7218,79,0.4942803978919983,MSE,0.3723537623882293,0.873369038105011,forecast,132.0,35,608,True,,,0.0874999985098838,0.0837432071566581,0.1192208975553512
traffic,PatchTST,time_stretch,4,7218,79,0.4942803978919983,MSE,0.3723537623882293,0.873369038105011,forecast,132.0,35,632,True,,,0.0474000014364719,0.0106179937720298,0.2915187478065491
traffic,PatchTST,time_stretch,4,7218,79,0.4942803978919983,MSE,0.3723537623882293,0.873369038105011,forecast,132.0,35,840,True,,,0.0364000014960765,0.0394056737422943,0.6829914450645447
traffic,PatchTST,time_stretch,4,7218,79,0.4942803978919983,MSE,0.3723537623882293,0.873369038105011,forecast,133.0,36,9,True,,,0.0754000023007392,0.1095056980848312,0.1197837591171264
traffic,PatchTST,time_stretch,4,7218,79,0.4942803978919983,MSE,0.3723537623882293,0.873369038105011,forecast,133.0,36,43,True,,,0.2709999978542328,0.2009999752044677,0.1577897369861602
traffic,PatchTST,time_stretch,4,7218,79,0.4942803978919983,MSE,0.3723537623882293,0.873369038105011,forecast,133.0,36,217,True,,,0.1098999977111816,0.1009723246097564,0.1634322255849838
traffic,PatchTST,time_stretch,4,7218,79,0.4942803978919983,MSE,0.3723537623882293,0.873369038105011,forecast,133.0,36,304,True,,,0.2287999987602234,0.1897521317005157,0.135334700345993
traffic,PatchTST,time_stretch,4,7218,79,0.4942803978919983,MSE,0.3723537623882293,0.873369038105011,forecast,133.0,36,397,True,,,0.2714999914169311,0.1963001787662506,0.1286929547786712
traffic,PatchTST,time_stretch,4,7218,79,0.4942803978919983,MSE,0.3723537623882293,0.873369038105011,forecast,133.0,36,475,True,,,0.0705000013113021,0.1381748765707016,0.2820830047130584
traffic,PatchTST,time_stretch,4,7218,79,0.4942803978919983,MSE,0.3723537623882293,0.873369038105011,forecast,133.0,36,580,True,,,0.1993999928236007,0.1486073136329651,0.0924028307199478
traffic,PatchTST,time_stretch,4,7218,79,0.4942803978919983,MSE,0.3723537623882293,0.873369038105011,forecast,133.0,36,586,True,,,0.0778999999165535,0.1087359189987182,0.1332107931375503
traffic,PatchTST,time_stretch,4,7218,79,0.4942803978919983,MSE,0.3723537623882293,0.873369038105011,forecast,133.0,36,608,True,,,0.1004000008106231,0.1115351095795631,0.1294182538986206
traffic,PatchTST,time_stretch,4,7218,79,0.4942803978919983,MSE,0.3723537623882293,0.873369038105011,forecast,133.0,36,632,True,,,0.0432000011205673,0.0343730896711349,0.2909689545631408
traffic,PatchTST,time_stretch,4,7218,79,0.4942803978919983,MSE,0.3723537623882293,0.873369038105011,forecast,133.0,36,840,True,,,0.0333999991416931,0.0591996610164642,0.5242120623588562
traffic,PatchTST,time_stretch,4,7218,79,0.4942803978919983,MSE,0.3723537623882293,0.873369038105011,forecast,134.0,37,9,True,,,0.0878999978303909,0.1479835957288742,0.1352932602167129
traffic,PatchTST,time_stretch,4,7218,79,0.4942803978919983,MSE,0.3723537623882293,0.873369038105011,forecast,134.0,37,43,True,,,0.3154999911785126,0.2783128619194031,0.1709019839763641
traffic,PatchTST,time_stretch,4,7218,79,0.4942803978919983,MSE,0.3723537623882293,0.873369038105011,forecast,134.0,37,217,True,,,0.1168000027537345,0.110088400542736,0.1737719923257827
traffic,PatchTST,time_stretch,4,7218,79,0.4942803978919983,MSE,0.3723537623882293,0.873369038105011,forecast,134.0,37,304,True,,,0.1770000010728836,0.217220276594162,0.149792194366455
traffic,PatchTST,time_stretch,4,7218,79,0.4942803978919983,MSE,0.3723537623882293,0.873369038105011,forecast,134.0,37,397,True,,,0.296999990940094,0.2466656565666198,0.152007520198822
traffic,PatchTST,time_stretch,4,7218,79,0.4942803978919983,MSE,0.3723537623882293,0.873369038105011,forecast,134.0,37,475,True,,,0.0671999976038932,0.1098672598600387,0.2515114545822143
traffic,PatchTST,time_stretch,4,7218,79,0.4942803978919983,MSE,0.3723537623882293,0.873369038105011,forecast,134.0,37,580,True,,,0.2964000105857849,0.2144115716218948,0.0953665971755981
traffic,PatchTST,time_stretch,4,7218,79,0.4942803978919983,MSE,0.3723537623882293,0.873369038105011,forecast,134.0,37,586,True,,,0.0894000008702278,0.1597045063972473,0.1534589380025863
traffic,PatchTST,time_stretch,4,7218,79,0.4942803978919983,MSE,0.3723537623882293,0.873369038105011,forecast,134.0,37,608,True,,,0.2971999943256378,0.2159336358308792,0.1455669403076172
traffic,PatchTST,time_stretch,4,7218,79,0.4942803978919983,MSE,0.3723537623882293,0.873369038105011,forecast,134.0,37,632,True,,,0.0491999983787536,0.0771098509430885,0.2901966869831085
traffic,PatchTST,time_stretch,4,7218,79,0.4942803978919983,MSE,0.3723537623882293,0.873369038105011,forecast,134.0,37,840,True,,,0.0326999984681606,0.0423259548842906,0.3795996904373169
traffic,PatchTST,time_stretch,4,7218,79,0.4942803978919983,MSE,0.3723537623882293,0.873369038105011,forecast,135.0,38,9,True,,,0.3197000026702881,0.2336130738258361,0.1362645924091339
traffic,PatchTST,time_stretch,4,7218,79,0.4942803978919983,MSE,0.3723537623882293,0.873369038105011,forecast,135.0,38,43,True,,,0.270000010728836,0.2839470207691192,0.1697966456413269
traffic,PatchTST,time_stretch,4,7218,79,0.4942803978919983,MSE,0.3723537623882293,0.873369038105011,forecast,135.0,38,217,True,,,0.1279000043869018,0.124268352985382,0.1590249240398407
traffic,PatchTST,time_stretch,4,7218,79,0.4942803978919983,MSE,0.3723537623882293,0.873369038105011,forecast,135.0,38,304,True,,,0.1263999938964843,0.2407980859279632,0.1594205200672149
traffic,PatchTST,time_stretch,4,7218,79,0.4942803978919983,MSE,0.3723537623882293,0.873369038105011,forecast,135.0,38,397,True,,,0.3143999874591827,0.2587683796882629,0.1599279344081878
traffic,PatchTST,time_stretch,4,7218,79,0.4942803978919983,MSE,0.3723537623882293,0.873369038105011,forecast,135.0,38,475,True,,,0.0606000013649463,0.0833732858300209,0.2228367328643798
traffic,PatchTST,time_stretch,4,7218,79,0.4942803978919983,MSE,0.3723537623882293,0.873369038105011,forecast,135.0,38,580,True,,,0.3578000068664551,0.2168391644954681,0.0981909334659576
traffic,PatchTST,time_stretch,4,7218,79,0.4942803978919983,MSE,0.3723537623882293,0.873369038105011,forecast,135.0,38,586,True,,,0.380400002002716,0.2518621385097503,0.1540567129850387
traffic,PatchTST,time_stretch,4,7218,79,0.4942803978919983,MSE,0.3723537623882293,0.873369038105011,forecast,135.0,38,608,True,,,0.3472999930381775,0.29153972864151,0.1571286916732788
traffic,PatchTST,time_stretch,4,7218,79,0.4942803978919983,MSE,0.3723537623882293,0.873369038105011,forecast,135.0,38,632,True,,,0.0472999997437,0.1364278197288513,0.2937617003917694
traffic,PatchTST,time_stretch,4,7218,79,0.4942803978919983,MSE,0.3723537623882293,0.873369038105011,forecast,135.0,38,840,True,,,0.0306000001728534,0.0545239821076393,0.3419476151466369
traffic,PatchTST,time_stretch,4,7218,79,0.4942803978919983,MSE,0.3723537623882293,0.873369038105011,forecast,136.0,39,9,True,,,0.2388000041246414,0.2391059249639511,0.121317371726036
traffic,PatchTST,time_stretch,4,7218,79,0.4942803978919983,MSE,0.3723537623882293,0.873369038105011,forecast,136.0,39,43,True,,,0.1086999997496604,0.2052955329418182,0.1545442044734954
traffic,PatchTST,time_stretch,4,7218,79,0.4942803978919983,MSE,0.3723537623882293,0.873369038105011,forecast,136.0,39,217,True,,,0.1062000021338462,0.099045380949974,0.1353362202644348
traffic,PatchTST,time_stretch,4,7218,79,0.4942803978919983,MSE,0.3723537623882293,0.873369038105011,forecast,136.0,39,304,True,,,0.1668999940156936,0.1867816746234893,0.1468366235494613
traffic,PatchTST,time_stretch,4,7218,79,0.4942803978919983,MSE,0.3723537623882293,0.873369038105011,forecast,136.0,39,397,True,,,0.1757999956607818,0.1794763654470443,0.1490954756736755
traffic,PatchTST,time_stretch,4,7218,79,0.4942803978919983,MSE,0.3723537623882293,0.873369038105011,forecast,136.0,39,475,True,,,0.0592000000178813,0.0555420853197574,0.1968853771686554
traffic,PatchTST,time_stretch,4,7218,79,0.4942803978919983,MSE,0.3723537623882293,0.873369038105011,forecast,136.0,39,580,True,,,0.4248000085353851,0.1660706996917724,0.0989480391144752
traffic,PatchTST,time_stretch,4,7218,79,0.4942803978919983,MSE,0.3723537623882293,0.873369038105011,forecast,136.0,39,586,True,,,0.3222000002861023,0.244430586695671,0.1354070603847503
traffic,PatchTST,time_stretch,4,7218,79,0.4942803978919983,MSE,0.3723537623882293,0.873369038105011,forecast,136.0,39,608,True,,,0.1425999999046325,0.1895892024040222,0.1612929105758667
traffic,PatchTST,time_stretch,4,7218,79,0.4942803978919983,MSE,0.3723537623882293,0.873369038105011,forecast,136.0,39,632,True,,,0.0362999998033046,0.0832414850592613,0.2786921560764313
traffic,PatchTST,time_stretch,4,7218,79,0.4942803978919983,MSE,0.3723537623882293,0.873369038105011,forecast,136.0,39,840,True,,,0.0233999993652105,0.0564599707722663,0.3027464747428894
traffic,PatchTST,time_stretch,4,7218,79,0.4942803978919983,MSE,0.3723537623882293,0.873369038105011,forecast,137.0,40,9,True,,,0.1704999953508377,0.1153230965137481,0.0976332426071167
traffic,PatchTST,time_stretch,4,7218,79,0.4942803978919983,MSE,0.3723537623882293,0.873369038105011,forecast,137.0,40,43,True,,,0.0908999964594841,0.1149719133973121,0.1285464167594909
traffic,PatchTST,time_stretch,4,7218,79,0.4942803978919983,MSE,0.3723537623882293,0.873369038105011,forecast,137.0,40,217,True,,,0.0728000029921531,0.0659830942749977,0.1104950234293937
traffic,PatchTST,time_stretch,4,7218,79,0.4942803978919983,MSE,0.3723537623882293,0.873369038105011,forecast,137.0,40,304,True,,,0.0850000008940696,0.0993150100111961,0.1220159828662872
traffic,PatchTST,time_stretch,4,7218,79,0.4942803978919983,MSE,0.3723537623882293,0.873369038105011,forecast,137.0,40,397,True,,,0.0625,0.0878835767507553,0.141267329454422
traffic,PatchTST,time_stretch,4,7218,79,0.4942803978919983,MSE,0.3723537623882293,0.873369038105011,forecast,137.0,40,475,True,,,0.0535000003874301,0.0415962859988212,0.1669136583805084
traffic,PatchTST,time_stretch,4,7218,79,0.4942803978919983,MSE,0.3723537623882293,0.873369038105011,forecast,137.0,40,580,True,,,0.2348999977111816,0.0777037218213081,0.0941365286707878
traffic,PatchTST,time_stretch,4,7218,79,0.4942803978919983,MSE,0.3723537623882293,0.873369038105011,forecast,137.0,40,586,True,,,0.1965000033378601,0.1135025322437286,0.1101342588663101
traffic,PatchTST,time_stretch,4,7218,79,0.4942803978919983,MSE,0.3723537623882293,0.873369038105011,forecast,137.0,40,608,True,,,0.0829999968409538,0.089758314192295,0.1550766825675964
traffic,PatchTST,time_stretch,4,7218,79,0.4942803978919983,MSE,0.3723537623882293,0.873369038105011,forecast,137.0,40,632,True,,,0.033500000834465,0.0330557525157928,0.219596117734909
traffic,PatchTST,time_stretch,4,7218,79,0.4942803978919983,MSE,0.3723537623882293,0.873369038105011,forecast,137.0,40,840,True,,,0.0181000009179115,0.0571409985423088,0.2957417070865631
traffic,PatchTST,time_stretch,4,7218,79,0.4942803978919983,MSE,0.3723537623882293,0.873369038105011,forecast,138.0,41,9,True,,,0.0438000001013278,0.0557700023055076,0.0802973806858062
traffic,PatchTST,time_stretch,4,7218,79,0.4942803978919983,MSE,0.3723537623882293,0.873369038105011,forecast,138.0,41,43,True,,,0.0857999995350837,0.0821688994765281,0.1076265722513198
traffic,PatchTST,time_stretch,4,7218,79,0.4942803978919983,MSE,0.3723537623882293,0.873369038105011,forecast,138.0,41,217,True,,,0.0548000000417232,0.0518791489303112,0.0927475318312645
traffic,PatchTST,time_stretch,4,7218,79,0.4942803978919983,MSE,0.3723537623882293,0.873369038105011,forecast,138.0,41,304,True,,,0.0683000013232231,0.0659712105989456,0.1121851354837417
traffic,PatchTST,time_stretch,4,7218,79,0.4942803978919983,MSE,0.3723537623882293,0.873369038105011,forecast,138.0,41,397,True,,,0.0555000007152557,0.0634842216968536,0.1319740712642669
traffic,PatchTST,time_stretch,4,7218,79,0.4942803978919983,MSE,0.3723537623882293,0.873369038105011,forecast,138.0,41,475,True,,,0.0428000018000602,0.0362279564142227,0.1533326953649521
traffic,PatchTST,time_stretch,4,7218,79,0.4942803978919983,MSE,0.3723537623882293,0.873369038105011,forecast,138.0,41,580,True,,,0.0335999988019466,0.0370707288384437,0.0841582641005516
traffic,PatchTST,time_stretch,4,7218,79,0.4942803978919983,MSE,0.3723537623882293,0.873369038105011,forecast,138.0,41,586,True,,,0.0480999946594238,0.0590375363826751,0.0905970707535743
traffic,PatchTST,time_stretch,4,7218,79,0.4942803978919983,MSE,0.3723537623882293,0.873369038105011,forecast,138.0,41,608,True,,,0.0746000036597251,0.074216142296791,0.1389889419078827
traffic,PatchTST,time_stretch,4,7218,79,0.4942803978919983,MSE,0.3723537623882293,0.873369038105011,forecast,138.0,41,632,True,,,0.0300999991595745,0.022473931312561,0.1952476501464843
traffic,PatchTST,time_stretch,4,7218,79,0.4942803978919983,MSE,0.3723537623882293,0.873369038105011,forecast,138.0,41,840,True,,,0.0152000002562999,0.036392867565155,0.2711062729358673
traffic,PatchTST,time_stretch,4,7218,79,0.4942803978919983,MSE,0.3723537623882293,0.873369038105011,forecast,139.0,42,9,True,,,0.0300999991595745,0.0379406549036502,0.0709129273891449
traffic,PatchTST,time_stretch,4,7218,79,0.4942803978919983,MSE,0.3723537623882293,0.873369038105011,forecast,139.0,42,43,True,,,0.0756999999284744,0.0687589645385742,0.0931071639060974
traffic,PatchTST,time_stretch,4,7218,79,0.4942803978919983,MSE,0.3723537623882293,0.873369038105011,forecast,139.0,42,217,True,,,0.0467000007629394,0.044106014072895,0.0795396417379379
traffic,PatchTST,time_stretch,4,7218,79,0.4942803978919983,MSE,0.3723537623882293,0.873369038105011,forecast,139.0,42,304,True,,,0.0531000010669231,0.0541987419128418,0.10809326171875
traffic,PatchTST,time_stretch,4,7218,79,0.4942803978919983,MSE,0.3723537623882293,0.873369038105011,forecast,139.0,42,397,True,,,0.0516000017523765,0.0583709925413131,0.109659731388092
traffic,PatchTST,time_stretch,4,7218,79,0.4942803978919983,MSE,0.3723537623882293,0.873369038105011,forecast,139.0,42,475,True,,,0.0375999957323074,0.0385450385510921,0.1527536064386367
traffic,PatchTST,time_stretch,4,7218,79,0.4942803978919983,MSE,0.3723537623882293,0.873369038105011,forecast,139.0,42,580,True,,,0.021500002592802,0.0247953496873378,0.0740372613072395
traffic,PatchTST,time_stretch,4,7218,79,0.4942803978919983,MSE,0.3723537623882293,0.873369038105011,forecast,139.0,42,586,True,,,0.0355999991297721,0.0417994409799575,0.0785382390022277
traffic,PatchTST,time_stretch,4,7218,79,0.4942803978919983,MSE,0.3723537623882293,0.873369038105011,forecast,139.0,42,608,True,,,0.0698999986052513,0.066036157310009,0.11354810744524
traffic,PatchTST,time_stretch,4,7218,79,0.4942803978919983,MSE,0.3723537623882293,0.873369038105011,forecast,139.0,42,632,True,,,0.0287000015377998,0.026857640594244,0.192037284374237
traffic,PatchTST,time_stretch,4,7218,79,0.4942803978919983,MSE,0.3723537623882293,0.873369038105011,forecast,139.0,42,840,True,,,0.0151000004261732,0.0379983112215995,0.2209277600049972
traffic,PatchTST,time_stretch,4,7218,79,0.4942803978919983,MSE,0.3723537623882293,0.873369038105011,forecast,140.0,43,9,True,,,0.020600002259016,0.0265715941786766,0.0590922720730304
traffic,PatchTST,time_stretch,4,7218,79,0.4942803978919983,MSE,0.3723537623882293,0.873369038105011,forecast,140.0,43,43,True,,,0.05180000141263,0.0583063960075378,0.0846010744571685
traffic,PatchTST,time_stretch,4,7218,79,0.4942803978919983,MSE,0.3723537623882293,0.873369038105011,forecast,140.0,43,217,True,,,0.032999999821186,0.0336870811879634,0.0708817988634109
traffic,PatchTST,time_stretch,4,7218,79,0.4942803978919983,MSE,0.3723537623882293,0.873369038105011,forecast,140.0,43,304,True,,,0.0427000001072883,0.0443025529384613,0.1002204045653343
traffic,PatchTST,time_stretch,4,7218,79,0.4942803978919983,MSE,0.3723537623882293,0.873369038105011,forecast,140.0,43,397,True,,,0.0397999994456768,0.0476666875183582,0.0917393565177917
traffic,PatchTST,time_stretch,4,7218,79,0.4942803978919983,MSE,0.3723537623882293,0.873369038105011,forecast,140.0,43,475,True,,,0.0326999984681606,0.049040038138628,0.1595062315464019
traffic,PatchTST,time_stretch,4,7218,79,0.4942803978919983,MSE,0.3723537623882293,0.873369038105011,forecast,140.0,43,580,True,,,0.0034999996423721,0.0170368514955043,0.0654085502028465
traffic,PatchTST,time_stretch,4,7218,79,0.4942803978919983,MSE,0.3723537623882293,0.873369038105011,forecast,140.0,43,586,True,,,0.0249000005424022,0.0286045856773853,0.0642786622047424
traffic,PatchTST,time_stretch,4,7218,79,0.4942803978919983,MSE,0.3723537623882293,0.873369038105011,forecast,140.0,43,608,True,,,0.0581000000238418,0.0550732649862766,0.0924012959003448
traffic,PatchTST,time_stretch,4,7218,79,0.4942803978919983,MSE,0.3723537623882293,0.873369038105011,forecast,140.0,43,632,True,,,0.0269000008702278,0.030702318996191,0.1813273131847381
traffic,PatchTST,time_stretch,4,7218,79,0.4942803978919983,MSE,0.3723537623882293,0.873369038105011,forecast,140.0,43,840,True,,,0.0122999995946884,0.0453545041382312,0.1713585257530212
traffic,PatchTST,time_stretch,4,7218,79,0.4942803978919983,MSE,0.3723537623882293,0.873369038105011,forecast,141.0,44,9,True,,,0.0119000002741813,0.0192005708813667,0.0448936596512794
traffic,PatchTST,time_stretch,4,7218,79,0.4942803978919983,MSE,0.3723537623882293,0.873369038105011,forecast,141.0,44,43,True,,,0.0410000011324882,0.049111008644104,0.0712084472179412
traffic,PatchTST,time_stretch,4,7218,79,0.4942803978919983,MSE,0.3723537623882293,0.873369038105011,forecast,141.0,44,217,True,,,0.019200000911951,0.02244234085083,0.0643710643053054
traffic,PatchTST,time_stretch,4,7218,79,0.4942803978919983,MSE,0.3723537623882293,0.873369038105011,forecast,141.0,44,304,True,,,0.0328000001609325,0.0315372794866561,0.0733507722616195
traffic,PatchTST,time_stretch,4,7218,79,0.4942803978919983,MSE,0.3723537623882293,0.873369038105011,forecast,141.0,44,397,True,,,0.0307999998331069,0.0340416319668293,0.082643337547779
traffic,PatchTST,time_stretch,4,7218,79,0.4942803978919983,MSE,0.3723537623882293,0.873369038105011,forecast,141.0,44,475,True,,,0.0191999971866607,0.0368009433150291,0.1519382894039154
traffic,PatchTST,time_stretch,4,7218,79,0.4942803978919983,MSE,0.3723537623882293,0.873369038105011,forecast,141.0,44,580,True,,,0.0037999972701072,0.0133991688489913,0.0527995228767395
traffic,PatchTST,time_stretch,4,7218,79,0.4942803978919983,MSE,0.3723537623882293,0.873369038105011,forecast,141.0,44,586,True,,,0.0146999955177307,0.0194952301681041,0.0499880462884902
traffic,PatchTST,time_stretch,4,7218,79,0.4942803978919983,MSE,0.3723537623882293,0.873369038105011,forecast,141.0,44,608,True,,,0.0461999997496604,0.047103576362133,0.0752026364207267
traffic,PatchTST,time_stretch,4,7218,79,0.4942803978919983,MSE,0.3723537623882293,0.873369038105011,forecast,141.0,44,632,True,,,0.0163000002503395,0.030811171978712,0.1617199033498764
traffic,PatchTST,time_stretch,4,7218,79,0.4942803978919983,MSE,0.3723537623882293,0.873369038105011,forecast,141.0,44,840,True,,,0.0074000004678964,0.0413846783339977,0.1153158694505691
traffic,PatchTST,time_stretch,4,7218,79,0.4942803978919983,MSE,0.3723537623882293,0.873369038105011,forecast,142.0,45,9,True,,,0.0050999969244003,0.0110567882657051,0.0351494066417217
traffic,PatchTST,time_stretch,4,7218,79,0.4942803978919983,MSE,0.3723537623882293,0.873369038105011,forecast,142.0,45,43,True,,,0.0298999994993209,0.0396579168736934,0.0546387732028961
traffic,PatchTST,time_stretch,4,7218,79,0.4942803978919983,MSE,0.3723537623882293,0.873369038105011,forecast,142.0,45,217,True,,,0.0133999995887279,0.0167845524847507,0.0537685304880142
traffic,PatchTST,time_stretch,4,7218,79,0.4942803978919983,MSE,0.3723537623882293,0.873369038105011,forecast,142.0,45,304,True,,,0.0185000002384185,0.0219780802726745,0.0515374578535556
traffic,PatchTST,time_stretch,4,7218,79,0.4942803978919983,MSE,0.3723537623882293,0.873369038105011,forecast,142.0,45,397,True,,,0.0212000012397766,0.0238252282142639,0.0809226408600807
traffic,PatchTST,time_stretch,4,7218,79,0.4942803978919983,MSE,0.3723537623882293,0.873369038105011,forecast,142.0,45,475,True,,,0.0134000033140182,0.0242251753807067,0.138837531208992
traffic,PatchTST,time_stretch,4,7218,79,0.4942803978919983,MSE,0.3723537623882293,0.873369038105011,forecast,142.0,45,580,True,,,0.0031999982893466,0.0087091289460659,0.0389822535216808
traffic,PatchTST,time_stretch,4,7218,79,0.4942803978919983,MSE,0.3723537623882293,0.873369038105011,forecast,142.0,45,586,True,,,0.0075000002980232,0.0113365799188613,0.0399414710700511
traffic,PatchTST,time_stretch,4,7218,79,0.4942803978919983,MSE,0.3723537623882293,0.873369038105011,forecast,142.0,45,608,True,,,0.0324000008404254,0.0389443412423133,0.0607796311378479
traffic,PatchTST,time_stretch,4,7218,79,0.4942803978919983,MSE,0.3723537623882293,0.873369038105011,forecast,142.0,45,632,True,,,0.0089000016450881,0.0211163461208343,0.134119912981987
traffic,PatchTST,time_stretch,4,7218,79,0.4942803978919983,MSE,0.3723537623882293,0.873369038105011,forecast,142.0,45,840,True,,,0.0054999999701976,0.0344085879623889,0.0400229580700397
traffic,PatchTST,time_stretch,4,7218,79,0.4942803978919983,MSE,0.3723537623882293,0.873369038105011,forecast,143.0,46,9,True,,,0.0024000033736228,0.0078852102160453,0.0352462045848369
traffic,PatchTST,time_stretch,4,7218,79,0.4942803978919983,MSE,0.3723537623882293,0.873369038105011,forecast,143.0,46,43,True,,,0.0188999995589256,0.0328839123249053,0.0496968477964401
traffic,PatchTST,time_stretch,4,7218,79,0.4942803978919983,MSE,0.3723537623882293,0.873369038105011,forecast,143.0,46,217,True,,,0.0098999999463558,0.0150146521627902,0.0520271807909011
traffic,PatchTST,time_stretch,4,7218,79,0.4942803978919983,MSE,0.3723537623882293,0.873369038105011,forecast,143.0,46,304,True,,,0.0104000009596347,0.0145524181425571,0.0464393272995948
traffic,PatchTST,time_stretch,4,7218,79,0.4942803978919983,MSE,0.3723537623882293,0.873369038105011,forecast,143.0,46,397,True,,,0.0156000033020973,0.0203731283545494,0.0838373303413391
traffic,PatchTST,time_stretch,4,7218,79,0.4942803978919983,MSE,0.3723537623882293,0.873369038105011,forecast,143.0,46,475,True,,,0.0106000006198883,0.0182679817080497,0.1395710706710815
traffic,PatchTST,time_stretch,4,7218,79,0.4942803978919983,MSE,0.3723537623882293,0.873369038105011,forecast,143.0,46,580,True,,,0.003100000321865,0.0078028924763202,0.038818284869194
traffic,PatchTST,time_stretch,4,7218,79,0.4942803978919983,MSE,0.3723537623882293,0.873369038105011,forecast,143.0,46,586,True,,,0.0042999982833862,0.0079699456691741,0.0392892956733703
traffic,PatchTST,time_stretch,4,7218,79,0.4942803978919983,MSE,0.3723537623882293,0.873369038105011,forecast,143.0,46,608,True,,,0.0269000008702278,0.0316113159060478,0.0590063221752643
traffic,PatchTST,time_stretch,4,7218,79,0.4942803978919983,MSE,0.3723537623882293,0.873369038105011,forecast,143.0,46,632,True,,,0.0067000016570091,0.0097067654132843,0.0976855382323265
traffic,PatchTST,time_stretch,4,7218,79,0.4942803978919983,MSE,0.3723537623882293,0.873369038105011,forecast,143.0,46,840,True,,,0.0038000009953975,0.0373158603906631,0.0149144493043422
traffic,PatchTST,time_stretch,4,7218,79,0.4942803978919983,MSE,0.3723537623882293,0.873369038105011,forecast,144.0,47,9,True,,,0.0028000026941299,0.0070631653070449,0.0375562459230423
traffic,PatchTST,time_stretch,4,7218,79,0.4942803978919983,MSE,0.3723537623882293,0.873369038105011,forecast,144.0,47,43,True,,,0.0163000002503395,0.0273542217910289,0.0485168062150478
traffic,PatchTST,time_stretch,4,7218,79,0.4942803978919983,MSE,0.3723537623882293,0.873369038105011,forecast,144.0,47,217,True,,,0.0086999982595443,0.0143014155328273,0.0483429729938507
traffic,PatchTST,time_stretch,4,7218,79,0.4942803978919983,MSE,0.3723537623882293,0.873369038105011,forecast,144.0,47,304,True,,,0.0086000002920627,0.0110107026994228,0.0441945493221282
traffic,PatchTST,time_stretch,4,7218,79,0.4942803978919983,MSE,0.3723537623882293,0.873369038105011,forecast,144.0,47,397,True,,,0.0152999982237815,0.0195890218019485,0.0811853855848312
traffic,PatchTST,time_stretch,4,7218,79,0.4942803978919983,MSE,0.3723537623882293,0.873369038105011,forecast,144.0,47,475,True,,,0.0112999975681304,0.0217883288860321,0.1381018608808517
traffic,PatchTST,time_stretch,4,7218,79,0.4942803978919983,MSE,0.3723537623882293,0.873369038105011,forecast,144.0,47,580,True,,,0.003100000321865,0.0050318278372287,0.0320189297199249
traffic,PatchTST,time_stretch,4,7218,79,0.4942803978919983,MSE,0.3723537623882293,0.873369038105011,forecast,144.0,47,586,True,,,0.0037000030279159,0.0066239386796951,0.0429250486195087
traffic,PatchTST,time_stretch,4,7218,79,0.4942803978919983,MSE,0.3723537623882293,0.873369038105011,forecast,144.0,47,608,True,,,0.0227000042796134,0.0304476842284202,0.0588546395301818
traffic,PatchTST,time_stretch,4,7218,79,0.4942803978919983,MSE,0.3723537623882293,0.873369038105011,forecast,144.0,47,632,True,,,0.0073999986052513,0.0004781633615493,0.0674556568264961
traffic,PatchTST,time_stretch,4,7218,79,0.4942803978919983,MSE,0.3723537623882293,0.873369038105011,forecast,144.0,47,840,True,,,0.0052000004798173,0.0546758398413658,0.0181995443999767
traffic,PatchTST,time_stretch,4,7218,79,0.4942803978919983,MSE,0.3723537623882293,0.873369038105011,forecast,145.0,48,9,True,,,0.0032999962568283,0.0077814683318138,0.0452917851507663
traffic,PatchTST,time_stretch,4,7218,79,0.4942803978919983,MSE,0.3723537623882293,0.873369038105011,forecast,145.0,48,43,True,,,0.0131999999284744,0.0257380232214927,0.0510686039924621
traffic,PatchTST,time_stretch,4,7218,79,0.4942803978919983,MSE,0.3723537623882293,0.873369038105011,forecast,145.0,48,217,True,,,0.0107000023126602,0.0193094089627265,0.0467276088893413
traffic,PatchTST,time_stretch,4,7218,79,0.4942803978919983,MSE,0.3723537623882293,0.873369038105011,forecast,145.0,48,304,True,,,0.0062000006437301,0.0141113325953483,0.0448196232318878
traffic,PatchTST,time_stretch,4,7218,79,0.4942803978919983,MSE,0.3723537623882293,0.873369038105011,forecast,145.0,48,397,True,,,0.0185000002384185,0.0242838114500045,0.0825483128428459
traffic,PatchTST,time_stretch,4,7218,79,0.4942803978919983,MSE,0.3723537623882293,0.873369038105011,forecast,145.0,48,475,True,,,0.0168000012636184,0.0259990692138671,0.1343382447957992
traffic,PatchTST,time_stretch,4,7218,79,0.4942803978919983,MSE,0.3723537623882293,0.873369038105011,forecast,145.0,48,580,True,,,0.003100000321865,0.0060952976346015,0.030377123504877
traffic,PatchTST,time_stretch,4,7218,79,0.4942803978919983,MSE,0.3723537623882293,0.873369038105011,forecast,145.0,48,586,True,,,0.0043999999761581,0.0085691139101982,0.0535656064748764
traffic,PatchTST,time_stretch,4,7218,79,0.4942803978919983,MSE,0.3723537623882293,0.873369038105011,forecast,145.0,48,608,True,,,0.0203000009059906,0.0283220559358596,0.0592453815042972
traffic,PatchTST,time_stretch,4,7218,79,0.4942803978919983,MSE,0.3723537623882293,0.873369038105011,forecast,145.0,48,632,True,,,0.0112999975681304,0.0158349722623825,0.0378596186637878
traffic,PatchTST,time_stretch,4,7218,79,0.4942803978919983,MSE,0.3723537623882293,0.873369038105011,forecast,145.0,48,840,True,,,0.0093999989330768,0.1246393918991088,0.0542843118309974
traffic,PatchTST,time_stretch,4,7218,79,0.4942803978919983,MSE,0.3723537623882293,0.873369038105011,forecast,146.0,49,9,True,,,0.002199999988079,0.0117245465517044,0.0516251102089881
traffic,PatchTST,time_stretch,4,7218,79,0.4942803978919983,MSE,0.3723537623882293,0.873369038105011,forecast,146.0,49,43,True,,,0.0183999985456466,0.0263526476919651,0.0529073327779769
traffic,PatchTST,time_stretch,4,7218,79,0.4942803978919983,MSE,0.3723537623882293,0.873369038105011,forecast,146.0,49,217,True,,,0.0234000012278556,0.03569320961833,0.0528336912393569
traffic,PatchTST,time_stretch,4,7218,79,0.4942803978919983,MSE,0.3723537623882293,0.873369038105011,forecast,146.0,49,304,True,,,0.0126000009477138,0.0167223624885082,0.0474394783377647
traffic,PatchTST,time_stretch,4,7218,79,0.4942803978919983,MSE,0.3723537623882293,0.873369038105011,forecast,146.0,49,397,True,,,0.0361000001430511,0.0401195883750915,0.0859880596399307
traffic,PatchTST,time_stretch,4,7218,79,0.4942803978919983,MSE,0.3723537623882293,0.873369038105011,forecast,146.0,49,475,True,,,0.0384999997913837,0.0453555136919021,0.1371958702802658
traffic,PatchTST,time_stretch,4,7218,79,0.4942803978919983,MSE,0.3723537623882293,0.873369038105011,forecast,146.0,49,580,True,,,0.003100000321865,0.0109692849218845,0.0311099588871002
traffic,PatchTST,time_stretch,4,7218,79,0.4942803978919983,MSE,0.3723537623882293,0.873369038105011,forecast,146.0,49,586,True,,,0.0103999972343444,0.0162463821470737,0.0591556616127491
traffic,PatchTST,time_stretch,4,7218,79,0.4942803978919983,MSE,0.3723537623882293,0.873369038105011,forecast,146.0,49,608,True,,,0.0232000052928924,0.0288940817117691,0.0570150315761566
traffic,PatchTST,time_stretch,4,7218,79,0.4942803978919983,MSE,0.3723537623882293,0.873369038105011,forecast,146.0,49,632,True,,,0.0333999991416931,0.0560784079134464,0.0220550224184989
traffic,PatchTST,time_stretch,4,7218,79,0.4942803978919983,MSE,0.3723537623882293,0.873369038105011,forecast,146.0,49,840,True,,,0.0214000009000301,0.1862062662839889,0.0951898619532585
traffic,PatchTST,time_stretch,4,7218,79,0.4942803978919983,MSE,0.3723537623882293,0.873369038105011,forecast,147.0,50,9,True,,,0.0,0.0304978154599666,0.0462687127292156
traffic,PatchTST,time_stretch,4,7218,79,0.4942803978919983,MSE,0.3723537623882293,0.873369038105011,forecast,147.0,50,43,True,,,0.0305000022053718,0.0338113158941268,0.0525211580097675
traffic,PatchTST,time_stretch,4,7218,79,0.4942803978919983,MSE,0.3723537623882293,0.873369038105011,forecast,147.0,50,217,True,,,0.0864000022411346,0.1007190272212028,0.0718166232109069
traffic,PatchTST,time_stretch,4,7218,79,0.4942803978919983,MSE,0.3723537623882293,0.873369038105011,forecast,147.0,50,304,True,,,0.0266999974846839,0.0252598002552986,0.0506813935935497
traffic,PatchTST,time_stretch,4,7218,79,0.4942803978919983,MSE,0.3723537623882293,0.873369038105011,forecast,147.0,50,397,True,,,0.0617000013589859,0.0688580721616745,0.0825518146157264
traffic,PatchTST,time_stretch,4,7218,79,0.4942803978919983,MSE,0.3723537623882293,0.873369038105011,forecast,147.0,50,475,True,,,0.0826999992132186,0.0888407006859779,0.1457674354314804
traffic,PatchTST,time_stretch,4,7218,79,0.4942803978919983,MSE,0.3723537623882293,0.873369038105011,forecast,147.0,50,580,True,,,0.0060999952256679,0.0206710360944271,0.0299495160579681
traffic,PatchTST,time_stretch,4,7218,79,0.4942803978919983,MSE,0.3723537623882293,0.873369038105011,forecast,147.0,50,586,True,,,0.0280000008642673,0.0382158644497394,0.0516927354037761
traffic,PatchTST,time_stretch,4,7218,79,0.4942803978919983,MSE,0.3723537623882293,0.873369038105011,forecast,147.0,50,608,True,,,0.0289999991655349,0.0344040542840957,0.053051009774208
traffic,PatchTST,time_stretch,4,7218,79,0.4942803978919983,MSE,0.3723537623882293,0.873369038105011,forecast,147.0,50,632,True,,,0.0965000018477439,0.1546452641487121,0.0462648756802082
traffic,PatchTST,time_stretch,4,7218,79,0.4942803978919983,MSE,0.3723537623882293,0.873369038105011,forecast,147.0,50,840,True,,,0.2967999875545501,0.2961513996124267,0.1218740344047546
traffic,PatchTST,time_stretch,4,7218,79,0.4942803978919983,MSE,0.3723537623882293,0.873369038105011,forecast,148.0,51,9,True,,,0.0,0.0573317743837833,0.0427005514502525
traffic,PatchTST,time_stretch,4,7218,79,0.4942803978919983,MSE,0.3723537623882293,0.873369038105011,forecast,148.0,51,43,True,,,0.0456999987363815,0.0477673560380935,0.0552188009023666
traffic,PatchTST,time_stretch,4,7218,79,0.4942803978919983,MSE,0.3723537623882293,0.873369038105011,forecast,148.0,51,217,True,,,0.2583000063896179,0.2174344062805175,0.0884480699896812
traffic,PatchTST,time_stretch,4,7218,79,0.4942803978919983,MSE,0.3723537623882293,0.873369038105011,forecast,148.0,51,304,True,,,0.0649999976158142,0.0428492948412895,0.0558811873197555
traffic,PatchTST,time_stretch,4,7218,79,0.4942803978919983,MSE,0.3723537623882293,0.873369038105011,forecast,148.0,51,397,True,,,0.0788000002503395,0.0869633704423904,0.0816968381404876
traffic,PatchTST,time_stretch,4,7218,79,0.4942803978919983,MSE,0.3723537623882293,0.873369038105011,forecast,148.0,51,475,True,,,0.1648000031709671,0.1641111075878143,0.1536148190498352
traffic,PatchTST,time_stretch,4,7218,79,0.4942803978919983,MSE,0.3723537623882293,0.873369038105011,forecast,148.0,51,580,True,,,0.0335999988019466,0.0394667536020278,0.0290333814918994
traffic,PatchTST,time_stretch,4,7218,79,0.4942803978919983,MSE,0.3723537623882293,0.873369038105011,forecast,148.0,51,586,True,,,0.0582000017166137,0.0661137253046035,0.0476116463541984
traffic,PatchTST,time_stretch,4,7218,79,0.4942803978919983,MSE,0.3723537623882293,0.873369038105011,forecast,148.0,51,608,True,,,0.0410000011324882,0.0430561155080795,0.0517835728824138
traffic,PatchTST,time_stretch,4,7218,79,0.4942803978919983,MSE,0.3723537623882293,0.873369038105011,forecast,148.0,51,632,True,,,0.3995000123977661,0.3526401221752167,0.0625828951597213
traffic,PatchTST,time_stretch,4,7218,79,0.4942803978919983,MSE,0.3723537623882293,0.873369038105011,forecast,148.0,51,840,True,,,0.6195999979972839,0.4394408464431762,0.1991236805915832
traffic,PatchTST,time_stretch,4,7218,79,0.4942803978919983,MSE,0.3723537623882293,0.873369038105011,forecast,149.0,52,9,True,,,0.0,0.1049920693039894,0.0479727461934089
traffic,PatchTST,time_stretch,4,7218,79,0.4942803978919983,MSE,0.3723537623882293,0.873369038105011,forecast,149.0,52,43,True,,,0.065200001001358,0.0664011090993881,0.0637311488389968
traffic,PatchTST,time_stretch,4,7218,79,0.4942803978919983,MSE,0.3723537623882293,0.873369038105011,forecast,149.0,52,217,True,,,0.4007000029087066,0.3318313062191009,0.1020252853631973
traffic,PatchTST,time_stretch,4,7218,79,0.4942803978919983,MSE,0.3723537623882293,0.873369038105011,forecast,149.0,52,304,True,,,0.0701000019907951,0.0707685947418212,0.0670751333236694
traffic,PatchTST,time_stretch,4,7218,79,0.4942803978919983,MSE,0.3723537623882293,0.873369038105011,forecast,149.0,52,397,True,,,0.0876000002026557,0.0977033227682113,0.0820359140634536
traffic,PatchTST,time_stretch,4,7218,79,0.4942803978919983,MSE,0.3723537623882293,0.873369038105011,forecast,149.0,52,475,True,,,0.2373999953269958,0.2403092086315155,0.1644109338521957
traffic,PatchTST,time_stretch,4,7218,79,0.4942803978919983,MSE,0.3723537623882293,0.873369038105011,forecast,149.0,52,580,True,,,0.0738999992609024,0.062627725303173,0.0330040752887725
traffic,PatchTST,time_stretch,4,7218,79,0.4942803978919983,MSE,0.3723537623882293,0.873369038105011,forecast,149.0,52,586,True,,,0.2344000041484832,0.1234734654426574,0.0542618334293365
traffic,PatchTST,time_stretch,4,7218,79,0.4942803978919983,MSE,0.3723537623882293,0.873369038105011,forecast,149.0,52,608,True,,,0.0575000010430812,0.0583274364471435,0.0534798726439476
traffic,PatchTST,time_stretch,4,7218,79,0.4942803978919983,MSE,0.3723537623882293,0.873369038105011,forecast,149.0,52,632,True,,,0.3564999997615814,0.4027454853057861,0.0744223818182945
traffic,PatchTST,time_stretch,4,7218,79,0.4942803978919983,MSE,0.3723537623882293,0.873369038105011,forecast,149.0,52,840,True,,,0.4772999882698059,0.4596646130084991,0.2817946672439575
traffic,PatchTST,time_stretch,4,7218,79,0.4942803978919983,MSE,0.3723537623882293,0.873369038105011,forecast,150.0,53,9,True,,,0.0,0.1538144648075103,0.0576754920184612
traffic,PatchTST,time_stretch,4,7218,79,0.4942803978919983,MSE,0.3723537623882293,0.873369038105011,forecast,150.0,53,43,True,,,0.0727000012993812,0.0730700343847274,0.0762848556041717
traffic,PatchTST,time_stretch,4,7218,79,0.4942803978919983,MSE,0.3723537623882293,0.873369038105011,forecast,150.0,53,217,True,,,0.3682000041007995,0.300651878118515,0.1177567690610885
traffic,PatchTST,time_stretch,4,7218,79,0.4942803978919983,MSE,0.3723537623882293,0.873369038105011,forecast,150.0,53,304,True,,,0.0856999978423118,0.0870564803481102,0.0799711346626281
traffic,PatchTST,time_stretch,4,7218,79,0.4942803978919983,MSE,0.3723537623882293,0.873369038105011,forecast,150.0,53,397,True,,,0.0970999971032142,0.1019971817731857,0.0856705009937286
traffic,PatchTST,time_stretch,4,7218,79,0.4942803978919983,MSE,0.3723537623882293,0.873369038105011,forecast,150.0,53,475,True,,,0.264299988746643,0.2473909854888916,0.1856762766838073
traffic,PatchTST,time_stretch,4,7218,79,0.4942803978919983,MSE,0.3723537623882293,0.873369038105011,forecast,150.0,53,580,True,,,0.1668999940156936,0.0804790556430816,0.0448180884122848
traffic,PatchTST,time_stretch,4,7218,79,0.4942803978919983,MSE,0.3723537623882293,0.873369038105011,forecast,150.0,53,586,True,,,0.3517999649047851,0.1798641979694366,0.065145619213581
traffic,PatchTST,time_stretch,4,7218,79,0.4942803978919983,MSE,0.3723537623882293,0.873369038105011,forecast,150.0,53,608,True,,,0.0631999969482421,0.0654534474015235,0.0625559017062187
traffic,PatchTST,time_stretch,4,7218,79,0.4942803978919983,MSE,0.3723537623882293,0.873369038105011,forecast,150.0,53,632,True,,,0.1545999944210052,0.3842335045337677,0.107721135020256
traffic,PatchTST,time_stretch,4,7218,79,0.4942803978919983,MSE,0.3723537623882293,0.873369038105011,forecast,150.0,53,840,True,,,0.045899998396635,0.4189790785312652,0.3448586463928222
traffic,PatchTST,time_stretch,4,7218,79,0.4942803978919983,MSE,0.3723537623882293,0.873369038105011,forecast,151.0,54,9,True,,,0.0,0.1245929151773452,0.0640460848808288
traffic,PatchTST,time_stretch,4,7218,79,0.4942803978919983,MSE,0.3723537623882293,0.873369038105011,forecast,151.0,54,43,True,,,0.0658999979496002,0.0686810910701751,0.0889028906822204
traffic,PatchTST,time_stretch,4,7218,79,0.4942803978919983,MSE,0.3723537623882293,0.873369038105011,forecast,151.0,54,217,True,,,0.1169999986886978,0.1730376183986663,0.1265356540679931
traffic,PatchTST,time_stretch,4,7218,79,0.4942803978919983,MSE,0.3723537623882293,0.873369038105011,forecast,151.0,54,304,True,,,0.0877000018954277,0.085425317287445,0.0950324833393096
traffic,PatchTST,time_stretch,4,7218,79,0.4942803978919983,MSE,0.3723537623882293,0.873369038105011,forecast,151.0,54,397,True,,,0.162100002169609,0.1112363189458847,0.0920496806502342
traffic,PatchTST,time_stretch,4,7218,79,0.4942803978919983,MSE,0.3723537623882293,0.873369038105011,forecast,151.0,54,475,True,,,0.2257000058889389,0.2225401550531387,0.2073643803596496
traffic,PatchTST,time_stretch,4,7218,79,0.4942803978919983,MSE,0.3723537623882293,0.873369038105011,forecast,151.0,54,580,True,,,0.1184000000357627,0.0778947249054908,0.0593896806240081
traffic,PatchTST,time_stretch,4,7218,79,0.4942803978919983,MSE,0.3723537623882293,0.873369038105011,forecast,151.0,54,586,True,,,0.095499999821186,0.1395817995071411,0.0725543722510337
traffic,PatchTST,time_stretch,4,7218,79,0.4942803978919983,MSE,0.3723537623882293,0.873369038105011,forecast,151.0,54,608,True,,,0.0621000006794929,0.0624243691563606,0.0753653794527053
traffic,PatchTST,time_stretch,4,7218,79,0.4942803978919983,MSE,0.3723537623882293,0.873369038105011,forecast,151.0,54,632,True,,,0.1260000020265579,0.3447892069816589,0.1442108452320099
traffic,PatchTST,time_stretch,4,7218,79,0.4942803978919983,MSE,0.3723537623882293,0.873369038105011,forecast,151.0,54,840,True,,,0.0410999990999698,0.3872115015983581,0.3913123309612274
traffic,PatchTST,time_stretch,4,7218,79,0.4942803978919983,MSE,0.3723537623882293,0.873369038105011,forecast,152.0,55,9,True,,,0.0,0.0870424956083297,0.0724231973290443
traffic,PatchTST,time_stretch,4,7218,79,0.4942803978919983,MSE,0.3723537623882293,0.873369038105011,forecast,152.0,55,43,True,,,0.0722000002861023,0.0717845484614372,0.0978500768542289
traffic,PatchTST,time_stretch,4,7218,79,0.4942803978919983,MSE,0.3723537623882293,0.873369038105011,forecast,152.0,55,217,True,,,0.1072999984025955,0.1121555119752883,0.1268866062164306
traffic,PatchTST,time_stretch,4,7218,79,0.4942803978919983,MSE,0.3723537623882293,0.873369038105011,forecast,152.0,55,304,True,,,0.0782999992370605,0.0835398659110069,0.1074872761964798
traffic,PatchTST,time_stretch,4,7218,79,0.4942803978919983,MSE,0.3723537623882293,0.873369038105011,forecast,152.0,55,397,True,,,0.1036000028252601,0.1226148456335067,0.1045853868126869
traffic,PatchTST,time_stretch,4,7218,79,0.4942803978919983,MSE,0.3723537623882293,0.873369038105011,forecast,152.0,55,475,True,,,0.097300000488758,0.2149212509393692,0.2386797666549682
traffic,PatchTST,time_stretch,4,7218,79,0.4942803978919983,MSE,0.3723537623882293,0.873369038105011,forecast,152.0,55,580,True,,,0.0785000026226043,0.0675287991762161,0.0718624740839004
traffic,PatchTST,time_stretch,4,7218,79,0.4942803978919983,MSE,0.3723537623882293,0.873369038105011,forecast,152.0,55,586,True,,,0.0844999998807907,0.094013899564743,0.0825569033622741
traffic,PatchTST,time_stretch,4,7218,79,0.4942803978919983,MSE,0.3723537623882293,0.873369038105011,forecast,152.0,55,608,True,,,0.0662000030279159,0.0664300248026847,0.0868156179785728
traffic,PatchTST,time_stretch,4,7218,79,0.4942803978919983,MSE,0.3723537623882293,0.873369038105011,forecast,152.0,55,632,True,,,0.3436000049114227,0.2991445660591125,0.2125900685787201
traffic,PatchTST,time_stretch,4,7218,79,0.4942803978919983,MSE,0.3723537623882293,0.873369038105011,forecast,152.0,55,840,True,,,0.0593000017106533,0.3428144156932831,0.4341783821582794
traffic,PatchTST,time_stretch,4,7218,79,0.4942803978919983,MSE,0.3723537623882293,0.873369038105011,forecast,153.0,56,9,True,,,0.0,0.0829020142555236,0.0812350958585739
traffic,PatchTST,time_stretch,4,7218,79,0.4942803978919983,MSE,0.3723537623882293,0.873369038105011,forecast,153.0,56,43,True,,,0.0746000036597251,0.0753779560327529,0.1123896166682243
traffic,PatchTST,time_stretch,4,7218,79,0.4942803978919983,MSE,0.3723537623882293,0.873369038105011,forecast,153.0,56,217,True,,,0.0873999968171119,0.0964466631412506,0.1246583685278892
traffic,PatchTST,time_stretch,4,7218,79,0.4942803978919983,MSE,0.3723537623882293,0.873369038105011,forecast,153.0,56,304,True,,,0.0844999998807907,0.0846906080842018,0.1169141083955764
traffic,PatchTST,time_stretch,4,7218,79,0.4942803978919983,MSE,0.3723537623882293,0.873369038105011,forecast,153.0,56,397,True,,,0.1042999997735023,0.1252089738845825,0.1150056421756744
traffic,PatchTST,time_stretch,4,7218,79,0.4942803978919983,MSE,0.3723537623882293,0.873369038105011,forecast,153.0,56,475,True,,,0.2386000007390976,0.2097282409667968,0.2619802355766296
traffic,PatchTST,time_stretch,4,7218,79,0.4942803978919983,MSE,0.3723537623882293,0.873369038105011,forecast,153.0,56,580,True,,,0.0737000033259391,0.0611471906304359,0.0826985612511634
traffic,PatchTST,time_stretch,4,7218,79,0.4942803978919983,MSE,0.3723537623882293,0.873369038105011,forecast,153.0,56,586,True,,,0.0856000036001205,0.0908074229955673,0.0931261107325553
traffic,PatchTST,time_stretch,4,7218,79,0.4942803978919983,MSE,0.3723537623882293,0.873369038105011,forecast,153.0,56,608,True,,,0.0705000013113021,0.0723356455564498,0.0970696806907653
traffic,PatchTST,time_stretch,4,7218,79,0.4942803978919983,MSE,0.3723537623882293,0.873369038105011,forecast,153.0,56,632,True,,,0.4269999861717224,0.1890512406826019,0.2410826683044433
traffic,PatchTST,time_stretch,4,7218,79,0.4942803978919983,MSE,0.3723537623882293,0.873369038105011,forecast,153.0,56,840,True,,,0.048700001090765,0.2386434525251388,0.486930251121521
traffic,PatchTST,time_stretch,4,7218,79,0.4942803978919983,MSE,0.3723537623882293,0.873369038105011,forecast,154.0,57,9,True,,,0.0,0.1055159121751785,0.0886484384536743
traffic,PatchTST,time_stretch,4,7218,79,0.4942803978919983,MSE,0.3723537623882293,0.873369038105011,forecast,154.0,57,43,True,,,0.0851999968290329,0.0788225531578064,0.1243343353271484
traffic,PatchTST,time_stretch,4,7218,79,0.4942803978919983,MSE,0.3723537623882293,0.873369038105011,forecast,154.0,57,217,True,,,0.095100000500679,0.091887891292572,0.1320435404777526
traffic,PatchTST,time_stretch,4,7218,79,0.4942803978919983,MSE,0.3723537623882293,0.873369038105011,forecast,154.0,57,304,True,,,0.0891000032424926,0.0853300541639328,0.121867835521698
traffic,PatchTST,time_stretch,4,7218,79,0.4942803978919983,MSE,0.3723537623882293,0.873369038105011,forecast,154.0,57,397,True,,,0.0957000032067298,0.1288356631994247,0.1236373111605644
traffic,PatchTST,time_stretch,4,7218,79,0.4942803978919983,MSE,0.3723537623882293,0.873369038105011,forecast,154.0,57,475,True,,,0.169400006532669,0.2016467154026031,0.2782861888408661
traffic,PatchTST,time_stretch,4,7218,79,0.4942803978919983,MSE,0.3723537623882293,0.873369038105011,forecast,154.0,57,580,True,,,0.0808999985456466,0.0583039335906505,0.0882386714220047
traffic,PatchTST,time_stretch,4,7218,79,0.4942803978919983,MSE,0.3723537623882293,0.873369038105011,forecast,154.0,57,586,True,,,0.0820999965071678,0.1109634637832641,0.0992695093154907
traffic,PatchTST,time_stretch,4,7218,79,0.4942803978919983,MSE,0.3723537623882293,0.873369038105011,forecast,154.0,57,608,True,,,0.0737999975681305,0.0748602673411369,0.1014995574951171
traffic,PatchTST,time_stretch,4,7218,79,0.4942803978919983,MSE,0.3723537623882293,0.873369038105011,forecast,154.0,57,632,True,,,0.1635999977588653,0.0688043683767318,0.2420902848243713
traffic,PatchTST,time_stretch,4,7218,79,0.4942803978919983,MSE,0.3723537623882293,0.873369038105011,forecast,154.0,57,840,True,,,0.0368999987840652,0.1286770105361938,0.5533933639526367
traffic,PatchTST,time_stretch,4,7218,79,0.4942803978919983,MSE,0.3723537623882293,0.873369038105011,forecast,155.0,58,9,True,,,0.0313000008463859,0.0948513820767402,0.1038045287132263
traffic,PatchTST,time_stretch,4,7218,79,0.4942803978919983,MSE,0.3723537623882293,0.873369038105011,forecast,155.0,58,43,True,,,0.0913000032305717,0.0835574716329574,0.1408911347389221
traffic,PatchTST,time_stretch,4,7218,79,0.4942803978919983,MSE,0.3723537623882293,0.873369038105011,forecast,155.0,58,217,True,,,0.0842000022530555,0.0917297676205635,0.1520623713731765
traffic,PatchTST,time_stretch,4,7218,79,0.4942803978919983,MSE,0.3723537623882293,0.873369038105011,forecast,155.0,58,304,True,,,0.1024999991059303,0.0973145887255668,0.1268787682056427
traffic,PatchTST,time_stretch,4,7218,79,0.4942803978919983,MSE,0.3723537623882293,0.873369038105011,forecast,155.0,58,397,True,,,0.0957999974489212,0.1335508078336715,0.1371676623821258
traffic,PatchTST,time_stretch,4,7218,79,0.4942803978919983,MSE,0.3723537623882293,0.873369038105011,forecast,155.0,58,475,True,,,0.2300000041723251,0.1892991662025451,0.2852051854133606
traffic,PatchTST,time_stretch,4,7218,79,0.4942803978919983,MSE,0.3723537623882293,0.873369038105011,forecast,155.0,58,580,True,,,0.062399998307228,0.0630554556846618,0.0969763100147247
traffic,PatchTST,time_stretch,4,7218,79,0.4942803978919983,MSE,0.3723537623882293,0.873369038105011,forecast,155.0,58,586,True,,,0.0788000002503395,0.0923046544194221,0.1154089570045471
traffic,PatchTST,time_stretch,4,7218,79,0.4942803978919983,MSE,0.3723537623882293,0.873369038105011,forecast,155.0,58,608,True,,,0.0744000002741813,0.0769753083586692,0.1100320219993591
traffic,PatchTST,time_stretch,4,7218,79,0.4942803978919983,MSE,0.3723537623882293,0.873369038105011,forecast,155.0,58,632,True,,,0.0439000017940998,0.0105040594935417,0.2446528375148773
traffic,PatchTST,time_stretch,4,7218,79,0.4942803978919983,MSE,0.3723537623882293,0.873369038105011,forecast,155.0,58,840,True,,,0.0379000008106231,0.0495485104620456,0.5865533351898193
traffic,PatchTST,time_stretch,4,7218,79,0.4942803978919983,MSE,0.3723537623882293,0.873369038105011,forecast,156.0,59,9,True,,,0.0,0.0983551293611526,0.1174677312374115
traffic,PatchTST,time_stretch,4,7218,79,0.4942803978919983,MSE,0.3723537623882293,0.873369038105011,forecast,156.0,59,43,True,,,0.1080999970436096,0.1116581708192825,0.1543820798397064
traffic,PatchTST,time_stretch,4,7218,79,0.4942803978919983,MSE,0.3723537623882293,0.873369038105011,forecast,156.0,59,217,True,,,0.093699999153614,0.0959721282124519,0.1707381010055542
traffic,PatchTST,time_stretch,4,7218,79,0.4942803978919983,MSE,0.3723537623882293,0.873369038105011,forecast,156.0,59,304,True,,,0.2448000013828277,0.1469216793775558,0.1322541981935501
traffic,PatchTST,time_stretch,4,7218,79,0.4942803978919983,MSE,0.3723537623882293,0.873369038105011,forecast,156.0,59,397,True,,,0.2017000019550323,0.1668099164962768,0.1482714712619781
traffic,PatchTST,time_stretch,4,7218,79,0.4942803978919983,MSE,0.3723537623882293,0.873369038105011,forecast,156.0,59,475,True,,,0.1193000003695488,0.1925142407417297,0.2837469577789306
traffic,PatchTST,time_stretch,4,7218,79,0.4942803978919983,MSE,0.3723537623882293,0.873369038105011,forecast,156.0,59,580,True,,,0.0848999992012977,0.0849252492189407,0.099179208278656
traffic,PatchTST,time_stretch,4,7218,79,0.4942803978919983,MSE,0.3723537623882293,0.873369038105011,forecast,156.0,59,586,True,,,0.1518999934196472,0.0941855311393737,0.1303672343492508
traffic,PatchTST,time_stretch,4,7218,79,0.4942803978919983,MSE,0.3723537623882293,0.873369038105011,forecast,156.0,59,608,True,,,0.0819000005722045,0.0837466865777969,0.1195366531610488
traffic,PatchTST,time_stretch,4,7218,79,0.4942803978919983,MSE,0.3723537623882293,0.873369038105011,forecast,156.0,59,632,True,,,0.0403000004589557,-0.0068636313080787,0.2624353468418121
traffic,PatchTST,time_stretch,4,7218,79,0.4942803978919983,MSE,0.3723537623882293,0.873369038105011,forecast,156.0,59,840,True,,,0.0401999987661838,0.0005778931081295,0.609211802482605
traffic,PatchTST,time_stretch,4,7218,79,0.4942803978919983,MSE,0.3723537623882293,0.873369038105011,forecast,157.0,60,9,True,,,0.0,0.1128343194723129,0.1291857808828354
traffic,PatchTST,time_stretch,4,7218,79,0.4942803978919983,MSE,0.3723537623882293,0.873369038105011,forecast,157.0,60,43,True,,,0.2354000210762024,0.2028540670871734,0.1612831056118011
traffic,PatchTST,time_stretch,4,7218,79,0.4942803978919983,MSE,0.3723537623882293,0.873369038105011,forecast,157.0,60,217,True,,,0.1098999977111816,0.1020886525511741,0.185354083776474
traffic,PatchTST,time_stretch,4,7218,79,0.4942803978919983,MSE,0.3723537623882293,0.873369038105011,forecast,157.0,60,304,True,,,0.2078000009059906,0.2082419991493225,0.1353845000267028
traffic,PatchTST,time_stretch,4,7218,79,0.4942803978919983,MSE,0.3723537623882293,0.873369038105011,forecast,157.0,60,397,True,,,0.2380000054836273,0.2134090960025787,0.162051260471344
traffic,PatchTST,time_stretch,4,7218,79,0.4942803978919983,MSE,0.3723537623882293,0.873369038105011,forecast,157.0,60,475,True,,,0.0649999976158142,0.1594533324241638,0.2612445950508117
traffic,PatchTST,time_stretch,4,7218,79,0.4942803978919983,MSE,0.3723537623882293,0.873369038105011,forecast,157.0,60,580,True,,,0.2222000062465667,0.1609156429767608,0.0945871099829673
traffic,PatchTST,time_stretch,4,7218,79,0.4942803978919983,MSE,0.3723537623882293,0.873369038105011,forecast,157.0,60,586,True,,,0.1812999844551086,0.113584354519844,0.1473430097103119
traffic,PatchTST,time_stretch,4,7218,79,0.4942803978919983,MSE,0.3723537623882293,0.873369038105011,forecast,157.0,60,608,True,,,0.1353999972343444,0.1159700751304626,0.1313125491142273
traffic,PatchTST,time_stretch,4,7218,79,0.4942803978919983,MSE,0.3723537623882293,0.873369038105011,forecast,157.0,60,632,True,,,0.0383000001311302,0.0129755064845085,0.2810367941856384
traffic,PatchTST,time_stretch,4,7218,79,0.4942803978919983,MSE,0.3723537623882293,0.873369038105011,forecast,157.0,60,840,True,,,0.0344999991357326,0.0142738539725542,0.4846822619438171
traffic,PatchTST,time_stretch,4,7218,79,0.4942803978919983,MSE,0.3723537623882293,0.873369038105011,forecast,158.0,61,9,True,,,0.0,0.1519857943058014,0.1450041085481643
traffic,PatchTST,time_stretch,4,7218,79,0.4942803978919983,MSE,0.3723537623882293,0.873369038105011,forecast,158.0,61,43,True,,,0.2759999930858612,0.280169278383255,0.1750288009643554
traffic,PatchTST,time_stretch,4,7218,79,0.4942803978919983,MSE,0.3723537623882293,0.873369038105011,forecast,158.0,61,217,True,,,0.1110000014305114,0.1071528568863868,0.1886863708496093
traffic,PatchTST,time_stretch,4,7218,79,0.4942803978919983,MSE,0.3723537623882293,0.873369038105011,forecast,158.0,61,304,True,,,0.1134999990463256,0.2412528395652771,0.1515707969665527
traffic,PatchTST,time_stretch,4,7218,79,0.4942803978919983,MSE,0.3723537623882293,0.873369038105011,forecast,158.0,61,397,True,,,0.2892000377178192,0.2570835053920746,0.1799563467502594
traffic,PatchTST,time_stretch,4,7218,79,0.4942803978919983,MSE,0.3723537623882293,0.873369038105011,forecast,158.0,61,475,True,,,0.0597999989986419,0.1363571435213089,0.2325267791748047
traffic,PatchTST,time_stretch,4,7218,79,0.4942803978919983,MSE,0.3723537623882293,0.873369038105011,forecast,158.0,61,580,True,,,0.2803000211715698,0.2284642159938812,0.0954176783561706
traffic,PatchTST,time_stretch,4,7218,79,0.4942803978919983,MSE,0.3723537623882293,0.873369038105011,forecast,158.0,61,586,True,,,0.1780999898910522,0.1642840057611465,0.1701306700706482
traffic,PatchTST,time_stretch,4,7218,79,0.4942803978919983,MSE,0.3723537623882293,0.873369038105011,forecast,158.0,61,608,True,,,0.3136999905109405,0.2195107638835907,0.1455191373825073
traffic,PatchTST,time_stretch,4,7218,79,0.4942803978919983,MSE,0.3723537623882293,0.873369038105011,forecast,158.0,61,632,True,,,0.0445999987423419,0.0628716871142387,0.2977911829948425
traffic,PatchTST,time_stretch,4,7218,79,0.4942803978919983,MSE,0.3723537623882293,0.873369038105011,forecast,158.0,61,840,True,,,0.0313000008463859,0.013653490692377,0.3823610246181488
traffic,PatchTST,time_stretch,4,7218,79,0.4942803978919983,MSE,0.3723537623882293,0.873369038105011,forecast,159.0,62,9,True,,,0.0,0.2349525541067123,0.1449708640575409
traffic,PatchTST,time_stretch,4,7218,79,0.4942803978919983,MSE,0.3723537623882293,0.873369038105011,forecast,159.0,62,43,True,,,0.1040000021457672,0.2855432629585266,0.1694211363792419
traffic,PatchTST,time_stretch,4,7218,79,0.4942803978919983,MSE,0.3723537623882293,0.873369038105011,forecast,159.0,62,217,True,,,0.1283999979496002,0.1188192367553711,0.1739028096199035
traffic,PatchTST,time_stretch,4,7218,79,0.4942803978919983,MSE,0.3723537623882293,0.873369038105011,forecast,159.0,62,304,True,,,0.4314999878406524,0.2675092220306396,0.1588838994503021
traffic,PatchTST,time_stretch,4,7218,79,0.4942803978919983,MSE,0.3723537623882293,0.873369038105011,forecast,159.0,62,397,True,,,0.3158999979496002,0.2625450491905212,0.1875359416007995
traffic,PatchTST,time_stretch,4,7218,79,0.4942803978919983,MSE,0.3723537623882293,0.873369038105011,forecast,159.0,62,475,True,,,0.0533000007271766,0.1134511977434158,0.2065194696187973
traffic,PatchTST,time_stretch,4,7218,79,0.4942803978919983,MSE,0.3723537623882293,0.873369038105011,forecast,159.0,62,580,True,,,0.3621000051498413,0.229346364736557,0.0962102264165878
traffic,PatchTST,time_stretch,4,7218,79,0.4942803978919983,MSE,0.3723537623882293,0.873369038105011,forecast,159.0,62,586,True,,,0.4126999974250793,0.2522380948066711,0.1726722121238708
traffic,PatchTST,time_stretch,4,7218,79,0.4942803978919983,MSE,0.3723537623882293,0.873369038105011,forecast,159.0,62,608,True,,,0.3641000092029571,0.2868105769157409,0.1505217403173446
traffic,PatchTST,time_stretch,4,7218,79,0.4942803978919983,MSE,0.3723537623882293,0.873369038105011,forecast,159.0,62,632,True,,,0.0663999989628791,0.1164018660783767,0.3016049265861511
traffic,PatchTST,time_stretch,4,7218,79,0.4942803978919983,MSE,0.3723537623882293,0.873369038105011,forecast,159.0,62,840,True,,,0.0288999993354082,0.0297881811857223,0.3415008187294006
traffic,PatchTST,time_stretch,4,7218,79,0.4942803978919983,MSE,0.3723537623882293,0.873369038105011,forecast,160.0,63,9,True,,,0.0,0.2374075800180435,0.1355581730604171
traffic,PatchTST,time_stretch,4,7218,79,0.4942803978919983,MSE,0.3723537623882293,0.873369038105011,forecast,160.0,63,43,True,,,0.0979999974370002,0.2070980966091156,0.150364488363266
traffic,PatchTST,time_stretch,4,7218,79,0.4942803978919983,MSE,0.3723537623882293,0.873369038105011,forecast,160.0,63,217,True,,,0.1168999969959259,0.0972360223531723,0.1480652987957
traffic,PatchTST,time_stretch,4,7218,79,0.4942803978919983,MSE,0.3723537623882293,0.873369038105011,forecast,160.0,63,304,True,,,0.2197999954223632,0.2099630832672119,0.1496762484312057
traffic,PatchTST,time_stretch,4,7218,79,0.4942803978919983,MSE,0.3723537623882293,0.873369038105011,forecast,160.0,63,397,True,,,0.1563999950885772,0.1834437847137451,0.1723414212465286
traffic,PatchTST,time_stretch,4,7218,79,0.4942803978919983,MSE,0.3723537623882293,0.873369038105011,forecast,160.0,63,475,True,,,0.1776999980211258,0.0796190351247787,0.1842385977506637
traffic,PatchTST,time_stretch,4,7218,79,0.4942803978919983,MSE,0.3723537623882293,0.873369038105011,forecast,160.0,63,580,True,,,0.306300014257431,0.1768380403518676,0.0968611389398574
traffic,PatchTST,time_stretch,4,7218,79,0.4942803978919983,MSE,0.3723537623882293,0.873369038105011,forecast,160.0,63,586,True,,,0.3996999859809875,0.2385694086551666,0.1610631942749023
traffic,PatchTST,time_stretch,4,7218,79,0.4942803978919983,MSE,0.3723537623882293,0.873369038105011,forecast,160.0,63,608,True,,,0.1932000070810318,0.193907082080841,0.1500203013420105
traffic,PatchTST,time_stretch,4,7218,79,0.4942803978919983,MSE,0.3723537623882293,0.873369038105011,forecast,160.0,63,632,True,,,0.031700000166893,0.0647392198443412,0.2741284072399139
traffic,PatchTST,time_stretch,4,7218,79,0.4942803978919983,MSE,0.3723537623882293,0.873369038105011,forecast,160.0,63,840,True,,,0.0218000002205371,0.0289030354470014,0.2964361011981964
traffic,PatchTST,time_stretch,4,7218,79,0.4942803978919983,MSE,0.3723537623882293,0.873369038105011,forecast,161.0,64,9,True,,,0.0,0.121130496263504,0.1169894486665725
traffic,PatchTST,time_stretch,4,7218,79,0.4942803978919983,MSE,0.3723537623882293,0.873369038105011,forecast,161.0,64,43,True,,,0.1000000014901161,0.1153686046600341,0.1267683655023574
traffic,PatchTST,time_stretch,4,7218,79,0.4942803978919983,MSE,0.3723537623882293,0.873369038105011,forecast,161.0,64,217,True,,,0.0750999972224235,0.0657717734575271,0.1216465979814529
traffic,PatchTST,time_stretch,4,7218,79,0.4942803978919983,MSE,0.3723537623882293,0.873369038105011,forecast,161.0,64,304,True,,,0.0974999964237213,0.1148215681314468,0.1356499791145324
traffic,PatchTST,time_stretch,4,7218,79,0.4942803978919983,MSE,0.3723537623882293,0.873369038105011,forecast,161.0,64,397,True,,,0.0644000023603439,0.0910745561122894,0.1573535501956939
traffic,PatchTST,time_stretch,4,7218,79,0.4942803978919983,MSE,0.3723537623882293,0.873369038105011,forecast,161.0,64,475,True,,,0.2657000124454498,0.0616015940904617,0.1587283313274383
traffic,PatchTST,time_stretch,4,7218,79,0.4942803978919983,MSE,0.3723537623882293,0.873369038105011,forecast,161.0,64,580,True,,,0.0575000010430812,0.0862264782190322,0.0953372120857238
traffic,PatchTST,time_stretch,4,7218,79,0.4942803978919983,MSE,0.3723537623882293,0.873369038105011,forecast,161.0,64,586,True,,,0.2470999956130981,0.111951544880867,0.1400690972805023
traffic,PatchTST,time_stretch,4,7218,79,0.4942803978919983,MSE,0.3723537623882293,0.873369038105011,forecast,161.0,64,608,True,,,0.0842999964952468,0.0988264456391334,0.1464048326015472
traffic,PatchTST,time_stretch,4,7218,79,0.4942803978919983,MSE,0.3723537623882293,0.873369038105011,forecast,161.0,64,632,True,,,0.0335999988019466,0.021426111459732,0.2168385982513427
traffic,PatchTST,time_stretch,4,7218,79,0.4942803978919983,MSE,0.3723537623882293,0.873369038105011,forecast,161.0,64,840,True,,,0.0197999998927116,0.031341154128313,0.2582540512084961
traffic,PatchTST,time_stretch,4,7218,79,0.4942803978919983,MSE,0.3723537623882293,0.873369038105011,forecast,162.0,65,9,True,,,0.0,0.056829135864973,0.1035645827651023
traffic,PatchTST,time_stretch,4,7218,79,0.4942803978919983,MSE,0.3723537623882293,0.873369038105011,forecast,162.0,65,43,True,,,0.0817999988794326,0.0763502120971679,0.1089972108602523
traffic,PatchTST,time_stretch,4,7218,79,0.4942803978919983,MSE,0.3723537623882293,0.873369038105011,forecast,162.0,65,217,True,,,0.0593000017106533,0.0496409907937049,0.1033295765519142
traffic,PatchTST,time_stretch,4,7218,79,0.4942803978919983,MSE,0.3723537623882293,0.873369038105011,forecast,162.0,65,304,True,,,0.0800999999046325,0.0731688439846038,0.1293046176433563
traffic,PatchTST,time_stretch,4,7218,79,0.4942803978919983,MSE,0.3723537623882293,0.873369038105011,forecast,162.0,65,397,True,,,0.0553000010550022,0.0625429823994636,0.1513625681400299
traffic,PatchTST,time_stretch,4,7218,79,0.4942803978919983,MSE,0.3723537623882293,0.873369038105011,forecast,162.0,65,475,True,,,0.0472999997437,0.0458571799099445,0.1429619938135147
traffic,PatchTST,time_stretch,4,7218,79,0.4942803978919983,MSE,0.3723537623882293,0.873369038105011,forecast,162.0,65,580,True,,,0.0388999991118907,0.0406181812286376,0.0878892987966537
traffic,PatchTST,time_stretch,4,7218,79,0.4942803978919983,MSE,0.3723537623882293,0.873369038105011,forecast,162.0,65,586,True,,,0.0474999994039535,0.0547002330422401,0.1218226775527
traffic,PatchTST,time_stretch,4,7218,79,0.4942803978919983,MSE,0.3723537623882293,0.873369038105011,forecast,162.0,65,608,True,,,0.0764999985694885,0.0742373913526535,0.1344430893659591
traffic,PatchTST,time_stretch,4,7218,79,0.4942803978919983,MSE,0.3723537623882293,0.873369038105011,forecast,162.0,65,632,True,,,0.0302000008523464,0.0202081128954887,0.189334899187088
traffic,PatchTST,time_stretch,4,7218,79,0.4942803978919983,MSE,0.3723537623882293,0.873369038105011,forecast,162.0,65,840,True,,,0.0163000002503395,0.0203217267990112,0.2270591259002685
traffic,PatchTST,time_stretch,4,7218,79,0.4942803978919983,MSE,0.3723537623882293,0.873369038105011,forecast,163.0,66,9,True,,,0.0,0.0379096753895282,0.0940101146697998
traffic,PatchTST,time_stretch,4,7218,79,0.4942803978919983,MSE,0.3723537623882293,0.873369038105011,forecast,163.0,66,43,True,,,0.0772999972105026,0.0656998381018638,0.0957694873213768
traffic,PatchTST,time_stretch,4,7218,79,0.4942803978919983,MSE,0.3723537623882293,0.873369038105011,forecast,163.0,66,217,True,,,0.048200000077486,0.0429651960730552,0.0887577533721923
traffic,PatchTST,time_stretch,4,7218,79,0.4942803978919983,MSE,0.3723537623882293,0.873369038105011,forecast,163.0,66,304,True,,,0.0644999966025352,0.0593509450554847,0.1238168179988861
traffic,PatchTST,time_stretch,4,7218,79,0.4942803978919983,MSE,0.3723537623882293,0.873369038105011,forecast,163.0,66,397,True,,,0.0518999993801116,0.0561385080218315,0.1404684782028198
traffic,PatchTST,time_stretch,4,7218,79,0.4942803978919983,MSE,0.3723537623882293,0.873369038105011,forecast,163.0,66,475,True,,,0.0430999994277954,0.0449356473982334,0.1404857486486435
traffic,PatchTST,time_stretch,4,7218,79,0.4942803978919983,MSE,0.3723537623882293,0.873369038105011,forecast,163.0,66,580,True,,,0.0291000008583068,0.0292388387024402,0.0807187482714653
traffic,PatchTST,time_stretch,4,7218,79,0.4942803978919983,MSE,0.3723537623882293,0.873369038105011,forecast,163.0,66,586,True,,,0.0372000001370906,0.0404497794806957,0.1071732342243194
traffic,PatchTST,time_stretch,4,7218,79,0.4942803978919983,MSE,0.3723537623882293,0.873369038105011,forecast,163.0,66,608,True,,,0.0690999999642372,0.0662395879626274,0.1121876388788223
traffic,PatchTST,time_stretch,4,7218,79,0.4942803978919983,MSE,0.3723537623882293,0.873369038105011,forecast,163.0,66,632,True,,,0.0300000011920928,0.0246896967291831,0.1759645491838455
traffic,PatchTST,time_stretch,4,7218,79,0.4942803978919983,MSE,0.3723537623882293,0.873369038105011,forecast,163.0,66,840,True,,,0.0151000004261732,0.0221839062869548,0.1929241716861724
traffic,PatchTST,time_stretch,4,7218,79,0.4942803978919983,MSE,0.3723537623882293,0.873369038105011,forecast,164.0,67,9,True,,,0.0,0.0212162099778652,0.077582374215126
traffic,PatchTST,time_stretch,4,7218,79,0.4942803978919983,MSE,0.3723537623882293,0.873369038105011,forecast,164.0,67,43,True,,,0.0614000000059604,0.0543392226099967,0.0843821093440055
traffic,PatchTST,time_stretch,4,7218,79,0.4942803978919983,MSE,0.3723537623882293,0.873369038105011,forecast,164.0,67,217,True,,,0.0331999994814395,0.0330742076039314,0.0723336860537529
traffic,PatchTST,time_stretch,4,7218,79,0.4942803978919983,MSE,0.3723537623882293,0.873369038105011,forecast,164.0,67,304,True,,,0.050500001758337,0.0459917224943637,0.1079187989234924
traffic,PatchTST,time_stretch,4,7218,79,0.4942803978919983,MSE,0.3723537623882293,0.873369038105011,forecast,164.0,67,397,True,,,0.0413000024855136,0.0425055213272571,0.126261681318283
traffic,PatchTST,time_stretch,4,7218,79,0.4942803978919983,MSE,0.3723537623882293,0.873369038105011,forecast,164.0,67,475,True,,,0.031599998474121,0.0504823885858058,0.1450502872467041
traffic,PatchTST,time_stretch,4,7218,79,0.4942803978919983,MSE,0.3723537623882293,0.873369038105011,forecast,164.0,67,580,True,,,0.0091999992728233,0.0174603387713432,0.0692108571529388
traffic,PatchTST,time_stretch,4,7218,79,0.4942803978919983,MSE,0.3723537623882293,0.873369038105011,forecast,164.0,67,586,True,,,0.0249999985098838,0.0231241323053836,0.0867121890187263
traffic,PatchTST,time_stretch,4,7218,79,0.4942803978919983,MSE,0.3723537623882293,0.873369038105011,forecast,164.0,67,608,True,,,0.0531999990344047,0.0553248710930347,0.0914481952786445
traffic,PatchTST,time_stretch,4,7218,79,0.4942803978919983,MSE,0.3723537623882293,0.873369038105011,forecast,164.0,67,632,True,,,0.0256999991834163,0.0320693701505661,0.170658677816391
traffic,PatchTST,time_stretch,4,7218,79,0.4942803978919983,MSE,0.3723537623882293,0.873369038105011,forecast,164.0,67,840,True,,,0.0119000002741813,0.0244428031146526,0.130968689918518
traffic,PatchTST,time_stretch,4,7218,79,0.4942803978919983,MSE,0.3723537623882293,0.873369038105011,forecast,165.0,68,9,True,,,0.0,0.0117023885250091,0.0547233447432518
traffic,PatchTST,time_stretch,4,7218,79,0.4942803978919983,MSE,0.3723537623882293,0.873369038105011,forecast,165.0,68,43,True,,,0.0403999984264373,0.0407076068222522,0.0687791928648948
traffic,PatchTST,time_stretch,4,7218,79,0.4942803978919983,MSE,0.3723537623882293,0.873369038105011,forecast,165.0,68,217,True,,,0.0183999985456466,0.0221927538514137,0.0611459016799926
traffic,PatchTST,time_stretch,4,7218,79,0.4942803978919983,MSE,0.3723537623882293,0.873369038105011,forecast,165.0,68,304,True,,,0.0324999988079071,0.0299502946436405,0.0764212235808372
traffic,PatchTST,time_stretch,4,7218,79,0.4942803978919983,MSE,0.3723537623882293,0.873369038105011,forecast,165.0,68,397,True,,,0.0305000022053718,0.0296357497572898,0.107778325676918
traffic,PatchTST,time_stretch,4,7218,79,0.4942803978919983,MSE,0.3723537623882293,0.873369038105011,forecast,165.0,68,475,True,,,0.0199999958276748,0.0370983555912971,0.141263410449028
traffic,PatchTST,time_stretch,4,7218,79,0.4942803978919983,MSE,0.3723537623882293,0.873369038105011,forecast,165.0,68,580,True,,,0.0027999989688396,0.0088681988418102,0.0486423000693321
traffic,PatchTST,time_stretch,4,7218,79,0.4942803978919983,MSE,0.3723537623882293,0.873369038105011,forecast,165.0,68,586,True,,,0.0130999982357025,0.0123139843344688,0.0603299289941787
traffic,PatchTST,time_stretch,4,7218,79,0.4942803978919983,MSE,0.3723537623882293,0.873369038105011,forecast,165.0,68,608,True,,,0.0395000018179416,0.0441406890749931,0.0715795308351516
traffic,PatchTST,time_stretch,4,7218,79,0.4942803978919983,MSE,0.3723537623882293,0.873369038105011,forecast,165.0,68,632,True,,,0.0163000002503395,0.0394886955618858,0.1569504141807556
traffic,PatchTST,time_stretch,4,7218,79,0.4942803978919983,MSE,0.3723537623882293,0.873369038105011,forecast,165.0,68,840,True,,,0.0065999999642372,0.0215696170926094,0.0995087176561355
traffic,PatchTST,time_stretch,4,7218,79,0.4942803978919983,MSE,0.3723537623882293,0.873369038105011,forecast,166.0,69,9,True,,,0.0124000012874603,0.0098375529050827,0.0414515696465969
traffic,PatchTST,time_stretch,4,7218,79,0.4942803978919983,MSE,0.3723537623882293,0.873369038105011,forecast,166.0,69,43,True,,,0.0266999974846839,0.0345687717199325,0.056618832051754
traffic,PatchTST,time_stretch,4,7218,79,0.4942803978919983,MSE,0.3723537623882293,0.873369038105011,forecast,166.0,69,217,True,,,0.0131999999284744,0.0167582668364048,0.0531422719359397
traffic,PatchTST,time_stretch,4,7218,79,0.4942803978919983,MSE,0.3723537623882293,0.873369038105011,forecast,166.0,69,304,True,,,0.0183999985456466,0.0236039161682128,0.0605932213366031
traffic,PatchTST,time_stretch,4,7218,79,0.4942803978919983,MSE,0.3723537623882293,0.873369038105011,forecast,166.0,69,397,True,,,0.0214999988675117,0.027227446436882,0.1028989031910896
traffic,PatchTST,time_stretch,4,7218,79,0.4942803978919983,MSE,0.3723537623882293,0.873369038105011,forecast,166.0,69,475,True,,,0.0138999968767166,0.0281406193971633,0.1373132914304733
traffic,PatchTST,time_stretch,4,7218,79,0.4942803978919983,MSE,0.3723537623882293,0.873369038105011,forecast,166.0,69,580,True,,,0.0029999986290931,0.007482960820198,0.0384930372238159
traffic,PatchTST,time_stretch,4,7218,79,0.4942803978919983,MSE,0.3723537623882293,0.873369038105011,forecast,166.0,69,586,True,,,0.0077999979257583,0.0108347609639167,0.0459285080432891
traffic,PatchTST,time_stretch,4,7218,79,0.4942803978919983,MSE,0.3723537623882293,0.873369038105011,forecast,166.0,69,608,True,,,0.028899997472763,0.0375706329941749,0.0611643567681312
traffic,PatchTST,time_stretch,4,7218,79,0.4942803978919983,MSE,0.3723537623882293,0.873369038105011,forecast,166.0,69,632,True,,,0.0099999979138374,0.031050257384777,0.1371826529502868
traffic,PatchTST,time_stretch,4,7218,79,0.4942803978919983,MSE,0.3723537623882293,0.873369038105011,forecast,166.0,69,840,True,,,0.0054000001400709,0.0141851566731929,0.0465094000101089
traffic,PatchTST,time_stretch,4,7218,79,0.4942803978919983,MSE,0.3723537623882293,0.873369038105011,forecast,167.0,70,9,True,,,0.0089000016450881,0.0087206959724426,0.0386611223220825
traffic,PatchTST,time_stretch,4,7218,79,0.4942803978919983,MSE,0.3723537623882293,0.873369038105011,forecast,167.0,70,43,True,,,0.0201999992132186,0.0311952196061611,0.0518746301531791
traffic,PatchTST,time_stretch,4,7218,79,0.4942803978919983,MSE,0.3723537623882293,0.873369038105011,forecast,167.0,70,217,True,,,0.0098999999463558,0.0170810893177986,0.0513582974672317
traffic,PatchTST,time_stretch,4,7218,79,0.4942803978919983,MSE,0.3723537623882293,0.873369038105011,forecast,167.0,70,304,True,,,0.0102999992668628,0.0176962167024612,0.0551991015672683
traffic,PatchTST,time_stretch,4,7218,79,0.4942803978919983,MSE,0.3723537623882293,0.873369038105011,forecast,167.0,70,397,True,,,0.0165999978780746,0.0270936675369739,0.0967372506856918
traffic,PatchTST,time_stretch,4,7218,79,0.4942803978919983,MSE,0.3723537623882293,0.873369038105011,forecast,167.0,70,475,True,,,0.0107000023126602,0.01920598000288,0.1327438205480575
traffic,PatchTST,time_stretch,4,7218,79,0.4942803978919983,MSE,0.3723537623882293,0.873369038105011,forecast,167.0,70,580,True,,,0.003100000321865,0.0083754174411296,0.0385855622589588
traffic,PatchTST,time_stretch,4,7218,79,0.4942803978919983,MSE,0.3723537623882293,0.873369038105011,forecast,167.0,70,586,True,,,0.0050999969244003,0.009848304092884,0.0431007482111454
traffic,PatchTST,time_stretch,4,7218,79,0.4942803978919983,MSE,0.3723537623882293,0.873369038105011,forecast,167.0,70,608,True,,,0.0227999985218048,0.0323393419384956,0.0573089197278022
traffic,PatchTST,time_stretch,4,7218,79,0.4942803978919983,MSE,0.3723537623882293,0.873369038105011,forecast,167.0,70,632,True,,,0.0069999992847442,0.0209817662835121,0.1039895489811897
traffic,PatchTST,time_stretch,4,7218,79,0.4942803978919983,MSE,0.3723537623882293,0.873369038105011,forecast,167.0,70,840,True,,,0.0052000004798173,0.0221262294799089,0.0144785530865192
traffic,PatchTST,time_stretch,4,7218,79,0.4942803978919983,MSE,0.3723537623882293,0.873369038105011,forecast,168.0,71,9,True,,,0.0077999979257583,0.0098596811294555,0.0441032201051712
traffic,PatchTST,time_stretch,4,7218,79,0.4942803978919983,MSE,0.3723537623882293,0.873369038105011,forecast,168.0,71,43,True,,,0.0137000009417533,0.0283380411565303,0.0480215698480606
traffic,PatchTST,time_stretch,4,7218,79,0.4942803978919983,MSE,0.3723537623882293,0.873369038105011,forecast,168.0,71,217,True,,,0.0097000002861022,0.0184524282813072,0.0457380041480064
traffic,PatchTST,time_stretch,4,7218,79,0.4942803978919983,MSE,0.3723537623882293,0.873369038105011,forecast,168.0,71,304,True,,,0.0089999996125698,0.0142600424587726,0.0485238879919052
traffic,PatchTST,time_stretch,4,7218,79,0.4942803978919983,MSE,0.3723537623882293,0.873369038105011,forecast,168.0,71,397,True,,,0.0170999988913536,0.02665451541543,0.0818627104163169
traffic,PatchTST,time_stretch,4,7218,79,0.4942803978919983,MSE,0.3723537623882293,0.873369038105011,forecast,168.0,71,475,True,,,0.0120000019669532,0.0194863751530647,0.1225460022687912
traffic,PatchTST,time_stretch,4,7218,79,0.4942803978919983,MSE,0.3723537623882293,0.873369038105011,forecast,168.0,71,580,True,,,0.0032999999821186,0.007540263235569,0.0290071777999401
traffic,PatchTST,time_stretch,4,7218,79,0.4942803978919983,MSE,0.3723537623882293,0.873369038105011,forecast,168.0,71,586,True,,,0.0034999996423721,0.0100850686430931,0.0495243370532989
traffic,PatchTST,time_stretch,4,7218,79,0.4942803978919983,MSE,0.3723537623882293,0.873369038105011,forecast,168.0,71,608,True,,,0.0203000009059906,0.0316155329346656,0.0529727861285209
traffic,PatchTST,time_stretch,4,7218,79,0.4942803978919983,MSE,0.3723537623882293,0.873369038105011,forecast,168.0,71,632,True,,,0.0073999986052513,0.0091177225112915,0.0639394745230674
traffic,PatchTST,time_stretch,4,7218,79,0.4942803978919983,MSE,0.3723537623882293,0.873369038105011,forecast,168.0,71,840,True,,,0.0056999996304512,0.029667567461729,0.0085295774042606
traffic,PatchTST,time_stretch,4,7218,79,0.4942803978919983,MSE,0.3723537623882293,0.873369038105011,forecast,169.0,72,9,True,,,0.0090999975800514,0.0109632909297943,0.0528005585074424
traffic,PatchTST,time_stretch,4,7218,79,0.4942803978919983,MSE,0.3723537623882293,0.873369038105011,forecast,169.0,72,43,True,,,0.0117999985814094,0.0264826528728008,0.0483874231576919
traffic,PatchTST,time_stretch,4,7218,79,0.4942803978919983,MSE,0.3723537623882293,0.873369038105011,forecast,169.0,72,217,True,,,0.0102999992668628,0.0192467086017131,0.0418269485235214
traffic,PatchTST,time_stretch,4,7218,79,0.4942803978919983,MSE,0.3723537623882293,0.873369038105011,forecast,169.0,72,304,True,,,0.0073000006377696,0.0145779028534889,0.0465508997440338
traffic,PatchTST,time_stretch,4,7218,79,0.4942803978919983,MSE,0.3723537623882293,0.873369038105011,forecast,169.0,72,397,True,,,0.0183000043034553,0.0300076156854629,0.0782911926507949
traffic,PatchTST,time_stretch,4,7218,79,0.4942803978919983,MSE,0.3723537623882293,0.873369038105011,forecast,169.0,72,475,True,,,0.0161999985575675,0.0264517590403556,0.1155842095613479
traffic,PatchTST,time_stretch,4,7218,79,0.4942803978919983,MSE,0.3723537623882293,0.873369038105011,forecast,169.0,72,580,True,,,0.0029999986290931,0.0093510784208774,0.0250688903033733
traffic,PatchTST,time_stretch,4,7218,79,0.4942803978919983,MSE,0.3723537623882293,0.873369038105011,forecast,169.0,72,586,True,,,0.0041999965906143,0.0111911669373512,0.0605652965605258
traffic,PatchTST,time_stretch,4,7218,79,0.4942803978919983,MSE,0.3723537623882293,0.873369038105011,forecast,169.0,72,608,True,,,0.0169999971985816,0.0289175435900688,0.051268346607685
traffic,PatchTST,time_stretch,4,7218,79,0.4942803978919983,MSE,0.3723537623882293,0.873369038105011,forecast,169.0,72,632,True,,,0.0117999985814094,0.0167374908924102,0.0298887640237808
traffic,PatchTST,time_stretch,4,7218,79,0.4942803978919983,MSE,0.3723537623882293,0.873369038105011,forecast,169.0,72,840,True,,,0.0091000013053417,0.0735390335321426,0.0308898072689771
traffic,PatchTST,time_stretch,4,7218,79,0.4942803978919983,MSE,0.3723537623882293,0.873369038105011,forecast,170.0,73,9,True,,,0.017799999564886,0.0138099677860736,0.0605742447078228
traffic,PatchTST,time_stretch,4,7218,79,0.4942803978919983,MSE,0.3723537623882293,0.873369038105011,forecast,170.0,73,43,True,,,0.0137000009417533,0.0262452512979507,0.0513481386005878
traffic,PatchTST,time_stretch,4,7218,79,0.4942803978919983,MSE,0.3723537623882293,0.873369038105011,forecast,170.0,73,217,True,,,0.0226999968290328,0.0307426862418651,0.0461751520633697
traffic,PatchTST,time_stretch,4,7218,79,0.4942803978919983,MSE,0.3723537623882293,0.873369038105011,forecast,170.0,73,304,True,,,0.0124000012874603,0.016812689602375,0.0494808182120323
traffic,PatchTST,time_stretch,4,7218,79,0.4942803978919983,MSE,0.3723537623882293,0.873369038105011,forecast,170.0,73,397,True,,,0.0340000018477439,0.0445842184126377,0.0824008584022522
traffic,PatchTST,time_stretch,4,7218,79,0.4942803978919983,MSE,0.3723537623882293,0.873369038105011,forecast,170.0,73,475,True,,,0.0394999980926513,0.0525732487440109,0.1209672018885612
traffic,PatchTST,time_stretch,4,7218,79,0.4942803978919983,MSE,0.3723537623882293,0.873369038105011,forecast,170.0,73,580,True,,,0.0029999986290931,0.0127822682261466,0.0264033488929271
traffic,PatchTST,time_stretch,4,7218,79,0.4942803978919983,MSE,0.3723537623882293,0.873369038105011,forecast,170.0,73,586,True,,,0.0103000029921531,0.0179880671203136,0.0685166716575622
traffic,PatchTST,time_stretch,4,7218,79,0.4942803978919983,MSE,0.3723537623882293,0.873369038105011,forecast,170.0,73,608,True,,,0.0190000012516975,0.0293767154216766,0.0518745705485343
traffic,PatchTST,time_stretch,4,7218,79,0.4942803978919983,MSE,0.3723537623882293,0.873369038105011,forecast,170.0,73,632,True,,,0.0333999991416931,0.0577892698347568,0.0209007412195205
traffic,PatchTST,time_stretch,4,7218,79,0.4942803978919983,MSE,0.3723537623882293,0.873369038105011,forecast,170.0,73,840,True,,,0.0208999998867511,0.1471640020608902,0.0690290778875351
traffic,PatchTST,time_stretch,4,7218,79,0.4942803978919983,MSE,0.3723537623882293,0.873369038105011,forecast,171.0,74,9,True,,,0.0438000001013278,0.0292463712394237,0.0583427660167217
traffic,PatchTST,time_stretch,4,7218,79,0.4942803978919983,MSE,0.3723537623882293,0.873369038105011,forecast,171.0,74,43,True,,,0.0256999991834163,0.0353017412126064,0.0556049831211566
traffic,PatchTST,time_stretch,4,7218,79,0.4942803978919983,MSE,0.3723537623882293,0.873369038105011,forecast,171.0,74,217,True,,,0.0834999978542327,0.0955507308244705,0.063960425555706
traffic,PatchTST,time_stretch,4,7218,79,0.4942803978919983,MSE,0.3723537623882293,0.873369038105011,forecast,171.0,74,304,True,,,0.0271999984979629,0.0262467078864574,0.0579403452575206
traffic,PatchTST,time_stretch,4,7218,79,0.4942803978919983,MSE,0.3723537623882293,0.873369038105011,forecast,171.0,74,397,True,,,0.0613999962806701,0.0718448832631111,0.083492174744606
traffic,PatchTST,time_stretch,4,7218,79,0.4942803978919983,MSE,0.3723537623882293,0.873369038105011,forecast,171.0,74,475,True,,,0.0843999981880188,0.0928362682461738,0.1342792958021164
traffic,PatchTST,time_stretch,4,7218,79,0.4942803978919983,MSE,0.3723537623882293,0.873369038105011,forecast,171.0,74,580,True,,,0.0111000016331672,0.0223023481667041,0.0313903540372848
traffic,PatchTST,time_stretch,4,7218,79,0.4942803978919983,MSE,0.3723537623882293,0.873369038105011,forecast,171.0,74,586,True,,,0.0274000018835067,0.0369696915149688,0.0656893923878669
traffic,PatchTST,time_stretch,4,7218,79,0.4942803978919983,MSE,0.3723537623882293,0.873369038105011,forecast,171.0,74,608,True,,,0.0262000039219856,0.0364811904728412,0.0533661618828773
traffic,PatchTST,time_stretch,4,7218,79,0.4942803978919983,MSE,0.3723537623882293,0.873369038105011,forecast,171.0,74,632,True,,,0.1039000004529953,0.1427004039287567,0.0431248843669891
traffic,PatchTST,time_stretch,4,7218,79,0.4942803978919983,MSE,0.3723537623882293,0.873369038105011,forecast,171.0,74,840,True,,,0.3014000058174133,0.2832991778850555,0.1136234402656555
traffic,PatchTST,time_stretch,4,7218,79,0.4942803978919983,MSE,0.3723537623882293,0.873369038105011,forecast,172.0,75,9,True,,,0.0775000005960464,0.0561767369508743,0.053619772195816
traffic,PatchTST,time_stretch,4,7218,79,0.4942803978919983,MSE,0.3723537623882293,0.873369038105011,forecast,172.0,75,43,True,,,0.0452999994158744,0.0532630458474159,0.0601131878793239
traffic,PatchTST,time_stretch,4,7218,79,0.4942803978919983,MSE,0.3723537623882293,0.873369038105011,forecast,172.0,75,217,True,,,0.2581000030040741,0.2171724140644073,0.0830598175525665
traffic,PatchTST,time_stretch,4,7218,79,0.4942803978919983,MSE,0.3723537623882293,0.873369038105011,forecast,172.0,75,304,True,,,0.0445000007748603,0.0462191142141819,0.0645617842674255
traffic,PatchTST,time_stretch,4,7218,79,0.4942803978919983,MSE,0.3723537623882293,0.873369038105011,forecast,172.0,75,397,True,,,0.0750000029802322,0.0920778512954711,0.0873848125338554
traffic,PatchTST,time_stretch,4,7218,79,0.4942803978919983,MSE,0.3723537623882293,0.873369038105011,forecast,172.0,75,475,True,,,0.19930000603199,0.1669943630695343,0.1481716483831405
traffic,PatchTST,time_stretch,4,7218,79,0.4942803978919983,MSE,0.3723537623882293,0.873369038105011,forecast,172.0,75,580,True,,,0.032600000500679,0.0448413267731666,0.0328176617622375
traffic,PatchTST,time_stretch,4,7218,79,0.4942803978919983,MSE,0.3723537623882293,0.873369038105011,forecast,172.0,75,586,True,,,0.0560999996960163,0.0649639964103698,0.060577780008316
traffic,PatchTST,time_stretch,4,7218,79,0.4942803978919983,MSE,0.3723537623882293,0.873369038105011,forecast,172.0,75,608,True,,,0.0390000008046627,0.0483205057680606,0.0538983717560768
traffic,PatchTST,time_stretch,4,7218,79,0.4942803978919983,MSE,0.3723537623882293,0.873369038105011,forecast,172.0,75,632,True,,,0.0864000022411346,0.3372251689434051,0.0426520593464374
traffic,PatchTST,time_stretch,4,7218,79,0.4942803978919983,MSE,0.3723537623882293,0.873369038105011,forecast,172.0,75,840,True,,,0.6107000112533569,0.4643095433712005,0.1921848952770233
traffic,PatchTST,time_stretch,4,7218,79,0.4942803978919983,MSE,0.3723537623882293,0.873369038105011,forecast,173.0,76,9,True,,,0.1699000000953674,0.1093190312385559,0.0540222898125648
traffic,PatchTST,time_stretch,4,7218,79,0.4942803978919983,MSE,0.3723537623882293,0.873369038105011,forecast,173.0,76,43,True,,,0.065600000321865,0.072685569524765,0.0688912570476532
traffic,PatchTST,time_stretch,4,7218,79,0.4942803978919983,MSE,0.3723537623882293,0.873369038105011,forecast,173.0,76,217,True,,,0.4287999868392944,0.3159290254116058,0.100035510957241
traffic,PatchTST,time_stretch,4,7218,79,0.4942803978919983,MSE,0.3723537623882293,0.873369038105011,forecast,173.0,76,304,True,,,0.0706000030040741,0.0735964998602867,0.071997545659542
traffic,PatchTST,time_stretch,4,7218,79,0.4942803978919983,MSE,0.3723537623882293,0.873369038105011,forecast,173.0,76,397,True,,,0.0887999981641769,0.1030723005533218,0.0873171761631965
traffic,PatchTST,time_stretch,4,7218,79,0.4942803978919983,MSE,0.3723537623882293,0.873369038105011,forecast,173.0,76,475,True,,,0.2169999927282333,0.2439545094966888,0.1623771786689758
traffic,PatchTST,time_stretch,4,7218,79,0.4942803978919983,MSE,0.3723537623882293,0.873369038105011,forecast,173.0,76,580,True,,,0.1220999956130981,0.0679974630475044,0.0348794646561145
traffic,PatchTST,time_stretch,4,7218,79,0.4942803978919983,MSE,0.3723537623882293,0.873369038105011,forecast,173.0,76,586,True,,,0.1748999953269958,0.128012329339981,0.0615783706307411
traffic,PatchTST,time_stretch,4,7218,79,0.4942803978919983,MSE,0.3723537623882293,0.873369038105011,forecast,173.0,76,608,True,,,0.0571000017225742,0.0648158565163612,0.0584775730967521
traffic,PatchTST,time_stretch,4,7218,79,0.4942803978919983,MSE,0.3723537623882293,0.873369038105011,forecast,173.0,76,632,True,,,0.3321999907493591,0.3663111925125122,0.0449089556932449
traffic,PatchTST,time_stretch,4,7218,79,0.4942803978919983,MSE,0.3723537623882293,0.873369038105011,forecast,173.0,76,840,True,,,0.6001999974250793,0.4814664125442505,0.2610258758068084
traffic,PatchTST,time_stretch,4,7218,79,0.4942803978919983,MSE,0.3723537623882293,0.873369038105011,forecast,174.0,77,9,True,,,0.3089999854564667,0.1554674506187439,0.060909267514944
traffic,PatchTST,time_stretch,4,7218,79,0.4942803978919983,MSE,0.3723537623882293,0.873369038105011,forecast,174.0,77,43,True,,,0.0727000012993812,0.0765693038702011,0.0752661675214767
traffic,PatchTST,time_stretch,4,7218,79,0.4942803978919983,MSE,0.3723537623882293,0.873369038105011,forecast,174.0,77,217,True,,,0.4102999866008758,0.2793202102184295,0.1223693192005157
traffic,PatchTST,time_stretch,4,7218,79,0.4942803978919983,MSE,0.3723537623882293,0.873369038105011,forecast,174.0,77,304,True,,,0.0896999984979629,0.0856058150529861,0.0800622403621673
traffic,PatchTST,time_stretch,4,7218,79,0.4942803978919983,MSE,0.3723537623882293,0.873369038105011,forecast,174.0,77,397,True,,,0.0939000025391578,0.1070126593112945,0.087736114859581
traffic,PatchTST,time_stretch,4,7218,79,0.4942803978919983,MSE,0.3723537623882293,0.873369038105011,forecast,174.0,77,475,True,,,0.2351000010967254,0.2486168295145034,0.1798502504825592
traffic,PatchTST,time_stretch,4,7218,79,0.4942803978919983,MSE,0.3723537623882293,0.873369038105011,forecast,174.0,77,580,True,,,0.152099996805191,0.079937994480133,0.0390234515070915
traffic,PatchTST,time_stretch,4,7218,79,0.4942803978919983,MSE,0.3723537623882293,0.873369038105011,forecast,174.0,77,586,True,,,0.2833000123500824,0.1806223094463348,0.0678100436925888
traffic,PatchTST,time_stretch,4,7218,79,0.4942803978919983,MSE,0.3723537623882293,0.873369038105011,forecast,174.0,77,608,True,,,0.0614000000059604,0.0695455148816108,0.0646005570888519
traffic,PatchTST,time_stretch,4,7218,79,0.4942803978919983,MSE,0.3723537623882293,0.873369038105011,forecast,174.0,77,632,True,,,0.1107999980449676,0.3328172862529754,0.0887008979916572
traffic,PatchTST,time_stretch,4,7218,79,0.4942803978919983,MSE,0.3723537623882293,0.873369038105011,forecast,174.0,77,840,True,,,0.4023000001907348,0.4087697267532348,0.3002432584762573
traffic,PatchTST,time_stretch,4,7218,79,0.4942803978919983,MSE,0.3723537623882293,0.873369038105011,forecast,175.0,78,9,True,,,0.1033999994397163,0.1195667535066604,0.0637844055891037
traffic,PatchTST,time_stretch,4,7218,79,0.4942803978919983,MSE,0.3723537623882293,0.873369038105011,forecast,175.0,78,43,True,,,0.0824000015854835,0.068697951734066,0.0784260332584381
traffic,PatchTST,time_stretch,4,7218,79,0.4942803978919983,MSE,0.3723537623882293,0.873369038105011,forecast,175.0,78,217,True,,,0.250499963760376,0.1594367921352386,0.1337355226278305
traffic,PatchTST,time_stretch,4,7218,79,0.4942803978919983,MSE,0.3723537623882293,0.873369038105011,forecast,175.0,78,304,True,,,0.0857999995350837,0.0832239016890525,0.0875347554683685
traffic,PatchTST,time_stretch,4,7218,79,0.4942803978919983,MSE,0.3723537623882293,0.873369038105011,forecast,175.0,78,397,True,,,0.1062999963760376,0.1181888058781623,0.0900967121124267
traffic,PatchTST,time_stretch,4,7218,79,0.4942803978919983,MSE,0.3723537623882293,0.873369038105011,forecast,175.0,78,475,True,,,0.215499997138977,0.2177250981330871,0.196755439043045
traffic,PatchTST,time_stretch,4,7218,79,0.4942803978919983,MSE,0.3723537623882293,0.873369038105011,forecast,175.0,78,580,True,,,0.0949999988079071,0.0760520473122596,0.0445515252649784
traffic,PatchTST,time_stretch,4,7218,79,0.4942803978919983,MSE,0.3723537623882293,0.873369038105011,forecast,175.0,78,586,True,,,0.093199998140335,0.1325130015611648,0.0713383108377456
traffic,PatchTST,time_stretch,4,7218,79,0.4942803978919983,MSE,0.3723537623882293,0.873369038105011,forecast,175.0,78,608,True,,,0.0644999966025352,0.0644128024578094,0.0712000429630279
traffic,PatchTST,time_stretch,4,7218,79,0.4942803978919983,MSE,0.3723537623882293,0.873369038105011,forecast,175.0,78,632,True,,,0.0741000026464462,0.2836952805519104,0.141135573387146
traffic,PatchTST,time_stretch,4,7218,79,0.4942803978919983,MSE,0.3723537623882293,0.873369038105011,forecast,175.0,78,840,True,,,0.3957999944686889,0.3574751019477844,0.3018108606338501
traffic,PatchTST,time_stretch,4,7218,79,0.4942803978919983,MSE,0.3723537623882293,0.873369038105011,forecast,176.0,79,9,True,,,0.0961000025272369,0.086260475218296,0.0690737515687942
traffic,PatchTST,time_stretch,4,7218,79,0.4942803978919983,MSE,0.3723537623882293,0.873369038105011,forecast,176.0,79,43,True,,,0.066100001335144,0.0703135952353477,0.0866605266928672
traffic,PatchTST,time_stretch,4,7218,79,0.4942803978919983,MSE,0.3723537623882293,0.873369038105011,forecast,176.0,79,217,True,,,0.1013000011444091,0.1056585013866424,0.1461684703826904
traffic,PatchTST,time_stretch,4,7218,79,0.4942803978919983,MSE,0.3723537623882293,0.873369038105011,forecast,176.0,79,304,True,,,0.0824000015854835,0.0825064331293106,0.0968052148818969
traffic,PatchTST,time_stretch,4,7218,79,0.4942803978919983,MSE,0.3723537623882293,0.873369038105011,forecast,176.0,79,397,True,,,0.1120999976992607,0.1369824409484863,0.09445221722126
traffic,PatchTST,time_stretch,4,7218,79,0.4942803978919983,MSE,0.3723537623882293,0.873369038105011,forecast,176.0,79,475,True,,,0.0864000022411346,0.2227998375892639,0.2153283953666687
traffic,PatchTST,time_stretch,4,7218,79,0.4942803978919983,MSE,0.3723537623882293,0.873369038105011,forecast,176.0,79,580,True,,,0.0842000022530555,0.063709445297718,0.0548565536737442
traffic,PatchTST,time_stretch,4,7218,79,0.4942803978919983,MSE,0.3723537623882293,0.873369038105011,forecast,176.0,79,586,True,,,0.0854000002145767,0.0925989896059036,0.0783474221825599
traffic,PatchTST,time_stretch,4,7218,79,0.4942803978919983,MSE,0.3723537623882293,0.873369038105011,forecast,176.0,79,608,True,,,0.063799999654293,0.0672731697559356,0.0782804265618324
traffic,PatchTST,time_stretch,4,7218,79,0.4942803978919983,MSE,0.3723537623882293,0.873369038105011,forecast,176.0,79,632,True,,,0.0557000003755092,0.2625686526298523,0.1997643411159515
traffic,PatchTST,time_stretch,4,7218,79,0.4942803978919983,MSE,0.3723537623882293,0.873369038105011,forecast,176.0,79,840,True,,,0.1342000067234039,0.3126289248466491,0.3054183423519134
traffic,PatchTST,time_stretch,4,7218,79,0.4942803978919983,MSE,0.3723537623882293,0.873369038105011,forecast,177.0,80,9,True,,,0.1032999977469444,0.0942407548427581,0.076001301407814
traffic,PatchTST,time_stretch,4,7218,79,0.4942803978919983,MSE,0.3723537623882293,0.873369038105011,forecast,177.0,80,43,True,,,0.0791999995708465,0.0747004821896553,0.101493664085865
traffic,PatchTST,time_stretch,4,7218,79,0.4942803978919983,MSE,0.3723537623882293,0.873369038105011,forecast,177.0,80,217,True,,,0.088699996471405,0.0954926833510398,0.1606447398662567
traffic,PatchTST,time_stretch,4,7218,79,0.4942803978919983,MSE,0.3723537623882293,0.873369038105011,forecast,177.0,80,304,True,,,0.0842999964952468,0.0880507603287696,0.1019834280014038
traffic,PatchTST,time_stretch,4,7218,79,0.4942803978919983,MSE,0.3723537623882293,0.873369038105011,forecast,177.0,80,397,True,,,0.1913000047206878,0.1468296200037002,0.0987314879894256
traffic,PatchTST,time_stretch,4,7218,79,0.4942803978919983,MSE,0.3723537623882293,0.873369038105011,forecast,177.0,80,475,True,,,0.1190999969840049,0.2222302407026291,0.230123296380043
traffic,PatchTST,time_stretch,4,7218,79,0.4942803978919983,MSE,0.3723537623882293,0.873369038105011,forecast,177.0,80,580,True,,,0.1129999980330467,0.0581410229206085,0.0675249472260475
traffic,PatchTST,time_stretch,4,7218,79,0.4942803978919983,MSE,0.3723537623882293,0.873369038105011,forecast,177.0,80,586,True,,,0.0872000008821487,0.1031982451677322,0.0869759619235992
traffic,PatchTST,time_stretch,4,7218,79,0.4942803978919983,MSE,0.3723537623882293,0.873369038105011,forecast,177.0,80,608,True,,,0.0722000002861023,0.0725214034318924,0.0856665894389152
traffic,PatchTST,time_stretch,4,7218,79,0.4942803978919983,MSE,0.3723537623882293,0.873369038105011,forecast,177.0,80,632,True,,,0.0507000014185905,0.1842130124568939,0.2220294773578643
traffic,PatchTST,time_stretch,4,7218,79,0.4942803978919983,MSE,0.3723537623882293,0.873369038105011,forecast,177.0,80,840,True,,,0.1495999991893768,0.1926378309726715,0.3468817472457886
traffic,PatchTST,time_stretch,4,7218,79,0.4942803978919983,MSE,0.3723537623882293,0.873369038105011,forecast,178.0,81,9,True,,,0.1035000011324882,0.1225889474153518,0.0847020074725151
traffic,PatchTST,time_stretch,4,7218,79,0.4942803978919983,MSE,0.3723537623882293,0.873369038105011,forecast,178.0,81,43,True,,,0.0847999975085258,0.0829920098185539,0.1172039657831192
traffic,PatchTST,time_stretch,4,7218,79,0.4942803978919983,MSE,0.3723537623882293,0.873369038105011,forecast,178.0,81,217,True,,,0.0891999974846839,0.0892136171460151,0.1746940314769745
traffic,PatchTST,time_stretch,4,7218,79,0.4942803978919983,MSE,0.3723537623882293,0.873369038105011,forecast,178.0,81,304,True,,,0.0891000032424926,0.0928380638360977,0.1101778298616409
traffic,PatchTST,time_stretch,4,7218,79,0.4942803978919983,MSE,0.3723537623882293,0.873369038105011,forecast,178.0,81,397,True,,,0.2601000070571899,0.1602127254009246,0.1143899261951446
traffic,PatchTST,time_stretch,4,7218,79,0.4942803978919983,MSE,0.3723537623882293,0.873369038105011,forecast,178.0,81,475,True,,,0.1503999978303909,0.2229808270931244,0.2566233277320862
traffic,PatchTST,time_stretch,4,7218,79,0.4942803978919983,MSE,0.3723537623882293,0.873369038105011,forecast,178.0,81,580,True,,,0.1152999997138977,0.0610550567507743,0.0781392231583595
traffic,PatchTST,time_stretch,4,7218,79,0.4942803978919983,MSE,0.3723537623882293,0.873369038105011,forecast,178.0,81,586,True,,,0.0878999978303909,0.1305319666862487,0.0949906334280967
traffic,PatchTST,time_stretch,4,7218,79,0.4942803978919983,MSE,0.3723537623882293,0.873369038105011,forecast,178.0,81,608,True,,,0.0728999972343444,0.0774323716759681,0.0937761962413787
traffic,PatchTST,time_stretch,4,7218,79,0.4942803978919983,MSE,0.3723537623882293,0.873369038105011,forecast,178.0,81,632,True,,,0.0469000004231929,0.0860075205564498,0.2332007884979248
traffic,PatchTST,time_stretch,4,7218,79,0.4942803978919983,MSE,0.3723537623882293,0.873369038105011,forecast,178.0,81,840,True,,,0.0388000011444091,0.1078193932771682,0.4075456857681274
traffic,PatchTST,time_stretch,4,7218,79,0.4942803978919983,MSE,0.3723537623882293,0.873369038105011,forecast,179.0,82,9,True,,,0.0943000018596649,0.0975485295057296,0.0998293533921241
traffic,PatchTST,time_stretch,4,7218,79,0.4942803978919983,MSE,0.3723537623882293,0.873369038105011,forecast,179.0,82,43,True,,,0.0901999995112419,0.0897335931658744,0.1317086517810821
traffic,PatchTST,time_stretch,4,7218,79,0.4942803978919983,MSE,0.3723537623882293,0.873369038105011,forecast,179.0,82,217,True,,,0.090499997138977,0.0881185233592987,0.1879107058048248
traffic,PatchTST,time_stretch,4,7218,79,0.4942803978919983,MSE,0.3723537623882293,0.873369038105011,forecast,179.0,82,304,True,,,0.1120999976992607,0.1068404912948608,0.1168701872229576
traffic,PatchTST,time_stretch,4,7218,79,0.4942803978919983,MSE,0.3723537623882293,0.873369038105011,forecast,179.0,82,397,True,,,0.1420000046491623,0.1629398018121719,0.1341818571090698
traffic,PatchTST,time_stretch,4,7218,79,0.4942803978919983,MSE,0.3723537623882293,0.873369038105011,forecast,179.0,82,475,True,,,0.2476000040769577,0.2272865176200866,0.2744109332561493
traffic,PatchTST,time_stretch,4,7218,79,0.4942803978919983,MSE,0.3723537623882293,0.873369038105011,forecast,179.0,82,580,True,,,0.0719000026583671,0.0697988495230674,0.087954431772232
traffic,PatchTST,time_stretch,4,7218,79,0.4942803978919983,MSE,0.3723537623882293,0.873369038105011,forecast,179.0,82,586,True,,,0.0806000009179115,0.1009971052408218,0.1124692261219024
traffic,PatchTST,time_stretch,4,7218,79,0.4942803978919983,MSE,0.3723537623882293,0.873369038105011,forecast,179.0,82,608,True,,,0.0733999982476234,0.0781753957271575,0.0991320461034774
traffic,PatchTST,time_stretch,4,7218,79,0.4942803978919983,MSE,0.3723537623882293,0.873369038105011,forecast,179.0,82,632,True,,,0.0471000000834465,0.0473044849932193,0.2394039630889892
traffic,PatchTST,time_stretch,4,7218,79,0.4942803978919983,MSE,0.3723537623882293,0.873369038105011,forecast,179.0,82,840,True,,,0.0397000014781951,0.0782141834497451,0.4455910921096802
traffic,PatchTST,time_stretch,4,7218,79,0.4942803978919983,MSE,0.3723537623882293,0.873369038105011,forecast,180.0,83,9,True,,,0.1177999973297119,0.1083986982703208,0.1243631765246391
traffic,PatchTST,time_stretch,4,7218,79,0.4942803978919983,MSE,0.3723537623882293,0.873369038105011,forecast,180.0,83,43,True,,,0.1020999997854232,0.1325322091579437,0.1395842432975769
traffic,PatchTST,time_stretch,4,7218,79,0.4942803978919983,MSE,0.3723537623882293,0.873369038105011,forecast,180.0,83,217,True,,,0.1000000014901161,0.0936238914728164,0.196531057357788
traffic,PatchTST,time_stretch,4,7218,79,0.4942803978919983,MSE,0.3723537623882293,0.873369038105011,forecast,180.0,83,304,True,,,0.1225000023841857,0.1728378683328628,0.1196144074201583
traffic,PatchTST,time_stretch,4,7218,79,0.4942803978919983,MSE,0.3723537623882293,0.873369038105011,forecast,180.0,83,397,True,,,0.1331000030040741,0.1896765530109405,0.1456104069948196
traffic,PatchTST,time_stretch,4,7218,79,0.4942803978919983,MSE,0.3723537623882293,0.873369038105011,forecast,180.0,83,475,True,,,0.2698000073432922,0.2386220246553421,0.2746710181236267
traffic,PatchTST,time_stretch,4,7218,79,0.4942803978919983,MSE,0.3723537623882293,0.873369038105011,forecast,180.0,83,580,True,,,0.1199999973177909,0.1026072353124618,0.0943111330270767
traffic,PatchTST,time_stretch,4,7218,79,0.4942803978919983,MSE,0.3723537623882293,0.873369038105011,forecast,180.0,83,586,True,,,0.1480000019073486,0.112171471118927,0.139303982257843
traffic,PatchTST,time_stretch,4,7218,79,0.4942803978919983,MSE,0.3723537623882293,0.873369038105011,forecast,180.0,83,608,True,,,0.0825000032782554,0.0921198204159736,0.1091895028948783
traffic,PatchTST,time_stretch,4,7218,79,0.4942803978919983,MSE,0.3723537623882293,0.873369038105011,forecast,180.0,83,632,True,,,0.0460000000894069,0.0412821844220161,0.2634033262729645
traffic,PatchTST,time_stretch,4,7218,79,0.4942803978919983,MSE,0.3723537623882293,0.873369038105011,forecast,180.0,83,840,True,,,0.0370999984443187,0.0571041032671928,0.4371943473815918
traffic,PatchTST,time_stretch,4,7218,79,0.4942803978919983,MSE,0.3723537623882293,0.873369038105011,forecast,181.0,84,9,True,,,0.1229000091552734,0.1254293620586395,0.149118959903717
traffic,PatchTST,time_stretch,4,7218,79,0.4942803978919983,MSE,0.3723537623882293,0.873369038105011,forecast,181.0,84,43,True,,,0.2601000070571899,0.2431129217147827,0.1465116739273071
traffic,PatchTST,time_stretch,4,7218,79,0.4942803978919983,MSE,0.3723537623882293,0.873369038105011,forecast,181.0,84,217,True,,,0.1159000024199485,0.102951779961586,0.2064888179302215
traffic,PatchTST,time_stretch,4,7218,79,0.4942803978919983,MSE,0.3723537623882293,0.873369038105011,forecast,181.0,84,304,True,,,0.3194000124931335,0.2453934848308563,0.1260789036750793
traffic,PatchTST,time_stretch,4,7218,79,0.4942803978919983,MSE,0.3723537623882293,0.873369038105011,forecast,181.0,84,397,True,,,0.2942999899387359,0.2329836785793304,0.155149906873703
traffic,PatchTST,time_stretch,4,7218,79,0.4942803978919983,MSE,0.3723537623882293,0.873369038105011,forecast,181.0,84,475,True,,,0.1852000057697296,0.1899843215942382,0.256443440914154
traffic,PatchTST,time_stretch,4,7218,79,0.4942803978919983,MSE,0.3723537623882293,0.873369038105011,forecast,181.0,84,580,True,,,0.3100000023841858,0.1928336471319198,0.0956184715032577
traffic,PatchTST,time_stretch,4,7218,79,0.4942803978919983,MSE,0.3723537623882293,0.873369038105011,forecast,181.0,84,586,True,,,0.123999997973442,0.1337277293205261,0.1698266565799713
traffic,PatchTST,time_stretch,4,7218,79,0.4942803978919983,MSE,0.3723537623882293,0.873369038105011,forecast,181.0,84,608,True,,,0.1818999946117401,0.1415363252162933,0.1232899948954582
traffic,PatchTST,time_stretch,4,7218,79,0.4942803978919983,MSE,0.3723537623882293,0.873369038105011,forecast,181.0,84,632,True,,,0.045899998396635,0.0501016192138195,0.2916612923145294
traffic,PatchTST,time_stretch,4,7218,79,0.4942803978919983,MSE,0.3723537623882293,0.873369038105011,forecast,181.0,84,840,True,,,0.0340000018477439,0.0377976149320602,0.3742700815200805
traffic,PatchTST,time_stretch,4,7218,79,0.4942803978919983,MSE,0.3723537623882293,0.873369038105011,forecast,182.0,85,9,True,,,0.0901999995112419,0.1645265072584152,0.169452354311943
traffic,PatchTST,time_stretch,4,7218,79,0.4942803978919983,MSE,0.3723537623882293,0.873369038105011,forecast,182.0,85,43,True,,,0.3321999907493591,0.3106850683689117,0.1613038927316665
traffic,PatchTST,time_stretch,4,7218,79,0.4942803978919983,MSE,0.3723537623882293,0.873369038105011,forecast,182.0,85,217,True,,,0.1132000088691711,0.110379621386528,0.2092091739177703
traffic,PatchTST,time_stretch,4,7218,79,0.4942803978919983,MSE,0.3723537623882293,0.873369038105011,forecast,182.0,85,304,True,,,0.328000009059906,0.2757624387741089,0.1484052389860153
traffic,PatchTST,time_stretch,4,7218,79,0.4942803978919983,MSE,0.3723537623882293,0.873369038105011,forecast,182.0,85,397,True,,,0.3241000175476074,0.2723762691020965,0.1658011972904205
traffic,PatchTST,time_stretch,4,7218,79,0.4942803978919983,MSE,0.3723537623882293,0.873369038105011,forecast,182.0,85,475,True,,,0.066500000655651,0.1463253796100616,0.2388007640838623
traffic,PatchTST,time_stretch,4,7218,79,0.4942803978919983,MSE,0.3723537623882293,0.873369038105011,forecast,182.0,85,580,True,,,0.3886000216007232,0.2596426010131836,0.0993060022592544
traffic,PatchTST,time_stretch,4,7218,79,0.4942803978919983,MSE,0.3723537623882293,0.873369038105011,forecast,182.0,85,586,True,,,0.0795999988913536,0.1852167546749115,0.1978905200958252
traffic,PatchTST,time_stretch,4,7218,79,0.4942803978919983,MSE,0.3723537623882293,0.873369038105011,forecast,182.0,85,608,True,,,0.3300000131130218,0.2480643689632415,0.1386701613664627
traffic,PatchTST,time_stretch,4,7218,79,0.4942803978919983,MSE,0.3723537623882293,0.873369038105011,forecast,182.0,85,632,True,,,0.0820999965071678,0.0855471268296241,0.304941326379776
traffic,PatchTST,time_stretch,4,7218,79,0.4942803978919983,MSE,0.3723537623882293,0.873369038105011,forecast,182.0,85,840,True,,,0.033900000154972,0.0111048277467489,0.3439304828643799
traffic,PatchTST,time_stretch,4,7218,79,0.4942803978919983,MSE,0.3723537623882293,0.873369038105011,forecast,183.0,86,9,True,,,0.2028000056743621,0.2511698007583618,0.1701195836067199
traffic,PatchTST,time_stretch,4,7218,79,0.4942803978919983,MSE,0.3723537623882293,0.873369038105011,forecast,183.0,86,43,True,,,0.3046000003814697,0.3028346300125122,0.1586798429489135
traffic,PatchTST,time_stretch,4,7218,79,0.4942803978919983,MSE,0.3723537623882293,0.873369038105011,forecast,183.0,86,217,True,,,0.2328999936580658,0.1240127831697464,0.1912737786769867
traffic,PatchTST,time_stretch,4,7218,79,0.4942803978919983,MSE,0.3723537623882293,0.873369038105011,forecast,183.0,86,304,True,,,0.4623999893665313,0.3012846410274505,0.158049389719963
traffic,PatchTST,time_stretch,4,7218,79,0.4942803978919983,MSE,0.3723537623882293,0.873369038105011,forecast,183.0,86,397,True,,,0.3596000075340271,0.2779389917850494,0.1701668202877044
traffic,PatchTST,time_stretch,4,7218,79,0.4942803978919983,MSE,0.3723537623882293,0.873369038105011,forecast,183.0,86,475,True,,,0.0555999986827373,0.1102908328175544,0.2159617096185684
traffic,PatchTST,time_stretch,4,7218,79,0.4942803978919983,MSE,0.3723537623882293,0.873369038105011,forecast,183.0,86,580,True,,,0.4408000111579895,0.255500853061676,0.1062410771846771
traffic,PatchTST,time_stretch,4,7218,79,0.4942803978919983,MSE,0.3723537623882293,0.873369038105011,forecast,183.0,86,586,True,,,0.3030000030994415,0.2760784327983856,0.1994131803512573
traffic,PatchTST,time_stretch,4,7218,79,0.4942803978919983,MSE,0.3723537623882293,0.873369038105011,forecast,183.0,86,608,True,,,0.3499999940395355,0.3018827736377716,0.1455751061439514
traffic,PatchTST,time_stretch,4,7218,79,0.4942803978919983,MSE,0.3723537623882293,0.873369038105011,forecast,183.0,86,632,True,,,0.3813000023365021,0.1434935629367828,0.2989876866340637
traffic,PatchTST,time_stretch,4,7218,79,0.4942803978919983,MSE,0.3723537623882293,0.873369038105011,forecast,183.0,86,840,True,,,0.0315000005066394,0.0241524390876293,0.3146775066852569
traffic,PatchTST,time_stretch,4,7218,79,0.4942803978919983,MSE,0.3723537623882293,0.873369038105011,forecast,184.0,87,9,True,,,0.2824999988079071,0.2488501816987991,0.1585259139537811
traffic,PatchTST,time_stretch,4,7218,79,0.4942803978919983,MSE,0.3723537623882293,0.873369038105011,forecast,184.0,87,43,True,,,0.1054000034928321,0.2128022015094757,0.1423177272081375
traffic,PatchTST,time_stretch,4,7218,79,0.4942803978919983,MSE,0.3723537623882293,0.873369038105011,forecast,184.0,87,217,True,,,0.1129999980330467,0.1019212156534195,0.1632690578699112
traffic,PatchTST,time_stretch,4,7218,79,0.4942803978919983,MSE,0.3723537623882293,0.873369038105011,forecast,184.0,87,304,True,,,0.3492000102996826,0.229686826467514,0.1507387012243271
traffic,PatchTST,time_stretch,4,7218,79,0.4942803978919983,MSE,0.3723537623882293,0.873369038105011,forecast,184.0,87,397,True,,,0.2949000000953674,0.1966266632080078,0.1588883101940155
traffic,PatchTST,time_stretch,4,7218,79,0.4942803978919983,MSE,0.3723537623882293,0.873369038105011,forecast,184.0,87,475,True,,,0.05180000141263,0.0745423510670661,0.1904715895652771
traffic,PatchTST,time_stretch,4,7218,79,0.4942803978919983,MSE,0.3723537623882293,0.873369038105011,forecast,184.0,87,580,True,,,0.3495999872684479,0.1885367184877395,0.1084651798009872
traffic,PatchTST,time_stretch,4,7218,79,0.4942803978919983,MSE,0.3723537623882293,0.873369038105011,forecast,184.0,87,586,True,,,0.4135999679565429,0.2540280818939209,0.1828045696020126
traffic,PatchTST,time_stretch,4,7218,79,0.4942803978919983,MSE,0.3723537623882293,0.873369038105011,forecast,184.0,87,608,True,,,0.1297000050544738,0.1977118104696273,0.1439884305000305
traffic,PatchTST,time_stretch,4,7218,79,0.4942803978919983,MSE,0.3723537623882293,0.873369038105011,forecast,184.0,87,632,True,,,0.2741999924182892,0.1030503138899803,0.2662664651870727
traffic,PatchTST,time_stretch,4,7218,79,0.4942803978919983,MSE,0.3723537623882293,0.873369038105011,forecast,184.0,87,840,True,,,0.0251000002026557,0.0281227845698595,0.296538770198822
traffic,PatchTST,time_stretch,4,7218,79,0.4942803978919983,MSE,0.3723537623882293,0.873369038105011,forecast,185.0,88,9,True,,,0.1396999955177307,0.1297303140163421,0.1319235414266586
traffic,PatchTST,time_stretch,4,7218,79,0.4942803978919983,MSE,0.3723537623882293,0.873369038105011,forecast,185.0,88,43,True,,,0.0878000035881996,0.1141712814569473,0.1181048452854156
traffic,PatchTST,time_stretch,4,7218,79,0.4942803978919983,MSE,0.3723537623882293,0.873369038105011,forecast,185.0,88,217,True,,,0.0712999999523162,0.0716747343540191,0.1291522085666656
traffic,PatchTST,time_stretch,4,7218,79,0.4942803978919983,MSE,0.3723537623882293,0.873369038105011,forecast,185.0,88,304,True,,,0.0886000022292137,0.1177385151386261,0.129830002784729
traffic,PatchTST,time_stretch,4,7218,79,0.4942803978919983,MSE,0.3723537623882293,0.873369038105011,forecast,185.0,88,397,True,,,0.0617999956011772,0.0945163816213607,0.1497174948453903
traffic,PatchTST,time_stretch,4,7218,79,0.4942803978919983,MSE,0.3723537623882293,0.873369038105011,forecast,185.0,88,475,True,,,0.0527999997138977,0.0551171153783798,0.1639651507139206
traffic,PatchTST,time_stretch,4,7218,79,0.4942803978919983,MSE,0.3723537623882293,0.873369038105011,forecast,185.0,88,580,True,,,0.125,0.0872589573264122,0.1030790135264396
traffic,PatchTST,time_stretch,4,7218,79,0.4942803978919983,MSE,0.3723537623882293,0.873369038105011,forecast,185.0,88,586,True,,,0.2186000049114227,0.1202273815870285,0.1506310701370239
traffic,PatchTST,time_stretch,4,7218,79,0.4942803978919983,MSE,0.3723537623882293,0.873369038105011,forecast,185.0,88,608,True,,,0.0860000029206276,0.1000858396291732,0.1400063931941986
traffic,PatchTST,time_stretch,4,7218,79,0.4942803978919983,MSE,0.3723537623882293,0.873369038105011,forecast,185.0,88,632,True,,,0.033900000154972,0.0570793971419334,0.2225126922130584
traffic,PatchTST,time_stretch,4,7218,79,0.4942803978919983,MSE,0.3723537623882293,0.873369038105011,forecast,185.0,88,840,True,,,0.0178999993950128,0.0273634046316146,0.2550794780254364
traffic,PatchTST,time_stretch,4,7218,79,0.4942803978919983,MSE,0.3723537623882293,0.873369038105011,forecast,186.0,89,9,True,,,0.0599999986588954,0.074173703789711,0.1157780289649963
traffic,PatchTST,time_stretch,4,7218,79,0.4942803978919983,MSE,0.3723537623882293,0.873369038105011,forecast,186.0,89,43,True,,,0.0859000012278556,0.0780724138021469,0.1024099290370941
traffic,PatchTST,time_stretch,4,7218,79,0.4942803978919983,MSE,0.3723537623882293,0.873369038105011,forecast,186.0,89,217,True,,,0.060199998319149,0.058502372354269,0.1064953655004501
traffic,PatchTST,time_stretch,4,7218,79,0.4942803978919983,MSE,0.3723537623882293,0.873369038105011,forecast,186.0,89,304,True,,,0.0778999999165535,0.0758069828152656,0.1151210516691207
traffic,PatchTST,time_stretch,4,7218,79,0.4942803978919983,MSE,0.3723537623882293,0.873369038105011,forecast,186.0,89,397,True,,,0.0575999990105629,0.0645619481801986,0.1523564159870147
traffic,PatchTST,time_stretch,4,7218,79,0.4942803978919983,MSE,0.3723537623882293,0.873369038105011,forecast,186.0,89,475,True,,,0.0480000004172325,0.043741151690483,0.148868516087532
traffic,PatchTST,time_stretch,4,7218,79,0.4942803978919983,MSE,0.3723537623882293,0.873369038105011,forecast,186.0,89,580,True,,,0.0430000014603138,0.046750258654356,0.0924137383699417
traffic,PatchTST,time_stretch,4,7218,79,0.4942803978919983,MSE,0.3723537623882293,0.873369038105011,forecast,186.0,89,586,True,,,0.0494999997317791,0.071297250688076,0.1298618763685226
traffic,PatchTST,time_stretch,4,7218,79,0.4942803978919983,MSE,0.3723537623882293,0.873369038105011,forecast,186.0,89,608,True,,,0.0766000002622604,0.0753704383969307,0.1288037449121475
traffic,PatchTST,time_stretch,4,7218,79,0.4942803978919983,MSE,0.3723537623882293,0.873369038105011,forecast,186.0,89,632,True,,,0.031700000166893,0.0472272783517837,0.1916373074054718
traffic,PatchTST,time_stretch,4,7218,79,0.4942803978919983,MSE,0.3723537623882293,0.873369038105011,forecast,186.0,89,840,True,,,0.0150000005960464,0.0176222585141658,0.2010806053876876
traffic,PatchTST,time_stretch,4,7218,79,0.4942803978919983,MSE,0.3723537623882293,0.873369038105011,forecast,187.0,90,9,True,,,0.0474999994039535,0.0490276739001274,0.1044061779975891
traffic,PatchTST,time_stretch,4,7218,79,0.4942803978919983,MSE,0.3723537623882293,0.873369038105011,forecast,187.0,90,43,True,,,0.0807000026106834,0.0693034902215004,0.0924666970968246
traffic,PatchTST,time_stretch,4,7218,79,0.4942803978919983,MSE,0.3723537623882293,0.873369038105011,forecast,187.0,90,217,True,,,0.0445000007748603,0.0508617907762527,0.0926840752363205
traffic,PatchTST,time_stretch,4,7218,79,0.4942803978919983,MSE,0.3723537623882293,0.873369038105011,forecast,187.0,90,304,True,,,0.061999998986721,0.0603356286883354,0.1093976497650146
traffic,PatchTST,time_stretch,4,7218,79,0.4942803978919983,MSE,0.3723537623882293,0.873369038105011,forecast,187.0,90,397,True,,,0.0531000010669231,0.0579984709620475,0.1490780115127563
traffic,PatchTST,time_stretch,4,7218,79,0.4942803978919983,MSE,0.3723537623882293,0.873369038105011,forecast,187.0,90,475,True,,,0.0406999997794628,0.0430803336203098,0.149562120437622
traffic,PatchTST,time_stretch,4,7218,79,0.4942803978919983,MSE,0.3723537623882293,0.873369038105011,forecast,187.0,90,580,True,,,0.0306000001728534,0.0344803482294082,0.0846388041973114
traffic,PatchTST,time_stretch,4,7218,79,0.4942803978919983,MSE,0.3723537623882293,0.873369038105011,forecast,187.0,90,586,True,,,0.0364000014960765,0.0528955161571502,0.1151595711708068
traffic,PatchTST,time_stretch,4,7218,79,0.4942803978919983,MSE,0.3723537623882293,0.873369038105011,forecast,187.0,90,608,True,,,0.0680000036954879,0.069043219089508,0.1096076071262359
traffic,PatchTST,time_stretch,4,7218,79,0.4942803978919983,MSE,0.3723537623882293,0.873369038105011,forecast,187.0,90,632,True,,,0.031700000166893,0.0410375818610191,0.1780790388584137
traffic,PatchTST,time_stretch,4,7218,79,0.4942803978919983,MSE,0.3723537623882293,0.873369038105011,forecast,187.0,90,840,True,,,0.0143999997526407,0.0172424204647541,0.1711298525333404
traffic,PatchTST,time_stretch,4,7218,79,0.4942803978919983,MSE,0.3723537623882293,0.873369038105011,forecast,188.0,91,9,True,,,0.0366000011563301,0.0276811681687831,0.0895439833402633
traffic,PatchTST,time_stretch,4,7218,79,0.4942803978919983,MSE,0.3723537623882293,0.873369038105011,forecast,188.0,91,43,True,,,0.0644999966025352,0.0587033368647098,0.0841899663209915
traffic,PatchTST,time_stretch,4,7218,79,0.4942803978919983,MSE,0.3723537623882293,0.873369038105011,forecast,188.0,91,217,True,,,0.0350000038743019,0.0405002683401107,0.0778081864118576
traffic,PatchTST,time_stretch,4,7218,79,0.4942803978919983,MSE,0.3723537623882293,0.873369038105011,forecast,188.0,91,304,True,,,0.0511000007390975,0.0498591847717762,0.1040048748254776
traffic,PatchTST,time_stretch,4,7218,79,0.4942803978919983,MSE,0.3723537623882293,0.873369038105011,forecast,188.0,91,397,True,,,0.045499999076128,0.0457860305905342,0.1370894014835357
traffic,PatchTST,time_stretch,4,7218,79,0.4942803978919983,MSE,0.3723537623882293,0.873369038105011,forecast,188.0,91,475,True,,,0.0327999964356422,0.0504264943301677,0.1597023904323578
traffic,PatchTST,time_stretch,4,7218,79,0.4942803978919983,MSE,0.3723537623882293,0.873369038105011,forecast,188.0,91,580,True,,,0.0136000029742717,0.0219446420669555,0.0741501897573471
traffic,PatchTST,time_stretch,4,7218,79,0.4942803978919983,MSE,0.3723537623882293,0.873369038105011,forecast,188.0,91,586,True,,,0.0274999998509883,0.0323479324579238,0.0968868732452392
traffic,PatchTST,time_stretch,4,7218,79,0.4942803978919983,MSE,0.3723537623882293,0.873369038105011,forecast,188.0,91,608,True,,,0.0597000010311603,0.0595364011824131,0.0911218896508216
traffic,PatchTST,time_stretch,4,7218,79,0.4942803978919983,MSE,0.3723537623882293,0.873369038105011,forecast,188.0,91,632,True,,,0.0265000015497207,0.0496945902705192,0.1745305955410003
traffic,PatchTST,time_stretch,4,7218,79,0.4942803978919983,MSE,0.3723537623882293,0.873369038105011,forecast,188.0,91,840,True,,,0.0135999992489814,0.0255313906818628,0.1284174621105194
traffic,PatchTST,time_stretch,4,7218,79,0.4942803978919983,MSE,0.3723537623882293,0.873369038105011,forecast,189.0,92,9,True,,,0.0227000005543231,0.0173394232988357,0.073561780154705
traffic,PatchTST,time_stretch,4,7218,79,0.4942803978919983,MSE,0.3723537623882293,0.873369038105011,forecast,189.0,92,43,True,,,0.0496000051498413,0.0444217175245285,0.0745094195008277
traffic,PatchTST,time_stretch,4,7218,79,0.4942803978919983,MSE,0.3723537623882293,0.873369038105011,forecast,189.0,92,217,True,,,0.0185000002384185,0.0275272876024246,0.0708574280142784
traffic,PatchTST,time_stretch,4,7218,79,0.4942803978919983,MSE,0.3723537623882293,0.873369038105011,forecast,189.0,92,304,True,,,0.0353999994695186,0.0363732501864433,0.0862128436565399
traffic,PatchTST,time_stretch,4,7218,79,0.4942803978919983,MSE,0.3723537623882293,0.873369038105011,forecast,189.0,92,397,True,,,0.0330000035464763,0.0326654016971588,0.1302923113107681
traffic,PatchTST,time_stretch,4,7218,79,0.4942803978919983,MSE,0.3723537623882293,0.873369038105011,forecast,189.0,92,475,True,,,0.0199999958276748,0.0356129296123981,0.1570536941289901
traffic,PatchTST,time_stretch,4,7218,79,0.4942803978919983,MSE,0.3723537623882293,0.873369038105011,forecast,189.0,92,580,True,,,0.0029999986290931,0.0134468451142311,0.0620876736938953
traffic,PatchTST,time_stretch,4,7218,79,0.4942803978919983,MSE,0.3723537623882293,0.873369038105011,forecast,189.0,92,586,True,,,0.0156000033020973,0.0198231413960456,0.0798494815826416
traffic,PatchTST,time_stretch,4,7218,79,0.4942803978919983,MSE,0.3723537623882293,0.873369038105011,forecast,189.0,92,608,True,,,0.0456000007688999,0.0477725863456726,0.0760052949190139
traffic,PatchTST,time_stretch,4,7218,79,0.4942803978919983,MSE,0.3723537623882293,0.873369038105011,forecast,189.0,92,632,True,,,0.0195999965071678,0.0409276485443115,0.1507932245731353
traffic,PatchTST,time_stretch,4,7218,79,0.4942803978919983,MSE,0.3723537623882293,0.873369038105011,forecast,189.0,92,840,True,,,0.0077999997884035,0.0141811668872833,0.0992597937583923
traffic,PatchTST,time_stretch,4,7218,79,0.4942803978919983,MSE,0.3723537623882293,0.873369038105011,forecast,190.0,93,9,True,,,0.0130000002682209,0.0086200758814811,0.061879675835371
traffic,PatchTST,time_stretch,4,7218,79,0.4942803978919983,MSE,0.3723537623882293,0.873369038105011,forecast,190.0,93,43,True,,,0.0230999998748302,0.0365112088620662,0.0618542805314064
traffic,PatchTST,time_stretch,4,7218,79,0.4942803978919983,MSE,0.3723537623882293,0.873369038105011,forecast,190.0,93,217,True,,,0.0141000002622604,0.0195969678461551,0.0677575841546058
traffic,PatchTST,time_stretch,4,7218,79,0.4942803978919983,MSE,0.3723537623882293,0.873369038105011,forecast,190.0,93,304,True,,,0.0196999981999397,0.0272047221660614,0.0695202127099037
traffic,PatchTST,time_stretch,4,7218,79,0.4942803978919983,MSE,0.3723537623882293,0.873369038105011,forecast,190.0,93,397,True,,,0.0187999978661537,0.0245842337608337,0.1283022910356521
traffic,PatchTST,time_stretch,4,7218,79,0.4942803978919983,MSE,0.3723537623882293,0.873369038105011,forecast,190.0,93,475,True,,,0.0002000033855438,0.0238499194383621,0.1452046483755111
traffic,PatchTST,time_stretch,4,7218,79,0.4942803978919983,MSE,0.3723537623882293,0.873369038105011,forecast,190.0,93,580,True,,,0.0032999999821186,0.0085163377225399,0.0516383051872253
traffic,PatchTST,time_stretch,4,7218,79,0.4942803978919983,MSE,0.3723537623882293,0.873369038105011,forecast,190.0,93,586,True,,,0.0076999962329864,0.0098251551389694,0.0665107145905494
traffic,PatchTST,time_stretch,4,7218,79,0.4942803978919983,MSE,0.3723537623882293,0.873369038105011,forecast,190.0,93,608,True,,,0.0276999995112419,0.0410436205565929,0.0646002441644668
traffic,PatchTST,time_stretch,4,7218,79,0.4942803978919983,MSE,0.3723537623882293,0.873369038105011,forecast,190.0,93,632,True,,,0.0078999996185302,0.0192404836416244,0.1210761070251464
traffic,PatchTST,time_stretch,4,7218,79,0.4942803978919983,MSE,0.3723537623882293,0.873369038105011,forecast,190.0,93,840,True,,,0.0049999989569187,-0.0021225549280643,0.0269737318158149
traffic,PatchTST,time_stretch,4,7218,79,0.4942803978919983,MSE,0.3723537623882293,0.873369038105011,forecast,191.0,94,9,True,,,0.0090000033378601,0.0077822282910346,0.0624285712838172
traffic,PatchTST,time_stretch,4,7218,79,0.4942803978919983,MSE,0.3723537623882293,0.873369038105011,forecast,191.0,94,43,True,,,0.0195000022649765,0.0307325832545757,0.0542139187455177
traffic,PatchTST,time_stretch,4,7218,79,0.4942803978919983,MSE,0.3723537623882293,0.873369038105011,forecast,191.0,94,217,True,,,0.0106000006198883,0.0175236463546752,0.0663262233138084
traffic,PatchTST,time_stretch,4,7218,79,0.4942803978919983,MSE,0.3723537623882293,0.873369038105011,forecast,191.0,94,304,True,,,0.0126999989151954,0.0224301554262638,0.0608335807919502
traffic,PatchTST,time_stretch,4,7218,79,0.4942803978919983,MSE,0.3723537623882293,0.873369038105011,forecast,191.0,94,397,True,,,0.0155000016093254,0.0220203623175621,0.1235312819480896
traffic,PatchTST,time_stretch,4,7218,79,0.4942803978919983,MSE,0.3723537623882293,0.873369038105011,forecast,191.0,94,475,True,,,0.0,0.0155871212482452,0.1420286744832992
traffic,PatchTST,time_stretch,4,7218,79,0.4942803978919983,MSE,0.3723537623882293,0.873369038105011,forecast,191.0,94,580,True,,,0.003100000321865,0.0086664147675037,0.0476272143423557
traffic,PatchTST,time_stretch,4,7218,79,0.4942803978919983,MSE,0.3723537623882293,0.873369038105011,forecast,191.0,94,586,True,,,0.0046999976038932,0.0095154717564582,0.0663400590419769
traffic,PatchTST,time_stretch,4,7218,79,0.4942803978919983,MSE,0.3723537623882293,0.873369038105011,forecast,191.0,94,608,True,,,0.0234000086784362,0.0372238829731941,0.0571209639310836
traffic,PatchTST,time_stretch,4,7218,79,0.4942803978919983,MSE,0.3723537623882293,0.873369038105011,forecast,191.0,94,632,True,,,0.007700003683567,0.0048662275075912,0.0924379229545593
traffic,PatchTST,time_stretch,4,7218,79,0.4942803978919983,MSE,0.3723537623882293,0.873369038105011,forecast,191.0,94,840,True,,,0.0046999994665384,0.0013810060918331,0.0071873273700475
traffic,PatchTST,time_stretch,4,7218,79,0.4942803978919983,MSE,0.3723537623882293,0.873369038105011,forecast,192.0,95,9,True,,,0.0078999996185302,0.0094339400529861,0.08087208122015
traffic,PatchTST,time_stretch,4,7218,79,0.4942803978919983,MSE,0.3723537623882293,0.873369038105011,forecast,192.0,95,43,True,,,0.0160000026226043,0.0266674235463142,0.0497532896697521
traffic,PatchTST,time_stretch,4,7218,79,0.4942803978919983,MSE,0.3723537623882293,0.873369038105011,forecast,192.0,95,217,True,,,0.0107000023126602,0.0174933895468711,0.059755839407444
traffic,PatchTST,time_stretch,4,7218,79,0.4942803978919983,MSE,0.3723537623882293,0.873369038105011,forecast,192.0,95,304,True,,,0.0097000002861022,0.0199556350708007,0.0570784285664558
traffic,PatchTST,time_stretch,4,7218,79,0.4942803978919983,MSE,0.3723537623882293,0.873369038105011,forecast,192.0,95,397,True,,,0.0166999995708465,0.0223286896944046,0.1119027286767959
traffic,PatchTST,time_stretch,4,7218,79,0.4942803978919983,MSE,0.3723537623882293,0.873369038105011,forecast,192.0,95,475,True,,,0.0,0.0197606310248374,0.149877592921257
traffic,PatchTST,time_stretch,4,7218,79,0.4942803978919983,MSE,0.3723537623882293,0.873369038105011,forecast,192.0,95,580,True,,,0.003100000321865,0.0063395239412784,0.0380034856498241
traffic,PatchTST,time_stretch,4,7218,79,0.4942803978919983,MSE,0.3723537623882293,0.873369038105011,forecast,192.0,95,586,True,,,0.0034999996423721,0.0106824859976768,0.0862295776605606
traffic,PatchTST,time_stretch,4,7218,79,0.4942803978919983,MSE,0.3723537623882293,0.873369038105011,forecast,192.0,95,608,True,,,0.0192999988794326,0.0347058363258838,0.0495343022048473
traffic,PatchTST,time_stretch,4,7218,79,0.4942803978919983,MSE,0.3723537623882293,0.873369038105011,forecast,192.0,95,632,True,,,0.008600004017353,0.0055354759097099,0.0650924444198608
traffic,PatchTST,time_stretch,4,7218,79,0.4942803978919983,MSE,0.3723537623882293,0.873369038105011,forecast,192.0,95,840,True,,,0.0067999996244907,0.0081420019268989,0.0107141118496656
