dataset,arch,scenario,pert_idx,sample_id,source_sample_idx,severity,score_metric,clean_sample_score,perturbed_sample_score,segment,time_index,time_step,feature,affected_feature,clean_input,perturbed_input,ground_truth,clean_prediction,perturbed_prediction
traffic,PatchTST,time_stretch,4,4717,903,0.4924624562263489,MSE,0.5594930648803711,1.0128705501556396,input,1.0,0,133,True,0.0417000018060207,0.0417000018060207,,,
traffic,PatchTST,time_stretch,4,4717,903,0.4924624562263489,MSE,0.5594930648803711,1.0128705501556396,input,1.0,0,304,True,0.0824000015854835,0.0824000015854835,,,
traffic,PatchTST,time_stretch,4,4717,903,0.4924624562263489,MSE,0.5594930648803711,1.0128705501556396,input,1.0,0,402,True,0.0830999985337257,0.0830999985337257,,,
traffic,PatchTST,time_stretch,4,4717,903,0.4924624562263489,MSE,0.5594930648803711,1.0128705501556396,input,1.0,0,413,True,0.092799998819828,0.092799998819828,,,
traffic,PatchTST,time_stretch,4,4717,903,0.4924624562263489,MSE,0.5594930648803711,1.0128705501556396,input,1.0,0,567,True,0.0458000004291534,0.0458000004291534,,,
traffic,PatchTST,time_stretch,4,4717,903,0.4924624562263489,MSE,0.5594930648803711,1.0128705501556396,input,1.0,0,571,True,0.0688999965786933,0.0688999965786933,,,
traffic,PatchTST,time_stretch,4,4717,903,0.4924624562263489,MSE,0.5594930648803711,1.0128705501556396,input,1.0,0,580,True,0.0687000006437301,0.0687000006437301,,,
traffic,PatchTST,time_stretch,4,4717,903,0.4924624562263489,MSE,0.5594930648803711,1.0128705501556396,input,1.0,0,639,True,0.1216999888420105,0.1216999888420105,,,
traffic,PatchTST,time_stretch,4,4717,903,0.4924624562263489,MSE,0.5594930648803711,1.0128705501556396,input,1.0,0,768,True,0.096400000154972,0.096400000154972,,,
traffic,PatchTST,time_stretch,4,4717,903,0.4924624562263489,MSE,0.5594930648803711,1.0128705501556396,input,1.0,0,774,True,0.0329000018537044,0.0329000018537044,,,
traffic,PatchTST,time_stretch,4,4717,903,0.4924624562263489,MSE,0.5594930648803711,1.0128705501556396,input,1.0,0,840,True,0.0362999998033046,0.0362999998033046,,,
traffic,PatchTST,time_stretch,4,4717,903,0.4924624562263489,MSE,0.5594930648803711,1.0128705501556396,input,2.0,1,133,True,0.0384000018239021,0.0384000018239021,,,
traffic,PatchTST,time_stretch,4,4717,903,0.4924624562263489,MSE,0.5594930648803711,1.0128705501556396,input,2.0,1,304,True,0.0860999971628189,0.0860999971628189,,,
traffic,PatchTST,time_stretch,4,4717,903,0.4924624562263489,MSE,0.5594930648803711,1.0128705501556396,input,2.0,1,402,True,0.0938000008463859,0.0938000008463859,,,
traffic,PatchTST,time_stretch,4,4717,903,0.4924624562263489,MSE,0.5594930648803711,1.0128705501556396,input,2.0,1,413,True,0.095499999821186,0.095499999821186,,,
traffic,PatchTST,time_stretch,4,4717,903,0.4924624562263489,MSE,0.5594930648803711,1.0128705501556396,input,2.0,1,567,True,0.0474999994039535,0.0474999994039535,,,
traffic,PatchTST,time_stretch,4,4717,903,0.4924624562263489,MSE,0.5594930648803711,1.0128705501556396,input,2.0,1,571,True,0.0663999989628791,0.0663999989628791,,,
traffic,PatchTST,time_stretch,4,4717,903,0.4924624562263489,MSE,0.5594930648803711,1.0128705501556396,input,2.0,1,580,True,0.0731000006198883,0.0731000006198883,,,
traffic,PatchTST,time_stretch,4,4717,903,0.4924624562263489,MSE,0.5594930648803711,1.0128705501556396,input,2.0,1,639,True,0.1498000025749206,0.1498000025749206,,,
traffic,PatchTST,time_stretch,4,4717,903,0.4924624562263489,MSE,0.5594930648803711,1.0128705501556396,input,2.0,1,768,True,0.1101000010967254,0.1101000010967254,,,
traffic,PatchTST,time_stretch,4,4717,903,0.4924624562263489,MSE,0.5594930648803711,1.0128705501556396,input,2.0,1,774,True,0.034400001168251,0.034400001168251,,,
traffic,PatchTST,time_stretch,4,4717,903,0.4924624562263489,MSE,0.5594930648803711,1.0128705501556396,input,2.0,1,840,True,0.0364000014960765,0.0364000014960765,,,
traffic,PatchTST,time_stretch,4,4717,903,0.4924624562263489,MSE,0.5594930648803711,1.0128705501556396,input,3.0,2,133,True,0.0361000001430511,0.0361000001430511,,,
traffic,PatchTST,time_stretch,4,4717,903,0.4924624562263489,MSE,0.5594930648803711,1.0128705501556396,input,3.0,2,304,True,0.2470000088214874,0.2470000088214874,,,
traffic,PatchTST,time_stretch,4,4717,903,0.4924624562263489,MSE,0.5594930648803711,1.0128705501556396,input,3.0,2,402,True,0.096400000154972,0.096400000154972,,,
traffic,PatchTST,time_stretch,4,4717,903,0.4924624562263489,MSE,0.5594930648803711,1.0128705501556396,input,3.0,2,413,True,0.0929000005125999,0.0929000005125999,,,
traffic,PatchTST,time_stretch,4,4717,903,0.4924624562263489,MSE,0.5594930648803711,1.0128705501556396,input,3.0,2,567,True,0.0467000007629394,0.0467000007629394,,,
traffic,PatchTST,time_stretch,4,4717,903,0.4924624562263489,MSE,0.5594930648803711,1.0128705501556396,input,3.0,2,571,True,0.064699999988079,0.064699999988079,,,
traffic,PatchTST,time_stretch,4,4717,903,0.4924624562263489,MSE,0.5594930648803711,1.0128705501556396,input,3.0,2,580,True,0.069300003349781,0.069300003349781,,,
traffic,PatchTST,time_stretch,4,4717,903,0.4924624562263489,MSE,0.5594930648803711,1.0128705501556396,input,3.0,2,639,True,0.1720000058412552,0.1720000058412552,,,
traffic,PatchTST,time_stretch,4,4717,903,0.4924624562263489,MSE,0.5594930648803711,1.0128705501556396,input,3.0,2,768,True,0.0895000025629997,0.0895000025629997,,,
traffic,PatchTST,time_stretch,4,4717,903,0.4924624562263489,MSE,0.5594930648803711,1.0128705501556396,input,3.0,2,774,True,0.0355999991297721,0.0355999991297721,,,
traffic,PatchTST,time_stretch,4,4717,903,0.4924624562263489,MSE,0.5594930648803711,1.0128705501556396,input,3.0,2,840,True,0.0344999991357326,0.0344999991357326,,,
traffic,PatchTST,time_stretch,4,4717,903,0.4924624562263489,MSE,0.5594930648803711,1.0128705501556396,input,4.0,3,133,True,0.0447999984025955,0.0390294417738914,,,
traffic,PatchTST,time_stretch,4,4717,903,0.4924624562263489,MSE,0.5594930648803711,1.0128705501556396,input,4.0,3,304,True,0.4950000345706939,0.330505907535553,,,
traffic,PatchTST,time_stretch,4,4717,903,0.4924624562263489,MSE,0.5594930648803711,1.0128705501556396,input,4.0,3,402,True,0.1190000027418136,0.1040098145604133,,,
traffic,PatchTST,time_stretch,4,4717,903,0.4924624562263489,MSE,0.5594930648803711,1.0128705501556396,input,4.0,3,413,True,0.0873999968171119,0.0910480543971061,,,
traffic,PatchTST,time_stretch,4,4717,903,0.4924624562263489,MSE,0.5594930648803711,1.0128705501556396,input,4.0,3,567,True,0.0487999990582466,0.0474071055650711,,,
traffic,PatchTST,time_stretch,4,4717,903,0.4924624562263489,MSE,0.5594930648803711,1.0128705501556396,input,4.0,3,571,True,0.0811000019311904,0.0702221691608429,,,
traffic,PatchTST,time_stretch,4,4717,903,0.4924624562263489,MSE,0.5594930648803711,1.0128705501556396,input,4.0,3,580,True,0.0775000005960464,0.0720610842108726,,,
traffic,PatchTST,time_stretch,4,4717,903,0.4924624562263489,MSE,0.5594930648803711,1.0128705501556396,input,4.0,3,639,True,0.1958999931812286,0.1800475418567657,,,
traffic,PatchTST,time_stretch,4,4717,903,0.4924624562263489,MSE,0.5594930648803711,1.0128705501556396,input,4.0,3,768,True,0.1410000026226043,0.1068409457802772,,,
traffic,PatchTST,time_stretch,4,4717,903,0.4924624562263489,MSE,0.5594930648803711,1.0128705501556396,input,4.0,3,774,True,0.0515000000596046,0.0409538075327873,,,
traffic,PatchTST,time_stretch,4,4717,903,0.4924624562263489,MSE,0.5594930648803711,1.0128705501556396,input,4.0,3,840,True,0.0337999984622001,0.0342642962932586,,,
traffic,PatchTST,time_stretch,4,4717,903,0.4924624562263489,MSE,0.5594930648803711,1.0128705501556396,input,5.0,4,133,True,0.062899999320507,0.0419588796794414,,,
traffic,PatchTST,time_stretch,4,4717,903,0.4924624562263489,MSE,0.5594930648803711,1.0128705501556396,input,5.0,4,304,True,0.4368999898433685,0.4140118360519409,,,
traffic,PatchTST,time_stretch,4,4717,903,0.4924624562263489,MSE,0.5594930648803711,1.0128705501556396,input,5.0,4,402,True,0.1976999938488006,0.1116196289658546,,,
traffic,PatchTST,time_stretch,4,4717,903,0.4924624562263489,MSE,0.5594930648803711,1.0128705501556396,input,5.0,4,413,True,0.0901999995112419,0.0891961082816124,,,
traffic,PatchTST,time_stretch,4,4717,903,0.4924624562263489,MSE,0.5594930648803711,1.0128705501556396,input,5.0,4,567,True,0.0428999997675418,0.0481142103672027,,,
traffic,PatchTST,time_stretch,4,4717,903,0.4924624562263489,MSE,0.5594930648803711,1.0128705501556396,input,5.0,4,571,True,0.0882999971508979,0.0757443308830261,,,
traffic,PatchTST,time_stretch,4,4717,903,0.4924624562263489,MSE,0.5594930648803711,1.0128705501556396,input,5.0,4,580,True,0.1946000009775161,0.0748221650719642,,,
traffic,PatchTST,time_stretch,4,4717,903,0.4924624562263489,MSE,0.5594930648803711,1.0128705501556396,input,5.0,4,639,True,0.2106000036001205,0.1880950778722763,,,
traffic,PatchTST,time_stretch,4,4717,903,0.4924624562263489,MSE,0.5594930648803711,1.0128705501556396,input,5.0,4,768,True,0.1685999929904937,0.1241818964481353,,,
traffic,PatchTST,time_stretch,4,4717,903,0.4924624562263489,MSE,0.5594930648803711,1.0128705501556396,input,5.0,4,774,True,0.08160001039505,0.0463076122105121,,,
traffic,PatchTST,time_stretch,4,4717,903,0.4924624562263489,MSE,0.5594930648803711,1.0128705501556396,input,5.0,4,840,True,0.031599998474121,0.0340285934507846,,,
traffic,PatchTST,time_stretch,4,4717,903,0.4924624562263489,MSE,0.5594930648803711,1.0128705501556396,input,6.0,5,133,True,0.1550000011920929,0.0449837520718574,,,
traffic,PatchTST,time_stretch,4,4717,903,0.4924624562263489,MSE,0.5594930648803711,1.0128705501556396,input,6.0,5,304,True,0.3549000024795532,0.4944101870059967,,,
traffic,PatchTST,time_stretch,4,4717,903,0.4924624562263489,MSE,0.5594930648803711,1.0128705501556396,input,6.0,5,402,True,0.33160001039505,0.1197989732027053,,,
traffic,PatchTST,time_stretch,4,4717,903,0.4924624562263489,MSE,0.5594930648803711,1.0128705501556396,input,6.0,5,413,True,0.0908999964594841,0.0874284207820892,,,
traffic,PatchTST,time_stretch,4,4717,903,0.4924624562263489,MSE,0.5594930648803711,1.0128705501556396,input,6.0,5,567,True,0.0439999997615814,0.0487401038408279,,,
traffic,PatchTST,time_stretch,4,4717,903,0.4924624562263489,MSE,0.5594930648803711,1.0128705501556396,input,6.0,5,571,True,0.0865999981760978,0.0811730921268463,,,
traffic,PatchTST,time_stretch,4,4717,903,0.4924624562263489,MSE,0.5594930648803711,1.0128705501556396,input,6.0,5,580,True,0.2793000042438507,0.078688807785511,,,
traffic,PatchTST,time_stretch,4,4717,903,0.4924624562263489,MSE,0.5594930648803711,1.0128705501556396,input,6.0,5,639,True,0.2115000039339065,0.196049228310585,,,
traffic,PatchTST,time_stretch,4,4717,903,0.4924624562263489,MSE,0.5594930648803711,1.0128705501556396,input,6.0,5,768,True,0.3077000081539154,0.1412802040576934,,,
traffic,PatchTST,time_stretch,4,4717,903,0.4924624562263489,MSE,0.5594930648803711,1.0128705501556396,input,6.0,5,774,True,0.2718999683856964,0.0518055781722068,,,
traffic,PatchTST,time_stretch,4,4717,903,0.4924624562263489,MSE,0.5594930648803711,1.0128705501556396,input,6.0,5,840,True,0.0300999991595745,0.0337776653468608,,,
traffic,PatchTST,time_stretch,4,4717,903,0.4924624562263489,MSE,0.5594930648803711,1.0128705501556396,input,7.0,6,133,True,0.3903000056743622,0.0510783344507217,,,
traffic,PatchTST,time_stretch,4,4717,903,0.4924624562263489,MSE,0.5594930648803711,1.0128705501556396,input,7.0,6,304,True,0.4708999991416931,0.4748468995094299,,,
traffic,PatchTST,time_stretch,4,4717,903,0.4924624562263489,MSE,0.5594930648803711,1.0128705501556396,input,7.0,6,402,True,0.4323000013828277,0.1462986320257187,,,
traffic,PatchTST,time_stretch,4,4717,903,0.4924624562263489,MSE,0.5594930648803711,1.0128705501556396,input,7.0,6,413,True,0.1058999970555305,0.0883712321519851,,,
traffic,PatchTST,time_stretch,4,4717,903,0.4924624562263489,MSE,0.5594930648803711,1.0128705501556396,input,7.0,6,567,True,0.0410999990999698,0.0467534698545932,,,
traffic,PatchTST,time_stretch,4,4717,903,0.4924624562263489,MSE,0.5594930648803711,1.0128705501556396,input,7.0,6,571,True,0.1859000027179718,0.0835974588990211,,,
traffic,PatchTST,time_stretch,4,4717,903,0.4924624562263489,MSE,0.5594930648803711,1.0128705501556396,input,7.0,6,580,True,0.3373000025749206,0.1181184127926826,,,
traffic,PatchTST,time_stretch,4,4717,903,0.4924624562263489,MSE,0.5594930648803711,1.0128705501556396,input,7.0,6,639,True,0.2065999954938888,0.2009989768266677,,,
traffic,PatchTST,time_stretch,4,4717,903,0.4924624562263489,MSE,0.5594930648803711,1.0128705501556396,input,7.0,6,768,True,0.4140999913215637,0.1505735963582992,,,
traffic,PatchTST,time_stretch,4,4717,903,0.4924624562263489,MSE,0.5594930648803711,1.0128705501556396,input,7.0,6,774,True,0.3623000085353851,0.061940774321556,,,
traffic,PatchTST,time_stretch,4,4717,903,0.4924624562263489,MSE,0.5594930648803711,1.0128705501556396,input,7.0,6,840,True,0.0267999991774559,0.0330368839204311,,,
traffic,PatchTST,time_stretch,4,4717,903,0.4924624562263489,MSE,0.5594930648803711,1.0128705501556396,input,8.0,7,133,True,0.2872999906539917,0.0571729205548763,,,
traffic,PatchTST,time_stretch,4,4717,903,0.4924624562263489,MSE,0.5594930648803711,1.0128705501556396,input,8.0,7,304,True,0.4381000101566314,0.4552835822105407,,,
traffic,PatchTST,time_stretch,4,4717,903,0.4924624562263489,MSE,0.5594930648803711,1.0128705501556396,input,8.0,7,402,True,0.4663000404834747,0.1727982759475708,,,
traffic,PatchTST,time_stretch,4,4717,903,0.4924624562263489,MSE,0.5594930648803711,1.0128705501556396,input,8.0,7,413,True,0.0825000032782554,0.0893140435218811,,,
traffic,PatchTST,time_stretch,4,4717,903,0.4924624562263489,MSE,0.5594930648803711,1.0128705501556396,input,8.0,7,567,True,0.0329000018537044,0.0447668358683586,,,
traffic,PatchTST,time_stretch,4,4717,903,0.4924624562263489,MSE,0.5594930648803711,1.0128705501556396,input,8.0,7,571,True,0.0746999979019165,0.0860218256711959,,,
traffic,PatchTST,time_stretch,4,4717,903,0.4924624562263489,MSE,0.5594930648803711,1.0128705501556396,input,8.0,7,580,True,0.3562999963760376,0.1575480103492736,,,
traffic,PatchTST,time_stretch,4,4717,903,0.4924624562263489,MSE,0.5594930648803711,1.0128705501556396,input,8.0,7,639,True,0.1488000005483627,0.2059487253427505,,,
traffic,PatchTST,time_stretch,4,4717,903,0.4924624562263489,MSE,0.5594930648803711,1.0128705501556396,input,8.0,7,768,True,0.3440999984741211,0.159866988658905,,,
traffic,PatchTST,time_stretch,4,4717,903,0.4924624562263489,MSE,0.5594930648803711,1.0128705501556396,input,8.0,7,774,True,0.2252999991178512,0.0720759630203247,,,
traffic,PatchTST,time_stretch,4,4717,903,0.4924624562263489,MSE,0.5594930648803711,1.0128705501556396,input,8.0,7,840,True,0.0234999991953372,0.0322961062192916,,,
traffic,PatchTST,time_stretch,4,4717,903,0.4924624562263489,MSE,0.5594930648803711,1.0128705501556396,input,9.0,8,133,True,0.0648000016808509,0.0647700130939483,,,
traffic,PatchTST,time_stretch,4,4717,903,0.4924624562263489,MSE,0.5594930648803711,1.0128705501556396,input,9.0,8,304,True,0.2298000156879425,0.4352350533008575,,,
traffic,PatchTST,time_stretch,4,4717,903,0.4924624562263489,MSE,0.5594930648803711,1.0128705501556396,input,9.0,8,402,True,0.1255999952554702,0.2004187405109405,,,
traffic,PatchTST,time_stretch,4,4717,903,0.4924624562263489,MSE,0.5594930648803711,1.0128705501556396,input,9.0,8,413,True,0.0772000029683113,0.0902142152190208,,,
traffic,PatchTST,time_stretch,4,4717,903,0.4924624562263489,MSE,0.5594930648803711,1.0128705501556396,input,9.0,8,567,True,0.025399999693036,0.0429223328828811,,,
traffic,PatchTST,time_stretch,4,4717,903,0.4924624562263489,MSE,0.5594930648803711,1.0128705501556396,input,9.0,8,571,True,0.0671000033617019,0.0882654786109924,,,
traffic,PatchTST,time_stretch,4,4717,903,0.4924624562263489,MSE,0.5594930648803711,1.0128705501556396,input,9.0,8,580,True,0.1106999963521957,0.1963197588920593,,,
traffic,PatchTST,time_stretch,4,4717,903,0.4924624562263489,MSE,0.5594930648803711,1.0128705501556396,input,9.0,8,639,True,0.0710000023245811,0.2106182873249054,,,
traffic,PatchTST,time_stretch,4,4717,903,0.4924624562263489,MSE,0.5594930648803711,1.0128705501556396,input,9.0,8,768,True,0.304500013589859,0.1714242994785308,,,
traffic,PatchTST,time_stretch,4,4717,903,0.4924624562263489,MSE,0.5594930648803711,1.0128705501556396,input,9.0,8,774,True,0.0520999990403652,0.0854638963937759,,,
traffic,PatchTST,time_stretch,4,4717,903,0.4924624562263489,MSE,0.5594930648803711,1.0128705501556396,input,9.0,8,840,True,0.0177000015974044,0.0315695405006408,,,
traffic,PatchTST,time_stretch,4,4717,903,0.4924624562263489,MSE,0.5594930648803711,1.0128705501556396,input,10.0,9,133,True,0.036200001835823,0.0957816839218139,,,
traffic,PatchTST,time_stretch,4,4717,903,0.4924624562263489,MSE,0.5594930648803711,1.0128705501556396,input,10.0,9,304,True,0.0749000012874603,0.407624214887619,,,
traffic,PatchTST,time_stretch,4,4717,903,0.4924624562263489,MSE,0.5594930648803711,1.0128705501556396,input,10.0,9,402,True,0.0472000017762184,0.2455051839351654,,,
traffic,PatchTST,time_stretch,4,4717,903,0.4924624562263489,MSE,0.5594930648803711,1.0128705501556396,input,10.0,9,413,True,0.065600000321865,0.0904499143362045,,,
traffic,PatchTST,time_stretch,4,4717,903,0.4924624562263489,MSE,0.5594930648803711,1.0128705501556396,input,10.0,9,567,True,0.0199999995529651,0.043292723596096,,,
traffic,PatchTST,time_stretch,4,4717,903,0.4924624562263489,MSE,0.5594930648803711,1.0128705501556396,input,10.0,9,571,True,0.0645999982953071,0.0876930654048919,,,
traffic,PatchTST,time_stretch,4,4717,903,0.4924624562263489,MSE,0.5594930648803711,1.0128705501556396,input,10.0,9,580,True,0.0408000014722347,0.2248397320508957,,,
traffic,PatchTST,time_stretch,4,4717,903,0.4924624562263489,MSE,0.5594930648803711,1.0128705501556396,input,10.0,9,639,True,0.0427000001072883,0.2109213322401046,,,
traffic,PatchTST,time_stretch,4,4717,903,0.4924624562263489,MSE,0.5594930648803711,1.0128705501556396,input,10.0,9,768,True,0.1307999938726425,0.2182616889476776,,,
traffic,PatchTST,time_stretch,4,4717,903,0.4924624562263489,MSE,0.5594930648803711,1.0128705501556396,input,10.0,9,774,True,0.025900000706315,0.1495411992073059,,,
traffic,PatchTST,time_stretch,4,4717,903,0.4924624562263489,MSE,0.5594930648803711,1.0128705501556396,input,10.0,9,840,True,0.0135000012814998,0.0310644656419754,,,
traffic,PatchTST,time_stretch,4,4717,903,0.4924624562263489,MSE,0.5594930648803711,1.0128705501556396,input,11.0,10,133,True,0.0230999998748302,0.1267933547496795,,,
traffic,PatchTST,time_stretch,4,4717,903,0.4924624562263489,MSE,0.5594930648803711,1.0128705501556396,input,11.0,10,304,True,0.0610000006854534,0.3800134062767029,,,
traffic,PatchTST,time_stretch,4,4717,903,0.4924624562263489,MSE,0.5594930648803711,1.0128705501556396,input,11.0,10,402,True,0.0320999994874,0.2905916571617126,,,
traffic,PatchTST,time_stretch,4,4717,903,0.4924624562263489,MSE,0.5594930648803711,1.0128705501556396,input,11.0,10,413,True,0.0577999986708164,0.0906856134533882,,,
traffic,PatchTST,time_stretch,4,4717,903,0.4924624562263489,MSE,0.5594930648803711,1.0128705501556396,input,11.0,10,567,True,0.0196000002324581,0.0436631143093109,,,
traffic,PatchTST,time_stretch,4,4717,903,0.4924624562263489,MSE,0.5594930648803711,1.0128705501556396,input,11.0,10,571,True,0.0626000016927719,0.0871206372976303,,,
traffic,PatchTST,time_stretch,4,4717,903,0.4924624562263489,MSE,0.5594930648803711,1.0128705501556396,input,11.0,10,580,True,0.0278999991714954,0.2533596754074096,,,
traffic,PatchTST,time_stretch,4,4717,903,0.4924624562263489,MSE,0.5594930648803711,1.0128705501556396,input,11.0,10,639,True,0.0308999996632337,0.2112243771553039,,,
traffic,PatchTST,time_stretch,4,4717,903,0.4924624562263489,MSE,0.5594930648803711,1.0128705501556396,input,11.0,10,768,True,0.0694999992847442,0.2650990784168243,,,
traffic,PatchTST,time_stretch,4,4717,903,0.4924624562263489,MSE,0.5594930648803711,1.0128705501556396,input,11.0,10,774,True,0.016499999910593,0.213618516921997,,,
traffic,PatchTST,time_stretch,4,4717,903,0.4924624562263489,MSE,0.5594930648803711,1.0128705501556396,input,11.0,10,840,True,0.013799998909235,0.0305593907833099,,,
traffic,PatchTST,time_stretch,4,4717,903,0.4924624562263489,MSE,0.5594930648803711,1.0128705501556396,input,12.0,11,133,True,0.0115999989211559,0.1621663570404052,,,
traffic,PatchTST,time_stretch,4,4717,903,0.4924624562263489,MSE,0.5594930648803711,1.0128705501556396,input,12.0,11,304,True,0.045499999076128,0.3584329187870025,,,
traffic,PatchTST,time_stretch,4,4717,903,0.4924624562263489,MSE,0.5594930648803711,1.0128705501556396,input,12.0,11,402,True,0.0076999999582767,0.3346669673919678,,,
traffic,PatchTST,time_stretch,4,4717,903,0.4924624562263489,MSE,0.5594930648803711,1.0128705501556396,input,12.0,11,413,True,0.0478000007569789,0.0913568437099456,,,
traffic,PatchTST,time_stretch,4,4717,903,0.4924624562263489,MSE,0.5594930648803711,1.0128705501556396,input,12.0,11,567,True,0.0151000004261732,0.0439116768538951,,,
traffic,PatchTST,time_stretch,4,4717,903,0.4924624562263489,MSE,0.5594930648803711,1.0128705501556396,input,12.0,11,571,True,0.0619000010192394,0.0896243005990982,,,
traffic,PatchTST,time_stretch,4,4717,903,0.4924624562263489,MSE,0.5594930648803711,1.0128705501556396,input,12.0,11,580,True,0.0086999982595443,0.2810664772987366,,,
traffic,PatchTST,time_stretch,4,4717,903,0.4924624562263489,MSE,0.5594930648803711,1.0128705501556396,input,12.0,11,639,True,0.0214999988675117,0.2113507688045501,,,
traffic,PatchTST,time_stretch,4,4717,903,0.4924624562263489,MSE,0.5594930648803711,1.0128705501556396,input,12.0,11,768,True,0.0443000011146068,0.3109405636787414,,,
traffic,PatchTST,time_stretch,4,4717,903,0.4924624562263489,MSE,0.5594930648803711,1.0128705501556396,input,12.0,11,774,True,0.0117000006139278,0.2746532261371612,,,
traffic,PatchTST,time_stretch,4,4717,903,0.4924624562263489,MSE,0.5594930648803711,1.0128705501556396,input,12.0,11,840,True,0.0120999999344348,0.0299994945526123,,,
traffic,PatchTST,time_stretch,4,4717,903,0.4924624562263489,MSE,0.5594930648803711,1.0128705501556396,input,13.0,12,133,True,0.0062999986112117,0.241395965218544,,,
traffic,PatchTST,time_stretch,4,4717,903,0.4924624562263489,MSE,0.5594930648803711,1.0128705501556396,input,13.0,12,304,True,0.0310999974608421,0.3974921405315399,,,
traffic,PatchTST,time_stretch,4,4717,903,0.4924624562263489,MSE,0.5594930648803711,1.0128705501556396,input,13.0,12,402,True,0.0,0.3685743808746338,,,
traffic,PatchTST,time_stretch,4,4717,903,0.4924624562263489,MSE,0.5594930648803711,1.0128705501556396,input,13.0,12,413,True,0.0333000011742115,0.0964075997471809,,,
traffic,PatchTST,time_stretch,4,4717,903,0.4924624562263489,MSE,0.5594930648803711,1.0128705501556396,input,13.0,12,567,True,0.0075000002980232,0.0429351963102817,,,
traffic,PatchTST,time_stretch,4,4717,903,0.4924624562263489,MSE,0.5594930648803711,1.0128705501556396,input,13.0,12,571,True,0.0425999984145164,0.1230603381991386,,,
traffic,PatchTST,time_stretch,4,4717,903,0.4924624562263489,MSE,0.5594930648803711,1.0128705501556396,input,13.0,12,580,True,0.0031999982893466,0.3005960583686828,,,
traffic,PatchTST,time_stretch,4,4717,903,0.4924624562263489,MSE,0.5594930648803711,1.0128705501556396,input,13.0,12,639,True,0.0102000012993812,0.2097008526325225,,,
traffic,PatchTST,time_stretch,4,4717,903,0.4924624562263489,MSE,0.5594930648803711,1.0128705501556396,input,13.0,12,768,True,0.0248000025749206,0.3467672765254974,,,
traffic,PatchTST,time_stretch,4,4717,903,0.4924624562263489,MSE,0.5594930648803711,1.0128705501556396,input,13.0,12,774,True,0.0066000018268823,0.3050924837589264,,,
traffic,PatchTST,time_stretch,4,4717,903,0.4924624562263489,MSE,0.5594930648803711,1.0128705501556396,input,13.0,12,840,True,0.0069999992847442,0.0288883261382579,,,
traffic,PatchTST,time_stretch,4,4717,903,0.4924624562263489,MSE,0.5594930648803711,1.0128705501556396,input,14.0,13,133,True,0.0038000009953975,0.3206255435943603,,,
traffic,PatchTST,time_stretch,4,4717,903,0.4924624562263489,MSE,0.5594930648803711,1.0128705501556396,input,14.0,13,304,True,0.0177000015974044,0.4365513324737549,,,
traffic,PatchTST,time_stretch,4,4717,903,0.4924624562263489,MSE,0.5594930648803711,1.0128705501556396,input,14.0,13,402,True,0.0,0.4024818241596222,,,
traffic,PatchTST,time_stretch,4,4717,903,0.4924624562263489,MSE,0.5594930648803711,1.0128705501556396,input,14.0,13,413,True,0.0185000002384185,0.1014583632349968,,,
traffic,PatchTST,time_stretch,4,4717,903,0.4924624562263489,MSE,0.5594930648803711,1.0128705501556396,input,14.0,13,567,True,0.0047999992966651,0.0419587157666683,,,
traffic,PatchTST,time_stretch,4,4717,903,0.4924624562263489,MSE,0.5594930648803711,1.0128705501556396,input,14.0,13,571,True,0.0204000007361173,0.156496375799179,,,
traffic,PatchTST,time_stretch,4,4717,903,0.4924624562263489,MSE,0.5594930648803711,1.0128705501556396,input,14.0,13,580,True,0.0031999982893466,0.3201256692409515,,,
traffic,PatchTST,time_stretch,4,4717,903,0.4924624562263489,MSE,0.5594930648803711,1.0128705501556396,input,14.0,13,639,True,0.0119000002741813,0.208050936460495,,,
traffic,PatchTST,time_stretch,4,4717,903,0.4924624562263489,MSE,0.5594930648803711,1.0128705501556396,input,14.0,13,768,True,0.0139999985694885,0.3825939893722534,,,
traffic,PatchTST,time_stretch,4,4717,903,0.4924624562263489,MSE,0.5594930648803711,1.0128705501556396,input,14.0,13,774,True,0.003100000321865,0.3355317413806915,,,
traffic,PatchTST,time_stretch,4,4717,903,0.4924624562263489,MSE,0.5594930648803711,1.0128705501556396,input,14.0,13,840,True,0.0054000001400709,0.0277771595865488,,,
traffic,PatchTST,time_stretch,4,4717,903,0.4924624562263489,MSE,0.5594930648803711,1.0128705501556396,input,15.0,14,133,True,0.0014000013470649,0.3861173689365387,,,
traffic,PatchTST,time_stretch,4,4717,903,0.4924624562263489,MSE,0.5594930648803711,1.0128705501556396,input,15.0,14,304,True,0.0113000012934207,0.4695680439472198,,,
traffic,PatchTST,time_stretch,4,4717,903,0.4924624562263489,MSE,0.5594930648803711,1.0128705501556396,input,15.0,14,402,True,0.0,0.4336806833744049,,,
traffic,PatchTST,time_stretch,4,4717,903,0.4924624562263489,MSE,0.5594930648803711,1.0128705501556396,input,15.0,14,413,True,0.0102000012993812,0.10494976490736,,,
traffic,PatchTST,time_stretch,4,4717,903,0.4924624562263489,MSE,0.5594930648803711,1.0128705501556396,input,15.0,14,567,True,0.0036999993026256,0.0407670103013515,,,
traffic,PatchTST,time_stretch,4,4717,903,0.4924624562263489,MSE,0.5594930648803711,1.0128705501556396,input,15.0,14,571,True,0.0131999980658292,0.1813843548297882,,,
traffic,PatchTST,time_stretch,4,4717,903,0.4924624562263489,MSE,0.5594930648803711,1.0128705501556396,input,15.0,14,580,True,0.0029999986290931,0.3380715548992157,,,
traffic,PatchTST,time_stretch,4,4717,903,0.4924624562263489,MSE,0.5594930648803711,1.0128705501556396,input,15.0,14,639,True,0.0102999992668628,0.2042528390884399,,,
traffic,PatchTST,time_stretch,4,4717,903,0.4924624562263489,MSE,0.5594930648803711,1.0128705501556396,input,15.0,14,768,True,0.008100003004074,0.4112573862075805,,,
traffic,PatchTST,time_stretch,4,4717,903,0.4924624562263489,MSE,0.5594930648803711,1.0128705501556396,input,15.0,14,774,True,0.0015999972820281,0.3567366600036621,,,
traffic,PatchTST,time_stretch,4,4717,903,0.4924624562263489,MSE,0.5594930648803711,1.0128705501556396,input,15.0,14,840,True,0.0046999994665384,0.0266659911721944,,,
traffic,PatchTST,time_stretch,4,4717,903,0.4924624562263489,MSE,0.5594930648803711,1.0128705501556396,input,16.0,15,133,True,0.0010999999940395,0.3514354526996612,,,
traffic,PatchTST,time_stretch,4,4717,903,0.4924624562263489,MSE,0.5594930648803711,1.0128705501556396,input,16.0,15,304,True,0.0089999996125698,0.4585237205028534,,,
traffic,PatchTST,time_stretch,4,4717,903,0.4924624562263489,MSE,0.5594930648803711,1.0128705501556396,input,16.0,15,402,True,0.0,0.4451290965080261,,,
traffic,PatchTST,time_stretch,4,4717,903,0.4924624562263489,MSE,0.5594930648803711,1.0128705501556396,input,16.0,15,413,True,0.0085000023245811,0.097070574760437,,,
traffic,PatchTST,time_stretch,4,4717,903,0.4924624562263489,MSE,0.5594930648803711,1.0128705501556396,input,16.0,15,567,True,0.0057999994605779,0.0380059294402599,,,
traffic,PatchTST,time_stretch,4,4717,903,0.4924624562263489,MSE,0.5594930648803711,1.0128705501556396,input,16.0,15,571,True,0.0091000013053417,0.1439413726329803,,,
traffic,PatchTST,time_stretch,4,4717,903,0.4924624562263489,MSE,0.5594930648803711,1.0128705501556396,input,16.0,15,580,True,0.003100000321865,0.3444691896438598,,,
traffic,PatchTST,time_stretch,4,4717,903,0.4924624562263489,MSE,0.5594930648803711,1.0128705501556396,input,16.0,15,639,True,0.0102999992668628,0.1847905665636062,,,
traffic,PatchTST,time_stretch,4,4717,903,0.4924624562263489,MSE,0.5594930648803711,1.0128705501556396,input,16.0,15,768,True,0.0071000009775161,0.3876871764659881,,,
traffic,PatchTST,time_stretch,4,4717,903,0.4924624562263489,MSE,0.5594930648803711,1.0128705501556396,input,16.0,15,774,True,0.0013000015169382,0.3106063902378082,,,
traffic,PatchTST,time_stretch,4,4717,903,0.4924624562263489,MSE,0.5594930648803711,1.0128705501556396,input,16.0,15,840,True,0.0064000003039836,0.0255548246204853,,,
traffic,PatchTST,time_stretch,4,4717,903,0.4924624562263489,MSE,0.5594930648803711,1.0128705501556396,input,17.0,16,133,True,0.001299999654293,0.3167535662651062,,,
traffic,PatchTST,time_stretch,4,4717,903,0.4924624562263489,MSE,0.5594930648803711,1.0128705501556396,input,17.0,16,304,True,0.0071999989449977,0.4474793970584869,,,
traffic,PatchTST,time_stretch,4,4717,903,0.4924624562263489,MSE,0.5594930648803711,1.0128705501556396,input,17.0,16,402,True,0.0,0.4565774798393249,,,
traffic,PatchTST,time_stretch,4,4717,903,0.4924624562263489,MSE,0.5594930648803711,1.0128705501556396,input,17.0,16,413,True,0.0090999975800514,0.0891913920640945,,,
traffic,PatchTST,time_stretch,4,4717,903,0.4924624562263489,MSE,0.5594930648803711,1.0128705501556396,input,17.0,16,567,True,0.0131000000983476,0.0352448485791683,,,
traffic,PatchTST,time_stretch,4,4717,903,0.4924624562263489,MSE,0.5594930648803711,1.0128705501556396,input,17.0,16,571,True,0.0051999986171722,0.1064984053373336,,,
traffic,PatchTST,time_stretch,4,4717,903,0.4924624562263489,MSE,0.5594930648803711,1.0128705501556396,input,17.0,16,580,True,0.003100000321865,0.3508667945861816,,,
traffic,PatchTST,time_stretch,4,4717,903,0.4924624562263489,MSE,0.5594930648803711,1.0128705501556396,input,17.0,16,639,True,0.0113000012934207,0.1653283089399337,,,
traffic,PatchTST,time_stretch,4,4717,903,0.4924624562263489,MSE,0.5594930648803711,1.0128705501556396,input,17.0,16,768,True,0.0098000019788742,0.3641169667243957,,,
traffic,PatchTST,time_stretch,4,4717,903,0.4924624562263489,MSE,0.5594930648803711,1.0128705501556396,input,17.0,16,774,True,0.0008999984711408,0.2644760906696319,,,
traffic,PatchTST,time_stretch,4,4717,903,0.4924624562263489,MSE,0.5594930648803711,1.0128705501556396,input,17.0,16,840,True,0.0071000009775161,0.0244436562061309,,,
traffic,PatchTST,time_stretch,4,4717,903,0.4924624562263489,MSE,0.5594930648803711,1.0128705501556396,input,18.0,17,133,True,0.0023000016808509,0.2760057747364044,,,
traffic,PatchTST,time_stretch,4,4717,903,0.4924624562263489,MSE,0.5594930648803711,1.0128705501556396,input,18.0,17,304,True,0.0128000006079673,0.4275266230106354,,,
traffic,PatchTST,time_stretch,4,4717,903,0.4924624562263489,MSE,0.5594930648803711,1.0128705501556396,input,18.0,17,402,True,0.0,0.4490059316158294,,,
traffic,PatchTST,time_stretch,4,4717,903,0.4924624562263489,MSE,0.5594930648803711,1.0128705501556396,input,18.0,17,413,True,0.0173999965190887,0.0822309702634811,,,
traffic,PatchTST,time_stretch,4,4717,903,0.4924624562263489,MSE,0.5594930648803711,1.0128705501556396,input,18.0,17,567,True,0.0474000014364719,0.0325192995369434,,,
traffic,PatchTST,time_stretch,4,4717,903,0.4924624562263489,MSE,0.5594930648803711,1.0128705501556396,input,18.0,17,571,True,0.0080000013113021,0.0743142217397689,,,
traffic,PatchTST,time_stretch,4,4717,903,0.4924624562263489,MSE,0.5594930648803711,1.0128705501556396,input,18.0,17,580,True,0.0031999982893466,0.3438332378864288,,,
traffic,PatchTST,time_stretch,4,4717,903,0.4924624562263489,MSE,0.5594930648803711,1.0128705501556396,input,18.0,17,639,True,0.0210999995470047,0.1448508501052856,,,
traffic,PatchTST,time_stretch,4,4717,903,0.4924624562263489,MSE,0.5594930648803711,1.0128705501556396,input,18.0,17,768,True,0.0204999968409538,0.3420898914337158,,,
traffic,PatchTST,time_stretch,4,4717,903,0.4924624562263489,MSE,0.5594930648803711,1.0128705501556396,input,18.0,17,774,True,0.0020000003278255,0.2165082991123199,,,
traffic,PatchTST,time_stretch,4,4717,903,0.4924624562263489,MSE,0.5594930648803711,1.0128705501556396,input,18.0,17,840,True,0.0197000000625848,0.0232055895030498,,,
traffic,PatchTST,time_stretch,4,4717,903,0.4924624562263489,MSE,0.5594930648803711,1.0128705501556396,input,19.0,18,133,True,0.0086999982595443,0.2010861933231353,,,
traffic,PatchTST,time_stretch,4,4717,903,0.4924624562263489,MSE,0.5594930648803711,1.0128705501556396,input,19.0,18,304,True,0.0261000022292137,0.3573883771896362,,,
traffic,PatchTST,time_stretch,4,4717,903,0.4924624562263489,MSE,0.5594930648803711,1.0128705501556396,input,19.0,18,402,True,0.0141000002622604,0.3342863321304321,,,
traffic,PatchTST,time_stretch,4,4717,903,0.4924624562263489,MSE,0.5594930648803711,1.0128705501556396,input,19.0,18,413,True,0.0438000001013278,0.0804463699460029,,,
traffic,PatchTST,time_stretch,4,4717,903,0.4924624562263489,MSE,0.5594930648803711,1.0128705501556396,input,19.0,18,567,True,0.0979000031948089,0.0299939177930355,,,
traffic,PatchTST,time_stretch,4,4717,903,0.4924624562263489,MSE,0.5594930648803711,1.0128705501556396,input,19.0,18,571,True,0.0297999996691942,0.0717551708221435,,,
traffic,PatchTST,time_stretch,4,4717,903,0.4924624562263489,MSE,0.5594930648803711,1.0128705501556396,input,19.0,18,580,True,0.0107000023126602,0.261135458946228,,,
traffic,PatchTST,time_stretch,4,4717,903,0.4924624562263489,MSE,0.5594930648803711,1.0128705501556396,input,19.0,18,639,True,0.0750000029802322,0.1186542212963104,,,
traffic,PatchTST,time_stretch,4,4717,903,0.4924624562263489,MSE,0.5594930648803711,1.0128705501556396,input,19.0,18,768,True,0.048700001090765,0.3287558853626251,,,
traffic,PatchTST,time_stretch,4,4717,903,0.4924624562263489,MSE,0.5594930648803711,1.0128705501556396,input,19.0,18,774,True,0.0054000001400709,0.1581888496875763,,,
traffic,PatchTST,time_stretch,4,4717,903,0.4924624562263489,MSE,0.5594930648803711,1.0128705501556396,input,19.0,18,840,True,0.3389999866485595,0.0212526284158229,,,
traffic,PatchTST,time_stretch,4,4717,903,0.4924624562263489,MSE,0.5594930648803711,1.0128705501556396,input,20.0,19,133,True,0.0285999998450279,0.1261665672063827,,,
traffic,PatchTST,time_stretch,4,4717,903,0.4924624562263489,MSE,0.5594930648803711,1.0128705501556396,input,20.0,19,304,True,0.0403999984264373,0.2872501611709595,,,
traffic,PatchTST,time_stretch,4,4717,903,0.4924624562263489,MSE,0.5594930648803711,1.0128705501556396,input,20.0,19,402,True,0.0535000003874301,0.2195667028427124,,,
traffic,PatchTST,time_stretch,4,4717,903,0.4924624562263489,MSE,0.5594930648803711,1.0128705501556396,input,20.0,19,413,True,0.0798000022768974,0.0786617696285247,,,
traffic,PatchTST,time_stretch,4,4717,903,0.4924624562263489,MSE,0.5594930648803711,1.0128705501556396,input,20.0,19,567,True,0.1661999970674514,0.0274685360491275,,,
traffic,PatchTST,time_stretch,4,4717,903,0.4924624562263489,MSE,0.5594930648803711,1.0128705501556396,input,20.0,19,571,True,0.0639000013470649,0.0691961199045181,,,
traffic,PatchTST,time_stretch,4,4717,903,0.4924624562263489,MSE,0.5594930648803711,1.0128705501556396,input,20.0,19,580,True,0.0456000007688999,0.178437665104866,,,
traffic,PatchTST,time_stretch,4,4717,903,0.4924624562263489,MSE,0.5594930648803711,1.0128705501556396,input,20.0,19,639,True,0.1816000044345855,0.0924576222896575,,,
traffic,PatchTST,time_stretch,4,4717,903,0.4924624562263489,MSE,0.5594930648803711,1.0128705501556396,input,20.0,19,768,True,0.0844999998807907,0.3154219090938568,,,
traffic,PatchTST,time_stretch,4,4717,903,0.4924624562263489,MSE,0.5594930648803711,1.0128705501556396,input,20.0,19,774,True,0.0148000009357929,0.0998694002628326,,,
traffic,PatchTST,time_stretch,4,4717,903,0.4924624562263489,MSE,0.5594930648803711,1.0128705501556396,input,20.0,19,840,True,0.6258999705314636,0.0192996673285961,,,
traffic,PatchTST,time_stretch,4,4717,903,0.4924624562263489,MSE,0.5594930648803711,1.0128705501556396,input,21.0,20,133,True,0.0570000000298023,0.0630579069256782,,,
traffic,PatchTST,time_stretch,4,4717,903,0.4924624562263489,MSE,0.5594930648803711,1.0128705501556396,input,21.0,20,304,True,0.0680000036954879,0.2203646600246429,,,
traffic,PatchTST,time_stretch,4,4717,903,0.4924624562263489,MSE,0.5594930648803711,1.0128705501556396,input,21.0,20,402,True,0.2739999890327453,0.1208244562149047,,,
traffic,PatchTST,time_stretch,4,4717,903,0.4924624562263489,MSE,0.5594930648803711,1.0128705501556396,input,21.0,20,413,True,0.4799000024795532,0.0764934122562408,,,
traffic,PatchTST,time_stretch,4,4717,903,0.4924624562263489,MSE,0.5594930648803711,1.0128705501556396,input,21.0,20,567,True,0.3246999979019165,0.025071071460843,,,
traffic,PatchTST,time_stretch,4,4717,903,0.4924624562263489,MSE,0.5594930648803711,1.0128705501556396,input,21.0,20,571,True,0.0685999989509582,0.0669477209448814,,,
traffic,PatchTST,time_stretch,4,4717,903,0.4924624562263489,MSE,0.5594930648803711,1.0128705501556396,input,21.0,20,580,True,0.2861999869346618,0.1064422130584716,,,
traffic,PatchTST,time_stretch,4,4717,903,0.4924624562263489,MSE,0.5594930648803711,1.0128705501556396,input,21.0,20,639,True,0.4203999936580658,0.069276176393032,,,
traffic,PatchTST,time_stretch,4,4717,903,0.4924624562263489,MSE,0.5594930648803711,1.0128705501556396,input,21.0,20,768,True,0.0948999971151351,0.2939195334911346,,,
traffic,PatchTST,time_stretch,4,4717,903,0.4924624562263489,MSE,0.5594930648803711,1.0128705501556396,input,21.0,20,774,True,0.0430000014603138,0.0505040884017944,,,
traffic,PatchTST,time_stretch,4,4717,903,0.4924624562263489,MSE,0.5594930648803711,1.0128705501556396,input,21.0,20,840,True,0.6276999711990356,0.0174441672861576,,,
traffic,PatchTST,time_stretch,4,4717,903,0.4924624562263489,MSE,0.5594930648803711,1.0128705501556396,input,22.0,21,133,True,0.0671000033617019,0.0534277856349945,,,
traffic,PatchTST,time_stretch,4,4717,903,0.4924624562263489,MSE,0.5594930648803711,1.0128705501556396,input,22.0,21,304,True,0.1023000031709671,0.1682071387767791,,,
traffic,PatchTST,time_stretch,4,4717,903,0.4924624562263489,MSE,0.5594930648803711,1.0128705501556396,input,22.0,21,402,True,0.2888000011444092,0.0944258123636245,,,
traffic,PatchTST,time_stretch,4,4717,903,0.4924624562263489,MSE,0.5594930648803711,1.0128705501556396,input,22.0,21,413,True,0.478300005197525,0.0725874975323677,,,
traffic,PatchTST,time_stretch,4,4717,903,0.4924624562263489,MSE,0.5594930648803711,1.0128705501556396,input,22.0,21,567,True,0.3953999876976013,0.0232527982443571,,,
traffic,PatchTST,time_stretch,4,4717,903,0.4924624562263489,MSE,0.5594930648803711,1.0128705501556396,input,22.0,21,571,True,0.0683000013232231,0.0661059245467186,,,
traffic,PatchTST,time_stretch,4,4717,903,0.4924624562263489,MSE,0.5594930648803711,1.0128705501556396,input,22.0,21,580,True,0.2702000141143799,0.0829056650400161,,,
traffic,PatchTST,time_stretch,4,4717,903,0.4924624562263489,MSE,0.5594930648803711,1.0128705501556396,input,22.0,21,639,True,0.4606000185012817,0.059747077524662,,,
traffic,PatchTST,time_stretch,4,4717,903,0.4924624562263489,MSE,0.5594930648803711,1.0128705501556396,input,22.0,21,768,True,0.0970000028610229,0.2354317009449005,,,
traffic,PatchTST,time_stretch,4,4717,903,0.4924624562263489,MSE,0.5594930648803711,1.0128705501556396,input,22.0,21,774,True,0.0595000013709068,0.041682094335556,,,
traffic,PatchTST,time_stretch,4,4717,903,0.4924624562263489,MSE,0.5594930648803711,1.0128705501556396,input,22.0,21,840,True,0.5990999937057495,0.0160299558192491,,,
traffic,PatchTST,time_stretch,4,4717,903,0.4924624562263489,MSE,0.5594930648803711,1.0128705501556396,input,23.0,22,133,True,0.0526000000536441,0.0437976717948913,,,
traffic,PatchTST,time_stretch,4,4717,903,0.4924624562263489,MSE,0.5594930648803711,1.0128705501556396,input,23.0,22,304,True,0.0904000028967857,0.1160496175289154,,,
traffic,PatchTST,time_stretch,4,4717,903,0.4924624562263489,MSE,0.5594930648803711,1.0128705501556396,input,23.0,22,402,True,0.2042999863624572,0.0680271759629249,,,
traffic,PatchTST,time_stretch,4,4717,903,0.4924624562263489,MSE,0.5594930648803711,1.0128705501556396,input,23.0,22,413,True,0.4370000064373016,0.0686815679073333,,,
traffic,PatchTST,time_stretch,4,4717,903,0.4924624562263489,MSE,0.5594930648803711,1.0128705501556396,input,23.0,22,567,True,0.218199998140335,0.0214345250278711,,,
traffic,PatchTST,time_stretch,4,4717,903,0.4924624562263489,MSE,0.5594930648803711,1.0128705501556396,input,23.0,22,571,True,0.0672999992966651,0.0652641355991363,,,
traffic,PatchTST,time_stretch,4,4717,903,0.4924624562263489,MSE,0.5594930648803711,1.0128705501556396,input,23.0,22,580,True,0.1758999973535537,0.0593691281974315,,,
traffic,PatchTST,time_stretch,4,4717,903,0.4924624562263489,MSE,0.5594930648803711,1.0128705501556396,input,23.0,22,639,True,0.101000003516674,0.0502179749310016,,,
traffic,PatchTST,time_stretch,4,4717,903,0.4924624562263489,MSE,0.5594930648803711,1.0128705501556396,input,23.0,22,768,True,0.090499997138977,0.1769438832998275,,,
traffic,PatchTST,time_stretch,4,4717,903,0.4924624562263489,MSE,0.5594930648803711,1.0128705501556396,input,23.0,22,774,True,0.0531000010669231,0.0328601039946079,,,
traffic,PatchTST,time_stretch,4,4717,903,0.4924624562263489,MSE,0.5594930648803711,1.0128705501556396,input,23.0,22,840,True,0.4826000034809112,0.0146157443523406,,,
traffic,PatchTST,time_stretch,4,4717,903,0.4924624562263489,MSE,0.5594930648803711,1.0128705501556396,input,24.0,23,133,True,0.0443000011146068,0.0352690555155277,,,
traffic,PatchTST,time_stretch,4,4717,903,0.4924624562263489,MSE,0.5594930648803711,1.0128705501556396,input,24.0,23,304,True,0.0816999971866607,0.0739122033119201,,,
traffic,PatchTST,time_stretch,4,4717,903,0.4924624562263489,MSE,0.5594930648803711,1.0128705501556396,input,24.0,23,402,True,0.1137000024318695,0.0461269244551658,,,
traffic,PatchTST,time_stretch,4,4717,903,0.4924624562263489,MSE,0.5594930648803711,1.0128705501556396,input,24.0,23,413,True,0.3723999857902527,0.0650456994771957,,,
traffic,PatchTST,time_stretch,4,4717,903,0.4924624562263489,MSE,0.5594930648803711,1.0128705501556396,input,24.0,23,567,True,0.0566999986767768,0.0199715737253427,,,
traffic,PatchTST,time_stretch,4,4717,903,0.4924624562263489,MSE,0.5594930648803711,1.0128705501556396,input,24.0,23,571,True,0.0668999999761581,0.0644578710198402,,,
traffic,PatchTST,time_stretch,4,4717,903,0.4924624562263489,MSE,0.5594930648803711,1.0128705501556396,input,24.0,23,580,True,0.0971999987959861,0.0398832708597183,,,
traffic,PatchTST,time_stretch,4,4717,903,0.4924624562263489,MSE,0.5594930648803711,1.0128705501556396,input,24.0,23,639,True,0.092799998819828,0.0418614372611045,,,
traffic,PatchTST,time_stretch,4,4717,903,0.4924624562263489,MSE,0.5594930648803711,1.0128705501556396,input,24.0,23,768,True,0.0967999994754791,0.1264437288045883,,,
traffic,PatchTST,time_stretch,4,4717,903,0.4924624562263489,MSE,0.5594930648803711,1.0128705501556396,input,24.0,23,774,True,0.0441000014543533,0.0252319946885108,,,
traffic,PatchTST,time_stretch,4,4717,903,0.4924624562263489,MSE,0.5594930648803711,1.0128705501556396,input,24.0,23,840,True,0.1714999973773956,0.0135213211178779,,,
traffic,PatchTST,time_stretch,4,4717,903,0.4924624562263489,MSE,0.5594930648803711,1.0128705501556396,input,25.0,24,133,True,0.0366000011563301,0.0308580566197633,,,
traffic,PatchTST,time_stretch,4,4717,903,0.4924624562263489,MSE,0.5594930648803711,1.0128705501556396,input,25.0,24,304,True,0.0848999992012977,0.0692318305373191,,,
traffic,PatchTST,time_stretch,4,4717,903,0.4924624562263489,MSE,0.5594930648803711,1.0128705501556396,input,25.0,24,402,True,0.093699999153614,0.0410424955189228,,,
traffic,PatchTST,time_stretch,4,4717,903,0.4924624562263489,MSE,0.5594930648803711,1.0128705501556396,input,25.0,24,413,True,0.1033999994397163,0.0624192990362644,,,
traffic,PatchTST,time_stretch,4,4717,903,0.4924624562263489,MSE,0.5594930648803711,1.0128705501556396,input,25.0,24,567,True,0.047699999064207,0.019836887717247,,,
traffic,PatchTST,time_stretch,4,4717,903,0.4924624562263489,MSE,0.5594930648803711,1.0128705501556396,input,25.0,24,571,True,0.0718000009655952,0.063784435391426,,,
traffic,PatchTST,time_stretch,4,4717,903,0.4924624562263489,MSE,0.5594930648803711,1.0128705501556396,input,25.0,24,580,True,0.0764999985694885,0.0355396121740341,,,
traffic,PatchTST,time_stretch,4,4717,903,0.4924624562263489,MSE,0.5594930648803711,1.0128705501556396,input,25.0,24,639,True,0.0756999999284744,0.0378881730139255,,,
traffic,PatchTST,time_stretch,4,4717,903,0.4924624562263489,MSE,0.5594930648803711,1.0128705501556396,input,25.0,24,768,True,0.0925000011920929,0.1058029606938362,,,
traffic,PatchTST,time_stretch,4,4717,903,0.4924624562263489,MSE,0.5594930648803711,1.0128705501556396,input,25.0,24,774,True,0.0373999997973442,0.0220668502151966,,,
traffic,PatchTST,time_stretch,4,4717,903,0.4924624562263489,MSE,0.5594930648803711,1.0128705501556396,input,25.0,24,840,True,0.0388000011444091,0.0136223342269659,,,
traffic,PatchTST,time_stretch,4,4717,903,0.4924624562263489,MSE,0.5594930648803711,1.0128705501556396,input,26.0,25,133,True,0.0364000014960765,0.026447057723999,,,
traffic,PatchTST,time_stretch,4,4717,903,0.4924624562263489,MSE,0.5594930648803711,1.0128705501556396,input,26.0,25,304,True,0.0869000032544136,0.0645514577627182,,,
traffic,PatchTST,time_stretch,4,4717,903,0.4924624562263489,MSE,0.5594930648803711,1.0128705501556396,input,26.0,25,402,True,0.0930999964475631,0.0359580591320991,,,
traffic,PatchTST,time_stretch,4,4717,903,0.4924624562263489,MSE,0.5594930648803711,1.0128705501556396,input,26.0,25,413,True,0.0945999994874,0.0597929023206234,,,
traffic,PatchTST,time_stretch,4,4717,903,0.4924624562263489,MSE,0.5594930648803711,1.0128705501556396,input,26.0,25,567,True,0.0445999987423419,0.0197021998465061,,,
traffic,PatchTST,time_stretch,4,4717,903,0.4924624562263489,MSE,0.5594930648803711,1.0128705501556396,input,26.0,25,571,True,0.0685999989509582,0.0631109997630119,,,
traffic,PatchTST,time_stretch,4,4717,903,0.4924624562263489,MSE,0.5594930648803711,1.0128705501556396,input,26.0,25,580,True,0.0742999985814094,0.0311959572136402,,,
traffic,PatchTST,time_stretch,4,4717,903,0.4924624562263489,MSE,0.5594930648803711,1.0128705501556396,input,26.0,25,639,True,0.0722000002861023,0.0339149087667465,,,
traffic,PatchTST,time_stretch,4,4717,903,0.4924624562263489,MSE,0.5594930648803711,1.0128705501556396,input,26.0,25,768,True,0.0921000018715858,0.0851621851325035,,,
traffic,PatchTST,time_stretch,4,4717,903,0.4924624562263489,MSE,0.5594930648803711,1.0128705501556396,input,26.0,25,774,True,0.0344999991357326,0.0189017057418823,,,
traffic,PatchTST,time_stretch,4,4717,903,0.4924624562263489,MSE,0.5594930648803711,1.0128705501556396,input,26.0,25,840,True,0.0377000011503696,0.0137233491986989,,,
traffic,PatchTST,time_stretch,4,4717,903,0.4924624562263489,MSE,0.5594930648803711,1.0128705501556396,input,27.0,26,133,True,0.0384999997913837,0.0221660062670707,,,
traffic,PatchTST,time_stretch,4,4717,903,0.4924624562263489,MSE,0.5594930648803711,1.0128705501556396,input,27.0,26,304,True,0.1307999938726425,0.0597411431372165,,,
traffic,PatchTST,time_stretch,4,4717,903,0.4924624562263489,MSE,0.5594930648803711,1.0128705501556396,input,27.0,26,402,True,0.0958999991416931,0.0301183126866817,,,
traffic,PatchTST,time_stretch,4,4717,903,0.4924624562263489,MSE,0.5594930648803711,1.0128705501556396,input,27.0,26,413,True,0.092299997806549,0.0569878295063972,,,
traffic,PatchTST,time_stretch,4,4717,903,0.4924624562263489,MSE,0.5594930648803711,1.0128705501556396,input,27.0,26,567,True,0.0472000017762184,0.019234525039792,,,
traffic,PatchTST,time_stretch,4,4717,903,0.4924624562263489,MSE,0.5594930648803711,1.0128705501556396,input,27.0,26,571,True,0.0668999999761581,0.0625431537628173,,,
traffic,PatchTST,time_stretch,4,4717,903,0.4924624562263489,MSE,0.5594930648803711,1.0128705501556396,input,27.0,26,580,True,0.0728999972343444,0.0263406373560428,,,
traffic,PatchTST,time_stretch,4,4717,903,0.4924624562263489,MSE,0.5594930648803711,1.0128705501556396,input,27.0,26,639,True,0.0736000016331672,0.0301365628838539,,,
traffic,PatchTST,time_stretch,4,4717,903,0.4924624562263489,MSE,0.5594930648803711,1.0128705501556396,input,27.0,26,768,True,0.0974999964237213,0.0674533396959304,,,
traffic,PatchTST,time_stretch,4,4717,903,0.4924624562263489,MSE,0.5594930648803711,1.0128705501556396,input,27.0,26,774,True,0.0366000011563301,0.0161101594567298,,,
traffic,PatchTST,time_stretch,4,4717,903,0.4924624562263489,MSE,0.5594930648803711,1.0128705501556396,input,27.0,26,840,True,0.0394000001251697,0.0136619303375482,,,
traffic,PatchTST,time_stretch,4,4717,903,0.4924624562263489,MSE,0.5594930648803711,1.0128705501556396,input,28.0,27,133,True,0.0489000007510185,0.0182937569916248,,,
traffic,PatchTST,time_stretch,4,4717,903,0.4924624562263489,MSE,0.5594930648803711,1.0128705501556396,input,28.0,27,304,True,0.246500015258789,0.0545220226049423,,,
traffic,PatchTST,time_stretch,4,4717,903,0.4924624562263489,MSE,0.5594930648803711,1.0128705501556396,input,28.0,27,402,True,0.1469999998807907,0.0219024084508419,,,
traffic,PatchTST,time_stretch,4,4717,903,0.4924624562263489,MSE,0.5594930648803711,1.0128705501556396,input,28.0,27,413,True,0.0899000018835067,0.053620658814907,,,
traffic,PatchTST,time_stretch,4,4717,903,0.4924624562263489,MSE,0.5594930648803711,1.0128705501556396,input,28.0,27,567,True,0.0502000004053115,0.0177192967385053,,,
traffic,PatchTST,time_stretch,4,4717,903,0.4924624562263489,MSE,0.5594930648803711,1.0128705501556396,input,28.0,27,571,True,0.1076999977231025,0.0623074471950531,,,
traffic,PatchTST,time_stretch,4,4717,903,0.4924624562263489,MSE,0.5594930648803711,1.0128705501556396,input,28.0,27,580,True,0.1048000007867813,0.0198756642639637,,,
traffic,PatchTST,time_stretch,4,4717,903,0.4924624562263489,MSE,0.5594930648803711,1.0128705501556396,input,28.0,27,639,True,0.0802000015974044,0.0269714184105396,,,
traffic,PatchTST,time_stretch,4,4717,903,0.4924624562263489,MSE,0.5594930648803711,1.0128705501556396,input,28.0,27,768,True,0.2180999815464019,0.0589680597186088,,,
traffic,PatchTST,time_stretch,4,4717,903,0.4924624562263489,MSE,0.5594930648803711,1.0128705501556396,input,28.0,27,774,True,0.0540999993681907,0.01449391618371,,,
traffic,PatchTST,time_stretch,4,4717,903,0.4924624562263489,MSE,0.5594930648803711,1.0128705501556396,input,28.0,27,840,True,0.0379000008106231,0.0130895115435123,,,
traffic,PatchTST,time_stretch,4,4717,903,0.4924624562263489,MSE,0.5594930648803711,1.0128705501556396,input,29.0,28,133,True,0.0619000010192394,0.0144215077161788,,,
traffic,PatchTST,time_stretch,4,4717,903,0.4924624562263489,MSE,0.5594930648803711,1.0128705501556396,input,29.0,28,304,True,0.4086999893188476,0.049302902072668,,,
traffic,PatchTST,time_stretch,4,4717,903,0.4924624562263489,MSE,0.5594930648803711,1.0128705501556396,input,29.0,28,402,True,0.2275999784469604,0.0136865079402923,,,
traffic,PatchTST,time_stretch,4,4717,903,0.4924624562263489,MSE,0.5594930648803711,1.0128705501556396,input,29.0,28,413,True,0.0873999968171119,0.0502534843981266,,,
traffic,PatchTST,time_stretch,4,4717,903,0.4924624562263489,MSE,0.5594930648803711,1.0128705501556396,input,29.0,28,567,True,0.046799998730421,0.0162040702998638,,,
traffic,PatchTST,time_stretch,4,4717,903,0.4924624562263489,MSE,0.5594930648803711,1.0128705501556396,input,29.0,28,571,True,0.1416999995708465,0.0620717443525791,,,
traffic,PatchTST,time_stretch,4,4717,903,0.4924624562263489,MSE,0.5594930648803711,1.0128705501556396,input,29.0,28,580,True,0.2388000190258026,0.0134106911718845,,,
traffic,PatchTST,time_stretch,4,4717,903,0.4924624562263489,MSE,0.5594930648803711,1.0128705501556396,input,29.0,28,639,True,0.0907000005245208,0.0238062739372253,,,
traffic,PatchTST,time_stretch,4,4717,903,0.4924624562263489,MSE,0.5594930648803711,1.0128705501556396,input,29.0,28,768,True,0.2836000025272369,0.0504827834665775,,,
traffic,PatchTST,time_stretch,4,4717,903,0.4924624562263489,MSE,0.5594930648803711,1.0128705501556396,input,29.0,28,774,True,0.0698999986052513,0.0128776729106903,,,
traffic,PatchTST,time_stretch,4,4717,903,0.4924624562263489,MSE,0.5594930648803711,1.0128705501556396,input,29.0,28,840,True,0.0366000011563301,0.0125170927494764,,,
traffic,PatchTST,time_stretch,4,4717,903,0.4924624562263489,MSE,0.5594930648803711,1.0128705501556396,input,30.0,29,133,True,0.2601000070571899,0.0111157447099685,,,
traffic,PatchTST,time_stretch,4,4717,903,0.4924624562263489,MSE,0.5594930648803711,1.0128705501556396,input,30.0,29,304,True,0.4395000040531158,0.0441842898726463,,,
traffic,PatchTST,time_stretch,4,4717,903,0.4924624562263489,MSE,0.5594930648803711,1.0128705501556396,input,30.0,29,402,True,0.3592000007629394,0.0069964602589607,,,
traffic,PatchTST,time_stretch,4,4717,903,0.4924624562263489,MSE,0.5594930648803711,1.0128705501556396,input,30.0,29,413,True,0.0917000025510788,0.0464751571416854,,,
traffic,PatchTST,time_stretch,4,4717,903,0.4924624562263489,MSE,0.5594930648803711,1.0128705501556396,input,30.0,29,567,True,0.0452999994158744,0.0144055979326367,,,
traffic,PatchTST,time_stretch,4,4717,903,0.4924624562263489,MSE,0.5594930648803711,1.0128705501556396,input,30.0,29,571,True,0.4453999996185303,0.0601365827023983,,,
traffic,PatchTST,time_stretch,4,4717,903,0.4924624562263489,MSE,0.5594930648803711,1.0128705501556396,input,30.0,29,580,True,0.2964999973773956,0.008197471499443,,,
traffic,PatchTST,time_stretch,4,4717,903,0.4924624562263489,MSE,0.5594930648803711,1.0128705501556396,input,30.0,29,639,True,0.0881000012159347,0.0204675327986478,,,
traffic,PatchTST,time_stretch,4,4717,903,0.4924624562263489,MSE,0.5594930648803711,1.0128705501556396,input,30.0,29,768,True,0.3605000078678131,0.0425183102488517,,,
traffic,PatchTST,time_stretch,4,4717,903,0.4924624562263489,MSE,0.5594930648803711,1.0128705501556396,input,30.0,29,774,True,0.1921000033617019,0.0112340189516544,,,
traffic,PatchTST,time_stretch,4,4717,903,0.4924624562263489,MSE,0.5594930648803711,1.0128705501556396,input,30.0,29,840,True,0.0328000001609325,0.0116340201348066,,,
traffic,PatchTST,time_stretch,4,4717,903,0.4924624562263489,MSE,0.5594930648803711,1.0128705501556396,input,31.0,30,133,True,0.3894999921321869,0.0093311443924903,,,
traffic,PatchTST,time_stretch,4,4717,903,0.4924624562263489,MSE,0.5594930648803711,1.0128705501556396,input,31.0,30,304,True,0.5015000104904175,0.0393355563282966,,,
traffic,PatchTST,time_stretch,4,4717,903,0.4924624562263489,MSE,0.5594930648803711,1.0128705501556396,input,31.0,30,402,True,0.4794000089168548,0.0044037401676177,,,
traffic,PatchTST,time_stretch,4,4717,903,0.4924624562263489,MSE,0.5594930648803711,1.0128705501556396,input,31.0,30,413,True,0.0832000002264976,0.0415927544236183,,,
traffic,PatchTST,time_stretch,4,4717,903,0.4924624562263489,MSE,0.5594930648803711,1.0128705501556396,input,31.0,30,567,True,0.0447999984025955,0.0118465460836887,,,
traffic,PatchTST,time_stretch,4,4717,903,0.4924624562263489,MSE,0.5594930648803711,1.0128705501556396,input,31.0,30,571,True,0.1562999933958053,0.0536379367113113,,,
traffic,PatchTST,time_stretch,4,4717,903,0.4924624562263489,MSE,0.5594930648803711,1.0128705501556396,input,31.0,30,580,True,0.4559000134468078,0.0063455253839492,,,
traffic,PatchTST,time_stretch,4,4717,903,0.4924624562263489,MSE,0.5594930648803711,1.0128705501556396,input,31.0,30,639,True,0.1030000001192092,0.0166626274585723,,,
traffic,PatchTST,time_stretch,4,4717,903,0.4924624562263489,MSE,0.5594930648803711,1.0128705501556396,input,31.0,30,768,True,0.4154999852180481,0.0359523221850395,,,
traffic,PatchTST,time_stretch,4,4717,903,0.4924624562263489,MSE,0.5594930648803711,1.0128705501556396,input,31.0,30,774,True,0.388700008392334,0.0095167607069015,,,
traffic,PatchTST,time_stretch,4,4717,903,0.4924624562263489,MSE,0.5594930648803711,1.0128705501556396,input,31.0,30,840,True,0.031599998474121,0.0099167618900537,,,
traffic,PatchTST,time_stretch,4,4717,903,0.4924624562263489,MSE,0.5594930648803711,1.0128705501556396,input,32.0,31,133,True,0.1817999929189682,0.0075465403497219,,,
traffic,PatchTST,time_stretch,4,4717,903,0.4924624562263489,MSE,0.5594930648803711,1.0128705501556396,input,32.0,31,304,True,0.5318999886512756,0.0344868265092372,,,
traffic,PatchTST,time_stretch,4,4717,903,0.4924624562263489,MSE,0.5594930648803711,1.0128705501556396,input,32.0,31,402,True,0.4778999984264374,0.0018110126256942,,,
traffic,PatchTST,time_stretch,4,4717,903,0.4924624562263489,MSE,0.5594930648803711,1.0128705501556396,input,32.0,31,413,True,0.0860999971628189,0.0367103554308414,,,
traffic,PatchTST,time_stretch,4,4717,903,0.4924624562263489,MSE,0.5594930648803711,1.0128705501556396,input,32.0,31,567,True,0.0318999998271465,0.0092874933034181,,,
traffic,PatchTST,time_stretch,4,4717,903,0.4924624562263489,MSE,0.5594930648803711,1.0128705501556396,input,32.0,31,571,True,0.0898000001907348,0.0471392907202243,,,
traffic,PatchTST,time_stretch,4,4717,903,0.4924624562263489,MSE,0.5594930648803711,1.0128705501556396,input,32.0,31,580,True,0.4697999954223633,0.0044935755431652,,,
traffic,PatchTST,time_stretch,4,4717,903,0.4924624562263489,MSE,0.5594930648803711,1.0128705501556396,input,32.0,31,639,True,0.0843999981880188,0.012857723981142,,,
traffic,PatchTST,time_stretch,4,4717,903,0.4924624562263489,MSE,0.5594930648803711,1.0128705501556396,input,32.0,31,768,True,0.3928000032901764,0.0293863303959369,,,
traffic,PatchTST,time_stretch,4,4717,903,0.4924624562263489,MSE,0.5594930648803711,1.0128705501556396,input,32.0,31,774,True,0.3510999977588653,0.0077995024621486,,,
traffic,PatchTST,time_stretch,4,4717,903,0.4924624562263489,MSE,0.5594930648803711,1.0128705501556396,input,32.0,31,840,True,0.0242999996989965,0.0081995017826557,,,
traffic,PatchTST,time_stretch,4,4717,903,0.4924624562263489,MSE,0.5594930648803711,1.0128705501556396,input,33.0,32,133,True,0.2110999971628189,0.0060461945831775,,,
traffic,PatchTST,time_stretch,4,4717,903,0.4924624562263489,MSE,0.5594930648803711,1.0128705501556396,input,33.0,32,304,True,0.4386999905109405,0.0297396183013916,,,
traffic,PatchTST,time_stretch,4,4717,903,0.4924624562263489,MSE,0.5594930648803711,1.0128705501556396,input,33.0,32,402,True,0.2930999994277954,0.0,,,
traffic,PatchTST,time_stretch,4,4717,903,0.4924624562263489,MSE,0.5594930648803711,1.0128705501556396,input,33.0,32,413,True,0.0791999995708465,0.0317974910140037,,,
traffic,PatchTST,time_stretch,4,4717,903,0.4924624562263489,MSE,0.5594930648803711,1.0128705501556396,input,33.0,32,567,True,0.0270000007003545,0.0072258934378623,,,
traffic,PatchTST,time_stretch,4,4717,903,0.4924624562263489,MSE,0.5594930648803711,1.0128705501556396,input,33.0,32,571,True,0.0800999999046325,0.0403462350368499,,,
traffic,PatchTST,time_stretch,4,4717,903,0.4924624562263489,MSE,0.5594930648803711,1.0128705501556396,input,33.0,32,580,True,0.2225999981164932,0.0031999982893466,,,
traffic,PatchTST,time_stretch,4,4717,903,0.4924624562263489,MSE,0.5594930648803711,1.0128705501556396,input,33.0,32,639,True,0.0570000000298023,0.0103725865483284,,,
traffic,PatchTST,time_stretch,4,4717,903,0.4924624562263489,MSE,0.5594930648803711,1.0128705501556396,input,33.0,32,768,True,0.3088999986648559,0.0237035825848579,,,
traffic,PatchTST,time_stretch,4,4717,903,0.4924624562263489,MSE,0.5594930648803711,1.0128705501556396,input,33.0,32,774,True,0.1034000068902969,0.0062446780502796,,,
traffic,PatchTST,time_stretch,4,4717,903,0.4924624562263489,MSE,0.5594930648803711,1.0128705501556396,input,33.0,32,840,True,0.0160000007599592,0.0068375673145055,,,
traffic,PatchTST,time_stretch,4,4717,903,0.4924624562263489,MSE,0.5594930648803711,1.0128705501556396,input,34.0,33,133,True,0.0577000007033348,0.005204401910305,,,
traffic,PatchTST,time_stretch,4,4717,903,0.4924624562263489,MSE,0.5594930648803711,1.0128705501556396,input,34.0,33,304,True,0.1290999948978424,0.0252276100218296,,,
traffic,PatchTST,time_stretch,4,4717,903,0.4924624562263489,MSE,0.5594930648803711,1.0128705501556396,input,34.0,33,402,True,0.0485000014305114,0.0,,,
traffic,PatchTST,time_stretch,4,4717,903,0.4924624562263489,MSE,0.5594930648803711,1.0128705501556396,input,34.0,33,413,True,0.0692000016570091,0.0268140733242034,,,
traffic,PatchTST,time_stretch,4,4717,903,0.4924624562263489,MSE,0.5594930648803711,1.0128705501556396,input,34.0,33,567,True,0.0212999992072582,0.0063167549669742,,,
traffic,PatchTST,time_stretch,4,4717,903,0.4924624562263489,MSE,0.5594930648803711,1.0128705501556396,input,34.0,33,571,True,0.0582999996840953,0.0328711122274398,,,
traffic,PatchTST,time_stretch,4,4717,903,0.4924624562263489,MSE,0.5594930648803711,1.0128705501556396,input,34.0,33,580,True,0.0423000007867813,0.0031999982893466,,,
traffic,PatchTST,time_stretch,4,4717,903,0.4924624562263489,MSE,0.5594930648803711,1.0128705501556396,input,34.0,33,639,True,0.0403000004589557,0.0109450072050094,,,
traffic,PatchTST,time_stretch,4,4717,903,0.4924624562263489,MSE,0.5594930648803711,1.0128705501556396,input,34.0,33,768,True,0.2398000061511993,0.0200670287013053,,,
traffic,PatchTST,time_stretch,4,4717,903,0.4924624562263489,MSE,0.5594930648803711,1.0128705501556396,input,34.0,33,774,True,0.0296000000089406,0.0050661657005548,,,
traffic,PatchTST,time_stretch,4,4717,903,0.4924624562263489,MSE,0.5594930648803711,1.0128705501556396,input,34.0,33,840,True,0.0141000002622604,0.0062988176941871,,,
traffic,PatchTST,time_stretch,4,4717,903,0.4924624562263489,MSE,0.5594930648803711,1.0128705501556396,input,35.0,34,133,True,0.0320000015199184,0.0043626092374324,,,
traffic,PatchTST,time_stretch,4,4717,903,0.4924624562263489,MSE,0.5594930648803711,1.0128705501556396,input,35.0,34,304,True,0.0635000020265579,0.020715594291687,,,
traffic,PatchTST,time_stretch,4,4717,903,0.4924624562263489,MSE,0.5594930648803711,1.0128705501556396,input,35.0,34,402,True,0.0357999987900257,0.0,,,
traffic,PatchTST,time_stretch,4,4717,903,0.4924624562263489,MSE,0.5594930648803711,1.0128705501556396,input,35.0,34,413,True,0.0604000017046928,0.0218306556344032,,,
traffic,PatchTST,time_stretch,4,4717,903,0.4924624562263489,MSE,0.5594930648803711,1.0128705501556396,input,35.0,34,567,True,0.0194000005722045,0.0054076183587312,,,
traffic,PatchTST,time_stretch,4,4717,903,0.4924624562263489,MSE,0.5594930648803711,1.0128705501556396,input,35.0,34,571,True,0.0612000003457069,0.0253959856927394,,,
traffic,PatchTST,time_stretch,4,4717,903,0.4924624562263489,MSE,0.5594930648803711,1.0128705501556396,input,35.0,34,580,True,0.0331000015139579,0.0031999982893466,,,
traffic,PatchTST,time_stretch,4,4717,903,0.4924624562263489,MSE,0.5594930648803711,1.0128705501556396,input,35.0,34,639,True,0.0375999994575977,0.0115174241364002,,,
traffic,PatchTST,time_stretch,4,4717,903,0.4924624562263489,MSE,0.5594930648803711,1.0128705501556396,input,35.0,34,768,True,0.1150000020861625,0.0164304748177528,,,
traffic,PatchTST,time_stretch,4,4717,903,0.4924624562263489,MSE,0.5594930648803711,1.0128705501556396,input,35.0,34,774,True,0.0187999997287988,0.0038876552134752,,,
traffic,PatchTST,time_stretch,4,4717,903,0.4924624562263489,MSE,0.5594930648803711,1.0128705501556396,input,35.0,34,840,True,0.0126999989151954,0.0057600699365139,,,
traffic,PatchTST,time_stretch,4,4717,903,0.4924624562263489,MSE,0.5594930648803711,1.0128705501556396,input,36.0,35,133,True,0.0153000000864267,0.0035319849848747,,,
traffic,PatchTST,time_stretch,4,4717,903,0.4924624562263489,MSE,0.5594930648803711,1.0128705501556396,input,36.0,35,304,True,0.0533999986946582,0.0169852972030639,,,
traffic,PatchTST,time_stretch,4,4717,903,0.4924624562263489,MSE,0.5594930648803711,1.0128705501556396,input,36.0,35,402,True,0.0135999992489814,0.0,,,
traffic,PatchTST,time_stretch,4,4717,903,0.4924624562263489,MSE,0.5594930648803711,1.0128705501556396,input,36.0,35,413,True,0.061999998986721,0.0175731107592582,,,
traffic,PatchTST,time_stretch,4,4717,903,0.4924624562263489,MSE,0.5594930648803711,1.0128705501556396,input,36.0,35,567,True,0.016499999910593,0.0046771578490734,,,
traffic,PatchTST,time_stretch,4,4717,903,0.4924624562263489,MSE,0.5594930648803711,1.0128705501556396,input,36.0,35,571,True,0.0736000016331672,0.0195959564298391,,,
traffic,PatchTST,time_stretch,4,4717,903,0.4924624562263489,MSE,0.5594930648803711,1.0128705501556396,input,36.0,35,580,True,0.0115999989211559,0.0031776651740074,,,
traffic,PatchTST,time_stretch,4,4717,903,0.4924624562263489,MSE,0.5594930648803711,1.0128705501556396,input,36.0,35,639,True,0.0250000022351741,0.0117213204503059,,,
traffic,PatchTST,time_stretch,4,4717,903,0.4924624562263489,MSE,0.5594930648803711,1.0128705501556396,input,36.0,35,768,True,0.0382999964058399,0.0133411288261413,,,
traffic,PatchTST,time_stretch,4,4717,903,0.4924624562263489,MSE,0.5594930648803711,1.0128705501556396,input,36.0,35,774,True,0.0146000012755393,0.0029324889183044,,,
traffic,PatchTST,time_stretch,4,4717,903,0.4924624562263489,MSE,0.5594930648803711,1.0128705501556396,input,36.0,35,840,True,0.0086000002920627,0.0053218267858028,,,
traffic,PatchTST,time_stretch,4,4717,903,0.4924624562263489,MSE,0.5594930648803711,1.0128705501556396,input,37.0,36,133,True,0.0071000009775161,0.0027238652110099,,,
traffic,PatchTST,time_stretch,4,4717,903,0.4924624562263489,MSE,0.5594930648803711,1.0128705501556396,input,37.0,36,304,True,0.035300001502037,0.0148303024470806,,,
traffic,PatchTST,time_stretch,4,4717,903,0.4924624562263489,MSE,0.5594930648803711,1.0128705501556396,input,37.0,36,402,True,0.0006999969482421,0.0,,,
traffic,PatchTST,time_stretch,4,4717,903,0.4924624562263489,MSE,0.5594930648803711,1.0128705501556396,input,37.0,36,413,True,0.0384999997913837,0.0147783607244491,,,
traffic,PatchTST,time_stretch,4,4717,903,0.4924624562263489,MSE,0.5594930648803711,1.0128705501556396,input,37.0,36,567,True,0.0082999989390373,0.0043067689985036,,,
traffic,PatchTST,time_stretch,4,4717,903,0.4924624562263489,MSE,0.5594930648803711,1.0128705501556396,input,37.0,36,571,True,0.0469000004231929,0.0171715896576643,,,
traffic,PatchTST,time_stretch,4,4717,903,0.4924624562263489,MSE,0.5594930648803711,1.0128705501556396,input,37.0,36,580,True,0.0038999989628791,0.0031103193759918,,,
traffic,PatchTST,time_stretch,4,4717,903,0.4924624562263489,MSE,0.5594930648803711,1.0128705501556396,input,37.0,36,639,True,0.0166000016033649,0.0111825726926326,,,
traffic,PatchTST,time_stretch,4,4717,903,0.4924624562263489,MSE,0.5594930648803711,1.0128705501556396,input,37.0,36,768,True,0.0249999985098838,0.0113544985651969,,,
traffic,PatchTST,time_stretch,4,4717,903,0.4924624562263489,MSE,0.5594930648803711,1.0128705501556396,input,37.0,36,774,True,0.0080000013113021,0.0024274140596389,,,
traffic,PatchTST,time_stretch,4,4717,903,0.4924624562263489,MSE,0.5594930648803711,1.0128705501556396,input,37.0,36,840,True,0.0067999996244907,0.005086125805974,,,
traffic,PatchTST,time_stretch,4,4717,903,0.4924624562263489,MSE,0.5594930648803711,1.0128705501556396,input,38.0,37,133,True,0.0034999996423721,0.0019157417118549,,,
traffic,PatchTST,time_stretch,4,4717,903,0.4924624562263489,MSE,0.5594930648803711,1.0128705501556396,input,38.0,37,304,True,0.0210999995470047,0.0126753151416778,,,
traffic,PatchTST,time_stretch,4,4717,903,0.4924624562263489,MSE,0.5594930648803711,1.0128705501556396,input,38.0,37,402,True,0.0001000016927719,0.0,,,
traffic,PatchTST,time_stretch,4,4717,903,0.4924624562263489,MSE,0.5594930648803711,1.0128705501556396,input,38.0,37,413,True,0.0212000012397766,0.0119836032390594,,,
traffic,PatchTST,time_stretch,4,4717,903,0.4924624562263489,MSE,0.5594930648803711,1.0128705501556396,input,38.0,37,567,True,0.0056999996304512,0.0039363801479339,,,
traffic,PatchTST,time_stretch,4,4717,903,0.4924624562263489,MSE,0.5594930648803711,1.0128705501556396,input,38.0,37,571,True,0.031199999153614,0.0147472228854894,,,
traffic,PatchTST,time_stretch,4,4717,903,0.4924624562263489,MSE,0.5594930648803711,1.0128705501556396,input,38.0,37,580,True,0.0029999986290931,0.0030429810285568,,,
traffic,PatchTST,time_stretch,4,4717,903,0.4924624562263489,MSE,0.5594930648803711,1.0128705501556396,input,38.0,37,639,True,0.0131000019609928,0.0106438249349594,,,
traffic,PatchTST,time_stretch,4,4717,903,0.4924624562263489,MSE,0.5594930648803711,1.0128705501556396,input,38.0,37,768,True,0.0152999982237815,0.0093678683042526,,,
traffic,PatchTST,time_stretch,4,4717,903,0.4924624562263489,MSE,0.5594930648803711,1.0128705501556396,input,38.0,37,774,True,0.0036999993026256,0.0019223354756832,,,
traffic,PatchTST,time_stretch,4,4717,903,0.4924624562263489,MSE,0.5594930648803711,1.0128705501556396,input,38.0,37,840,True,0.0054000001400709,0.0048504248261451,,,
traffic,PatchTST,time_stretch,4,4717,903,0.4924624562263489,MSE,0.5594930648803711,1.0128705501556396,input,39.0,38,133,True,0.0014000013470649,0.001363456249237,,,
traffic,PatchTST,time_stretch,4,4717,903,0.4924624562263489,MSE,0.5594930648803711,1.0128705501556396,input,39.0,38,304,True,0.0148000009357929,0.0110198035836219,,,
traffic,PatchTST,time_stretch,4,4717,903,0.4924624562263489,MSE,0.5594930648803711,1.0128705501556396,input,39.0,38,402,True,0.0001000016927719,0.0,,,
traffic,PatchTST,time_stretch,4,4717,903,0.4924624562263489,MSE,0.5594930648803711,1.0128705501556396,input,39.0,38,413,True,0.0120000019669532,0.0099928975105285,,,
traffic,PatchTST,time_stretch,4,4717,903,0.4924624562263489,MSE,0.5594930648803711,1.0128705501556396,input,39.0,38,567,True,0.0043000001460313,0.0039558317512273,,,
traffic,PatchTST,time_stretch,4,4717,903,0.4924624562263489,MSE,0.5594930648803711,1.0128705501556396,input,39.0,38,571,True,0.0189999993890523,0.0127005185931921,,,
traffic,PatchTST,time_stretch,4,4717,903,0.4924624562263489,MSE,0.5594930648803711,1.0128705501556396,input,39.0,38,580,True,0.0029999986290931,0.0030121840536594,,,
traffic,PatchTST,time_stretch,4,4717,903,0.4924624562263489,MSE,0.5594930648803711,1.0128705501556396,input,39.0,38,639,True,0.0111999996006488,0.0102999992668628,,,
traffic,PatchTST,time_stretch,4,4717,903,0.4924624562263489,MSE,0.5594930648803711,1.0128705501556396,input,39.0,38,768,True,0.0093000009655952,0.0079781785607337,,,
traffic,PatchTST,time_stretch,4,4717,903,0.4924624562263489,MSE,0.5594930648803711,1.0128705501556396,input,39.0,38,774,True,0.0016999989748001,0.0015634521842002,,,
traffic,PatchTST,time_stretch,4,4717,903,0.4924624562263489,MSE,0.5594930648803711,1.0128705501556396,input,39.0,38,840,True,0.0053000003099441,0.0049071032553911,,,
traffic,PatchTST,time_stretch,4,4717,903,0.4924624562263489,MSE,0.5594930648803711,1.0128705501556396,input,40.0,39,133,True,0.0010999999940395,0.0012624375522136,,,
traffic,PatchTST,time_stretch,4,4717,903,0.4924624562263489,MSE,0.5594930648803711,1.0128705501556396,input,40.0,39,304,True,0.0133999995887279,0.0102453529834747,,,
traffic,PatchTST,time_stretch,4,4717,903,0.4924624562263489,MSE,0.5594930648803711,1.0128705501556396,input,40.0,39,402,True,0.0,0.0,,,
traffic,PatchTST,time_stretch,4,4717,903,0.4924624562263489,MSE,0.5594930648803711,1.0128705501556396,input,40.0,39,413,True,0.0086999982595443,0.0094204843044281,,,
traffic,PatchTST,time_stretch,4,4717,903,0.4924624562263489,MSE,0.5594930648803711,1.0128705501556396,input,40.0,39,567,True,0.0063000004738569,0.0046629384160041,,,
traffic,PatchTST,time_stretch,4,4717,903,0.4924624562263489,MSE,0.5594930648803711,1.0128705501556396,input,40.0,39,571,True,0.0172000005841255,0.0113199744373559,,,
traffic,PatchTST,time_stretch,4,4717,903,0.4924624562263489,MSE,0.5594930648803711,1.0128705501556396,input,40.0,39,580,True,0.0029999986290931,0.0030458532273769,,,
traffic,PatchTST,time_stretch,4,4717,903,0.4924624562263489,MSE,0.5594930648803711,1.0128705501556396,input,40.0,39,639,True,0.0100999996066093,0.0102999992668628,,,
traffic,PatchTST,time_stretch,4,4717,903,0.4924624562263489,MSE,0.5594930648803711,1.0128705501556396,input,40.0,39,768,True,0.0081999972462654,0.007641464471817,,,
traffic,PatchTST,time_stretch,4,4717,903,0.4924624562263489,MSE,0.5594930648803711,1.0128705501556396,input,40.0,39,774,True,0.0013999994844198,0.0014624372124671,,,
traffic,PatchTST,time_stretch,4,4717,903,0.4924624562263489,MSE,0.5594930648803711,1.0128705501556396,input,40.0,39,840,True,0.0054999999701976,0.005479522049427,,,
traffic,PatchTST,time_stretch,4,4717,903,0.4924624562263489,MSE,0.5594930648803711,1.0128705501556396,input,41.0,40,133,True,0.0009999983012676,0.0011614225804805,,,
traffic,PatchTST,time_stretch,4,4717,903,0.4924624562263489,MSE,0.5594930648803711,1.0128705501556396,input,41.0,40,304,True,0.0113999992609024,0.0094709023833274,,,
traffic,PatchTST,time_stretch,4,4717,903,0.4924624562263489,MSE,0.5594930648803711,1.0128705501556396,input,41.0,40,402,True,0.0,0.0,,,
traffic,PatchTST,time_stretch,4,4717,903,0.4924624562263489,MSE,0.5594930648803711,1.0128705501556396,input,41.0,40,413,True,0.0102000012993812,0.008848063647747,,,
traffic,PatchTST,time_stretch,4,4717,903,0.4924624562263489,MSE,0.5594930648803711,1.0128705501556396,input,41.0,40,567,True,0.0120000001043081,0.0053700450807809,,,
traffic,PatchTST,time_stretch,4,4717,903,0.4924624562263489,MSE,0.5594930648803711,1.0128705501556396,input,41.0,40,571,True,0.0151000004261732,0.0099394358694553,,,
traffic,PatchTST,time_stretch,4,4717,903,0.4924624562263489,MSE,0.5594930648803711,1.0128705501556396,input,41.0,40,580,True,0.003100000321865,0.0030795261263847,,,
traffic,PatchTST,time_stretch,4,4717,903,0.4924624562263489,MSE,0.5594930648803711,1.0128705501556396,input,41.0,40,639,True,0.0115999989211559,0.0102999992668628,,,
traffic,PatchTST,time_stretch,4,4717,903,0.4924624562263489,MSE,0.5594930648803711,1.0128705501556396,input,41.0,40,768,True,0.0107999965548515,0.0073047429323196,,,
traffic,PatchTST,time_stretch,4,4717,903,0.4924624562263489,MSE,0.5594930648803711,1.0128705501556396,input,41.0,40,774,True,0.0014999993145465,0.0013614203780889,,,
traffic,PatchTST,time_stretch,4,4717,903,0.4924624562263489,MSE,0.5594930648803711,1.0128705501556396,input,41.0,40,840,True,0.0091999992728233,0.0060519408434629,,,
traffic,PatchTST,time_stretch,4,4717,903,0.4924624562263489,MSE,0.5594930648803711,1.0128705501556396,input,42.0,41,133,True,0.002199999988079,0.0011263936758041,,,
traffic,PatchTST,time_stretch,4,4717,903,0.4924624562263489,MSE,0.5594930648803711,1.0128705501556396,input,42.0,41,304,True,0.0166999995708465,0.0087624453008174,,,
traffic,PatchTST,time_stretch,4,4717,903,0.4924624562263489,MSE,0.5594930648803711,1.0128705501556396,input,42.0,41,402,True,0.000399999320507,0.0,,,
traffic,PatchTST,time_stretch,4,4717,903,0.4924624562263489,MSE,0.5594930648803711,1.0128705501556396,input,42.0,41,413,True,0.0177000015974044,0.0085791945457458,,,
traffic,PatchTST,time_stretch,4,4717,903,0.4924624562263489,MSE,0.5594930648803711,1.0128705501556396,input,42.0,41,567,True,0.0458000004291534,0.006763432174921,,,
traffic,PatchTST,time_stretch,4,4717,903,0.4924624562263489,MSE,0.5594930648803711,1.0128705501556396,input,42.0,41,571,True,0.0204000007361173,0.0085852891206741,,,
traffic,PatchTST,time_stretch,4,4717,903,0.4924624562263489,MSE,0.5594930648803711,1.0128705501556396,input,42.0,41,580,True,0.0029999986290931,0.003100000321865,,,
traffic,PatchTST,time_stretch,4,4717,903,0.4924624562263489,MSE,0.5594930648803711,1.0128705501556396,input,42.0,41,639,True,0.0227000005543231,0.0104319751262664,,,
traffic,PatchTST,time_stretch,4,4717,903,0.4924624562263489,MSE,0.5594930648803711,1.0128705501556396,input,42.0,41,768,True,0.0218000039458274,0.0074563398957252,,,
traffic,PatchTST,time_stretch,4,4717,903,0.4924624562263489,MSE,0.5594930648803711,1.0128705501556396,input,42.0,41,774,True,0.0015999972820281,0.0012472104281187,,,
traffic,PatchTST,time_stretch,4,4717,903,0.4924624562263489,MSE,0.5594930648803711,1.0128705501556396,input,42.0,41,840,True,0.0201999992132186,0.0064923837780952,,,
traffic,PatchTST,time_stretch,4,4717,903,0.4924624562263489,MSE,0.5594930648803711,1.0128705501556396,input,43.0,42,133,True,0.0076999999582767,0.0011937357485294,,,
traffic,PatchTST,time_stretch,4,4717,903,0.4924624562263489,MSE,0.5594930648803711,1.0128705501556396,input,43.0,42,304,True,0.0274999998509883,0.0081563517451286,,,
traffic,PatchTST,time_stretch,4,4717,903,0.4924624562263489,MSE,0.5594930648803711,1.0128705501556396,input,43.0,42,402,True,0.0117999985814094,0.0,,,
traffic,PatchTST,time_stretch,4,4717,903,0.4924624562263489,MSE,0.5594930648803711,1.0128705501556396,input,43.0,42,413,True,0.0474999994039535,0.0087812170386314,,,
traffic,PatchTST,time_stretch,4,4717,903,0.4924624562263489,MSE,0.5594930648803711,1.0128705501556396,input,43.0,42,567,True,0.0882000029087066,0.0092214681208133,,,
traffic,PatchTST,time_stretch,4,4717,903,0.4924624562263489,MSE,0.5594930648803711,1.0128705501556396,input,43.0,42,571,True,0.0401000007987022,0.0072720907628536,,,
traffic,PatchTST,time_stretch,4,4717,903,0.4924624562263489,MSE,0.5594930648803711,1.0128705501556396,input,43.0,42,580,True,0.0115999989211559,0.003100000321865,,,
traffic,PatchTST,time_stretch,4,4717,903,0.4924624562263489,MSE,0.5594930648803711,1.0128705501556396,input,43.0,42,639,True,0.0667999982833862,0.0107686929404735,,,
traffic,PatchTST,time_stretch,4,4717,903,0.4924624562263489,MSE,0.5594930648803711,1.0128705501556396,input,43.0,42,768,True,0.0474999994039535,0.008365474641323,,,
traffic,PatchTST,time_stretch,4,4717,903,0.4924624562263489,MSE,0.5594930648803711,1.0128705501556396,input,43.0,42,774,True,0.0053000003099441,0.0011125206947326,,,
traffic,PatchTST,time_stretch,4,4717,903,0.4924624562263489,MSE,0.5594930648803711,1.0128705501556396,input,43.0,42,840,True,0.1934999972581863,0.0067280866205692,,,
traffic,PatchTST,time_stretch,4,4717,903,0.4924624562263489,MSE,0.5594930648803711,1.0128705501556396,input,44.0,43,133,True,0.0240999981760978,0.0012610852718353,,,
traffic,PatchTST,time_stretch,4,4717,903,0.4924624562263489,MSE,0.5594930648803711,1.0128705501556396,input,44.0,43,304,True,0.0395000018179416,0.00755026191473,,,
traffic,PatchTST,time_stretch,4,4717,903,0.4924624562263489,MSE,0.5594930648803711,1.0128705501556396,input,44.0,43,402,True,0.0408999994397163,0.0,,,
traffic,PatchTST,time_stretch,4,4717,903,0.4924624562263489,MSE,0.5594930648803711,1.0128705501556396,input,44.0,43,413,True,0.0852999985218048,0.008983239531517,,,
traffic,PatchTST,time_stretch,4,4717,903,0.4924624562263489,MSE,0.5594930648803711,1.0128705501556396,input,44.0,43,567,True,0.1242000013589859,0.0116795059293508,,,
traffic,PatchTST,time_stretch,4,4717,903,0.4924624562263489,MSE,0.5594930648803711,1.0128705501556396,input,44.0,43,571,True,0.0659999996423721,0.0059588924050331,,,
traffic,PatchTST,time_stretch,4,4717,903,0.4924624562263489,MSE,0.5594930648803711,1.0128705501556396,input,44.0,43,580,True,0.0333999991416931,0.003100000321865,,,
traffic,PatchTST,time_stretch,4,4717,903,0.4924624562263489,MSE,0.5594930648803711,1.0128705501556396,input,44.0,43,639,True,0.1233000010251998,0.0111054144799709,,,
traffic,PatchTST,time_stretch,4,4717,903,0.4924624562263489,MSE,0.5594930648803711,1.0128705501556396,input,44.0,43,768,True,0.0807000026106834,0.0092746168375015,,,
traffic,PatchTST,time_stretch,4,4717,903,0.4924624562263489,MSE,0.5594930648803711,1.0128705501556396,input,44.0,43,774,True,0.0137000009417533,0.0009778346866369,,,
traffic,PatchTST,time_stretch,4,4717,903,0.4924624562263489,MSE,0.5594930648803711,1.0128705501556396,input,44.0,43,840,True,0.6043000221252441,0.0069637894630432,,,
traffic,PatchTST,time_stretch,4,4717,903,0.4924624562263489,MSE,0.5594930648803711,1.0128705501556396,input,45.0,44,133,True,0.0509999990463256,0.0014421306550502,,,
traffic,PatchTST,time_stretch,4,4717,903,0.4924624562263489,MSE,0.5594930648803711,1.0128705501556396,input,45.0,44,304,True,0.0612999983131885,0.0079959258437156,,,
traffic,PatchTST,time_stretch,4,4717,903,0.4924624562263489,MSE,0.5594930648803711,1.0128705501556396,input,45.0,44,402,True,0.1054000034928321,0.0,,,
traffic,PatchTST,time_stretch,4,4717,903,0.4924624562263489,MSE,0.5594930648803711,1.0128705501556396,input,45.0,44,413,True,0.2924999892711639,0.0102796703577041,,,
traffic,PatchTST,time_stretch,4,4717,903,0.4924624562263489,MSE,0.5594930648803711,1.0128705501556396,input,45.0,44,567,True,0.0737000033259391,0.0179750323295593,,,
traffic,PatchTST,time_stretch,4,4717,903,0.4924624562263489,MSE,0.5594930648803711,1.0128705501556396,input,45.0,44,571,True,0.0760999992489814,0.005597960203886,,,
traffic,PatchTST,time_stretch,4,4717,903,0.4924624562263489,MSE,0.5594930648803711,1.0128705501556396,input,45.0,44,580,True,0.0709000006318092,0.0031142123043537,,,
traffic,PatchTST,time_stretch,4,4717,903,0.4924624562263489,MSE,0.5594930648803711,1.0128705501556396,input,45.0,44,639,True,0.1752000153064727,0.0126928649842739,,,
traffic,PatchTST,time_stretch,4,4717,903,0.4924624562263489,MSE,0.5594930648803711,1.0128705501556396,input,45.0,44,768,True,0.099200002849102,0.0113207846879959,,,
traffic,PatchTST,time_stretch,4,4717,903,0.4924624562263489,MSE,0.5594930648803711,1.0128705501556396,input,45.0,44,774,True,0.0355999991297721,0.0010563414543867,,,
traffic,PatchTST,time_stretch,4,4717,903,0.4924624562263489,MSE,0.5594930648803711,1.0128705501556396,input,45.0,44,840,True,0.625,0.0088908299803733,,,
traffic,PatchTST,time_stretch,4,4717,903,0.4924624562263489,MSE,0.5594930648803711,1.0128705501556396,input,46.0,45,133,True,0.0590000003576278,0.0017788484692573,,,
traffic,PatchTST,time_stretch,4,4717,903,0.4924624562263489,MSE,0.5594930648803711,1.0128705501556396,input,46.0,45,304,True,0.0822999998927116,0.0098815411329269,,,
traffic,PatchTST,time_stretch,4,4717,903,0.4924624562263489,MSE,0.5594930648803711,1.0128705501556396,input,46.0,45,402,True,0.1868000030517578,0.0,,,
traffic,PatchTST,time_stretch,4,4717,903,0.4924624562263489,MSE,0.5594930648803711,1.0128705501556396,input,46.0,45,413,True,0.4532999992370605,0.0130744203925132,,,
traffic,PatchTST,time_stretch,4,4717,903,0.4924624562263489,MSE,0.5594930648803711,1.0128705501556396,input,46.0,45,567,True,0.069700002670288,0.0295244380831718,,,
traffic,PatchTST,time_stretch,4,4717,903,0.4924624562263489,MSE,0.5594930648803711,1.0128705501556396,input,46.0,45,571,True,0.0729999989271164,0.0065407715737819,,,
traffic,PatchTST,time_stretch,4,4717,903,0.4924624562263489,MSE,0.5594930648803711,1.0128705501556396,input,46.0,45,580,True,0.1326999962329864,0.0031478852033615,,,
traffic,PatchTST,time_stretch,4,4717,903,0.4924624562263489,MSE,0.5594930648803711,1.0128705501556396,input,46.0,45,639,True,0.1287000030279159,0.015992697328329,,,
traffic,PatchTST,time_stretch,4,4717,903,0.4924624562263489,MSE,0.5594930648803711,1.0128705501556396,input,46.0,45,768,True,0.0996999964118003,0.0149236619472503,,,
traffic,PatchTST,time_stretch,4,4717,903,0.4924624562263489,MSE,0.5594930648803711,1.0128705501556396,input,46.0,45,774,True,0.0568000003695488,0.0014267303049564,,,
traffic,PatchTST,time_stretch,4,4717,903,0.4924624562263489,MSE,0.5594930648803711,1.0128705501556396,input,46.0,45,840,True,0.5730000138282776,0.013133468106389,,,
traffic,PatchTST,time_stretch,4,4717,903,0.4924624562263489,MSE,0.5594930648803711,1.0128705501556396,input,47.0,46,133,True,0.0474999994039535,0.0021155662834644,,,
traffic,PatchTST,time_stretch,4,4717,903,0.4924624562263489,MSE,0.5594930648803711,1.0128705501556396,input,47.0,46,304,True,0.0856000036001205,0.0117671601474285,,,
traffic,PatchTST,time_stretch,4,4717,903,0.4924624562263489,MSE,0.5594930648803711,1.0128705501556396,input,47.0,46,402,True,0.125,0.0,,,
traffic,PatchTST,time_stretch,4,4717,903,0.4924624562263489,MSE,0.5594930648803711,1.0128705501556396,input,47.0,46,413,True,0.4144999980926513,0.0158691778779029,,,
traffic,PatchTST,time_stretch,4,4717,903,0.4924624562263489,MSE,0.5594930648803711,1.0128705501556396,input,47.0,46,567,True,0.0621000006794929,0.0410738438367843,,,
traffic,PatchTST,time_stretch,4,4717,903,0.4924624562263489,MSE,0.5594930648803711,1.0128705501556396,input,47.0,46,571,True,0.0716999992728233,0.0074835829436779,,,
traffic,PatchTST,time_stretch,4,4717,903,0.4924624562263489,MSE,0.5594930648803711,1.0128705501556396,input,47.0,46,580,True,0.0851999968290329,0.003181554377079,,,
traffic,PatchTST,time_stretch,4,4717,903,0.4924624562263489,MSE,0.5594930648803711,1.0128705501556396,input,47.0,46,639,True,0.0971999987959861,0.0192925259470939,,,
traffic,PatchTST,time_stretch,4,4717,903,0.4924624562263489,MSE,0.5594930648803711,1.0128705501556396,input,47.0,46,768,True,0.0926999971270561,0.0185265317559242,,,
traffic,PatchTST,time_stretch,4,4717,903,0.4924624562263489,MSE,0.5594930648803711,1.0128705501556396,input,47.0,46,774,True,0.0474999994039535,0.0017971210181713,,,
traffic,PatchTST,time_stretch,4,4717,903,0.4924624562263489,MSE,0.5594930648803711,1.0128705501556396,input,47.0,46,840,True,0.065200001001358,0.0173761062324047,,,
traffic,PatchTST,time_stretch,4,4717,903,0.4924624562263489,MSE,0.5594930648803711,1.0128705501556396,input,48.0,47,133,True,0.0423999987542629,0.0032746046781539,,,
traffic,PatchTST,time_stretch,4,4717,903,0.4924624562263489,MSE,0.5594930648803711,1.0128705501556396,input,48.0,47,304,True,0.0811000019311904,0.0148253440856933,,,
traffic,PatchTST,time_stretch,4,4717,903,0.4924624562263489,MSE,0.5594930648803711,1.0128705501556396,input,48.0,47,402,True,0.1280999928712844,0.0021471679210662,,,
traffic,PatchTST,time_stretch,4,4717,903,0.4924624562263489,MSE,0.5594930648803711,1.0128705501556396,input,48.0,47,413,True,0.2474000006914138,0.0214202255010604,,,
traffic,PatchTST,time_stretch,4,4717,903,0.4924624562263489,MSE,0.5594930648803711,1.0128705501556396,input,48.0,47,567,True,0.0553999990224838,0.0550902113318443,,,
traffic,PatchTST,time_stretch,4,4717,903,0.4924624562263489,MSE,0.5594930648803711,1.0128705501556396,input,48.0,47,571,True,0.0755999982357025,0.0113197341561317,,,
traffic,PatchTST,time_stretch,4,4717,903,0.4924624562263489,MSE,0.5594930648803711,1.0128705501556396,input,48.0,47,580,True,0.0869999974966049,0.0043421052396297,,,
traffic,PatchTST,time_stretch,4,4717,903,0.4924624562263489,MSE,0.5594930648803711,1.0128705501556396,input,48.0,47,639,True,0.0861999988555908,0.0293079614639282,,,
traffic,PatchTST,time_stretch,4,4717,903,0.4924624562263489,MSE,0.5594930648803711,1.0128705501556396,input,48.0,47,768,True,0.093199998140335,0.0247943326830863,,,
traffic,PatchTST,time_stretch,4,4717,903,0.4924624562263489,MSE,0.5594930648803711,1.0128705501556396,input,48.0,47,774,True,0.0392999984323978,0.0025177542120218,,,
traffic,PatchTST,time_stretch,4,4717,903,0.4924624562263489,MSE,0.5594930648803711,1.0128705501556396,input,48.0,47,840,True,0.0940999984741211,0.0683234184980392,,,
traffic,PatchTST,time_stretch,4,4717,903,0.4924624562263489,MSE,0.5594930648803711,1.0128705501556396,input,49.0,48,133,True,0.0383000001311302,0.0054295919835567,,,
traffic,PatchTST,time_stretch,4,4717,903,0.4924624562263489,MSE,0.5594930648803711,1.0128705501556396,input,49.0,48,304,True,0.0844999998807907,0.0193036831915378,,,
traffic,PatchTST,time_stretch,4,4717,903,0.4924624562263489,MSE,0.5594930648803711,1.0128705501556396,input,49.0,48,402,True,0.0930999964475631,0.0068948790431022,,,
traffic,PatchTST,time_stretch,4,4717,903,0.4924624562263489,MSE,0.5594930648803711,1.0128705501556396,input,49.0,48,413,True,0.0957000032067298,0.0303095579147338,,,
traffic,PatchTST,time_stretch,4,4717,903,0.4924624562263489,MSE,0.5594930648803711,1.0128705501556396,input,49.0,48,567,True,0.050900001078844,0.072094440460205,,,
traffic,PatchTST,time_stretch,4,4717,903,0.4924624562263489,MSE,0.5594930648803711,1.0128705501556396,input,49.0,48,571,True,0.0749000012874603,0.0186601728200912,,,
traffic,PatchTST,time_stretch,4,4717,903,0.4924624562263489,MSE,0.5594930648803711,1.0128705501556396,input,49.0,48,580,True,0.0733999982476234,0.0068674869835376,,,
traffic,PatchTST,time_stretch,4,4717,903,0.4924624562263489,MSE,0.5594930648803711,1.0128705501556396,input,49.0,48,639,True,0.0781999975442886,0.0474570281803607,,,
traffic,PatchTST,time_stretch,4,4717,903,0.4924624562263489,MSE,0.5594930648803711,1.0128705501556396,input,49.0,48,768,True,0.0988999977707862,0.0342897586524486,,,
traffic,PatchTST,time_stretch,4,4717,903,0.4924624562263489,MSE,0.5594930648803711,1.0128705501556396,input,49.0,48,774,True,0.0351000018417835,0.0036625955253839,,,
traffic,PatchTST,time_stretch,4,4717,903,0.4924624562263489,MSE,0.5594930648803711,1.0128705501556396,input,49.0,48,840,True,0.0430999994277954,0.1758372634649276,,,
traffic,PatchTST,time_stretch,4,4717,903,0.4924624562263489,MSE,0.5594930648803711,1.0128705501556396,input,50.0,49,133,True,0.0390000008046627,0.0075845830142498,,,
traffic,PatchTST,time_stretch,4,4717,903,0.4924624562263489,MSE,0.5594930648803711,1.0128705501556396,input,50.0,49,304,True,0.0910999998450279,0.0237820260226726,,,
traffic,PatchTST,time_stretch,4,4717,903,0.4924624562263489,MSE,0.5594930648803711,1.0128705501556396,input,50.0,49,402,True,0.096000000834465,0.0116425976157188,,,
traffic,PatchTST,time_stretch,4,4717,903,0.4924624562263489,MSE,0.5594930648803711,1.0128705501556396,input,50.0,49,413,True,0.0962999984622001,0.0391989015042781,,,
traffic,PatchTST,time_stretch,4,4717,903,0.4924624562263489,MSE,0.5594930648803711,1.0128705501556396,input,50.0,49,567,True,0.0469999983906745,0.0890986621379852,,,
traffic,PatchTST,time_stretch,4,4717,903,0.4924624562263489,MSE,0.5594930648803711,1.0128705501556396,input,50.0,49,571,True,0.0737999975681305,0.0260006096214056,,,
traffic,PatchTST,time_stretch,4,4717,903,0.4924624562263489,MSE,0.5594930648803711,1.0128705501556396,input,50.0,49,580,True,0.0747999995946884,0.0093928687274456,,,
traffic,PatchTST,time_stretch,4,4717,903,0.4924624562263489,MSE,0.5594930648803711,1.0128705501556396,input,50.0,49,639,True,0.0732000023126602,0.0656060948967933,,,
traffic,PatchTST,time_stretch,4,4717,903,0.4924624562263489,MSE,0.5594930648803711,1.0128705501556396,input,50.0,49,768,True,0.1106000021100044,0.0437851957976818,,,
traffic,PatchTST,time_stretch,4,4717,903,0.4924624562263489,MSE,0.5594930648803711,1.0128705501556396,input,50.0,49,774,True,0.0384999997913837,0.0048074331134557,,,
traffic,PatchTST,time_stretch,4,4717,903,0.4924624562263489,MSE,0.5594930648803711,1.0128705501556396,input,50.0,49,840,True,0.0408999994397163,0.2833511233329773,,,
traffic,PatchTST,time_stretch,4,4717,903,0.4924624562263489,MSE,0.5594930648803711,1.0128705501556396,input,51.0,50,133,True,0.045499999076128,0.0119324214756488,,,
traffic,PatchTST,time_stretch,4,4717,903,0.4924624562263489,MSE,0.5594930648803711,1.0128705501556396,input,51.0,50,304,True,0.1176000013947486,0.0284227989614009,,,
traffic,PatchTST,time_stretch,4,4717,903,0.4924624562263489,MSE,0.5594930648803711,1.0128705501556396,input,51.0,50,402,True,0.1062999963760376,0.0204998776316642,,,
traffic,PatchTST,time_stretch,4,4717,903,0.4924624562263489,MSE,0.5594930648803711,1.0128705501556396,input,51.0,50,413,True,0.0935999974608421,0.0496476031839847,,,
traffic,PatchTST,time_stretch,4,4717,903,0.4924624562263489,MSE,0.5594930648803711,1.0128705501556396,input,51.0,50,567,True,0.0483999997377395,0.1089942157268524,,,
traffic,PatchTST,time_stretch,4,4717,903,0.4924624562263489,MSE,0.5594930648803711,1.0128705501556396,input,51.0,50,571,True,0.0754000023007392,0.0353389792144298,,,
traffic,PatchTST,time_stretch,4,4717,903,0.4924624562263489,MSE,0.5594930648803711,1.0128705501556396,input,51.0,50,580,True,0.0755999982357025,0.0163689292967319,,,
traffic,PatchTST,time_stretch,4,4717,903,0.4924624562263489,MSE,0.5594930648803711,1.0128705501556396,input,51.0,50,639,True,0.0742999985814094,0.0923154056072235,,,
traffic,PatchTST,time_stretch,4,4717,903,0.4924624562263489,MSE,0.5594930648803711,1.0128705501556396,input,51.0,50,768,True,0.0782999992370605,0.0545151159167289,,,
traffic,PatchTST,time_stretch,4,4717,903,0.4924624562263489,MSE,0.5594930648803711,1.0128705501556396,input,51.0,50,774,True,0.0423999987542629,0.0069268718361854,,,
traffic,PatchTST,time_stretch,4,4717,903,0.4924624562263489,MSE,0.5594930648803711,1.0128705501556396,input,51.0,50,840,True,0.0414000004529953,0.3856021165847778,,,
traffic,PatchTST,time_stretch,4,4717,903,0.4924624562263489,MSE,0.5594930648803711,1.0128705501556396,input,52.0,51,133,True,0.0566000007092952,0.0566000007092952,,,
traffic,PatchTST,time_stretch,4,4717,903,0.4924624562263489,MSE,0.5594930648803711,1.0128705501556396,input,52.0,51,304,True,0.223900020122528,0.223900020122528,,,
traffic,PatchTST,time_stretch,4,4717,903,0.4924624562263489,MSE,0.5594930648803711,1.0128705501556396,input,52.0,51,402,True,0.1862999945878982,0.1862999945878982,,,
traffic,PatchTST,time_stretch,4,4717,903,0.4924624562263489,MSE,0.5594930648803711,1.0128705501556396,input,52.0,51,413,True,0.0864000022411346,0.0864000022411346,,,
traffic,PatchTST,time_stretch,4,4717,903,0.4924624562263489,MSE,0.5594930648803711,1.0128705501556396,input,52.0,51,567,True,0.05180000141263,0.05180000141263,,,
traffic,PatchTST,time_stretch,4,4717,903,0.4924624562263489,MSE,0.5594930648803711,1.0128705501556396,input,52.0,51,571,True,0.0935000032186508,0.0935000032186508,,,
traffic,PatchTST,time_stretch,4,4717,903,0.4924624562263489,MSE,0.5594930648803711,1.0128705501556396,input,52.0,51,580,True,0.1600999981164932,0.1600999981164932,,,
traffic,PatchTST,time_stretch,4,4717,903,0.4924624562263489,MSE,0.5594930648803711,1.0128705501556396,input,52.0,51,639,True,0.0888999998569488,0.0888999998569488,,,
traffic,PatchTST,time_stretch,4,4717,903,0.4924624562263489,MSE,0.5594930648803711,1.0128705501556396,input,52.0,51,768,True,0.0832000002264976,0.0832000002264976,,,
traffic,PatchTST,time_stretch,4,4717,903,0.4924624562263489,MSE,0.5594930648803711,1.0128705501556396,input,52.0,51,774,True,0.05969999730587,0.05969999730587,,,
traffic,PatchTST,time_stretch,4,4717,903,0.4924624562263489,MSE,0.5594930648803711,1.0128705501556396,input,52.0,51,840,True,0.0401999987661838,0.0401999987661838,,,
traffic,PatchTST,time_stretch,4,4717,903,0.4924624562263489,MSE,0.5594930648803711,1.0128705501556396,input,53.0,52,133,True,0.1921000033617019,0.1921000033617019,,,
traffic,PatchTST,time_stretch,4,4717,903,0.4924624562263489,MSE,0.5594930648803711,1.0128705501556396,input,53.0,52,304,True,0.3939999938011169,0.3939999938011169,,,
traffic,PatchTST,time_stretch,4,4717,903,0.4924624562263489,MSE,0.5594930648803711,1.0128705501556396,input,53.0,52,402,True,0.2190999984741211,0.2190999984741211,,,
traffic,PatchTST,time_stretch,4,4717,903,0.4924624562263489,MSE,0.5594930648803711,1.0128705501556396,input,53.0,52,413,True,0.0899000018835067,0.0899000018835067,,,
traffic,PatchTST,time_stretch,4,4717,903,0.4924624562263489,MSE,0.5594930648803711,1.0128705501556396,input,53.0,52,567,True,0.0542000010609626,0.0542000010609626,,,
traffic,PatchTST,time_stretch,4,4717,903,0.4924624562263489,MSE,0.5594930648803711,1.0128705501556396,input,53.0,52,571,True,0.0860000029206276,0.0860000029206276,,,
traffic,PatchTST,time_stretch,4,4717,903,0.4924624562263489,MSE,0.5594930648803711,1.0128705501556396,input,53.0,52,580,True,0.2675999999046325,0.2675999999046325,,,
traffic,PatchTST,time_stretch,4,4717,903,0.4924624562263489,MSE,0.5594930648803711,1.0128705501556396,input,53.0,52,639,True,0.0945999994874,0.0945999994874,,,
traffic,PatchTST,time_stretch,4,4717,903,0.4924624562263489,MSE,0.5594930648803711,1.0128705501556396,input,53.0,52,768,True,0.2152999937534332,0.2152999937534332,,,
traffic,PatchTST,time_stretch,4,4717,903,0.4924624562263489,MSE,0.5594930648803711,1.0128705501556396,input,53.0,52,774,True,0.0697999969124794,0.0697999969124794,,,
traffic,PatchTST,time_stretch,4,4717,903,0.4924624562263489,MSE,0.5594930648803711,1.0128705501556396,input,53.0,52,840,True,0.0328000001609325,0.0328000001609325,,,
traffic,PatchTST,time_stretch,4,4717,903,0.4924624562263489,MSE,0.5594930648803711,1.0128705501556396,input,54.0,53,133,True,0.3709999918937683,0.3709999918937683,,,
traffic,PatchTST,time_stretch,4,4717,903,0.4924624562263489,MSE,0.5594930648803711,1.0128705501556396,input,54.0,53,304,True,0.4020000100135803,0.4020000100135803,,,
traffic,PatchTST,time_stretch,4,4717,903,0.4924624562263489,MSE,0.5594930648803711,1.0128705501556396,input,54.0,53,402,True,0.3409999907016754,0.3409999907016754,,,
traffic,PatchTST,time_stretch,4,4717,903,0.4924624562263489,MSE,0.5594930648803711,1.0128705501556396,input,54.0,53,413,True,0.0947000011801719,0.0947000011801719,,,
traffic,PatchTST,time_stretch,4,4717,903,0.4924624562263489,MSE,0.5594930648803711,1.0128705501556396,input,54.0,53,567,True,0.0474999994039535,0.0474999994039535,,,
traffic,PatchTST,time_stretch,4,4717,903,0.4924624562263489,MSE,0.5594930648803711,1.0128705501556396,input,54.0,53,571,True,0.1074000000953674,0.1074000000953674,,,
traffic,PatchTST,time_stretch,4,4717,903,0.4924624562263489,MSE,0.5594930648803711,1.0128705501556396,input,54.0,53,580,True,0.277099996805191,0.277099996805191,,,
traffic,PatchTST,time_stretch,4,4717,903,0.4924624562263489,MSE,0.5594930648803711,1.0128705501556396,input,54.0,53,639,True,0.0961000025272369,0.0961000025272369,,,
traffic,PatchTST,time_stretch,4,4717,903,0.4924624562263489,MSE,0.5594930648803711,1.0128705501556396,input,54.0,53,768,True,0.3030999898910522,0.3030999898910522,,,
traffic,PatchTST,time_stretch,4,4717,903,0.4924624562263489,MSE,0.5594930648803711,1.0128705501556396,input,54.0,53,774,True,0.3332999944686889,0.3332999944686889,,,
traffic,PatchTST,time_stretch,4,4717,903,0.4924624562263489,MSE,0.5594930648803711,1.0128705501556396,input,54.0,53,840,True,0.0423999987542629,0.0423999987542629,,,
traffic,PatchTST,time_stretch,4,4717,903,0.4924624562263489,MSE,0.5594930648803711,1.0128705501556396,input,55.0,54,133,True,0.3865000009536743,0.3865000009536743,,,
traffic,PatchTST,time_stretch,4,4717,903,0.4924624562263489,MSE,0.5594930648803711,1.0128705501556396,input,55.0,54,304,True,0.3826000094413757,0.3826000094413757,,,
traffic,PatchTST,time_stretch,4,4717,903,0.4924624562263489,MSE,0.5594930648803711,1.0128705501556396,input,55.0,54,402,True,0.3287000060081482,0.3287000060081482,,,
traffic,PatchTST,time_stretch,4,4717,903,0.4924624562263489,MSE,0.5594930648803711,1.0128705501556396,input,55.0,54,413,True,0.1018999963998794,0.1018999963998794,,,
traffic,PatchTST,time_stretch,4,4717,903,0.4924624562263489,MSE,0.5594930648803711,1.0128705501556396,input,55.0,54,567,True,0.0452000014483928,0.0452000014483928,,,
traffic,PatchTST,time_stretch,4,4717,903,0.4924624562263489,MSE,0.5594930648803711,1.0128705501556396,input,55.0,54,571,True,0.1422999948263168,0.1422999948263168,,,
traffic,PatchTST,time_stretch,4,4717,903,0.4924624562263489,MSE,0.5594930648803711,1.0128705501556396,input,55.0,54,580,True,0.2549000084400177,0.2549000084400177,,,
traffic,PatchTST,time_stretch,4,4717,903,0.4924624562263489,MSE,0.5594930648803711,1.0128705501556396,input,55.0,54,639,True,0.1090999990701675,0.1090999990701675,,,
traffic,PatchTST,time_stretch,4,4717,903,0.4924624562263489,MSE,0.5594930648803711,1.0128705501556396,input,55.0,54,768,True,0.383899986743927,0.383899986743927,,,
traffic,PatchTST,time_stretch,4,4717,903,0.4924624562263489,MSE,0.5594930648803711,1.0128705501556396,input,55.0,54,774,True,0.2741000056266784,0.2741000056266784,,,
traffic,PatchTST,time_stretch,4,4717,903,0.4924624562263489,MSE,0.5594930648803711,1.0128705501556396,input,55.0,54,840,True,0.0280000008642673,0.0280000008642673,,,
traffic,PatchTST,time_stretch,4,4717,903,0.4924624562263489,MSE,0.5594930648803711,1.0128705501556396,input,56.0,55,133,True,0.3858999907970428,0.3858999907970428,,,
traffic,PatchTST,time_stretch,4,4717,903,0.4924624562263489,MSE,0.5594930648803711,1.0128705501556396,input,56.0,55,304,True,0.1111000031232833,0.1111000031232833,,,
traffic,PatchTST,time_stretch,4,4717,903,0.4924624562263489,MSE,0.5594930648803711,1.0128705501556396,input,56.0,55,402,True,0.0734999999403953,0.0734999999403953,,,
traffic,PatchTST,time_stretch,4,4717,903,0.4924624562263489,MSE,0.5594930648803711,1.0128705501556396,input,56.0,55,413,True,0.0802000015974044,0.0802000015974044,,,
traffic,PatchTST,time_stretch,4,4717,903,0.4924624562263489,MSE,0.5594930648803711,1.0128705501556396,input,56.0,55,567,True,0.0355000011622905,0.0355000011622905,,,
traffic,PatchTST,time_stretch,4,4717,903,0.4924624562263489,MSE,0.5594930648803711,1.0128705501556396,input,56.0,55,571,True,0.0820000022649765,0.0820000022649765,,,
traffic,PatchTST,time_stretch,4,4717,903,0.4924624562263489,MSE,0.5594930648803711,1.0128705501556396,input,56.0,55,580,True,0.0650999993085861,0.0650999993085861,,,
traffic,PatchTST,time_stretch,4,4717,903,0.4924624562263489,MSE,0.5594930648803711,1.0128705501556396,input,56.0,55,639,True,0.0890000015497207,0.0890000015497207,,,
traffic,PatchTST,time_stretch,4,4717,903,0.4924624562263489,MSE,0.5594930648803711,1.0128705501556396,input,56.0,55,768,True,0.2222000062465667,0.2222000062465667,,,
traffic,PatchTST,time_stretch,4,4717,903,0.4924624562263489,MSE,0.5594930648803711,1.0128705501556396,input,56.0,55,774,True,0.0622999966144561,0.0622999966144561,,,
traffic,PatchTST,time_stretch,4,4717,903,0.4924624562263489,MSE,0.5594930648803711,1.0128705501556396,input,56.0,55,840,True,0.0260000005364418,0.0260000005364418,,,
traffic,PatchTST,time_stretch,4,4717,903,0.4924624562263489,MSE,0.5594930648803711,1.0128705501556396,input,57.0,56,133,True,0.2185000032186508,0.2185000032186508,,,
traffic,PatchTST,time_stretch,4,4717,903,0.4924624562263489,MSE,0.5594930648803711,1.0128705501556396,input,57.0,56,304,True,0.0737000033259391,0.0737000033259391,,,
traffic,PatchTST,time_stretch,4,4717,903,0.4924624562263489,MSE,0.5594930648803711,1.0128705501556396,input,57.0,56,402,True,0.0631000027060508,0.0631000027060508,,,
traffic,PatchTST,time_stretch,4,4717,903,0.4924624562263489,MSE,0.5594930648803711,1.0128705501556396,input,57.0,56,413,True,0.0755999982357025,0.0755999982357025,,,
traffic,PatchTST,time_stretch,4,4717,903,0.4924624562263489,MSE,0.5594930648803711,1.0128705501556396,input,57.0,56,567,True,0.0322999991476535,0.0322999991476535,,,
traffic,PatchTST,time_stretch,4,4717,903,0.4924624562263489,MSE,0.5594930648803711,1.0128705501556396,input,57.0,56,571,True,0.0733999982476234,0.0733999982476234,,,
traffic,PatchTST,time_stretch,4,4717,903,0.4924624562263489,MSE,0.5594930648803711,1.0128705501556396,input,57.0,56,580,True,0.0527999997138977,0.0527999997138977,,,
traffic,PatchTST,time_stretch,4,4717,903,0.4924624562263489,MSE,0.5594930648803711,1.0128705501556396,input,57.0,56,639,True,0.0749000012874603,0.0749000012874603,,,
traffic,PatchTST,time_stretch,4,4717,903,0.4924624562263489,MSE,0.5594930648803711,1.0128705501556396,input,57.0,56,768,True,0.1203000023961067,0.1203000023961067,,,
traffic,PatchTST,time_stretch,4,4717,903,0.4924624562263489,MSE,0.5594930648803711,1.0128705501556396,input,57.0,56,774,True,0.0494000017642974,0.0494000017642974,,,
traffic,PatchTST,time_stretch,4,4717,903,0.4924624562263489,MSE,0.5594930648803711,1.0128705501556396,input,57.0,56,840,True,0.0227000005543231,0.0227000005543231,,,
traffic,PatchTST,time_stretch,4,4717,903,0.4924624562263489,MSE,0.5594930648803711,1.0128705501556396,input,58.0,57,133,True,0.0384999997913837,0.0384999997913837,,,
traffic,PatchTST,time_stretch,4,4717,903,0.4924624562263489,MSE,0.5594930648803711,1.0128705501556396,input,58.0,57,304,True,0.0706000030040741,0.0706000030040741,,,
traffic,PatchTST,time_stretch,4,4717,903,0.4924624562263489,MSE,0.5594930648803711,1.0128705501556396,input,58.0,57,402,True,0.0362999998033046,0.0362999998033046,,,
traffic,PatchTST,time_stretch,4,4717,903,0.4924624562263489,MSE,0.5594930648803711,1.0128705501556396,input,58.0,57,413,True,0.063400000333786,0.063400000333786,,,
traffic,PatchTST,time_stretch,4,4717,903,0.4924624562263489,MSE,0.5594930648803711,1.0128705501556396,input,58.0,57,567,True,0.0256999991834163,0.0256999991834163,,,
traffic,PatchTST,time_stretch,4,4717,903,0.4924624562263489,MSE,0.5594930648803711,1.0128705501556396,input,58.0,57,571,True,0.068800002336502,0.068800002336502,,,
traffic,PatchTST,time_stretch,4,4717,903,0.4924624562263489,MSE,0.5594930648803711,1.0128705501556396,input,58.0,57,580,True,0.0333999991416931,0.0333999991416931,,,
traffic,PatchTST,time_stretch,4,4717,903,0.4924624562263489,MSE,0.5594930648803711,1.0128705501556396,input,58.0,57,639,True,0.046399999409914,0.046399999409914,,,
traffic,PatchTST,time_stretch,4,4717,903,0.4924624562263489,MSE,0.5594930648803711,1.0128705501556396,input,58.0,57,768,True,0.0878000035881996,0.0878000035881996,,,
traffic,PatchTST,time_stretch,4,4717,903,0.4924624562263489,MSE,0.5594930648803711,1.0128705501556396,input,58.0,57,774,True,0.0283000003546476,0.0283000003546476,,,
traffic,PatchTST,time_stretch,4,4717,903,0.4924624562263489,MSE,0.5594930648803711,1.0128705501556396,input,58.0,57,840,True,0.0197999998927116,0.0197999998927116,,,
traffic,PatchTST,time_stretch,4,4717,903,0.4924624562263489,MSE,0.5594930648803711,1.0128705501556396,input,59.0,58,133,True,0.0225000008940696,0.0225000008940696,,,
traffic,PatchTST,time_stretch,4,4717,903,0.4924624562263489,MSE,0.5594930648803711,1.0128705501556396,input,59.0,58,304,True,0.0575999990105629,0.0575999990105629,,,
traffic,PatchTST,time_stretch,4,4717,903,0.4924624562263489,MSE,0.5594930648803711,1.0128705501556396,input,59.0,58,402,True,0.0278000012040138,0.0278000012040138,,,
traffic,PatchTST,time_stretch,4,4717,903,0.4924624562263489,MSE,0.5594930648803711,1.0128705501556396,input,59.0,58,413,True,0.0617999993264675,0.0617999993264675,,,
traffic,PatchTST,time_stretch,4,4717,903,0.4924624562263489,MSE,0.5594930648803711,1.0128705501556396,input,59.0,58,567,True,0.0254999995231628,0.0254999995231628,,,
traffic,PatchTST,time_stretch,4,4717,903,0.4924624562263489,MSE,0.5594930648803711,1.0128705501556396,input,59.0,58,571,True,0.0690999999642372,0.0690999999642372,,,
traffic,PatchTST,time_stretch,4,4717,903,0.4924624562263489,MSE,0.5594930648803711,1.0128705501556396,input,59.0,58,580,True,0.0227000005543231,0.0227000005543231,,,
traffic,PatchTST,time_stretch,4,4717,903,0.4924624562263489,MSE,0.5594930648803711,1.0128705501556396,input,59.0,58,639,True,0.0408999994397163,0.0408999994397163,,,
traffic,PatchTST,time_stretch,4,4717,903,0.4924624562263489,MSE,0.5594930648803711,1.0128705501556396,input,59.0,58,768,True,0.068800002336502,0.068800002336502,,,
traffic,PatchTST,time_stretch,4,4717,903,0.4924624562263489,MSE,0.5594930648803711,1.0128705501556396,input,59.0,58,774,True,0.0175000000745058,0.0175000000745058,,,
traffic,PatchTST,time_stretch,4,4717,903,0.4924624562263489,MSE,0.5594930648803711,1.0128705501556396,input,59.0,58,840,True,0.0157999992370605,0.0157999992370605,,,
traffic,PatchTST,time_stretch,4,4717,903,0.4924624562263489,MSE,0.5594930648803711,1.0128705501556396,input,60.0,59,133,True,0.0161000005900859,0.0161000005900859,,,
traffic,PatchTST,time_stretch,4,4717,903,0.4924624562263489,MSE,0.5594930648803711,1.0128705501556396,input,60.0,59,304,True,0.0606000013649463,0.0606000013649463,,,
traffic,PatchTST,time_stretch,4,4717,903,0.4924624562263489,MSE,0.5594930648803711,1.0128705501556396,input,60.0,59,402,True,0.0199000015854835,0.0199000015854835,,,
traffic,PatchTST,time_stretch,4,4717,903,0.4924624562263489,MSE,0.5594930648803711,1.0128705501556396,input,60.0,59,413,True,0.0617999993264675,0.0617999993264675,,,
traffic,PatchTST,time_stretch,4,4717,903,0.4924624562263489,MSE,0.5594930648803711,1.0128705501556396,input,60.0,59,567,True,0.0205000005662441,0.0205000005662441,,,
traffic,PatchTST,time_stretch,4,4717,903,0.4924624562263489,MSE,0.5594930648803711,1.0128705501556396,input,60.0,59,571,True,0.0696000009775161,0.0696000009775161,,,
traffic,PatchTST,time_stretch,4,4717,903,0.4924624562263489,MSE,0.5594930648803711,1.0128705501556396,input,60.0,59,580,True,0.0128000006079673,0.0128000006079673,,,
traffic,PatchTST,time_stretch,4,4717,903,0.4924624562263489,MSE,0.5594930648803711,1.0128705501556396,input,60.0,59,639,True,0.0335999988019466,0.0335999988019466,,,
traffic,PatchTST,time_stretch,4,4717,903,0.4924624562263489,MSE,0.5594930648803711,1.0128705501556396,input,60.0,59,768,True,0.0588999986648559,0.0588999986648559,,,
traffic,PatchTST,time_stretch,4,4717,903,0.4924624562263489,MSE,0.5594930648803711,1.0128705501556396,input,60.0,59,774,True,0.0151000004261732,0.0151000004261732,,,
traffic,PatchTST,time_stretch,4,4717,903,0.4924624562263489,MSE,0.5594930648803711,1.0128705501556396,input,60.0,59,840,True,0.0129000004380941,0.0129000004380941,,,
traffic,PatchTST,time_stretch,4,4717,903,0.4924624562263489,MSE,0.5594930648803711,1.0128705501556396,input,61.0,60,133,True,0.0111999996006488,0.0111999996006488,,,
traffic,PatchTST,time_stretch,4,4717,903,0.4924624562263489,MSE,0.5594930648803711,1.0128705501556396,input,61.0,60,304,True,0.0546000003814697,0.0546000003814697,,,
traffic,PatchTST,time_stretch,4,4717,903,0.4924624562263489,MSE,0.5594930648803711,1.0128705501556396,input,61.0,60,402,True,0.005000002682209,0.005000002682209,,,
traffic,PatchTST,time_stretch,4,4717,903,0.4924624562263489,MSE,0.5594930648803711,1.0128705501556396,input,61.0,60,413,True,0.0498000010848045,0.0498000010848045,,,
traffic,PatchTST,time_stretch,4,4717,903,0.4924624562263489,MSE,0.5594930648803711,1.0128705501556396,input,61.0,60,567,True,0.0127999996766448,0.0127999996766448,,,
traffic,PatchTST,time_stretch,4,4717,903,0.4924624562263489,MSE,0.5594930648803711,1.0128705501556396,input,61.0,60,571,True,0.0555000007152557,0.0555000007152557,,,
traffic,PatchTST,time_stretch,4,4717,903,0.4924624562263489,MSE,0.5594930648803711,1.0128705501556396,input,61.0,60,580,True,0.0034999996423721,0.0034999996423721,,,
traffic,PatchTST,time_stretch,4,4717,903,0.4924624562263489,MSE,0.5594930648803711,1.0128705501556396,input,61.0,60,639,True,0.0243000015616416,0.0243000015616416,,,
traffic,PatchTST,time_stretch,4,4717,903,0.4924624562263489,MSE,0.5594930648803711,1.0128705501556396,input,61.0,60,768,True,0.041299995034933,0.041299995034933,,,
traffic,PatchTST,time_stretch,4,4717,903,0.4924624562263489,MSE,0.5594930648803711,1.0128705501556396,input,61.0,60,774,True,0.0102000012993812,0.0102000012993812,,,
traffic,PatchTST,time_stretch,4,4717,903,0.4924624562263489,MSE,0.5594930648803711,1.0128705501556396,input,61.0,60,840,True,0.0087999999523162,0.0087999999523162,,,
traffic,PatchTST,time_stretch,4,4717,903,0.4924624562263489,MSE,0.5594930648803711,1.0128705501556396,input,62.0,61,133,True,0.0060999989509582,0.0060999989509582,,,
traffic,PatchTST,time_stretch,4,4717,903,0.4924624562263489,MSE,0.5594930648803711,1.0128705501556396,input,62.0,61,304,True,0.0403999984264373,0.0403999984264373,,,
traffic,PatchTST,time_stretch,4,4717,903,0.4924624562263489,MSE,0.5594930648803711,1.0128705501556396,input,62.0,61,402,True,0.0,0.0,,,
traffic,PatchTST,time_stretch,4,4717,903,0.4924624562263489,MSE,0.5594930648803711,1.0128705501556396,input,62.0,61,413,True,0.0284000039100646,0.0284000039100646,,,
traffic,PatchTST,time_stretch,4,4717,903,0.4924624562263489,MSE,0.5594930648803711,1.0128705501556396,input,62.0,61,567,True,0.0076999999582767,0.0076999999582767,,,
traffic,PatchTST,time_stretch,4,4717,903,0.4924624562263489,MSE,0.5594930648803711,1.0128705501556396,input,62.0,61,571,True,0.0405000001192092,0.0405000001192092,,,
traffic,PatchTST,time_stretch,4,4717,903,0.4924624562263489,MSE,0.5594930648803711,1.0128705501556396,input,62.0,61,580,True,0.0034000054001808,0.0034000054001808,,,
traffic,PatchTST,time_stretch,4,4717,903,0.4924624562263489,MSE,0.5594930648803711,1.0128705501556396,input,62.0,61,639,True,0.0162000022828578,0.0162000022828578,,,
traffic,PatchTST,time_stretch,4,4717,903,0.4924624562263489,MSE,0.5594930648803711,1.0128705501556396,input,62.0,61,768,True,0.0288000032305717,0.0288000032305717,,,
traffic,PatchTST,time_stretch,4,4717,903,0.4924624562263489,MSE,0.5594930648803711,1.0128705501556396,input,62.0,61,774,True,0.0056999996304512,0.0056999996304512,,,
traffic,PatchTST,time_stretch,4,4717,903,0.4924624562263489,MSE,0.5594930648803711,1.0128705501556396,input,62.0,61,840,True,0.0058999992907047,0.0058999992907047,,,
traffic,PatchTST,time_stretch,4,4717,903,0.4924624562263489,MSE,0.5594930648803711,1.0128705501556396,input,63.0,62,133,True,0.0034999996423721,0.0034999996423721,,,
traffic,PatchTST,time_stretch,4,4717,903,0.4924624562263489,MSE,0.5594930648803711,1.0128705501556396,input,63.0,62,304,True,0.0199999995529651,0.0199999995529651,,,
traffic,PatchTST,time_stretch,4,4717,903,0.4924624562263489,MSE,0.5594930648803711,1.0128705501556396,input,63.0,62,402,True,0.0001000016927719,0.0001000016927719,,,
traffic,PatchTST,time_stretch,4,4717,903,0.4924624562263489,MSE,0.5594930648803711,1.0128705501556396,input,63.0,62,413,True,0.0178999975323677,0.0178999975323677,,,
traffic,PatchTST,time_stretch,4,4717,903,0.4924624562263489,MSE,0.5594930648803711,1.0128705501556396,input,63.0,62,567,True,0.0054000001400709,0.0054000001400709,,,
traffic,PatchTST,time_stretch,4,4717,903,0.4924624562263489,MSE,0.5594930648803711,1.0128705501556396,input,63.0,62,571,True,0.0288999993354082,0.0288999993354082,,,
traffic,PatchTST,time_stretch,4,4717,903,0.4924624562263489,MSE,0.5594930648803711,1.0128705501556396,input,63.0,62,580,True,0.003100000321865,0.003100000321865,,,
traffic,PatchTST,time_stretch,4,4717,903,0.4924624562263489,MSE,0.5594930648803711,1.0128705501556396,input,63.0,62,639,True,0.0122999995946884,0.0122999995946884,,,
traffic,PatchTST,time_stretch,4,4717,903,0.4924624562263489,MSE,0.5594930648803711,1.0128705501556396,input,63.0,62,768,True,0.0138000026345252,0.0138000026345252,,,
traffic,PatchTST,time_stretch,4,4717,903,0.4924624562263489,MSE,0.5594930648803711,1.0128705501556396,input,63.0,62,774,True,0.002700001001358,0.002700001001358,,,
traffic,PatchTST,time_stretch,4,4717,903,0.4924624562263489,MSE,0.5594930648803711,1.0128705501556396,input,63.0,62,840,True,0.0049000009894371,0.0049000009894371,,,
traffic,PatchTST,time_stretch,4,4717,903,0.4924624562263489,MSE,0.5594930648803711,1.0128705501556396,input,64.0,63,133,True,0.0025999993085861,0.0025999993085861,,,
traffic,PatchTST,time_stretch,4,4717,903,0.4924624562263489,MSE,0.5594930648803711,1.0128705501556396,input,64.0,63,304,True,0.0148999989032745,0.0148999989032745,,,
traffic,PatchTST,time_stretch,4,4717,903,0.4924624562263489,MSE,0.5594930648803711,1.0128705501556396,input,64.0,63,402,True,0.0,0.0,,,
traffic,PatchTST,time_stretch,4,4717,903,0.4924624562263489,MSE,0.5594930648803711,1.0128705501556396,input,64.0,63,413,True,0.0138000026345252,0.0138000026345252,,,
traffic,PatchTST,time_stretch,4,4717,903,0.4924624562263489,MSE,0.5594930648803711,1.0128705501556396,input,64.0,63,567,True,0.0043999999761581,0.0043999999761581,,,
traffic,PatchTST,time_stretch,4,4717,903,0.4924624562263489,MSE,0.5594930648803711,1.0128705501556396,input,64.0,63,571,True,0.0297999996691942,0.0297999996691942,,,
traffic,PatchTST,time_stretch,4,4717,903,0.4924624562263489,MSE,0.5594930648803711,1.0128705501556396,input,64.0,63,580,True,0.003100000321865,0.003100000321865,,,
traffic,PatchTST,time_stretch,4,4717,903,0.4924624562263489,MSE,0.5594930648803711,1.0128705501556396,input,64.0,63,639,True,0.0118000023066997,0.0118000023066997,,,
traffic,PatchTST,time_stretch,4,4717,903,0.4924624562263489,MSE,0.5594930648803711,1.0128705501556396,input,64.0,63,768,True,0.0113999992609024,0.0113999992609024,,,
traffic,PatchTST,time_stretch,4,4717,903,0.4924624562263489,MSE,0.5594930648803711,1.0128705501556396,input,64.0,63,774,True,0.0016999989748001,0.0016999989748001,,,
traffic,PatchTST,time_stretch,4,4717,903,0.4924624562263489,MSE,0.5594930648803711,1.0128705501556396,input,64.0,63,840,True,0.0045999996364116,0.0045999996364116,,,
traffic,PatchTST,time_stretch,4,4717,903,0.4924624562263489,MSE,0.5594930648803711,1.0128705501556396,input,65.0,64,133,True,0.0016000010073184,0.0016000010073184,,,
traffic,PatchTST,time_stretch,4,4717,903,0.4924624562263489,MSE,0.5594930648803711,1.0128705501556396,input,65.0,64,304,True,0.0093999989330768,0.0093999989330768,,,
traffic,PatchTST,time_stretch,4,4717,903,0.4924624562263489,MSE,0.5594930648803711,1.0128705501556396,input,65.0,64,402,True,0.0,0.0,,,
traffic,PatchTST,time_stretch,4,4717,903,0.4924624562263489,MSE,0.5594930648803711,1.0128705501556396,input,65.0,64,413,True,0.0108999982476234,0.0108999982476234,,,
traffic,PatchTST,time_stretch,4,4717,903,0.4924624562263489,MSE,0.5594930648803711,1.0128705501556396,input,65.0,64,567,True,0.0067999996244907,0.0067999996244907,,,
traffic,PatchTST,time_stretch,4,4717,903,0.4924624562263489,MSE,0.5594930648803711,1.0128705501556396,input,65.0,64,571,True,0.0151000004261732,0.0151000004261732,,,
traffic,PatchTST,time_stretch,4,4717,903,0.4924624562263489,MSE,0.5594930648803711,1.0128705501556396,input,65.0,64,580,True,0.003100000321865,0.003100000321865,,,
traffic,PatchTST,time_stretch,4,4717,903,0.4924624562263489,MSE,0.5594930648803711,1.0128705501556396,input,65.0,64,639,True,0.0106999985873699,0.0106999985873699,,,
traffic,PatchTST,time_stretch,4,4717,903,0.4924624562263489,MSE,0.5594930648803711,1.0128705501556396,input,65.0,64,768,True,0.0100999996066093,0.0100999996066093,,,
traffic,PatchTST,time_stretch,4,4717,903,0.4924624562263489,MSE,0.5594930648803711,1.0128705501556396,input,65.0,64,774,True,0.0013999994844198,0.0013999994844198,,,
traffic,PatchTST,time_stretch,4,4717,903,0.4924624562263489,MSE,0.5594930648803711,1.0128705501556396,input,65.0,64,840,True,0.0043000001460313,0.0043000001460313,,,
traffic,PatchTST,time_stretch,4,4717,903,0.4924624562263489,MSE,0.5594930648803711,1.0128705501556396,input,66.0,65,133,True,0.0016000010073184,0.0016000010073184,,,
traffic,PatchTST,time_stretch,4,4717,903,0.4924624562263489,MSE,0.5594930648803711,1.0128705501556396,input,66.0,65,304,True,0.0093000009655952,0.0093000009655952,,,
traffic,PatchTST,time_stretch,4,4717,903,0.4924624562263489,MSE,0.5594930648803711,1.0128705501556396,input,66.0,65,402,True,0.0,0.0,,,
traffic,PatchTST,time_stretch,4,4717,903,0.4924624562263489,MSE,0.5594930648803711,1.0128705501556396,input,66.0,65,413,True,0.0112999975681304,0.0112999975681304,,,
traffic,PatchTST,time_stretch,4,4717,903,0.4924624562263489,MSE,0.5594930648803711,1.0128705501556396,input,66.0,65,567,True,0.0147000001743435,0.0147000001743435,,,
traffic,PatchTST,time_stretch,4,4717,903,0.4924624562263489,MSE,0.5594930648803711,1.0128705501556396,input,66.0,65,571,True,0.0110999997705221,0.0110999997705221,,,
traffic,PatchTST,time_stretch,4,4717,903,0.4924624562263489,MSE,0.5594930648803711,1.0128705501556396,input,66.0,65,580,True,0.0029999986290931,0.0029999986290931,,,
traffic,PatchTST,time_stretch,4,4717,903,0.4924624562263489,MSE,0.5594930648803711,1.0128705501556396,input,66.0,65,639,True,0.0144000016152858,0.0144000016152858,,,
traffic,PatchTST,time_stretch,4,4717,903,0.4924624562263489,MSE,0.5594930648803711,1.0128705501556396,input,66.0,65,768,True,0.0139999985694885,0.0139999985694885,,,
traffic,PatchTST,time_stretch,4,4717,903,0.4924624562263489,MSE,0.5594930648803711,1.0128705501556396,input,66.0,65,774,True,0.0013999994844198,0.0013999994844198,,,
traffic,PatchTST,time_stretch,4,4717,903,0.4924624562263489,MSE,0.5594930648803711,1.0128705501556396,input,66.0,65,840,True,0.0091000013053417,0.0091000013053417,,,
traffic,PatchTST,time_stretch,4,4717,903,0.4924624562263489,MSE,0.5594930648803711,1.0128705501556396,input,67.0,66,133,True,0.0032999999821186,0.0032999999821186,,,
traffic,PatchTST,time_stretch,4,4717,903,0.4924624562263489,MSE,0.5594930648803711,1.0128705501556396,input,67.0,66,304,True,0.013799998909235,0.013799998909235,,,
traffic,PatchTST,time_stretch,4,4717,903,0.4924624562263489,MSE,0.5594930648803711,1.0128705501556396,input,67.0,66,402,True,0.0,0.0,,,
traffic,PatchTST,time_stretch,4,4717,903,0.4924624562263489,MSE,0.5594930648803711,1.0128705501556396,input,67.0,66,413,True,0.0177000015974044,0.0177000015974044,,,
traffic,PatchTST,time_stretch,4,4717,903,0.4924624562263489,MSE,0.5594930648803711,1.0128705501556396,input,67.0,66,567,True,0.0256999991834163,0.0256999991834163,,,
traffic,PatchTST,time_stretch,4,4717,903,0.4924624562263489,MSE,0.5594930648803711,1.0128705501556396,input,67.0,66,571,True,0.0151000004261732,0.0151000004261732,,,
traffic,PatchTST,time_stretch,4,4717,903,0.4924624562263489,MSE,0.5594930648803711,1.0128705501556396,input,67.0,66,580,True,0.0031999982893466,0.0031999982893466,,,
traffic,PatchTST,time_stretch,4,4717,903,0.4924624562263489,MSE,0.5594930648803711,1.0128705501556396,input,67.0,66,639,True,0.0235000010579824,0.0235000010579824,,,
traffic,PatchTST,time_stretch,4,4717,903,0.4924624562263489,MSE,0.5594930648803711,1.0128705501556396,input,67.0,66,768,True,0.0221999958157539,0.0221999958157539,,,
traffic,PatchTST,time_stretch,4,4717,903,0.4924624562263489,MSE,0.5594930648803711,1.0128705501556396,input,67.0,66,774,True,0.002199999988079,0.002199999988079,,,
traffic,PatchTST,time_stretch,4,4717,903,0.4924624562263489,MSE,0.5594930648803711,1.0128705501556396,input,67.0,66,840,True,0.0154999997466802,0.0154999997466802,,,
traffic,PatchTST,time_stretch,4,4717,903,0.4924624562263489,MSE,0.5594930648803711,1.0128705501556396,input,68.0,67,133,True,0.0084000006318092,0.0084000006318092,,,
traffic,PatchTST,time_stretch,4,4717,903,0.4924624562263489,MSE,0.5594930648803711,1.0128705501556396,input,68.0,67,304,True,0.0212999992072582,0.0212999992072582,,,
traffic,PatchTST,time_stretch,4,4717,903,0.4924624562263489,MSE,0.5594930648803711,1.0128705501556396,input,68.0,67,402,True,0.0058000013232231,0.0058000013232231,,,
traffic,PatchTST,time_stretch,4,4717,903,0.4924624562263489,MSE,0.5594930648803711,1.0128705501556396,input,68.0,67,413,True,0.029399998486042,0.029399998486042,,,
traffic,PatchTST,time_stretch,4,4717,903,0.4924624562263489,MSE,0.5594930648803711,1.0128705501556396,input,68.0,67,567,True,0.0379000008106231,0.0379000008106231,,,
traffic,PatchTST,time_stretch,4,4717,903,0.4924624562263489,MSE,0.5594930648803711,1.0128705501556396,input,68.0,67,571,True,0.0273000001907348,0.0273000001907348,,,
traffic,PatchTST,time_stretch,4,4717,903,0.4924624562263489,MSE,0.5594930648803711,1.0128705501556396,input,68.0,67,580,True,0.0042000003159046,0.0042000003159046,,,
traffic,PatchTST,time_stretch,4,4717,903,0.4924624562263489,MSE,0.5594930648803711,1.0128705501556396,input,68.0,67,639,True,0.035300001502037,0.035300001502037,,,
traffic,PatchTST,time_stretch,4,4717,903,0.4924624562263489,MSE,0.5594930648803711,1.0128705501556396,input,68.0,67,768,True,0.0350000001490116,0.0350000001490116,,,
traffic,PatchTST,time_stretch,4,4717,903,0.4924624562263489,MSE,0.5594930648803711,1.0128705501556396,input,68.0,67,774,True,0.0050999987870454,0.0050999987870454,,,
traffic,PatchTST,time_stretch,4,4717,903,0.4924624562263489,MSE,0.5594930648803711,1.0128705501556396,input,68.0,67,840,True,0.0247000008821487,0.0247000008821487,,,
traffic,PatchTST,time_stretch,4,4717,903,0.4924624562263489,MSE,0.5594930648803711,1.0128705501556396,input,69.0,68,133,True,0.0180000010877847,0.0180000010877847,,,
traffic,PatchTST,time_stretch,4,4717,903,0.4924624562263489,MSE,0.5594930648803711,1.0128705501556396,input,69.0,68,304,True,0.0340000018477439,0.0340000018477439,,,
traffic,PatchTST,time_stretch,4,4717,903,0.4924624562263489,MSE,0.5594930648803711,1.0128705501556396,input,69.0,68,402,True,0.0247999988496303,0.0247999988496303,,,
traffic,PatchTST,time_stretch,4,4717,903,0.4924624562263489,MSE,0.5594930648803711,1.0128705501556396,input,69.0,68,413,True,0.0452000014483928,0.0452000014483928,,,
traffic,PatchTST,time_stretch,4,4717,903,0.4924624562263489,MSE,0.5594930648803711,1.0128705501556396,input,69.0,68,567,True,0.0511999987065792,0.0511999987065792,,,
traffic,PatchTST,time_stretch,4,4717,903,0.4924624562263489,MSE,0.5594930648803711,1.0128705501556396,input,69.0,68,571,True,0.0438000001013278,0.0438000001013278,,,
traffic,PatchTST,time_stretch,4,4717,903,0.4924624562263489,MSE,0.5594930648803711,1.0128705501556396,input,69.0,68,580,True,0.0208000019192695,0.0208000019192695,,,
traffic,PatchTST,time_stretch,4,4717,903,0.4924624562263489,MSE,0.5594930648803711,1.0128705501556396,input,69.0,68,639,True,0.0549000017344951,0.0549000017344951,,,
traffic,PatchTST,time_stretch,4,4717,903,0.4924624562263489,MSE,0.5594930648803711,1.0128705501556396,input,69.0,68,768,True,0.0487999990582466,0.0487999990582466,,,
traffic,PatchTST,time_stretch,4,4717,903,0.4924624562263489,MSE,0.5594930648803711,1.0128705501556396,input,69.0,68,774,True,0.0102999992668628,0.0102999992668628,,,
traffic,PatchTST,time_stretch,4,4717,903,0.4924624562263489,MSE,0.5594930648803711,1.0128705501556396,input,69.0,68,840,True,0.031199999153614,0.031199999153614,,,
traffic,PatchTST,time_stretch,4,4717,903,0.4924624562263489,MSE,0.5594930648803711,1.0128705501556396,input,70.0,69,133,True,0.0286999996751546,0.0286999996751546,,,
traffic,PatchTST,time_stretch,4,4717,903,0.4924624562263489,MSE,0.5594930648803711,1.0128705501556396,input,70.0,69,304,True,0.0493000000715255,0.0493000000715255,,,
traffic,PatchTST,time_stretch,4,4717,903,0.4924624562263489,MSE,0.5594930648803711,1.0128705501556396,input,70.0,69,402,True,0.0445999987423419,0.0445999987423419,,,
traffic,PatchTST,time_stretch,4,4717,903,0.4924624562263489,MSE,0.5594930648803711,1.0128705501556396,input,70.0,69,413,True,0.0584000013768672,0.0584000013768672,,,
traffic,PatchTST,time_stretch,4,4717,903,0.4924624562263489,MSE,0.5594930648803711,1.0128705501556396,input,70.0,69,567,True,0.0557999983429908,0.0557999983429908,,,
traffic,PatchTST,time_stretch,4,4717,903,0.4924624562263489,MSE,0.5594930648803711,1.0128705501556396,input,70.0,69,571,True,0.2556000053882599,0.2556000053882599,,,
traffic,PatchTST,time_stretch,4,4717,903,0.4924624562263489,MSE,0.5594930648803711,1.0128705501556396,input,70.0,69,580,True,0.0386999994516372,0.0386999994516372,,,
traffic,PatchTST,time_stretch,4,4717,903,0.4924624562263489,MSE,0.5594930648803711,1.0128705501556396,input,70.0,69,639,True,0.0746999979019165,0.0746999979019165,,,
traffic,PatchTST,time_stretch,4,4717,903,0.4924624562263489,MSE,0.5594930648803711,1.0128705501556396,input,70.0,69,768,True,0.0659999996423721,0.0659999996423721,,,
traffic,PatchTST,time_stretch,4,4717,903,0.4924624562263489,MSE,0.5594930648803711,1.0128705501556396,input,70.0,69,774,True,0.0196000002324581,0.0196000002324581,,,
traffic,PatchTST,time_stretch,4,4717,903,0.4924624562263489,MSE,0.5594930648803711,1.0128705501556396,input,70.0,69,840,True,0.0318999998271465,0.0318999998271465,,,
traffic,PatchTST,time_stretch,4,4717,903,0.4924624562263489,MSE,0.5594930648803711,1.0128705501556396,input,71.0,70,133,True,0.0381000004708766,0.0381000004708766,,,
traffic,PatchTST,time_stretch,4,4717,903,0.4924624562263489,MSE,0.5594930648803711,1.0128705501556396,input,71.0,70,304,True,0.069700002670288,0.069700002670288,,,
traffic,PatchTST,time_stretch,4,4717,903,0.4924624562263489,MSE,0.5594930648803711,1.0128705501556396,input,71.0,70,402,True,0.0714000016450882,0.0714000016450882,,,
traffic,PatchTST,time_stretch,4,4717,903,0.4924624562263489,MSE,0.5594930648803711,1.0128705501556396,input,71.0,70,413,True,0.0725999996066093,0.0725999996066093,,,
traffic,PatchTST,time_stretch,4,4717,903,0.4924624562263489,MSE,0.5594930648803711,1.0128705501556396,input,71.0,70,567,True,0.0553000010550022,0.0553000010550022,,,
traffic,PatchTST,time_stretch,4,4717,903,0.4924624562263489,MSE,0.5594930648803711,1.0128705501556396,input,71.0,70,571,True,0.1483000069856643,0.1483000069856643,,,
traffic,PatchTST,time_stretch,4,4717,903,0.4924624562263489,MSE,0.5594930648803711,1.0128705501556396,input,71.0,70,580,True,0.0542999990284442,0.0542999990284442,,,
traffic,PatchTST,time_stretch,4,4717,903,0.4924624562263489,MSE,0.5594930648803711,1.0128705501556396,input,71.0,70,639,True,0.0767000019550323,0.0767000019550323,,,
traffic,PatchTST,time_stretch,4,4717,903,0.4924624562263489,MSE,0.5594930648803711,1.0128705501556396,input,71.0,70,768,True,0.0755999982357025,0.0755999982357025,,,
traffic,PatchTST,time_stretch,4,4717,903,0.4924624562263489,MSE,0.5594930648803711,1.0128705501556396,input,71.0,70,774,True,0.0245999991893768,0.0245999991893768,,,
traffic,PatchTST,time_stretch,4,4717,903,0.4924624562263489,MSE,0.5594930648803711,1.0128705501556396,input,71.0,70,840,True,0.0386999994516372,0.0386999994516372,,,
traffic,PatchTST,time_stretch,4,4717,903,0.4924624562263489,MSE,0.5594930648803711,1.0128705501556396,input,72.0,71,133,True,0.0416000001132488,0.0416000001132488,,,
traffic,PatchTST,time_stretch,4,4717,903,0.4924624562263489,MSE,0.5594930648803711,1.0128705501556396,input,72.0,71,304,True,0.068800002336502,0.068800002336502,,,
traffic,PatchTST,time_stretch,4,4717,903,0.4924624562263489,MSE,0.5594930648803711,1.0128705501556396,input,72.0,71,402,True,0.0921000018715858,0.0921000018715858,,,
traffic,PatchTST,time_stretch,4,4717,903,0.4924624562263489,MSE,0.5594930648803711,1.0128705501556396,input,72.0,71,413,True,0.0825999975204467,0.0825999975204467,,,
traffic,PatchTST,time_stretch,4,4717,903,0.4924624562263489,MSE,0.5594930648803711,1.0128705501556396,input,72.0,71,567,True,0.0568999983370304,0.0568999983370304,,,
traffic,PatchTST,time_stretch,4,4717,903,0.4924624562263489,MSE,0.5594930648803711,1.0128705501556396,input,72.0,71,571,True,0.0680000036954879,0.0680000036954879,,,
traffic,PatchTST,time_stretch,4,4717,903,0.4924624562263489,MSE,0.5594930648803711,1.0128705501556396,input,72.0,71,580,True,0.0723000019788742,0.0723000019788742,,,
traffic,PatchTST,time_stretch,4,4717,903,0.4924624562263489,MSE,0.5594930648803711,1.0128705501556396,input,72.0,71,639,True,0.0794999971985817,0.0794999971985817,,,
traffic,PatchTST,time_stretch,4,4717,903,0.4924624562263489,MSE,0.5594930648803711,1.0128705501556396,input,72.0,71,768,True,0.0882999971508979,0.0882999971508979,,,
traffic,PatchTST,time_stretch,4,4717,903,0.4924624562263489,MSE,0.5594930648803711,1.0128705501556396,input,72.0,71,774,True,0.0281000006943941,0.0281000006943941,,,
traffic,PatchTST,time_stretch,4,4717,903,0.4924624562263489,MSE,0.5594930648803711,1.0128705501556396,input,72.0,71,840,True,0.0390999987721443,0.0390999987721443,,,
traffic,PatchTST,time_stretch,4,4717,903,0.4924624562263489,MSE,0.5594930648803711,1.0128705501556396,input,73.0,72,133,True,0.0511000007390975,0.0511000007390975,,,
traffic,PatchTST,time_stretch,4,4717,903,0.4924624562263489,MSE,0.5594930648803711,1.0128705501556396,input,73.0,72,304,True,0.0738999992609024,0.0738999992609024,,,
traffic,PatchTST,time_stretch,4,4717,903,0.4924624562263489,MSE,0.5594930648803711,1.0128705501556396,input,73.0,72,402,True,0.1013000011444091,0.1013000011444091,,,
traffic,PatchTST,time_stretch,4,4717,903,0.4924624562263489,MSE,0.5594930648803711,1.0128705501556396,input,73.0,72,413,True,0.0860000029206276,0.0860000029206276,,,
traffic,PatchTST,time_stretch,4,4717,903,0.4924624562263489,MSE,0.5594930648803711,1.0128705501556396,input,73.0,72,567,True,0.0533000007271766,0.0533000007271766,,,
traffic,PatchTST,time_stretch,4,4717,903,0.4924624562263489,MSE,0.5594930648803711,1.0128705501556396,input,73.0,72,571,True,0.069700002670288,0.069700002670288,,,
traffic,PatchTST,time_stretch,4,4717,903,0.4924624562263489,MSE,0.5594930648803711,1.0128705501556396,input,73.0,72,580,True,0.0746000036597251,0.0746000036597251,,,
traffic,PatchTST,time_stretch,4,4717,903,0.4924624562263489,MSE,0.5594930648803711,1.0128705501556396,input,73.0,72,639,True,0.0837000012397766,0.0837000012397766,,,
traffic,PatchTST,time_stretch,4,4717,903,0.4924624562263489,MSE,0.5594930648803711,1.0128705501556396,input,73.0,72,768,True,0.0830999985337257,0.0830999985337257,,,
traffic,PatchTST,time_stretch,4,4717,903,0.4924624562263489,MSE,0.5594930648803711,1.0128705501556396,input,73.0,72,774,True,0.0324999988079071,0.0324999988079071,,,
traffic,PatchTST,time_stretch,4,4717,903,0.4924624562263489,MSE,0.5594930648803711,1.0128705501556396,input,73.0,72,840,True,0.0373999997973442,0.0373999997973442,,,
traffic,PatchTST,time_stretch,4,4717,903,0.4924624562263489,MSE,0.5594930648803711,1.0128705501556396,input,74.0,73,133,True,0.0559000000357627,0.0559000000357627,,,
traffic,PatchTST,time_stretch,4,4717,903,0.4924624562263489,MSE,0.5594930648803711,1.0128705501556396,input,74.0,73,304,True,0.0820000022649765,0.0820000022649765,,,
traffic,PatchTST,time_stretch,4,4717,903,0.4924624562263489,MSE,0.5594930648803711,1.0128705501556396,input,74.0,73,402,True,0.1123000010848045,0.1123000010848045,,,
traffic,PatchTST,time_stretch,4,4717,903,0.4924624562263489,MSE,0.5594930648803711,1.0128705501556396,input,74.0,73,413,True,0.1167000010609626,0.1167000010609626,,,
traffic,PatchTST,time_stretch,4,4717,903,0.4924624562263489,MSE,0.5594930648803711,1.0128705501556396,input,74.0,73,567,True,0.0516000017523765,0.0516000017523765,,,
traffic,PatchTST,time_stretch,4,4717,903,0.4924624562263489,MSE,0.5594930648803711,1.0128705501556396,input,74.0,73,571,True,0.0720999985933303,0.0720999985933303,,,
traffic,PatchTST,time_stretch,4,4717,903,0.4924624562263489,MSE,0.5594930648803711,1.0128705501556396,input,74.0,73,580,True,0.0794999971985817,0.0794999971985817,,,
traffic,PatchTST,time_stretch,4,4717,903,0.4924624562263489,MSE,0.5594930648803711,1.0128705501556396,input,74.0,73,639,True,0.0860999971628189,0.0860999971628189,,,
traffic,PatchTST,time_stretch,4,4717,903,0.4924624562263489,MSE,0.5594930648803711,1.0128705501556396,input,74.0,73,768,True,0.240799993276596,0.240799993276596,,,
traffic,PatchTST,time_stretch,4,4717,903,0.4924624562263489,MSE,0.5594930648803711,1.0128705501556396,input,74.0,73,774,True,0.035300001502037,0.035300001502037,,,
traffic,PatchTST,time_stretch,4,4717,903,0.4924624562263489,MSE,0.5594930648803711,1.0128705501556396,input,74.0,73,840,True,0.1022000014781951,0.1022000014781951,,,
traffic,PatchTST,time_stretch,4,4717,903,0.4924624562263489,MSE,0.5594930648803711,1.0128705501556396,input,75.0,74,133,True,0.0529000014066696,0.0529000014066696,,,
traffic,PatchTST,time_stretch,4,4717,903,0.4924624562263489,MSE,0.5594930648803711,1.0128705501556396,input,75.0,74,304,True,0.0804999992251396,0.0804999992251396,,,
traffic,PatchTST,time_stretch,4,4717,903,0.4924624562263489,MSE,0.5594930648803711,1.0128705501556396,input,75.0,74,402,True,0.0922000035643577,0.0922000035643577,,,
traffic,PatchTST,time_stretch,4,4717,903,0.4924624562263489,MSE,0.5594930648803711,1.0128705501556396,input,75.0,74,413,True,0.1415999978780746,0.1415999978780746,,,
traffic,PatchTST,time_stretch,4,4717,903,0.4924624562263489,MSE,0.5594930648803711,1.0128705501556396,input,75.0,74,567,True,0.0533999986946582,0.0533999986946582,,,
traffic,PatchTST,time_stretch,4,4717,903,0.4924624562263489,MSE,0.5594930648803711,1.0128705501556396,input,75.0,74,571,True,0.1125999987125396,0.1125999987125396,,,
traffic,PatchTST,time_stretch,4,4717,903,0.4924624562263489,MSE,0.5594930648803711,1.0128705501556396,input,75.0,74,580,True,0.0732999965548515,0.0732999965548515,,,
traffic,PatchTST,time_stretch,4,4717,903,0.4924624562263489,MSE,0.5594930648803711,1.0128705501556396,input,75.0,74,639,True,0.0860000029206276,0.0860000029206276,,,
traffic,PatchTST,time_stretch,4,4717,903,0.4924624562263489,MSE,0.5594930648803711,1.0128705501556396,input,75.0,74,768,True,0.2074999809265136,0.2074999809265136,,,
traffic,PatchTST,time_stretch,4,4717,903,0.4924624562263489,MSE,0.5594930648803711,1.0128705501556396,input,75.0,74,774,True,0.0381999984383583,0.0381999984383583,,,
traffic,PatchTST,time_stretch,4,4717,903,0.4924624562263489,MSE,0.5594930648803711,1.0128705501556396,input,75.0,74,840,True,0.2624000012874603,0.2624000012874603,,,
traffic,PatchTST,time_stretch,4,4717,903,0.4924624562263489,MSE,0.5594930648803711,1.0128705501556396,input,76.0,75,133,True,0.0491999983787536,0.0491999983787536,,,
traffic,PatchTST,time_stretch,4,4717,903,0.4924624562263489,MSE,0.5594930648803711,1.0128705501556396,input,76.0,75,304,True,0.0790000036358833,0.0790000036358833,,,
traffic,PatchTST,time_stretch,4,4717,903,0.4924624562263489,MSE,0.5594930648803711,1.0128705501556396,input,76.0,75,402,True,0.0882999971508979,0.0882999971508979,,,
traffic,PatchTST,time_stretch,4,4717,903,0.4924624562263489,MSE,0.5594930648803711,1.0128705501556396,input,76.0,75,413,True,0.146599993109703,0.146599993109703,,,
traffic,PatchTST,time_stretch,4,4717,903,0.4924624562263489,MSE,0.5594930648803711,1.0128705501556396,input,76.0,75,567,True,0.0529000014066696,0.0529000014066696,,,
traffic,PatchTST,time_stretch,4,4717,903,0.4924624562263489,MSE,0.5594930648803711,1.0128705501556396,input,76.0,75,571,True,0.2673999965190887,0.2673999965190887,,,
traffic,PatchTST,time_stretch,4,4717,903,0.4924624562263489,MSE,0.5594930648803711,1.0128705501556396,input,76.0,75,580,True,0.0689999982714653,0.0689999982714653,,,
traffic,PatchTST,time_stretch,4,4717,903,0.4924624562263489,MSE,0.5594930648803711,1.0128705501556396,input,76.0,75,639,True,0.0855000019073486,0.0855000019073486,,,
traffic,PatchTST,time_stretch,4,4717,903,0.4924624562263489,MSE,0.5594930648803711,1.0128705501556396,input,76.0,75,768,True,0.1639000028371811,0.1639000028371811,,,
traffic,PatchTST,time_stretch,4,4717,903,0.4924624562263489,MSE,0.5594930648803711,1.0128705501556396,input,76.0,75,774,True,0.0375999994575977,0.0375999994575977,,,
traffic,PatchTST,time_stretch,4,4717,903,0.4924624562263489,MSE,0.5594930648803711,1.0128705501556396,input,76.0,75,840,True,0.0333999991416931,0.0333999991416931,,,
traffic,PatchTST,time_stretch,4,4717,903,0.4924624562263489,MSE,0.5594930648803711,1.0128705501556396,input,77.0,76,133,True,0.0527999997138977,0.0527999997138977,,,
traffic,PatchTST,time_stretch,4,4717,903,0.4924624562263489,MSE,0.5594930648803711,1.0128705501556396,input,77.0,76,304,True,0.0780000016093254,0.0780000016093254,,,
traffic,PatchTST,time_stretch,4,4717,903,0.4924624562263489,MSE,0.5594930648803711,1.0128705501556396,input,77.0,76,402,True,0.0877000018954277,0.0877000018954277,,,
traffic,PatchTST,time_stretch,4,4717,903,0.4924624562263489,MSE,0.5594930648803711,1.0128705501556396,input,77.0,76,413,True,0.255400002002716,0.255400002002716,,,
traffic,PatchTST,time_stretch,4,4717,903,0.4924624562263489,MSE,0.5594930648803711,1.0128705501556396,input,77.0,76,567,True,0.0505999997258186,0.0505999997258186,,,
traffic,PatchTST,time_stretch,4,4717,903,0.4924624562263489,MSE,0.5594930648803711,1.0128705501556396,input,77.0,76,571,True,0.0891999974846839,0.0891999974846839,,,
traffic,PatchTST,time_stretch,4,4717,903,0.4924624562263489,MSE,0.5594930648803711,1.0128705501556396,input,77.0,76,580,True,0.0680999979376792,0.0680999979376792,,,
traffic,PatchTST,time_stretch,4,4717,903,0.4924624562263489,MSE,0.5594930648803711,1.0128705501556396,input,77.0,76,639,True,0.0832000002264976,0.0832000002264976,,,
traffic,PatchTST,time_stretch,4,4717,903,0.4924624562263489,MSE,0.5594930648803711,1.0128705501556396,input,77.0,76,768,True,0.1433999985456466,0.1433999985456466,,,
traffic,PatchTST,time_stretch,4,4717,903,0.4924624562263489,MSE,0.5594930648803711,1.0128705501556396,input,77.0,76,774,True,0.0412000007927417,0.0412000007927417,,,
traffic,PatchTST,time_stretch,4,4717,903,0.4924624562263489,MSE,0.5594930648803711,1.0128705501556396,input,77.0,76,840,True,0.0287999995052814,0.0287999995052814,,,
traffic,PatchTST,time_stretch,4,4717,903,0.4924624562263489,MSE,0.5594930648803711,1.0128705501556396,input,78.0,77,133,True,0.0553000010550022,0.0553000010550022,,,
traffic,PatchTST,time_stretch,4,4717,903,0.4924624562263489,MSE,0.5594930648803711,1.0128705501556396,input,78.0,77,304,True,0.0788000002503395,0.0788000002503395,,,
traffic,PatchTST,time_stretch,4,4717,903,0.4924624562263489,MSE,0.5594930648803711,1.0128705501556396,input,78.0,77,402,True,0.0851000025868415,0.0851000025868415,,,
traffic,PatchTST,time_stretch,4,4717,903,0.4924624562263489,MSE,0.5594930648803711,1.0128705501556396,input,78.0,77,413,True,0.0917999967932701,0.0917999967932701,,,
traffic,PatchTST,time_stretch,4,4717,903,0.4924624562263489,MSE,0.5594930648803711,1.0128705501556396,input,78.0,77,567,True,0.0535000003874301,0.0535000003874301,,,
traffic,PatchTST,time_stretch,4,4717,903,0.4924624562263489,MSE,0.5594930648803711,1.0128705501556396,input,78.0,77,571,True,0.1005999892950058,0.1005999892950058,,,
traffic,PatchTST,time_stretch,4,4717,903,0.4924624562263489,MSE,0.5594930648803711,1.0128705501556396,input,78.0,77,580,True,0.067900002002716,0.067900002002716,,,
traffic,PatchTST,time_stretch,4,4717,903,0.4924624562263489,MSE,0.5594930648803711,1.0128705501556396,input,78.0,77,639,True,0.0847000032663345,0.0847000032663345,,,
traffic,PatchTST,time_stretch,4,4717,903,0.4924624562263489,MSE,0.5594930648803711,1.0128705501556396,input,78.0,77,768,True,0.2081000059843063,0.2081000059843063,,,
traffic,PatchTST,time_stretch,4,4717,903,0.4924624562263489,MSE,0.5594930648803711,1.0128705501556396,input,78.0,77,774,True,0.0428999997675418,0.0428999997675418,,,
traffic,PatchTST,time_stretch,4,4717,903,0.4924624562263489,MSE,0.5594930648803711,1.0128705501556396,input,78.0,77,840,True,0.0288999993354082,0.0288999993354082,,,
traffic,PatchTST,time_stretch,4,4717,903,0.4924624562263489,MSE,0.5594930648803711,1.0128705501556396,input,79.0,78,133,True,0.0592000000178813,0.0592000000178813,,,
traffic,PatchTST,time_stretch,4,4717,903,0.4924624562263489,MSE,0.5594930648803711,1.0128705501556396,input,79.0,78,304,True,0.0745000019669532,0.0745000019669532,,,
traffic,PatchTST,time_stretch,4,4717,903,0.4924624562263489,MSE,0.5594930648803711,1.0128705501556396,input,79.0,78,402,True,0.0847999975085258,0.0847999975085258,,,
traffic,PatchTST,time_stretch,4,4717,903,0.4924624562263489,MSE,0.5594930648803711,1.0128705501556396,input,79.0,78,413,True,0.0944000035524368,0.0944000035524368,,,
traffic,PatchTST,time_stretch,4,4717,903,0.4924624562263489,MSE,0.5594930648803711,1.0128705501556396,input,79.0,78,567,True,0.046399999409914,0.046399999409914,,,
traffic,PatchTST,time_stretch,4,4717,903,0.4924624562263489,MSE,0.5594930648803711,1.0128705501556396,input,79.0,78,571,True,0.120899997651577,0.120899997651577,,,
traffic,PatchTST,time_stretch,4,4717,903,0.4924624562263489,MSE,0.5594930648803711,1.0128705501556396,input,79.0,78,580,True,0.0716999992728233,0.0716999992728233,,,
traffic,PatchTST,time_stretch,4,4717,903,0.4924624562263489,MSE,0.5594930648803711,1.0128705501556396,input,79.0,78,639,True,0.0803999975323677,0.0803999975323677,,,
traffic,PatchTST,time_stretch,4,4717,903,0.4924624562263489,MSE,0.5594930648803711,1.0128705501556396,input,79.0,78,768,True,0.1059999987483024,0.1059999987483024,,,
traffic,PatchTST,time_stretch,4,4717,903,0.4924624562263489,MSE,0.5594930648803711,1.0128705501556396,input,79.0,78,774,True,0.0428000018000602,0.0428000018000602,,,
traffic,PatchTST,time_stretch,4,4717,903,0.4924624562263489,MSE,0.5594930648803711,1.0128705501556396,input,79.0,78,840,True,0.0291000008583068,0.0291000008583068,,,
traffic,PatchTST,time_stretch,4,4717,903,0.4924624562263489,MSE,0.5594930648803711,1.0128705501556396,input,80.0,79,133,True,0.0417000018060207,0.0417000018060207,,,
traffic,PatchTST,time_stretch,4,4717,903,0.4924624562263489,MSE,0.5594930648803711,1.0128705501556396,input,80.0,79,304,True,0.0816999971866607,0.0816999971866607,,,
traffic,PatchTST,time_stretch,4,4717,903,0.4924624562263489,MSE,0.5594930648803711,1.0128705501556396,input,80.0,79,402,True,0.0696000009775161,0.0696000009775161,,,
traffic,PatchTST,time_stretch,4,4717,903,0.4924624562263489,MSE,0.5594930648803711,1.0128705501556396,input,80.0,79,413,True,0.0878999978303909,0.0878999978303909,,,
traffic,PatchTST,time_stretch,4,4717,903,0.4924624562263489,MSE,0.5594930648803711,1.0128705501556396,input,80.0,79,567,True,0.0392999984323978,0.0392999984323978,,,
traffic,PatchTST,time_stretch,4,4717,903,0.4924624562263489,MSE,0.5594930648803711,1.0128705501556396,input,80.0,79,571,True,0.1800999939441681,0.1800999939441681,,,
traffic,PatchTST,time_stretch,4,4717,903,0.4924624562263489,MSE,0.5594930648803711,1.0128705501556396,input,80.0,79,580,True,0.0584999993443489,0.0584999993443489,,,
traffic,PatchTST,time_stretch,4,4717,903,0.4924624562263489,MSE,0.5594930648803711,1.0128705501556396,input,80.0,79,639,True,0.0678000003099441,0.0678000003099441,,,
traffic,PatchTST,time_stretch,4,4717,903,0.4924624562263489,MSE,0.5594930648803711,1.0128705501556396,input,80.0,79,768,True,0.0882999971508979,0.0882999971508979,,,
traffic,PatchTST,time_stretch,4,4717,903,0.4924624562263489,MSE,0.5594930648803711,1.0128705501556396,input,80.0,79,774,True,0.0439999997615814,0.0439999997615814,,,
traffic,PatchTST,time_stretch,4,4717,903,0.4924624562263489,MSE,0.5594930648803711,1.0128705501556396,input,80.0,79,840,True,0.0245999991893768,0.0245999991893768,,,
traffic,PatchTST,time_stretch,4,4717,903,0.4924624562263489,MSE,0.5594930648803711,1.0128705501556396,input,81.0,80,133,True,0.0337999984622001,0.0337999984622001,,,
traffic,PatchTST,time_stretch,4,4717,903,0.4924624562263489,MSE,0.5594930648803711,1.0128705501556396,input,81.0,80,304,True,0.0828000009059906,0.0828000009059906,,,
traffic,PatchTST,time_stretch,4,4717,903,0.4924624562263489,MSE,0.5594930648803711,1.0128705501556396,input,81.0,80,402,True,0.0478999987244606,0.0478999987244606,,,
traffic,PatchTST,time_stretch,4,4717,903,0.4924624562263489,MSE,0.5594930648803711,1.0128705501556396,input,81.0,80,413,True,0.0776000022888183,0.0776000022888183,,,
traffic,PatchTST,time_stretch,4,4717,903,0.4924624562263489,MSE,0.5594930648803711,1.0128705501556396,input,81.0,80,567,True,0.0335999988019466,0.0335999988019466,,,
traffic,PatchTST,time_stretch,4,4717,903,0.4924624562263489,MSE,0.5594930648803711,1.0128705501556396,input,81.0,80,571,True,0.0727000012993812,0.0727000012993812,,,
traffic,PatchTST,time_stretch,4,4717,903,0.4924624562263489,MSE,0.5594930648803711,1.0128705501556396,input,81.0,80,580,True,0.0445000007748603,0.0445000007748603,,,
traffic,PatchTST,time_stretch,4,4717,903,0.4924624562263489,MSE,0.5594930648803711,1.0128705501556396,input,81.0,80,639,True,0.0588999986648559,0.0588999986648559,,,
traffic,PatchTST,time_stretch,4,4717,903,0.4924624562263489,MSE,0.5594930648803711,1.0128705501556396,input,81.0,80,768,True,0.0746999979019165,0.0746999979019165,,,
traffic,PatchTST,time_stretch,4,4717,903,0.4924624562263489,MSE,0.5594930648803711,1.0128705501556396,input,81.0,80,774,True,0.0337000004947185,0.0337000004947185,,,
traffic,PatchTST,time_stretch,4,4717,903,0.4924624562263489,MSE,0.5594930648803711,1.0128705501556396,input,81.0,80,840,True,0.0214000009000301,0.0214000009000301,,,
traffic,PatchTST,time_stretch,4,4717,903,0.4924624562263489,MSE,0.5594930648803711,1.0128705501556396,input,82.0,81,133,True,0.0298999994993209,0.0298999994993209,,,
traffic,PatchTST,time_stretch,4,4717,903,0.4924624562263489,MSE,0.5594930648803711,1.0128705501556396,input,82.0,81,304,True,0.0615999996662139,0.0615999996662139,,,
traffic,PatchTST,time_stretch,4,4717,903,0.4924624562263489,MSE,0.5594930648803711,1.0128705501556396,input,82.0,81,402,True,0.039900004863739,0.039900004863739,,,
traffic,PatchTST,time_stretch,4,4717,903,0.4924624562263489,MSE,0.5594930648803711,1.0128705501556396,input,82.0,81,413,True,0.067900002002716,0.067900002002716,,,
traffic,PatchTST,time_stretch,4,4717,903,0.4924624562263489,MSE,0.5594930648803711,1.0128705501556396,input,82.0,81,567,True,0.0298999994993209,0.0298999994993209,,,
traffic,PatchTST,time_stretch,4,4717,903,0.4924624562263489,MSE,0.5594930648803711,1.0128705501556396,input,82.0,81,571,True,0.0577000007033348,0.0577000007033348,,,
traffic,PatchTST,time_stretch,4,4717,903,0.4924624562263489,MSE,0.5594930648803711,1.0128705501556396,input,82.0,81,580,True,0.0366000011563301,0.0366000011563301,,,
traffic,PatchTST,time_stretch,4,4717,903,0.4924624562263489,MSE,0.5594930648803711,1.0128705501556396,input,82.0,81,639,True,0.0489999987185001,0.0489999987185001,,,
traffic,PatchTST,time_stretch,4,4717,903,0.4924624562263489,MSE,0.5594930648803711,1.0128705501556396,input,82.0,81,768,True,0.0750999972224235,0.0750999972224235,,,
traffic,PatchTST,time_stretch,4,4717,903,0.4924624562263489,MSE,0.5594930648803711,1.0128705501556396,input,82.0,81,774,True,0.0243999995291233,0.0243999995291233,,,
traffic,PatchTST,time_stretch,4,4717,903,0.4924624562263489,MSE,0.5594930648803711,1.0128705501556396,input,82.0,81,840,True,0.0195000004023313,0.0195000004023313,,,
traffic,PatchTST,time_stretch,4,4717,903,0.4924624562263489,MSE,0.5594930648803711,1.0128705501556396,input,83.0,82,133,True,0.0355000011622905,0.0355000011622905,,,
traffic,PatchTST,time_stretch,4,4717,903,0.4924624562263489,MSE,0.5594930648803711,1.0128705501556396,input,83.0,82,304,True,0.0601000003516674,0.0601000003516674,,,
traffic,PatchTST,time_stretch,4,4717,903,0.4924624562263489,MSE,0.5594930648803711,1.0128705501556396,input,83.0,82,402,True,0.0285999998450279,0.0285999998450279,,,
traffic,PatchTST,time_stretch,4,4717,903,0.4924624562263489,MSE,0.5594930648803711,1.0128705501556396,input,83.0,82,413,True,0.0697999969124794,0.0697999969124794,,,
traffic,PatchTST,time_stretch,4,4717,903,0.4924624562263489,MSE,0.5594930648803711,1.0128705501556396,input,83.0,82,567,True,0.0276999995112419,0.0276999995112419,,,
traffic,PatchTST,time_stretch,4,4717,903,0.4924624562263489,MSE,0.5594930648803711,1.0128705501556396,input,83.0,82,571,True,0.0621000006794929,0.0621000006794929,,,
traffic,PatchTST,time_stretch,4,4717,903,0.4924624562263489,MSE,0.5594930648803711,1.0128705501556396,input,83.0,82,580,True,0.0309000015258789,0.0309000015258789,,,
traffic,PatchTST,time_stretch,4,4717,903,0.4924624562263489,MSE,0.5594930648803711,1.0128705501556396,input,83.0,82,639,True,0.0428000018000602,0.0428000018000602,,,
traffic,PatchTST,time_stretch,4,4717,903,0.4924624562263489,MSE,0.5594930648803711,1.0128705501556396,input,83.0,82,768,True,0.0838999971747398,0.0838999971747398,,,
traffic,PatchTST,time_stretch,4,4717,903,0.4924624562263489,MSE,0.5594930648803711,1.0128705501556396,input,83.0,82,774,True,0.0209999997168779,0.0209999997168779,,,
traffic,PatchTST,time_stretch,4,4717,903,0.4924624562263489,MSE,0.5594930648803711,1.0128705501556396,input,83.0,82,840,True,0.0167999994009733,0.0167999994009733,,,
traffic,PatchTST,time_stretch,4,4717,903,0.4924624562263489,MSE,0.5594930648803711,1.0128705501556396,input,84.0,83,133,True,0.0217000003904104,0.0217000003904104,,,
traffic,PatchTST,time_stretch,4,4717,903,0.4924624562263489,MSE,0.5594930648803711,1.0128705501556396,input,84.0,83,304,True,0.0573999993503093,0.0573999993503093,,,
traffic,PatchTST,time_stretch,4,4717,903,0.4924624562263489,MSE,0.5594930648803711,1.0128705501556396,input,84.0,83,402,True,0.0212999992072582,0.0212999992072582,,,
traffic,PatchTST,time_stretch,4,4717,903,0.4924624562263489,MSE,0.5594930648803711,1.0128705501556396,input,84.0,83,413,True,0.0694999992847442,0.0694999992847442,,,
traffic,PatchTST,time_stretch,4,4717,903,0.4924624562263489,MSE,0.5594930648803711,1.0128705501556396,input,84.0,83,567,True,0.0273000001907348,0.0273000001907348,,,
traffic,PatchTST,time_stretch,4,4717,903,0.4924624562263489,MSE,0.5594930648803711,1.0128705501556396,input,84.0,83,571,True,0.0575000010430812,0.0575000010430812,,,
traffic,PatchTST,time_stretch,4,4717,903,0.4924624562263489,MSE,0.5594930648803711,1.0128705501556396,input,84.0,83,580,True,0.0178000032901763,0.0178000032901763,,,
traffic,PatchTST,time_stretch,4,4717,903,0.4924624562263489,MSE,0.5594930648803711,1.0128705501556396,input,84.0,83,639,True,0.0412000007927417,0.0412000007927417,,,
traffic,PatchTST,time_stretch,4,4717,903,0.4924624562263489,MSE,0.5594930648803711,1.0128705501556396,input,84.0,83,768,True,0.0636999979615211,0.0636999979615211,,,
traffic,PatchTST,time_stretch,4,4717,903,0.4924624562263489,MSE,0.5594930648803711,1.0128705501556396,input,84.0,83,774,True,0.0168999992311,0.0168999992311,,,
traffic,PatchTST,time_stretch,4,4717,903,0.4924624562263489,MSE,0.5594930648803711,1.0128705501556396,input,84.0,83,840,True,0.0156999994069337,0.0156999994069337,,,
traffic,PatchTST,time_stretch,4,4717,903,0.4924624562263489,MSE,0.5594930648803711,1.0128705501556396,input,85.0,84,133,True,0.0142999999225139,0.0142999999225139,,,
traffic,PatchTST,time_stretch,4,4717,903,0.4924624562263489,MSE,0.5594930648803711,1.0128705501556396,input,85.0,84,304,True,0.0419000014662742,0.0419000014662742,,,
traffic,PatchTST,time_stretch,4,4717,903,0.4924624562263489,MSE,0.5594930648803711,1.0128705501556396,input,85.0,84,402,True,0.0019000023603439,0.0019000023603439,,,
traffic,PatchTST,time_stretch,4,4717,903,0.4924624562263489,MSE,0.5594930648803711,1.0128705501556396,input,85.0,84,413,True,0.0505999997258186,0.0505999997258186,,,
traffic,PatchTST,time_stretch,4,4717,903,0.4924624562263489,MSE,0.5594930648803711,1.0128705501556396,input,85.0,84,567,True,0.0186000000685453,0.0186000000685453,,,
traffic,PatchTST,time_stretch,4,4717,903,0.4924624562263489,MSE,0.5594930648803711,1.0128705501556396,input,85.0,84,571,True,0.0696000009775161,0.0696000009775161,,,
traffic,PatchTST,time_stretch,4,4717,903,0.4924624562263489,MSE,0.5594930648803711,1.0128705501556396,input,85.0,84,580,True,0.0064999982714653,0.0064999982714653,,,
traffic,PatchTST,time_stretch,4,4717,903,0.4924624562263489,MSE,0.5594930648803711,1.0128705501556396,input,85.0,84,639,True,0.0280000008642673,0.0280000008642673,,,
traffic,PatchTST,time_stretch,4,4717,903,0.4924624562263489,MSE,0.5594930648803711,1.0128705501556396,input,85.0,84,768,True,0.05180000141263,0.05180000141263,,,
traffic,PatchTST,time_stretch,4,4717,903,0.4924624562263489,MSE,0.5594930648803711,1.0128705501556396,input,85.0,84,774,True,0.0113999992609024,0.0113999992609024,,,
traffic,PatchTST,time_stretch,4,4717,903,0.4924624562263489,MSE,0.5594930648803711,1.0128705501556396,input,85.0,84,840,True,0.0100999996066093,0.0100999996066093,,,
traffic,PatchTST,time_stretch,4,4717,903,0.4924624562263489,MSE,0.5594930648803711,1.0128705501556396,input,86.0,85,133,True,0.0095000006258487,0.0095000006258487,,,
traffic,PatchTST,time_stretch,4,4717,903,0.4924624562263489,MSE,0.5594930648803711,1.0128705501556396,input,86.0,85,304,True,0.0320999994874,0.0320999994874,,,
traffic,PatchTST,time_stretch,4,4717,903,0.4924624562263489,MSE,0.5594930648803711,1.0128705501556396,input,86.0,85,402,True,0.0001000016927719,0.0001000016927719,,,
traffic,PatchTST,time_stretch,4,4717,903,0.4924624562263489,MSE,0.5594930648803711,1.0128705501556396,input,86.0,85,413,True,0.0330999977886676,0.0330999977886676,,,
traffic,PatchTST,time_stretch,4,4717,903,0.4924624562263489,MSE,0.5594930648803711,1.0128705501556396,input,86.0,85,567,True,0.0103000001981854,0.0103000001981854,,,
traffic,PatchTST,time_stretch,4,4717,903,0.4924624562263489,MSE,0.5594930648803711,1.0128705501556396,input,86.0,85,571,True,0.0636000037193298,0.0636000037193298,,,
traffic,PatchTST,time_stretch,4,4717,903,0.4924624562263489,MSE,0.5594930648803711,1.0128705501556396,input,86.0,85,580,True,0.0031999982893466,0.0031999982893466,,,
traffic,PatchTST,time_stretch,4,4717,903,0.4924624562263489,MSE,0.5594930648803711,1.0128705501556396,input,86.0,85,639,True,0.0190999992191791,0.0190999992191791,,,
traffic,PatchTST,time_stretch,4,4717,903,0.4924624562263489,MSE,0.5594930648803711,1.0128705501556396,input,86.0,85,768,True,0.0557000003755092,0.0557000003755092,,,
traffic,PatchTST,time_stretch,4,4717,903,0.4924624562263489,MSE,0.5594930648803711,1.0128705501556396,input,86.0,85,774,True,0.0065000001341104,0.0065000001341104,,,
traffic,PatchTST,time_stretch,4,4717,903,0.4924624562263489,MSE,0.5594930648803711,1.0128705501556396,input,86.0,85,840,True,0.0065999999642372,0.0065999999642372,,,
traffic,PatchTST,time_stretch,4,4717,903,0.4924624562263489,MSE,0.5594930648803711,1.0128705501556396,input,87.0,86,133,True,0.0047999992966651,0.0047999992966651,,,
traffic,PatchTST,time_stretch,4,4717,903,0.4924624562263489,MSE,0.5594930648803711,1.0128705501556396,input,87.0,86,304,True,0.0195000022649765,0.0195000022649765,,,
traffic,PatchTST,time_stretch,4,4717,903,0.4924624562263489,MSE,0.5594930648803711,1.0128705501556396,input,87.0,86,402,True,0.0,0.0,,,
traffic,PatchTST,time_stretch,4,4717,903,0.4924624562263489,MSE,0.5594930648803711,1.0128705501556396,input,87.0,86,413,True,0.0207000002264976,0.0207000002264976,,,
traffic,PatchTST,time_stretch,4,4717,903,0.4924624562263489,MSE,0.5594930648803711,1.0128705501556396,input,87.0,86,567,True,0.0062000006437301,0.0062000006437301,,,
traffic,PatchTST,time_stretch,4,4717,903,0.4924624562263489,MSE,0.5594930648803711,1.0128705501556396,input,87.0,86,571,True,0.0271000005304813,0.0271000005304813,,,
traffic,PatchTST,time_stretch,4,4717,903,0.4924624562263489,MSE,0.5594930648803711,1.0128705501556396,input,87.0,86,580,True,0.003100000321865,0.003100000321865,,,
traffic,PatchTST,time_stretch,4,4717,903,0.4924624562263489,MSE,0.5594930648803711,1.0128705501556396,input,87.0,86,639,True,0.0130000002682209,0.0130000002682209,,,
traffic,PatchTST,time_stretch,4,4717,903,0.4924624562263489,MSE,0.5594930648803711,1.0128705501556396,input,87.0,86,768,True,0.0214999988675117,0.0214999988675117,,,
traffic,PatchTST,time_stretch,4,4717,903,0.4924624562263489,MSE,0.5594930648803711,1.0128705501556396,input,87.0,86,774,True,0.003100000321865,0.003100000321865,,,
traffic,PatchTST,time_stretch,4,4717,903,0.4924624562263489,MSE,0.5594930648803711,1.0128705501556396,input,87.0,86,840,True,0.0041000004857778,0.0041000004857778,,,
traffic,PatchTST,time_stretch,4,4717,903,0.4924624562263489,MSE,0.5594930648803711,1.0128705501556396,input,88.0,87,133,True,0.002700001001358,0.002700001001358,,,
traffic,PatchTST,time_stretch,4,4717,903,0.4924624562263489,MSE,0.5594930648803711,1.0128705501556396,input,88.0,87,304,True,0.0141000002622604,0.0141000002622604,,,
traffic,PatchTST,time_stretch,4,4717,903,0.4924624562263489,MSE,0.5594930648803711,1.0128705501556396,input,88.0,87,402,True,0.0,0.0,,,
traffic,PatchTST,time_stretch,4,4717,903,0.4924624562263489,MSE,0.5594930648803711,1.0128705501556396,input,88.0,87,413,True,0.0160000026226043,0.0160000026226043,,,
traffic,PatchTST,time_stretch,4,4717,903,0.4924624562263489,MSE,0.5594930648803711,1.0128705501556396,input,88.0,87,567,True,0.0046999994665384,0.0046999994665384,,,
traffic,PatchTST,time_stretch,4,4717,903,0.4924624562263489,MSE,0.5594930648803711,1.0128705501556396,input,88.0,87,571,True,0.0186999998986721,0.0186999998986721,,,
traffic,PatchTST,time_stretch,4,4717,903,0.4924624562263489,MSE,0.5594930648803711,1.0128705501556396,input,88.0,87,580,True,0.003100000321865,0.003100000321865,,,
traffic,PatchTST,time_stretch,4,4717,903,0.4924624562263489,MSE,0.5594930648803711,1.0128705501556396,input,88.0,87,639,True,0.0118000023066997,0.0118000023066997,,,
traffic,PatchTST,time_stretch,4,4717,903,0.4924624562263489,MSE,0.5594930648803711,1.0128705501556396,input,88.0,87,768,True,0.0117999985814094,0.0117999985814094,,,
traffic,PatchTST,time_stretch,4,4717,903,0.4924624562263489,MSE,0.5594930648803711,1.0128705501556396,input,88.0,87,774,True,0.0018000025302171,0.0018000025302171,,,
traffic,PatchTST,time_stretch,4,4717,903,0.4924624562263489,MSE,0.5594930648803711,1.0128705501556396,input,88.0,87,840,True,0.0032000001519918,0.0032000001519918,,,
traffic,PatchTST,time_stretch,4,4717,903,0.4924624562263489,MSE,0.5594930648803711,1.0128705501556396,input,89.0,88,133,True,0.0016000010073184,0.0016000010073184,,,
traffic,PatchTST,time_stretch,4,4717,903,0.4924624562263489,MSE,0.5594930648803711,1.0128705501556396,input,89.0,88,304,True,0.0071999989449977,0.0071999989449977,,,
traffic,PatchTST,time_stretch,4,4717,903,0.4924624562263489,MSE,0.5594930648803711,1.0128705501556396,input,89.0,88,402,True,0.0,0.0,,,
traffic,PatchTST,time_stretch,4,4717,903,0.4924624562263489,MSE,0.5594930648803711,1.0128705501556396,input,89.0,88,413,True,0.0099000036716461,0.0099000036716461,,,
traffic,PatchTST,time_stretch,4,4717,903,0.4924624562263489,MSE,0.5594930648803711,1.0128705501556396,input,89.0,88,567,True,0.0054000001400709,0.0054000001400709,,,
traffic,PatchTST,time_stretch,4,4717,903,0.4924624562263489,MSE,0.5594930648803711,1.0128705501556396,input,89.0,88,571,True,0.0114999990910291,0.0114999990910291,,,
traffic,PatchTST,time_stretch,4,4717,903,0.4924624562263489,MSE,0.5594930648803711,1.0128705501556396,input,89.0,88,580,True,0.003100000321865,0.003100000321865,,,
traffic,PatchTST,time_stretch,4,4717,903,0.4924624562263489,MSE,0.5594930648803711,1.0128705501556396,input,89.0,88,639,True,0.0104000009596347,0.0104000009596347,,,
traffic,PatchTST,time_stretch,4,4717,903,0.4924624562263489,MSE,0.5594930648803711,1.0128705501556396,input,89.0,88,768,True,0.0081999972462654,0.0081999972462654,,,
traffic,PatchTST,time_stretch,4,4717,903,0.4924624562263489,MSE,0.5594930648803711,1.0128705501556396,input,89.0,88,774,True,0.0013000015169382,0.0013000015169382,,,
traffic,PatchTST,time_stretch,4,4717,903,0.4924624562263489,MSE,0.5594930648803711,1.0128705501556396,input,89.0,88,840,True,0.003100000321865,0.003100000321865,,,
traffic,PatchTST,time_stretch,4,4717,903,0.4924624562263489,MSE,0.5594930648803711,1.0128705501556396,input,90.0,89,133,True,0.000900000333786,0.000900000333786,,,
traffic,PatchTST,time_stretch,4,4717,903,0.4924624562263489,MSE,0.5594930648803711,1.0128705501556396,input,90.0,89,304,True,0.0065999999642372,0.0065999999642372,,,
traffic,PatchTST,time_stretch,4,4717,903,0.4924624562263489,MSE,0.5594930648803711,1.0128705501556396,input,90.0,89,402,True,0.0,0.0,,,
traffic,PatchTST,time_stretch,4,4717,903,0.4924624562263489,MSE,0.5594930648803711,1.0128705501556396,input,90.0,89,413,True,0.0081999972462654,0.0081999972462654,,,
traffic,PatchTST,time_stretch,4,4717,903,0.4924624562263489,MSE,0.5594930648803711,1.0128705501556396,input,90.0,89,567,True,0.0087000001221895,0.0087000001221895,,,
traffic,PatchTST,time_stretch,4,4717,903,0.4924624562263489,MSE,0.5594930648803711,1.0128705501556396,input,90.0,89,571,True,0.0087999999523162,0.0087999999523162,,,
traffic,PatchTST,time_stretch,4,4717,903,0.4924624562263489,MSE,0.5594930648803711,1.0128705501556396,input,90.0,89,580,True,0.003100000321865,0.003100000321865,,,
traffic,PatchTST,time_stretch,4,4717,903,0.4924624562263489,MSE,0.5594930648803711,1.0128705501556396,input,90.0,89,639,True,0.0122000016272068,0.0122000016272068,,,
traffic,PatchTST,time_stretch,4,4717,903,0.4924624562263489,MSE,0.5594930648803711,1.0128705501556396,input,90.0,89,768,True,0.0107000023126602,0.0107000023126602,,,
traffic,PatchTST,time_stretch,4,4717,903,0.4924624562263489,MSE,0.5594930648803711,1.0128705501556396,input,90.0,89,774,True,0.0010999999940395,0.0010999999940395,,,
traffic,PatchTST,time_stretch,4,4717,903,0.4924624562263489,MSE,0.5594930648803711,1.0128705501556396,input,90.0,89,840,True,0.0054000001400709,0.0054000001400709,,,
traffic,PatchTST,time_stretch,4,4717,903,0.4924624562263489,MSE,0.5594930648803711,1.0128705501556396,input,91.0,90,133,True,0.002199999988079,0.002199999988079,,,
traffic,PatchTST,time_stretch,4,4717,903,0.4924624562263489,MSE,0.5594930648803711,1.0128705501556396,input,91.0,90,304,True,0.0085000023245811,0.0085000023245811,,,
traffic,PatchTST,time_stretch,4,4717,903,0.4924624562263489,MSE,0.5594930648803711,1.0128705501556396,input,91.0,90,402,True,0.0,0.0,,,
traffic,PatchTST,time_stretch,4,4717,903,0.4924624562263489,MSE,0.5594930648803711,1.0128705501556396,input,91.0,90,413,True,0.0108000040054321,0.0108000040054321,,,
traffic,PatchTST,time_stretch,4,4717,903,0.4924624562263489,MSE,0.5594930648803711,1.0128705501556396,input,91.0,90,567,True,0.0144999995827674,0.0144999995827674,,,
traffic,PatchTST,time_stretch,4,4717,903,0.4924624562263489,MSE,0.5594930648803711,1.0128705501556396,input,91.0,90,571,True,0.0142000000923872,0.0142000000923872,,,
traffic,PatchTST,time_stretch,4,4717,903,0.4924624562263489,MSE,0.5594930648803711,1.0128705501556396,input,91.0,90,580,True,0.0031999982893466,0.0031999982893466,,,
traffic,PatchTST,time_stretch,4,4717,903,0.4924624562263489,MSE,0.5594930648803711,1.0128705501556396,input,91.0,90,639,True,0.017400000244379,0.017400000244379,,,
traffic,PatchTST,time_stretch,4,4717,903,0.4924624562263489,MSE,0.5594930648803711,1.0128705501556396,input,91.0,90,768,True,0.0143999978899955,0.0143999978899955,,,
traffic,PatchTST,time_stretch,4,4717,903,0.4924624562263489,MSE,0.5594930648803711,1.0128705501556396,input,91.0,90,774,True,0.0013999994844198,0.0013999994844198,,,
traffic,PatchTST,time_stretch,4,4717,903,0.4924624562263489,MSE,0.5594930648803711,1.0128705501556396,input,91.0,90,840,True,0.0117000006139278,0.0117000006139278,,,
traffic,PatchTST,time_stretch,4,4717,903,0.4924624562263489,MSE,0.5594930648803711,1.0128705501556396,input,92.0,91,133,True,0.0054999999701976,0.0054999999701976,,,
traffic,PatchTST,time_stretch,4,4717,903,0.4924624562263489,MSE,0.5594930648803711,1.0128705501556396,input,92.0,91,304,True,0.0144999995827674,0.0144999995827674,,,
traffic,PatchTST,time_stretch,4,4717,903,0.4924624562263489,MSE,0.5594930648803711,1.0128705501556396,input,92.0,91,402,True,0.0001000016927719,0.0001000016927719,,,
traffic,PatchTST,time_stretch,4,4717,903,0.4924624562263489,MSE,0.5594930648803711,1.0128705501556396,input,92.0,91,413,True,0.0169000029563903,0.0169000029563903,,,
traffic,PatchTST,time_stretch,4,4717,903,0.4924624562263489,MSE,0.5594930648803711,1.0128705501556396,input,92.0,91,567,True,0.0208999998867511,0.0208999998867511,,,
traffic,PatchTST,time_stretch,4,4717,903,0.4924624562263489,MSE,0.5594930648803711,1.0128705501556396,input,92.0,91,571,True,0.0210999995470047,0.0210999995470047,,,
traffic,PatchTST,time_stretch,4,4717,903,0.4924624562263489,MSE,0.5594930648803711,1.0128705501556396,input,92.0,91,580,True,0.0034999996423721,0.0034999996423721,,,
traffic,PatchTST,time_stretch,4,4717,903,0.4924624562263489,MSE,0.5594930648803711,1.0128705501556396,input,92.0,91,639,True,0.0252999998629093,0.0252999998629093,,,
traffic,PatchTST,time_stretch,4,4717,903,0.4924624562263489,MSE,0.5594930648803711,1.0128705501556396,input,92.0,91,768,True,0.0230000019073486,0.0230000019073486,,,
traffic,PatchTST,time_stretch,4,4717,903,0.4924624562263489,MSE,0.5594930648803711,1.0128705501556396,input,92.0,91,774,True,0.0031999982893466,0.0031999982893466,,,
traffic,PatchTST,time_stretch,4,4717,903,0.4924624562263489,MSE,0.5594930648803711,1.0128705501556396,input,92.0,91,840,True,0.017799999564886,0.017799999564886,,,
traffic,PatchTST,time_stretch,4,4717,903,0.4924624562263489,MSE,0.5594930648803711,1.0128705501556396,input,93.0,92,133,True,0.0106000006198883,0.0106000006198883,,,
traffic,PatchTST,time_stretch,4,4717,903,0.4924624562263489,MSE,0.5594930648803711,1.0128705501556396,input,93.0,92,304,True,0.0240000002086162,0.0240000002086162,,,
traffic,PatchTST,time_stretch,4,4717,903,0.4924624562263489,MSE,0.5594930648803711,1.0128705501556396,input,93.0,92,402,True,0.0135000012814998,0.0135000012814998,,,
traffic,PatchTST,time_stretch,4,4717,903,0.4924624562263489,MSE,0.5594930648803711,1.0128705501556396,input,93.0,92,413,True,0.0278000012040138,0.0278000012040138,,,
traffic,PatchTST,time_stretch,4,4717,903,0.4924624562263489,MSE,0.5594930648803711,1.0128705501556396,input,93.0,92,567,True,0.0292000006884336,0.0292000006884336,,,
traffic,PatchTST,time_stretch,4,4717,903,0.4924624562263489,MSE,0.5594930648803711,1.0128705501556396,input,93.0,92,571,True,0.0502999983727932,0.0502999983727932,,,
traffic,PatchTST,time_stretch,4,4717,903,0.4924624562263489,MSE,0.5594930648803711,1.0128705501556396,input,93.0,92,580,True,0.0111999996006488,0.0111999996006488,,,
traffic,PatchTST,time_stretch,4,4717,903,0.4924624562263489,MSE,0.5594930648803711,1.0128705501556396,input,93.0,92,639,True,0.0324999988079071,0.0324999988079071,,,
traffic,PatchTST,time_stretch,4,4717,903,0.4924624562263489,MSE,0.5594930648803711,1.0128705501556396,input,93.0,92,768,True,0.0313000008463859,0.0313000008463859,,,
traffic,PatchTST,time_stretch,4,4717,903,0.4924624562263489,MSE,0.5594930648803711,1.0128705501556396,input,93.0,92,774,True,0.006300002336502,0.006300002336502,,,
traffic,PatchTST,time_stretch,4,4717,903,0.4924624562263489,MSE,0.5594930648803711,1.0128705501556396,input,93.0,92,840,True,0.024100000038743,0.024100000038743,,,
traffic,PatchTST,time_stretch,4,4717,903,0.4924624562263489,MSE,0.5594930648803711,1.0128705501556396,input,94.0,93,133,True,0.0207000002264976,0.0207000002264976,,,
traffic,PatchTST,time_stretch,4,4717,903,0.4924624562263489,MSE,0.5594930648803711,1.0128705501556396,input,94.0,93,304,True,0.0359999984502792,0.0359999984502792,,,
traffic,PatchTST,time_stretch,4,4717,903,0.4924624562263489,MSE,0.5594930648803711,1.0128705501556396,input,94.0,93,402,True,0.0291000008583068,0.0291000008583068,,,
traffic,PatchTST,time_stretch,4,4717,903,0.4924624562263489,MSE,0.5594930648803711,1.0128705501556396,input,94.0,93,413,True,0.0412000007927417,0.0412000007927417,,,
traffic,PatchTST,time_stretch,4,4717,903,0.4924624562263489,MSE,0.5594930648803711,1.0128705501556396,input,94.0,93,567,True,0.0370000004768371,0.0370000004768371,,,
traffic,PatchTST,time_stretch,4,4717,903,0.4924624562263489,MSE,0.5594930648803711,1.0128705501556396,input,94.0,93,571,True,0.0436999984085559,0.0436999984085559,,,
traffic,PatchTST,time_stretch,4,4717,903,0.4924624562263489,MSE,0.5594930648803711,1.0128705501556396,input,94.0,93,580,True,0.0280999988317489,0.0280999988317489,,,
traffic,PatchTST,time_stretch,4,4717,903,0.4924624562263489,MSE,0.5594930648803711,1.0128705501556396,input,94.0,93,639,True,0.0502999983727932,0.0502999983727932,,,
traffic,PatchTST,time_stretch,4,4717,903,0.4924624562263489,MSE,0.5594930648803711,1.0128705501556396,input,94.0,93,768,True,0.0452999994158744,0.0452999994158744,,,
traffic,PatchTST,time_stretch,4,4717,903,0.4924624562263489,MSE,0.5594930648803711,1.0128705501556396,input,94.0,93,774,True,0.0122999995946884,0.0122999995946884,,,
traffic,PatchTST,time_stretch,4,4717,903,0.4924624562263489,MSE,0.5594930648803711,1.0128705501556396,input,94.0,93,840,True,0.0331000015139579,0.0331000015139579,,,
traffic,PatchTST,time_stretch,4,4717,903,0.4924624562263489,MSE,0.5594930648803711,1.0128705501556396,input,95.0,94,133,True,0.0320999994874,0.0320999994874,,,
traffic,PatchTST,time_stretch,4,4717,903,0.4924624562263489,MSE,0.5594930648803711,1.0128705501556396,input,95.0,94,304,True,0.0533000007271766,0.0533000007271766,,,
traffic,PatchTST,time_stretch,4,4717,903,0.4924624562263489,MSE,0.5594930648803711,1.0128705501556396,input,95.0,94,402,True,0.0447000004351139,0.0447000004351139,,,
traffic,PatchTST,time_stretch,4,4717,903,0.4924624562263489,MSE,0.5594930648803711,1.0128705501556396,input,95.0,94,413,True,0.0584000013768672,0.0584000013768672,,,
traffic,PatchTST,time_stretch,4,4717,903,0.4924624562263489,MSE,0.5594930648803711,1.0128705501556396,input,95.0,94,567,True,0.046799998730421,0.046799998730421,,,
traffic,PatchTST,time_stretch,4,4717,903,0.4924624562263489,MSE,0.5594930648803711,1.0128705501556396,input,95.0,94,571,True,0.062399998307228,0.062399998307228,,,
traffic,PatchTST,time_stretch,4,4717,903,0.4924624562263489,MSE,0.5594930648803711,1.0128705501556396,input,95.0,94,580,True,0.0379999987781047,0.0379999987781047,,,
traffic,PatchTST,time_stretch,4,4717,903,0.4924624562263489,MSE,0.5594930648803711,1.0128705501556396,input,95.0,94,639,True,0.0697999969124794,0.0697999969124794,,,
traffic,PatchTST,time_stretch,4,4717,903,0.4924624562263489,MSE,0.5594930648803711,1.0128705501556396,input,95.0,94,768,True,0.0680999979376792,0.0680999979376792,,,
traffic,PatchTST,time_stretch,4,4717,903,0.4924624562263489,MSE,0.5594930648803711,1.0128705501556396,input,95.0,94,774,True,0.0184000022709369,0.0184000022709369,,,
traffic,PatchTST,time_stretch,4,4717,903,0.4924624562263489,MSE,0.5594930648803711,1.0128705501556396,input,95.0,94,840,True,0.2477999925613403,0.2477999925613403,,,
traffic,PatchTST,time_stretch,4,4717,903,0.4924624562263489,MSE,0.5594930648803711,1.0128705501556396,input,96.0,95,133,True,0.046399999409914,0.046399999409914,,,
traffic,PatchTST,time_stretch,4,4717,903,0.4924624562263489,MSE,0.5594930648803711,1.0128705501556396,input,96.0,95,304,True,0.064300000667572,0.064300000667572,,,
traffic,PatchTST,time_stretch,4,4717,903,0.4924624562263489,MSE,0.5594930648803711,1.0128705501556396,input,96.0,95,402,True,0.0577999986708164,0.0577999986708164,,,
traffic,PatchTST,time_stretch,4,4717,903,0.4924624562263489,MSE,0.5594930648803711,1.0128705501556396,input,96.0,95,413,True,0.0714000016450882,0.0714000016450882,,,
traffic,PatchTST,time_stretch,4,4717,903,0.4924624562263489,MSE,0.5594930648803711,1.0128705501556396,input,96.0,95,567,True,0.0535999983549118,0.0535999983549118,,,
traffic,PatchTST,time_stretch,4,4717,903,0.4924624562263489,MSE,0.5594930648803711,1.0128705501556396,input,96.0,95,571,True,0.0639000013470649,0.0639000013470649,,,
traffic,PatchTST,time_stretch,4,4717,903,0.4924624562263489,MSE,0.5594930648803711,1.0128705501556396,input,96.0,95,580,True,0.0469999983906745,0.0469999983906745,,,
traffic,PatchTST,time_stretch,4,4717,903,0.4924624562263489,MSE,0.5594930648803711,1.0128705501556396,input,96.0,95,639,True,0.0766000002622604,0.0766000002622604,,,
traffic,PatchTST,time_stretch,4,4717,903,0.4924624562263489,MSE,0.5594930648803711,1.0128705501556396,input,96.0,95,768,True,0.0847000032663345,0.0847000032663345,,,
traffic,PatchTST,time_stretch,4,4717,903,0.4924624562263489,MSE,0.5594930648803711,1.0128705501556396,input,96.0,95,774,True,0.0237000007182359,0.0237000007182359,,,
traffic,PatchTST,time_stretch,4,4717,903,0.4924624562263489,MSE,0.5594930648803711,1.0128705501556396,input,96.0,95,840,True,0.2513000071048736,0.2513000071048736,,,
traffic,PatchTST,time_stretch,4,4717,903,0.4924624562263489,MSE,0.5594930648803711,1.0128705501556396,forecast,97.0,0,133,True,,,0.0584999993443489,0.0505333170294761,0.051665361970663
traffic,PatchTST,time_stretch,4,4717,903,0.4924624562263489,MSE,0.5594930648803711,1.0128705501556396,forecast,97.0,0,304,True,,,0.0711999982595443,0.082473449409008,0.0810005739331245
traffic,PatchTST,time_stretch,4,4717,903,0.4924624562263489,MSE,0.5594930648803711,1.0128705501556396,forecast,97.0,0,402,True,,,0.068800002336502,0.07174763828516,0.0834953784942627
traffic,PatchTST,time_stretch,4,4717,903,0.4924624562263489,MSE,0.5594930648803711,1.0128705501556396,forecast,97.0,0,413,True,,,0.0780000016093254,0.0812520757317543,0.080860897898674
traffic,PatchTST,time_stretch,4,4717,903,0.4924624562263489,MSE,0.5594930648803711,1.0128705501556396,forecast,97.0,0,567,True,,,0.049600001424551,0.0528877079486846,0.0465640798211097
traffic,PatchTST,time_stretch,4,4717,903,0.4924624562263489,MSE,0.5594930648803711,1.0128705501556396,forecast,97.0,0,571,True,,,0.0684999972581863,0.0732207745313644,0.0728367865085601
traffic,PatchTST,time_stretch,4,4717,903,0.4924624562263489,MSE,0.5594930648803711,1.0128705501556396,forecast,97.0,0,580,True,,,0.0555999986827373,0.0565791763365268,0.0609246753156185
traffic,PatchTST,time_stretch,4,4717,903,0.4924624562263489,MSE,0.5594930648803711,1.0128705501556396,forecast,97.0,0,639,True,,,0.0710999965667724,0.0750192925333976,0.0744392946362495
traffic,PatchTST,time_stretch,4,4717,903,0.4924624562263489,MSE,0.5594930648803711,1.0128705501556396,forecast,97.0,0,768,True,,,0.1616999953985214,0.0979559272527694,0.1199964359402656
traffic,PatchTST,time_stretch,4,4717,903,0.4924624562263489,MSE,0.5594930648803711,1.0128705501556396,forecast,97.0,0,774,True,,,0.0285000000149011,0.0308500509709119,0.0340038053691387
traffic,PatchTST,time_stretch,4,4717,903,0.4924624562263489,MSE,0.5594930648803711,1.0128705501556396,forecast,97.0,0,840,True,,,0.032600000500679,0.1810609549283981,0.1355616003274917
traffic,PatchTST,time_stretch,4,4717,903,0.4924624562263489,MSE,0.5594930648803711,1.0128705501556396,forecast,98.0,1,133,True,,,0.0659999996423721,0.0497704222798347,0.0475236810743808
traffic,PatchTST,time_stretch,4,4717,903,0.4924624562263489,MSE,0.5594930648803711,1.0128705501556396,forecast,98.0,1,304,True,,,0.0749000012874603,0.0820951908826828,0.0928431451320648
traffic,PatchTST,time_stretch,4,4717,903,0.4924624562263489,MSE,0.5594930648803711,1.0128705501556396,forecast,98.0,1,402,True,,,0.0715000033378601,0.0810866132378578,0.0874385014176368
traffic,PatchTST,time_stretch,4,4717,903,0.4924624562263489,MSE,0.5594930648803711,1.0128705501556396,forecast,98.0,1,413,True,,,0.0830999985337257,0.1006141006946563,0.0937364771962165
traffic,PatchTST,time_stretch,4,4717,903,0.4924624562263489,MSE,0.5594930648803711,1.0128705501556396,forecast,98.0,1,567,True,,,0.0474000014364719,0.0532783195376396,0.0451338663697242
traffic,PatchTST,time_stretch,4,4717,903,0.4924624562263489,MSE,0.5594930648803711,1.0128705501556396,forecast,98.0,1,571,True,,,0.0644000023603439,0.0758155211806297,0.0804115533828735
traffic,PatchTST,time_stretch,4,4717,903,0.4924624562263489,MSE,0.5594930648803711,1.0128705501556396,forecast,98.0,1,580,True,,,0.0608000010251998,0.0615172386169433,0.0597602054476738
traffic,PatchTST,time_stretch,4,4717,903,0.4924624562263489,MSE,0.5594930648803711,1.0128705501556396,forecast,98.0,1,639,True,,,0.0758000016212463,0.0771981924772262,0.0712210014462471
traffic,PatchTST,time_stretch,4,4717,903,0.4924624562263489,MSE,0.5594930648803711,1.0128705501556396,forecast,98.0,1,768,True,,,0.0795999988913536,0.1127476543188095,0.1477144509553909
traffic,PatchTST,time_stretch,4,4717,903,0.4924624562263489,MSE,0.5594930648803711,1.0128705501556396,forecast,98.0,1,774,True,,,0.0227000005543231,0.0343952141702175,0.033486220985651
traffic,PatchTST,time_stretch,4,4717,903,0.4924624562263489,MSE,0.5594930648803711,1.0128705501556396,forecast,98.0,1,840,True,,,0.5357999801635742,0.1617146879434585,0.1259234845638275
traffic,PatchTST,time_stretch,4,4717,903,0.4924624562263489,MSE,0.5594930648803711,1.0128705501556396,forecast,99.0,2,133,True,,,0.0533999986946582,0.0458254553377628,0.0437277294695377
traffic,PatchTST,time_stretch,4,4717,903,0.4924624562263489,MSE,0.5594930648803711,1.0128705501556396,forecast,99.0,2,304,True,,,0.0780000016093254,0.0915638208389282,0.112696886062622
traffic,PatchTST,time_stretch,4,4717,903,0.4924624562263489,MSE,0.5594930648803711,1.0128705501556396,forecast,99.0,2,402,True,,,0.065700002014637,0.0792386755347251,0.0909348428249359
traffic,PatchTST,time_stretch,4,4717,903,0.4924624562263489,MSE,0.5594930648803711,1.0128705501556396,forecast,99.0,2,413,True,,,0.0874999985098838,0.1052574515342712,0.1008593812584877
traffic,PatchTST,time_stretch,4,4717,903,0.4924624562263489,MSE,0.5594930648803711,1.0128705501556396,forecast,99.0,2,567,True,,,0.0471000000834465,0.0523156598210334,0.0448272638022899
traffic,PatchTST,time_stretch,4,4717,903,0.4924624562263489,MSE,0.5594930648803711,1.0128705501556396,forecast,99.0,2,571,True,,,0.09009999781847,0.0817132592201232,0.0853859707713127
traffic,PatchTST,time_stretch,4,4717,903,0.4924624562263489,MSE,0.5594930648803711,1.0128705501556396,forecast,99.0,2,580,True,,,0.0560000017285347,0.0594364926218986,0.0640476942062377
traffic,PatchTST,time_stretch,4,4717,903,0.4924624562263489,MSE,0.5594930648803711,1.0128705501556396,forecast,99.0,2,639,True,,,0.0753000006079673,0.0829079151153564,0.0751600116491317
traffic,PatchTST,time_stretch,4,4717,903,0.4924624562263489,MSE,0.5594930648803711,1.0128705501556396,forecast,99.0,2,768,True,,,0.0825999975204467,0.1120597571134567,0.1411715149879455
traffic,PatchTST,time_stretch,4,4717,903,0.4924624562263489,MSE,0.5594930648803711,1.0128705501556396,forecast,99.0,2,774,True,,,0.0261000003665685,0.0296350494027137,0.0368631444871425
traffic,PatchTST,time_stretch,4,4717,903,0.4924624562263489,MSE,0.5594930648803711,1.0128705501556396,forecast,99.0,2,840,True,,,0.5870000123977661,0.143988624215126,0.1301382184028625
traffic,PatchTST,time_stretch,4,4717,903,0.4924624562263489,MSE,0.5594930648803711,1.0128705501556396,forecast,100.0,3,133,True,,,0.048599999397993,0.0417003780603408,0.0375718064606189
traffic,PatchTST,time_stretch,4,4717,903,0.4924624562263489,MSE,0.5594930648803711,1.0128705501556396,forecast,100.0,3,304,True,,,0.0746999979019165,0.1121999695897102,0.1326615363359451
traffic,PatchTST,time_stretch,4,4717,903,0.4924624562263489,MSE,0.5594930648803711,1.0128705501556396,forecast,100.0,3,402,True,,,0.0693999975919723,0.0772910043597221,0.109221413731575
traffic,PatchTST,time_stretch,4,4717,903,0.4924624562263489,MSE,0.5594930648803711,1.0128705501556396,forecast,100.0,3,413,True,,,0.0869999974966049,0.1072531342506408,0.1041788011789321
traffic,PatchTST,time_stretch,4,4717,903,0.4924624562263489,MSE,0.5594930648803711,1.0128705501556396,forecast,100.0,3,567,True,,,0.0425000004470348,0.0509514138102531,0.0418532863259315
traffic,PatchTST,time_stretch,4,4717,903,0.4924624562263489,MSE,0.5594930648803711,1.0128705501556396,forecast,100.0,3,571,True,,,0.0954999923706054,0.0902238339185714,0.0938162505626678
traffic,PatchTST,time_stretch,4,4717,903,0.4924624562263489,MSE,0.5594930648803711,1.0128705501556396,forecast,100.0,3,580,True,,,0.0592000000178813,0.0545896515250206,0.0782231166958808
traffic,PatchTST,time_stretch,4,4717,903,0.4924624562263489,MSE,0.5594930648803711,1.0128705501556396,forecast,100.0,3,639,True,,,0.0803999975323677,0.0844780057668685,0.075191356241703
traffic,PatchTST,time_stretch,4,4717,903,0.4924624562263489,MSE,0.5594930648803711,1.0128705501556396,forecast,100.0,3,768,True,,,0.0907000005245208,0.113740861415863,0.1278641670942306
traffic,PatchTST,time_stretch,4,4717,903,0.4924624562263489,MSE,0.5594930648803711,1.0128705501556396,forecast,100.0,3,774,True,,,0.0264999996870756,0.0310653615742921,0.0429756492376327
traffic,PatchTST,time_stretch,4,4717,903,0.4924624562263489,MSE,0.5594930648803711,1.0128705501556396,forecast,100.0,3,840,True,,,0.539900004863739,0.0975005179643631,0.047727346420288
traffic,PatchTST,time_stretch,4,4717,903,0.4924624562263489,MSE,0.5594930648803711,1.0128705501556396,forecast,101.0,4,133,True,,,0.0443000011146068,0.0278630424290895,0.0284084975719451
traffic,PatchTST,time_stretch,4,4717,903,0.4924624562263489,MSE,0.5594930648803711,1.0128705501556396,forecast,101.0,4,304,True,,,0.0767000019550323,0.1081356704235076,0.1305160522460937
traffic,PatchTST,time_stretch,4,4717,903,0.4924624562263489,MSE,0.5594930648803711,1.0128705501556396,forecast,101.0,4,402,True,,,0.0625,0.0702782198786735,0.0973480641841888
traffic,PatchTST,time_stretch,4,4717,903,0.4924624562263489,MSE,0.5594930648803711,1.0128705501556396,forecast,101.0,4,413,True,,,0.0851000025868415,0.1081860959529876,0.114503264427185
traffic,PatchTST,time_stretch,4,4717,903,0.4924624562263489,MSE,0.5594930648803711,1.0128705501556396,forecast,101.0,4,567,True,,,0.0403999984264373,0.0466998368501663,0.0429866574704647
traffic,PatchTST,time_stretch,4,4717,903,0.4924624562263489,MSE,0.5594930648803711,1.0128705501556396,forecast,101.0,4,571,True,,,0.0991000011563301,0.0835867226123809,0.0849571973085403
traffic,PatchTST,time_stretch,4,4717,903,0.4924624562263489,MSE,0.5594930648803711,1.0128705501556396,forecast,101.0,4,580,True,,,0.0538000017404556,0.0509475283324718,0.0795739963650703
traffic,PatchTST,time_stretch,4,4717,903,0.4924624562263489,MSE,0.5594930648803711,1.0128705501556396,forecast,101.0,4,639,True,,,0.0747999995946884,0.0792090892791748,0.0687824115157127
traffic,PatchTST,time_stretch,4,4717,903,0.4924624562263489,MSE,0.5594930648803711,1.0128705501556396,forecast,101.0,4,768,True,,,0.0807999968528747,0.1130672022700309,0.1225755736231803
traffic,PatchTST,time_stretch,4,4717,903,0.4924624562263489,MSE,0.5594930648803711,1.0128705501556396,forecast,101.0,4,774,True,,,0.0296999998390674,0.022575095295906,0.0334739685058593
traffic,PatchTST,time_stretch,4,4717,903,0.4924624562263489,MSE,0.5594930648803711,1.0128705501556396,forecast,101.0,4,840,True,,,0.0264999996870756,0.0756436586380004,0.0368912853300571
traffic,PatchTST,time_stretch,4,4717,903,0.4924624562263489,MSE,0.5594930648803711,1.0128705501556396,forecast,102.0,5,133,True,,,0.0406999997794628,0.027743250131607,0.0313180238008499
traffic,PatchTST,time_stretch,4,4717,903,0.4924624562263489,MSE,0.5594930648803711,1.0128705501556396,forecast,102.0,5,304,True,,,0.067500002682209,0.0928301140666008,0.1210159659385681
traffic,PatchTST,time_stretch,4,4717,903,0.4924624562263489,MSE,0.5594930648803711,1.0128705501556396,forecast,102.0,5,402,True,,,0.0617000013589859,0.0752836391329765,0.0935943573713302
traffic,PatchTST,time_stretch,4,4717,903,0.4924624562263489,MSE,0.5594930648803711,1.0128705501556396,forecast,102.0,5,413,True,,,0.0834000036120414,0.0857487097382545,0.0891352817416191
traffic,PatchTST,time_stretch,4,4717,903,0.4924624562263489,MSE,0.5594930648803711,1.0128705501556396,forecast,102.0,5,567,True,,,0.0381000004708766,0.042741484940052,0.0450628027319908
traffic,PatchTST,time_stretch,4,4717,903,0.4924624562263489,MSE,0.5594930648803711,1.0128705501556396,forecast,102.0,5,571,True,,,0.1039000004529953,0.0837701112031936,0.0874220132827758
traffic,PatchTST,time_stretch,4,4717,903,0.4924624562263489,MSE,0.5594930648803711,1.0128705501556396,forecast,102.0,5,580,True,,,0.0548000000417232,0.0501480512320995,0.0714656114578247
traffic,PatchTST,time_stretch,4,4717,903,0.4924624562263489,MSE,0.5594930648803711,1.0128705501556396,forecast,102.0,5,639,True,,,0.0741000026464462,0.0737558603286743,0.0685403943061828
traffic,PatchTST,time_stretch,4,4717,903,0.4924624562263489,MSE,0.5594930648803711,1.0128705501556396,forecast,102.0,5,768,True,,,0.0833000019192695,0.114142969250679,0.1144440919160842
traffic,PatchTST,time_stretch,4,4717,903,0.4924624562263489,MSE,0.5594930648803711,1.0128705501556396,forecast,102.0,5,774,True,,,0.0328000001609325,0.025498017668724,0.0513141602277755
traffic,PatchTST,time_stretch,4,4717,903,0.4924624562263489,MSE,0.5594930648803711,1.0128705501556396,forecast,102.0,5,840,True,,,0.0298999994993209,0.0653246715664863,0.0344387739896774
traffic,PatchTST,time_stretch,4,4717,903,0.4924624562263489,MSE,0.5594930648803711,1.0128705501556396,forecast,103.0,6,133,True,,,0.0372000001370906,0.0415198691189289,0.0220205057412385
traffic,PatchTST,time_stretch,4,4717,903,0.4924624562263489,MSE,0.5594930648803711,1.0128705501556396,forecast,103.0,6,304,True,,,0.0715000033378601,0.0908485427498817,0.0983360707759857
traffic,PatchTST,time_stretch,4,4717,903,0.4924624562263489,MSE,0.5594930648803711,1.0128705501556396,forecast,103.0,6,402,True,,,0.069300003349781,0.0761691033840179,0.0832089856266975
traffic,PatchTST,time_stretch,4,4717,903,0.4924624562263489,MSE,0.5594930648803711,1.0128705501556396,forecast,103.0,6,413,True,,,0.0829000025987625,0.0881006717681884,0.0903477817773819
traffic,PatchTST,time_stretch,4,4717,903,0.4924624562263489,MSE,0.5594930648803711,1.0128705501556396,forecast,103.0,6,567,True,,,0.034400001168251,0.0417741164565086,0.0450242236256599
traffic,PatchTST,time_stretch,4,4717,903,0.4924624562263489,MSE,0.5594930648803711,1.0128705501556396,forecast,103.0,6,571,True,,,0.1228000000119209,0.0795896649360656,0.088869571685791
traffic,PatchTST,time_stretch,4,4717,903,0.4924624562263489,MSE,0.5594930648803711,1.0128705501556396,forecast,103.0,6,580,True,,,0.0597999989986419,0.0522703491151332,0.0646130591630935
traffic,PatchTST,time_stretch,4,4717,903,0.4924624562263489,MSE,0.5594930648803711,1.0128705501556396,forecast,103.0,6,639,True,,,0.0718000009655952,0.0756092071533203,0.0727896988391876
traffic,PatchTST,time_stretch,4,4717,903,0.4924624562263489,MSE,0.5594930648803711,1.0128705501556396,forecast,103.0,6,768,True,,,0.0771000012755394,0.1041354835033416,0.0963733941316604
traffic,PatchTST,time_stretch,4,4717,903,0.4924624562263489,MSE,0.5594930648803711,1.0128705501556396,forecast,103.0,6,774,True,,,0.0370000004768371,0.0272289812564849,0.0417706482112407
traffic,PatchTST,time_stretch,4,4717,903,0.4924624562263489,MSE,0.5594930648803711,1.0128705501556396,forecast,103.0,6,840,True,,,0.025900000706315,0.0569854527711868,0.0358848385512828
traffic,PatchTST,time_stretch,4,4717,903,0.4924624562263489,MSE,0.5594930648803711,1.0128705501556396,forecast,104.0,7,133,True,,,0.0337999984622001,0.0292733944952487,0.0237543452531099
traffic,PatchTST,time_stretch,4,4717,903,0.4924624562263489,MSE,0.5594930648803711,1.0128705501556396,forecast,104.0,7,304,True,,,0.063799999654293,0.0748977959156036,0.094488114118576
traffic,PatchTST,time_stretch,4,4717,903,0.4924624562263489,MSE,0.5594930648803711,1.0128705501556396,forecast,104.0,7,402,True,,,0.0553999990224838,0.0624684616923332,0.0808622315526008
traffic,PatchTST,time_stretch,4,4717,903,0.4924624562263489,MSE,0.5594930648803711,1.0128705501556396,forecast,104.0,7,413,True,,,0.0755999982357025,0.0801018476486206,0.0882579013705253
traffic,PatchTST,time_stretch,4,4717,903,0.4924624562263489,MSE,0.5594930648803711,1.0128705501556396,forecast,104.0,7,567,True,,,0.0288999993354082,0.0379446968436241,0.0401967652142047
traffic,PatchTST,time_stretch,4,4717,903,0.4924624562263489,MSE,0.5594930648803711,1.0128705501556396,forecast,104.0,7,571,True,,,0.1220000013709068,0.0763002634048461,0.0898781791329383
traffic,PatchTST,time_stretch,4,4717,903,0.4924624562263489,MSE,0.5594930648803711,1.0128705501556396,forecast,104.0,7,580,True,,,0.050900001078844,0.0399863496422767,0.0653220117092132
traffic,PatchTST,time_stretch,4,4717,903,0.4924624562263489,MSE,0.5594930648803711,1.0128705501556396,forecast,104.0,7,639,True,,,0.0636999979615211,0.0666559636592865,0.0813369452953338
traffic,PatchTST,time_stretch,4,4717,903,0.4924624562263489,MSE,0.5594930648803711,1.0128705501556396,forecast,104.0,7,768,True,,,0.0725999996066093,0.0926219448447227,0.0934108719229698
traffic,PatchTST,time_stretch,4,4717,903,0.4924624562263489,MSE,0.5594930648803711,1.0128705501556396,forecast,104.0,7,774,True,,,0.0285999998450279,0.0232919007539749,0.0317538827657699
traffic,PatchTST,time_stretch,4,4717,903,0.4924624562263489,MSE,0.5594930648803711,1.0128705501556396,forecast,104.0,7,840,True,,,0.0216000005602836,0.0424266681075096,0.0318850129842758
traffic,PatchTST,time_stretch,4,4717,903,0.4924624562263489,MSE,0.5594930648803711,1.0128705501556396,forecast,105.0,8,133,True,,,0.031199999153614,0.0306635163724422,0.0256371200084686
traffic,PatchTST,time_stretch,4,4717,903,0.4924624562263489,MSE,0.5594930648803711,1.0128705501556396,forecast,105.0,8,304,True,,,0.0604999996721744,0.0640914365649223,0.115136057138443
traffic,PatchTST,time_stretch,4,4717,903,0.4924624562263489,MSE,0.5594930648803711,1.0128705501556396,forecast,105.0,8,402,True,,,0.0450999997556209,0.0411631911993026,0.0877788737416267
traffic,PatchTST,time_stretch,4,4717,903,0.4924624562263489,MSE,0.5594930648803711,1.0128705501556396,forecast,105.0,8,413,True,,,0.0781000033020973,0.0755195543169975,0.0747409909963607
traffic,PatchTST,time_stretch,4,4717,903,0.4924624562263489,MSE,0.5594930648803711,1.0128705501556396,forecast,105.0,8,567,True,,,0.0324999988079071,0.0347188785672187,0.0348852574825286
traffic,PatchTST,time_stretch,4,4717,903,0.4924624562263489,MSE,0.5594930648803711,1.0128705501556396,forecast,105.0,8,571,True,,,0.1274999976158142,0.0654566213488578,0.075954332947731
traffic,PatchTST,time_stretch,4,4717,903,0.4924624562263489,MSE,0.5594930648803711,1.0128705501556396,forecast,105.0,8,580,True,,,0.0403000004589557,0.0264700204133987,0.0720395073294639
traffic,PatchTST,time_stretch,4,4717,903,0.4924624562263489,MSE,0.5594930648803711,1.0128705501556396,forecast,105.0,8,639,True,,,0.0625,0.0592690967023372,0.0928519666194915
traffic,PatchTST,time_stretch,4,4717,903,0.4924624562263489,MSE,0.5594930648803711,1.0128705501556396,forecast,105.0,8,768,True,,,0.0723000019788742,0.0865193232893943,0.1087279319763183
traffic,PatchTST,time_stretch,4,4717,903,0.4924624562263489,MSE,0.5594930648803711,1.0128705501556396,forecast,105.0,8,774,True,,,0.026300000026822,0.0192697532474994,0.0384668447077274
traffic,PatchTST,time_stretch,4,4717,903,0.4924624562263489,MSE,0.5594930648803711,1.0128705501556396,forecast,105.0,8,840,True,,,0.015599999576807,0.0243474449962377,0.0250655300915241
traffic,PatchTST,time_stretch,4,4717,903,0.4924624562263489,MSE,0.5594930648803711,1.0128705501556396,forecast,106.0,9,133,True,,,0.0280000008642673,0.0327363759279251,0.0349964499473571
traffic,PatchTST,time_stretch,4,4717,903,0.4924624562263489,MSE,0.5594930648803711,1.0128705501556396,forecast,106.0,9,304,True,,,0.0533999986946582,0.0488904938101768,0.112137496471405
traffic,PatchTST,time_stretch,4,4717,903,0.4924624562263489,MSE,0.5594930648803711,1.0128705501556396,forecast,106.0,9,402,True,,,0.0386999994516372,0.036129780113697,0.0931927636265754
traffic,PatchTST,time_stretch,4,4717,903,0.4924624562263489,MSE,0.5594930648803711,1.0128705501556396,forecast,106.0,9,413,True,,,0.0768000036478042,0.0763228386640548,0.0642069429159164
traffic,PatchTST,time_stretch,4,4717,903,0.4924624562263489,MSE,0.5594930648803711,1.0128705501556396,forecast,106.0,9,567,True,,,0.0293000005185604,0.031858142465353,0.0315090827643871
traffic,PatchTST,time_stretch,4,4717,903,0.4924624562263489,MSE,0.5594930648803711,1.0128705501556396,forecast,106.0,9,571,True,,,0.095100000500679,0.0591570362448692,0.0660601258277893
traffic,PatchTST,time_stretch,4,4717,903,0.4924624562263489,MSE,0.5594930648803711,1.0128705501556396,forecast,106.0,9,580,True,,,0.034400001168251,0.0258073471486568,0.0759723857045173
traffic,PatchTST,time_stretch,4,4717,903,0.4924624562263489,MSE,0.5594930648803711,1.0128705501556396,forecast,106.0,9,639,True,,,0.0487999990582466,0.0522089526057243,0.089651808142662
traffic,PatchTST,time_stretch,4,4717,903,0.4924624562263489,MSE,0.5594930648803711,1.0128705501556396,forecast,106.0,9,768,True,,,0.069300003349781,0.0804085880517959,0.1274496763944625
traffic,PatchTST,time_stretch,4,4717,903,0.4924624562263489,MSE,0.5594930648803711,1.0128705501556396,forecast,106.0,9,774,True,,,0.0199999995529651,0.0173805654048919,0.044383842498064
traffic,PatchTST,time_stretch,4,4717,903,0.4924624562263489,MSE,0.5594930648803711,1.0128705501556396,forecast,106.0,9,840,True,,,0.017799999564886,0.0184651240706443,0.0212211310863494
traffic,PatchTST,time_stretch,4,4717,903,0.4924624562263489,MSE,0.5594930648803711,1.0128705501556396,forecast,107.0,10,133,True,,,0.0208999998867511,0.0291981175541877,0.0422953888773918
traffic,PatchTST,time_stretch,4,4717,903,0.4924624562263489,MSE,0.5594930648803711,1.0128705501556396,forecast,107.0,10,304,True,,,0.0493000000715255,0.0427576340734958,0.0955907776951789
traffic,PatchTST,time_stretch,4,4717,903,0.4924624562263489,MSE,0.5594930648803711,1.0128705501556396,forecast,107.0,10,402,True,,,0.0185000039637088,0.0339681394398212,0.0824204236268997
traffic,PatchTST,time_stretch,4,4717,903,0.4924624562263489,MSE,0.5594930648803711,1.0128705501556396,forecast,107.0,10,413,True,,,0.0680999979376792,0.0721241384744644,0.0576933771371841
traffic,PatchTST,time_stretch,4,4717,903,0.4924624562263489,MSE,0.5594930648803711,1.0128705501556396,forecast,107.0,10,567,True,,,0.0245999991893768,0.0287985429167747,0.0296152923256158
traffic,PatchTST,time_stretch,4,4717,903,0.4924624562263489,MSE,0.5594930648803711,1.0128705501556396,forecast,107.0,10,571,True,,,0.0967999994754791,0.0590781271457672,0.0591916888952255
traffic,PatchTST,time_stretch,4,4717,903,0.4924624562263489,MSE,0.5594930648803711,1.0128705501556396,forecast,107.0,10,580,True,,,0.0192999988794326,0.0246297158300876,0.066202811896801
traffic,PatchTST,time_stretch,4,4717,903,0.4924624562263489,MSE,0.5594930648803711,1.0128705501556396,forecast,107.0,10,639,True,,,0.0397999994456768,0.0415687188506126,0.0717628076672554
traffic,PatchTST,time_stretch,4,4717,903,0.4924624562263489,MSE,0.5594930648803711,1.0128705501556396,forecast,107.0,10,768,True,,,0.0586999990046024,0.0677415132522583,0.128204196691513
traffic,PatchTST,time_stretch,4,4717,903,0.4924624562263489,MSE,0.5594930648803711,1.0128705501556396,forecast,107.0,10,774,True,,,0.0152000002562999,0.017567191272974,0.0479156598448753
traffic,PatchTST,time_stretch,4,4717,903,0.4924624562263489,MSE,0.5594930648803711,1.0128705501556396,forecast,107.0,10,840,True,,,0.0175000000745058,0.0146557595580816,0.0221624579280614
traffic,PatchTST,time_stretch,4,4717,903,0.4924624562263489,MSE,0.5594930648803711,1.0128705501556396,forecast,108.0,11,133,True,,,0.0126000009477138,0.0168510377407073,0.0364020094275474
traffic,PatchTST,time_stretch,4,4717,903,0.4924624562263489,MSE,0.5594930648803711,1.0128705501556396,forecast,108.0,11,304,True,,,0.0370999984443187,0.0310945734381675,0.0893178135156631
traffic,PatchTST,time_stretch,4,4717,903,0.4924624562263489,MSE,0.5594930648803711,1.0128705501556396,forecast,108.0,11,402,True,,,0.003600001335144,0.0251574032008647,0.0722616240382194
traffic,PatchTST,time_stretch,4,4717,903,0.4924624562263489,MSE,0.5594930648803711,1.0128705501556396,forecast,108.0,11,413,True,,,0.0511000007390975,0.06093355640769,0.0534183979034423
traffic,PatchTST,time_stretch,4,4717,903,0.4924624562263489,MSE,0.5594930648803711,1.0128705501556396,forecast,108.0,11,567,True,,,0.017400000244379,0.0223985444754362,0.0277994479984045
traffic,PatchTST,time_stretch,4,4717,903,0.4924624562263489,MSE,0.5594930648803711,1.0128705501556396,forecast,108.0,11,571,True,,,0.0674000009894371,0.0575919486582279,0.0545055270195007
traffic,PatchTST,time_stretch,4,4717,903,0.4924624562263489,MSE,0.5594930648803711,1.0128705501556396,forecast,108.0,11,580,True,,,0.0052000023424625,0.0188141390681266,0.0583046376705169
traffic,PatchTST,time_stretch,4,4717,903,0.4924624562263489,MSE,0.5594930648803711,1.0128705501556396,forecast,108.0,11,639,True,,,0.0318999998271465,0.030447332188487,0.0656559914350509
traffic,PatchTST,time_stretch,4,4717,903,0.4924624562263489,MSE,0.5594930648803711,1.0128705501556396,forecast,108.0,11,768,True,,,0.0407999977469444,0.0495321676135063,0.1165846586227417
traffic,PatchTST,time_stretch,4,4717,903,0.4924624562263489,MSE,0.5594930648803711,1.0128705501556396,forecast,108.0,11,774,True,,,0.0099999997764825,0.0131377335637807,0.045534573495388
traffic,PatchTST,time_stretch,4,4717,903,0.4924624562263489,MSE,0.5594930648803711,1.0128705501556396,forecast,108.0,11,840,True,,,0.0153999999165534,0.005644554272294,0.0225129388272762
traffic,PatchTST,time_stretch,4,4717,903,0.4924624562263489,MSE,0.5594930648803711,1.0128705501556396,forecast,109.0,12,133,True,,,0.0071000009775161,0.0073427148163318,0.0347257405519485
traffic,PatchTST,time_stretch,4,4717,903,0.4924624562263489,MSE,0.5594930648803711,1.0128705501556396,forecast,109.0,12,304,True,,,0.0260000005364418,0.0216201357543468,0.0783129632472992
traffic,PatchTST,time_stretch,4,4717,903,0.4924624562263489,MSE,0.5594930648803711,1.0128705501556396,forecast,109.0,12,402,True,,,0.0002999976277351,0.012238685041666,0.0677526965737342
traffic,PatchTST,time_stretch,4,4717,903,0.4924624562263489,MSE,0.5594930648803711,1.0128705501556396,forecast,109.0,12,413,True,,,0.0333999991416931,0.0451684445142746,0.0510075613856315
traffic,PatchTST,time_stretch,4,4717,903,0.4924624562263489,MSE,0.5594930648803711,1.0128705501556396,forecast,109.0,12,567,True,,,0.0097000002861022,0.0153897041454911,0.0242667458951473
traffic,PatchTST,time_stretch,4,4717,903,0.4924624562263489,MSE,0.5594930648803711,1.0128705501556396,forecast,109.0,12,571,True,,,0.0571999996900558,0.0484657250344753,0.0556987300515174
traffic,PatchTST,time_stretch,4,4717,903,0.4924624562263489,MSE,0.5594930648803711,1.0128705501556396,forecast,109.0,12,580,True,,,0.0031999982893466,0.0095604956150054,0.0548528134822845
traffic,PatchTST,time_stretch,4,4717,903,0.4924624562263489,MSE,0.5594930648803711,1.0128705501556396,forecast,109.0,12,639,True,,,0.0172999985516071,0.022258635610342,0.0675691440701484
traffic,PatchTST,time_stretch,4,4717,903,0.4924624562263489,MSE,0.5594930648803711,1.0128705501556396,forecast,109.0,12,768,True,,,0.0248000025749206,0.0353196114301681,0.1056365370750427
traffic,PatchTST,time_stretch,4,4717,903,0.4924624562263489,MSE,0.5594930648803711,1.0128705501556396,forecast,109.0,12,774,True,,,0.0060000009834766,0.0067921672016382,0.0412609204649925
traffic,PatchTST,time_stretch,4,4717,903,0.4924624562263489,MSE,0.5594930648803711,1.0128705501556396,forecast,109.0,12,840,True,,,0.0104000009596347,-0.0016337037086486,0.0185345616191625
traffic,PatchTST,time_stretch,4,4717,903,0.4924624562263489,MSE,0.5594930648803711,1.0128705501556396,forecast,110.0,13,133,True,,,0.0038999989628791,0.0064865499734878,0.0457350052893161
traffic,PatchTST,time_stretch,4,4717,903,0.4924624562263489,MSE,0.5594930648803711,1.0128705501556396,forecast,110.0,13,304,True,,,0.0139000006020069,0.0172898098826408,0.0758320614695549
traffic,PatchTST,time_stretch,4,4717,903,0.4924624562263489,MSE,0.5594930648803711,1.0128705501556396,forecast,110.0,13,402,True,,,0.0,0.0095354579389095,0.0740940943360328
traffic,PatchTST,time_stretch,4,4717,903,0.4924624562263489,MSE,0.5594930648803711,1.0128705501556396,forecast,110.0,13,413,True,,,0.0179999992251396,0.0285977199673652,0.0446286089718341
traffic,PatchTST,time_stretch,4,4717,903,0.4924624562263489,MSE,0.5594930648803711,1.0128705501556396,forecast,110.0,13,567,True,,,0.0054999999701976,0.0116059323772788,0.0193130262196064
traffic,PatchTST,time_stretch,4,4717,903,0.4924624562263489,MSE,0.5594930648803711,1.0128705501556396,forecast,110.0,13,571,True,,,0.0621999986469745,0.0368799231946468,0.0524910353124141
traffic,PatchTST,time_stretch,4,4717,903,0.4924624562263489,MSE,0.5594930648803711,1.0128705501556396,forecast,110.0,13,580,True,,,0.003100000321865,0.0099345259368419,0.0598311610519886
traffic,PatchTST,time_stretch,4,4717,903,0.4924624562263489,MSE,0.5594930648803711,1.0128705501556396,forecast,110.0,13,639,True,,,0.0150000005960464,0.0169827453792095,0.0670298263430595
traffic,PatchTST,time_stretch,4,4717,903,0.4924624562263489,MSE,0.5594930648803711,1.0128705501556396,forecast,110.0,13,768,True,,,0.0121999979019165,0.0263720527291297,0.0987767353653907
traffic,PatchTST,time_stretch,4,4717,903,0.4924624562263489,MSE,0.5594930648803711,1.0128705501556396,forecast,110.0,13,774,True,,,0.0030000004917383,0.0041876882314682,0.0431616343557834
traffic,PatchTST,time_stretch,4,4717,903,0.4924624562263489,MSE,0.5594930648803711,1.0128705501556396,forecast,110.0,13,840,True,,,0.0052000004798173,-0.000643603503704,0.0154556818306446
traffic,PatchTST,time_stretch,4,4717,903,0.4924624562263489,MSE,0.5594930648803711,1.0128705501556396,forecast,111.0,14,133,True,,,0.0016999989748001,0.0060399062931537,0.0528285950422287
traffic,PatchTST,time_stretch,4,4717,903,0.4924624562263489,MSE,0.5594930648803711,1.0128705501556396,forecast,111.0,14,304,True,,,0.0075000002980232,0.014177318662405,0.0777649879455566
traffic,PatchTST,time_stretch,4,4717,903,0.4924624562263489,MSE,0.5594930648803711,1.0128705501556396,forecast,111.0,14,402,True,,,0.0,0.0110529996454715,0.0794162526726722
traffic,PatchTST,time_stretch,4,4717,903,0.4924624562263489,MSE,0.5594930648803711,1.0128705501556396,forecast,111.0,14,413,True,,,0.0097000002861022,0.0183544158935546,0.0400699004530906
traffic,PatchTST,time_stretch,4,4717,903,0.4924624562263489,MSE,0.5594930648803711,1.0128705501556396,forecast,111.0,14,567,True,,,0.0041000004857778,0.0106094470247626,0.0167406760156154
traffic,PatchTST,time_stretch,4,4717,903,0.4924624562263489,MSE,0.5594930648803711,1.0128705501556396,forecast,111.0,14,571,True,,,0.014699999243021,0.0241503976285457,0.0455198399722576
traffic,PatchTST,time_stretch,4,4717,903,0.4924624562263489,MSE,0.5594930648803711,1.0128705501556396,forecast,111.0,14,580,True,,,0.003100000321865,0.0130908489227294,0.0646223127841949
traffic,PatchTST,time_stretch,4,4717,903,0.4924624562263489,MSE,0.5594930648803711,1.0128705501556396,forecast,111.0,14,639,True,,,0.0119000002741813,0.0153949633240699,0.0635550022125244
traffic,PatchTST,time_stretch,4,4717,903,0.4924624562263489,MSE,0.5594930648803711,1.0128705501556396,forecast,111.0,14,768,True,,,0.0073999986052513,0.0189596712589263,0.0924826189875602
traffic,PatchTST,time_stretch,4,4717,903,0.4924624562263489,MSE,0.5594930648803711,1.0128705501556396,forecast,111.0,14,774,True,,,0.0010000020265579,0.0021250899881124,0.0418964065611362
traffic,PatchTST,time_stretch,4,4717,903,0.4924624562263489,MSE,0.5594930648803711,1.0128705501556396,forecast,111.0,14,840,True,,,0.0033999998122453,0.0044314917176961,0.0165449101477861
traffic,PatchTST,time_stretch,4,4717,903,0.4924624562263489,MSE,0.5594930648803711,1.0128705501556396,forecast,112.0,15,133,True,,,0.000799998641014,0.0049751438200473,0.0525273121893405
traffic,PatchTST,time_stretch,4,4717,903,0.4924624562263489,MSE,0.5594930648803711,1.0128705501556396,forecast,112.0,15,304,True,,,0.0056999996304512,0.0155808888375759,0.0744237825274467
traffic,PatchTST,time_stretch,4,4717,903,0.4924624562263489,MSE,0.5594930648803711,1.0128705501556396,forecast,112.0,15,402,True,,,0.0,0.0096827112138271,0.0846142396330833
traffic,PatchTST,time_stretch,4,4717,903,0.4924624562263489,MSE,0.5594930648803711,1.0128705501556396,forecast,112.0,15,413,True,,,0.006800003349781,0.0157710462808609,0.0372218079864978
traffic,PatchTST,time_stretch,4,4717,903,0.4924624562263489,MSE,0.5594930648803711,1.0128705501556396,forecast,112.0,15,567,True,,,0.0049000009894371,0.0137482145801186,0.0162486806511878
traffic,PatchTST,time_stretch,4,4717,903,0.4924624562263489,MSE,0.5594930648803711,1.0128705501556396,forecast,112.0,15,571,True,,,0.0190999992191791,0.0178693067282438,0.0396034196019172
traffic,PatchTST,time_stretch,4,4717,903,0.4924624562263489,MSE,0.5594930648803711,1.0128705501556396,forecast,112.0,15,580,True,,,0.003100000321865,0.0124174691736698,0.0708930641412735
traffic,PatchTST,time_stretch,4,4717,903,0.4924624562263489,MSE,0.5594930648803711,1.0128705501556396,forecast,112.0,15,639,True,,,0.0108000002801418,0.0152898840606212,0.0629610940814018
traffic,PatchTST,time_stretch,4,4717,903,0.4924624562263489,MSE,0.5594930648803711,1.0128705501556396,forecast,112.0,15,768,True,,,0.0065999999642372,0.017669603228569,0.0891900435090065
traffic,PatchTST,time_stretch,4,4717,903,0.4924624562263489,MSE,0.5594930648803711,1.0128705501556396,forecast,112.0,15,774,True,,,0.0010000020265579,0.0024218801409006,0.0393906123936176
traffic,PatchTST,time_stretch,4,4717,903,0.4924624562263489,MSE,0.5594930648803711,1.0128705501556396,forecast,112.0,15,840,True,,,0.0047999992966651,-0.0018701441586017,0.0130745954811573
traffic,PatchTST,time_stretch,4,4717,903,0.4924624562263489,MSE,0.5594930648803711,1.0128705501556396,forecast,113.0,16,133,True,,,0.000900000333786,0.004593800753355,0.0469220876693725
traffic,PatchTST,time_stretch,4,4717,903,0.4924624562263489,MSE,0.5594930648803711,1.0128705501556396,forecast,113.0,16,304,True,,,0.0054999999701976,0.0182980448007583,0.0671426951885223
traffic,PatchTST,time_stretch,4,4717,903,0.4924624562263489,MSE,0.5594930648803711,1.0128705501556396,forecast,113.0,16,402,True,,,0.0001000016927719,0.0062117204070091,0.0911772549152374
traffic,PatchTST,time_stretch,4,4717,903,0.4924624562263489,MSE,0.5594930648803711,1.0128705501556396,forecast,113.0,16,413,True,,,0.0084000006318092,0.0201792120933532,0.0369902178645134
traffic,PatchTST,time_stretch,4,4717,903,0.4924624562263489,MSE,0.5594930648803711,1.0128705501556396,forecast,113.0,16,567,True,,,0.0115999998524785,0.0208979900926351,0.0177383199334144
traffic,PatchTST,time_stretch,4,4717,903,0.4924624562263489,MSE,0.5594930648803711,1.0128705501556396,forecast,113.0,16,571,True,,,0.0055999979376792,0.0159117188304662,0.0350164920091629
traffic,PatchTST,time_stretch,4,4717,903,0.4924624562263489,MSE,0.5594930648803711,1.0128705501556396,forecast,113.0,16,580,True,,,0.0029999986290931,0.0088890604674816,0.0783444344997406
traffic,PatchTST,time_stretch,4,4717,903,0.4924624562263489,MSE,0.5594930648803711,1.0128705501556396,forecast,113.0,16,639,True,,,0.013299997895956,0.0182592123746871,0.0660932138562202
traffic,PatchTST,time_stretch,4,4717,903,0.4924624562263489,MSE,0.5594930648803711,1.0128705501556396,forecast,113.0,16,768,True,,,0.0093000009655952,0.017951913177967,0.0896597951650619
traffic,PatchTST,time_stretch,4,4717,903,0.4924624562263489,MSE,0.5594930648803711,1.0128705501556396,forecast,113.0,16,774,True,,,0.0010999999940395,0.0030961669981479,0.0370249077677726
traffic,PatchTST,time_stretch,4,4717,903,0.4924624562263489,MSE,0.5594930648803711,1.0128705501556396,forecast,113.0,16,840,True,,,0.0085000004619359,-0.0027384348213672,0.0179836601018905
traffic,PatchTST,time_stretch,4,4717,903,0.4924624562263489,MSE,0.5594930648803711,1.0128705501556396,forecast,114.0,17,133,True,,,0.0025000013411045,0.0112937837839126,0.04366310313344
traffic,PatchTST,time_stretch,4,4717,903,0.4924624562263489,MSE,0.5594930648803711,1.0128705501556396,forecast,114.0,17,304,True,,,0.0111000016331672,0.0237755924463272,0.0680648982524871
traffic,PatchTST,time_stretch,4,4717,903,0.4924624562263489,MSE,0.5594930648803711,1.0128705501556396,forecast,114.0,17,402,True,,,0.0,0.0097071789205074,0.1019210591912269
traffic,PatchTST,time_stretch,4,4717,903,0.4924624562263489,MSE,0.5594930648803711,1.0128705501556396,forecast,114.0,17,413,True,,,0.0168000012636184,0.0307859405875206,0.0376807264983654
traffic,PatchTST,time_stretch,4,4717,903,0.4924624562263489,MSE,0.5594930648803711,1.0128705501556396,forecast,114.0,17,567,True,,,0.0483999997377395,0.0444110482931137,0.0217016693204641
traffic,PatchTST,time_stretch,4,4717,903,0.4924624562263489,MSE,0.5594930648803711,1.0128705501556396,forecast,114.0,17,571,True,,,0.0133000016212463,0.0183334816247224,0.0337998457252979
traffic,PatchTST,time_stretch,4,4717,903,0.4924624562263489,MSE,0.5594930648803711,1.0128705501556396,forecast,114.0,17,580,True,,,0.003100000321865,0.0119012221693992,0.0862497240304946
traffic,PatchTST,time_stretch,4,4717,903,0.4924624562263489,MSE,0.5594930648803711,1.0128705501556396,forecast,114.0,17,639,True,,,0.0243999995291233,0.0370395630598068,0.068182349205017
traffic,PatchTST,time_stretch,4,4717,903,0.4924624562263489,MSE,0.5594930648803711,1.0128705501556396,forecast,114.0,17,768,True,,,0.0200000032782554,0.0261773243546485,0.0994817838072776
traffic,PatchTST,time_stretch,4,4717,903,0.4924624562263489,MSE,0.5594930648803711,1.0128705501556396,forecast,114.0,17,774,True,,,0.0016999989748001,0.0095593519508838,0.0397976450622081
traffic,PatchTST,time_stretch,4,4717,903,0.4924624562263489,MSE,0.5594930648803711,1.0128705501556396,forecast,114.0,17,840,True,,,0.0215000007301569,0.0194702632725238,0.034306164830923
traffic,PatchTST,time_stretch,4,4717,903,0.4924624562263489,MSE,0.5594930648803711,1.0128705501556396,forecast,115.0,18,133,True,,,0.0085000023245811,0.0185261331498622,0.0339995771646499
traffic,PatchTST,time_stretch,4,4717,903,0.4924624562263489,MSE,0.5594930648803711,1.0128705501556396,forecast,115.0,18,304,True,,,0.0230999998748302,0.0317293405532836,0.0587866306304931
traffic,PatchTST,time_stretch,4,4717,903,0.4924624562263489,MSE,0.5594930648803711,1.0128705501556396,forecast,115.0,18,402,True,,,0.0084000006318092,0.0201083980500698,0.086265280842781
traffic,PatchTST,time_stretch,4,4717,903,0.4924624562263489,MSE,0.5594930648803711,1.0128705501556396,forecast,115.0,18,413,True,,,0.0480000004172325,0.0561828352510929,0.0487676002085208
traffic,PatchTST,time_stretch,4,4717,903,0.4924624562263489,MSE,0.5594930648803711,1.0128705501556396,forecast,115.0,18,567,True,,,0.0944000035524368,0.0883998274803161,0.0309833344072103
traffic,PatchTST,time_stretch,4,4717,903,0.4924624562263489,MSE,0.5594930648803711,1.0128705501556396,forecast,115.0,18,571,True,,,0.0636000037193298,0.0253205131739377,0.035429161041975
traffic,PatchTST,time_stretch,4,4717,903,0.4924624562263489,MSE,0.5594930648803711,1.0128705501556396,forecast,115.0,18,580,True,,,0.0055999942123889,0.0204116776585578,0.0761415213346481
traffic,PatchTST,time_stretch,4,4717,903,0.4924624562263489,MSE,0.5594930648803711,1.0128705501556396,forecast,115.0,18,639,True,,,0.0724999979138374,0.0818961635231971,0.072459653019905
traffic,PatchTST,time_stretch,4,4717,903,0.4924624562263489,MSE,0.5594930648803711,1.0128705501556396,forecast,115.0,18,768,True,,,0.0461000017821788,0.0482851229608058,0.102631114423275
traffic,PatchTST,time_stretch,4,4717,903,0.4924624562263489,MSE,0.5594930648803711,1.0128705501556396,forecast,115.0,18,774,True,,,0.0049999970942735,0.0146599393337965,0.0299627985805273
traffic,PatchTST,time_stretch,4,4717,903,0.4924624562263489,MSE,0.5594930648803711,1.0128705501556396,forecast,115.0,18,840,True,,,0.3716999888420105,0.1096497327089309,0.0487823411822319
traffic,PatchTST,time_stretch,4,4717,903,0.4924624562263489,MSE,0.5594930648803711,1.0128705501556396,forecast,116.0,19,133,True,,,0.0287999995052814,0.0341347903013229,0.0388250835239887
traffic,PatchTST,time_stretch,4,4717,903,0.4924624562263489,MSE,0.5594930648803711,1.0128705501556396,forecast,116.0,19,304,True,,,0.0436000004410743,0.0504218861460685,0.0615767650306224
traffic,PatchTST,time_stretch,4,4717,903,0.4924624562263489,MSE,0.5594930648803711,1.0128705501556396,forecast,116.0,19,402,True,,,0.0423999987542629,0.0525144934654235,0.0752075016498565
traffic,PatchTST,time_stretch,4,4717,903,0.4924624562263489,MSE,0.5594930648803711,1.0128705501556396,forecast,116.0,19,413,True,,,0.1418000012636184,0.1097896695137023,0.0697833895683288
traffic,PatchTST,time_stretch,4,4717,903,0.4924624562263489,MSE,0.5594930648803711,1.0128705501556396,forecast,116.0,19,567,True,,,0.2252999991178512,0.1474316567182541,0.0395758189260959
traffic,PatchTST,time_stretch,4,4717,903,0.4924624562263489,MSE,0.5594930648803711,1.0128705501556396,forecast,116.0,19,571,True,,,0.1155999973416328,0.0419563800096511,0.0405362658202648
traffic,PatchTST,time_stretch,4,4717,903,0.4924624562263489,MSE,0.5594930648803711,1.0128705501556396,forecast,116.0,19,580,True,,,0.032600000500679,0.0425180047750473,0.0626822710037231
traffic,PatchTST,time_stretch,4,4717,903,0.4924624562263489,MSE,0.5594930648803711,1.0128705501556396,forecast,116.0,19,639,True,,,0.1746000200510025,0.1740425676107406,0.0726558715105056
traffic,PatchTST,time_stretch,4,4717,903,0.4924624562263489,MSE,0.5594930648803711,1.0128705501556396,forecast,116.0,19,768,True,,,0.0819000005722045,0.082488939166069,0.1114417016506195
traffic,PatchTST,time_stretch,4,4717,903,0.4924624562263489,MSE,0.5594930648803711,1.0128705501556396,forecast,116.0,19,774,True,,,0.0142999999225139,0.0235364735126495,0.0296184308826923
traffic,PatchTST,time_stretch,4,4717,903,0.4924624562263489,MSE,0.5594930648803711,1.0128705501556396,forecast,116.0,19,840,True,,,0.6031000018119812,0.208087757229805,0.0403262674808502
traffic,PatchTST,time_stretch,4,4717,903,0.4924624562263489,MSE,0.5594930648803711,1.0128705501556396,forecast,117.0,20,133,True,,,0.0586999990046024,0.06072399020195,0.0477350875735282
traffic,PatchTST,time_stretch,4,4717,903,0.4924624562263489,MSE,0.5594930648803711,1.0128705501556396,forecast,117.0,20,304,True,,,0.0688999965786933,0.0679522156715393,0.0639775842428207
traffic,PatchTST,time_stretch,4,4717,903,0.4924624562263489,MSE,0.5594930648803711,1.0128705501556396,forecast,117.0,20,402,True,,,0.1396999955177307,0.1300407797098159,0.0776439756155014
traffic,PatchTST,time_stretch,4,4717,903,0.4924624562263489,MSE,0.5594930648803711,1.0128705501556396,forecast,117.0,20,413,True,,,0.4494999945163727,0.2567355036735534,0.0875953882932663
traffic,PatchTST,time_stretch,4,4717,903,0.4924624562263489,MSE,0.5594930648803711,1.0128705501556396,forecast,117.0,20,567,True,,,0.2569999992847442,0.1979783624410629,0.047536015510559
traffic,PatchTST,time_stretch,4,4717,903,0.4924624562263489,MSE,0.5594930648803711,1.0128705501556396,forecast,117.0,20,571,True,,,0.0838999971747398,0.043828397989273,0.0456259362399578
traffic,PatchTST,time_stretch,4,4717,903,0.4924624562263489,MSE,0.5594930648803711,1.0128705501556396,forecast,117.0,20,580,True,,,0.0952000021934509,0.0940922424197197,0.0578049197793006
traffic,PatchTST,time_stretch,4,4717,903,0.4924624562263489,MSE,0.5594930648803711,1.0128705501556396,forecast,117.0,20,639,True,,,0.3684999942779541,0.3087490499019623,0.0743280798196792
traffic,PatchTST,time_stretch,4,4717,903,0.4924624562263489,MSE,0.5594930648803711,1.0128705501556396,forecast,117.0,20,768,True,,,0.0958999991416931,0.1005937233567237,0.1257947385311126
traffic,PatchTST,time_stretch,4,4717,903,0.4924624562263489,MSE,0.5594930648803711,1.0128705501556396,forecast,117.0,20,774,True,,,0.0439999997615814,0.0439496971666812,0.0387577302753925
traffic,PatchTST,time_stretch,4,4717,903,0.4924624562263489,MSE,0.5594930648803711,1.0128705501556396,forecast,117.0,20,840,True,,,0.6035000085830688,0.2249156087636947,0.0322911478579044
traffic,PatchTST,time_stretch,4,4717,903,0.4924624562263489,MSE,0.5594930648803711,1.0128705501556396,forecast,118.0,21,133,True,,,0.0649000033736229,0.0744268074631691,0.0584975555539131
traffic,PatchTST,time_stretch,4,4717,903,0.4924624562263489,MSE,0.5594930648803711,1.0128705501556396,forecast,118.0,21,304,True,,,0.0944000035524368,0.0834389999508857,0.0719235464930534
traffic,PatchTST,time_stretch,4,4717,903,0.4924624562263489,MSE,0.5594930648803711,1.0128705501556396,forecast,118.0,21,402,True,,,0.2155999839305877,0.1788039952516555,0.0854452848434448
traffic,PatchTST,time_stretch,4,4717,903,0.4924624562263489,MSE,0.5594930648803711,1.0128705501556396,forecast,118.0,21,413,True,,,0.4654000103473663,0.3576498627662658,0.0887404605746269
traffic,PatchTST,time_stretch,4,4717,903,0.4924624562263489,MSE,0.5594930648803711,1.0128705501556396,forecast,118.0,21,567,True,,,0.3591000139713287,0.1700334399938583,0.0499894991517066
traffic,PatchTST,time_stretch,4,4717,903,0.4924624562263489,MSE,0.5594930648803711,1.0128705501556396,forecast,118.0,21,571,True,,,0.0694999992847442,0.0368976891040802,0.0471014007925987
traffic,PatchTST,time_stretch,4,4717,903,0.4924624562263489,MSE,0.5594930648803711,1.0128705501556396,forecast,118.0,21,580,True,,,0.2243999987840652,0.1259067505598068,0.0607224032282829
traffic,PatchTST,time_stretch,4,4717,903,0.4924624562263489,MSE,0.5594930648803711,1.0128705501556396,forecast,118.0,21,639,True,,,0.3436999917030334,0.2781201899051666,0.085514098405838
traffic,PatchTST,time_stretch,4,4717,903,0.4924624562263489,MSE,0.5594930648803711,1.0128705501556396,forecast,118.0,21,768,True,,,0.0896999984979629,0.1011720821261406,0.1309645473957061
traffic,PatchTST,time_stretch,4,4717,903,0.4924624562263489,MSE,0.5594930648803711,1.0128705501556396,forecast,118.0,21,774,True,,,0.0593000017106533,0.0638176500797271,0.0500710234045982
traffic,PatchTST,time_stretch,4,4717,903,0.4924624562263489,MSE,0.5594930648803711,1.0128705501556396,forecast,118.0,21,840,True,,,0.6134999990463257,0.2131202071905136,0.0426284708082675
traffic,PatchTST,time_stretch,4,4717,903,0.4924624562263489,MSE,0.5594930648803711,1.0128705501556396,forecast,119.0,22,133,True,,,0.0518999993801116,0.0644969269633293,0.0546175315976142
traffic,PatchTST,time_stretch,4,4717,903,0.4924624562263489,MSE,0.5594930648803711,1.0128705501556396,forecast,119.0,22,304,True,,,0.0842000022530555,0.0834575369954109,0.0688732489943504
traffic,PatchTST,time_stretch,4,4717,903,0.4924624562263489,MSE,0.5594930648803711,1.0128705501556396,forecast,119.0,22,402,True,,,0.1217000037431716,0.1348231732845306,0.085863783955574
traffic,PatchTST,time_stretch,4,4717,903,0.4924624562263489,MSE,0.5594930648803711,1.0128705501556396,forecast,119.0,22,413,True,,,0.4298999905586242,0.3146705329418182,0.0848725438117981
traffic,PatchTST,time_stretch,4,4717,903,0.4924624562263489,MSE,0.5594930648803711,1.0128705501556396,forecast,119.0,22,567,True,,,0.2642000317573547,0.0889576822519302,0.050929732620716
traffic,PatchTST,time_stretch,4,4717,903,0.4924624562263489,MSE,0.5594930648803711,1.0128705501556396,forecast,119.0,22,571,True,,,0.1045999974012374,0.0416858345270156,0.0525325462222099
traffic,PatchTST,time_stretch,4,4717,903,0.4924624562263489,MSE,0.5594930648803711,1.0128705501556396,forecast,119.0,22,580,True,,,0.0886000022292137,0.0950324237346649,0.0617301501333713
traffic,PatchTST,time_stretch,4,4717,903,0.4924624562263489,MSE,0.5594930648803711,1.0128705501556396,forecast,119.0,22,639,True,,,0.0944000035524368,0.1312484443187713,0.093202918767929
traffic,PatchTST,time_stretch,4,4717,903,0.4924624562263489,MSE,0.5594930648803711,1.0128705501556396,forecast,119.0,22,768,True,,,0.0837000012397766,0.0953326299786567,0.1196308135986328
traffic,PatchTST,time_stretch,4,4717,903,0.4924624562263489,MSE,0.5594930648803711,1.0128705501556396,forecast,119.0,22,774,True,,,0.0518999993801116,0.0570809543132782,0.0447791889309883
traffic,PatchTST,time_stretch,4,4717,903,0.4924624562263489,MSE,0.5594930648803711,1.0128705501556396,forecast,119.0,22,840,True,,,0.6050999760627747,0.1818518638610839,0.0640867725014686
traffic,PatchTST,time_stretch,4,4717,903,0.4924624562263489,MSE,0.5594930648803711,1.0128705501556396,forecast,120.0,23,133,True,,,0.0403000004589557,0.0541639477014541,0.0460018776357173
traffic,PatchTST,time_stretch,4,4717,903,0.4924624562263489,MSE,0.5594930648803711,1.0128705501556396,forecast,120.0,23,304,True,,,0.0793000012636184,0.077566958963871,0.061106614768505
traffic,PatchTST,time_stretch,4,4717,903,0.4924624562263489,MSE,0.5594930648803711,1.0128705501556396,forecast,120.0,23,402,True,,,0.0847000032663345,0.090879887342453,0.0770553201436996
traffic,PatchTST,time_stretch,4,4717,903,0.4924624562263489,MSE,0.5594930648803711,1.0128705501556396,forecast,120.0,23,413,True,,,0.326200008392334,0.1920607686042785,0.0835899636149406
traffic,PatchTST,time_stretch,4,4717,903,0.4924624562263489,MSE,0.5594930648803711,1.0128705501556396,forecast,120.0,23,567,True,,,0.0502000004053115,0.0503594204783439,0.0492246374487876
traffic,PatchTST,time_stretch,4,4717,903,0.4924624562263489,MSE,0.5594930648803711,1.0128705501556396,forecast,120.0,23,571,True,,,0.0883999988436698,0.0530364662408828,0.0585972666740417
traffic,PatchTST,time_stretch,4,4717,903,0.4924624562263489,MSE,0.5594930648803711,1.0128705501556396,forecast,120.0,23,580,True,,,0.0697999969124794,0.0669867396354675,0.0576575398445129
traffic,PatchTST,time_stretch,4,4717,903,0.4924624562263489,MSE,0.5594930648803711,1.0128705501556396,forecast,120.0,23,639,True,,,0.0826999992132186,0.0854122787714004,0.0959899872541427
traffic,PatchTST,time_stretch,4,4717,903,0.4924624562263489,MSE,0.5594930648803711,1.0128705501556396,forecast,120.0,23,768,True,,,0.0908000022172927,0.0916175916790962,0.1000347062945365
traffic,PatchTST,time_stretch,4,4717,903,0.4924624562263489,MSE,0.5594930648803711,1.0128705501556396,forecast,120.0,23,774,True,,,0.0417999997735023,0.0424659550189971,0.0314109362661838
traffic,PatchTST,time_stretch,4,4717,903,0.4924624562263489,MSE,0.5594930648803711,1.0128705501556396,forecast,120.0,23,840,True,,,0.4480000138282776,0.1309282034635543,0.0564159713685512
traffic,PatchTST,time_stretch,4,4717,903,0.4924624562263489,MSE,0.5594930648803711,1.0128705501556396,forecast,121.0,24,133,True,,,0.0344999991357326,0.0468854717910289,0.0395993515849113
traffic,PatchTST,time_stretch,4,4717,903,0.4924624562263489,MSE,0.5594930648803711,1.0128705501556396,forecast,121.0,24,304,True,,,0.0825000032782554,0.0781498998403549,0.0581846684217453
traffic,PatchTST,time_stretch,4,4717,903,0.4924624562263489,MSE,0.5594930648803711,1.0128705501556396,forecast,121.0,24,402,True,,,0.0741999968886375,0.0813636928796768,0.0808266326785087
traffic,PatchTST,time_stretch,4,4717,903,0.4924624562263489,MSE,0.5594930648803711,1.0128705501556396,forecast,121.0,24,413,True,,,0.0910999998450279,0.1052602976560592,0.0853732526302337
traffic,PatchTST,time_stretch,4,4717,903,0.4924624562263489,MSE,0.5594930648803711,1.0128705501556396,forecast,121.0,24,567,True,,,0.046399999409914,0.0441604107618331,0.0466934368014335
traffic,PatchTST,time_stretch,4,4717,903,0.4924624562263489,MSE,0.5594930648803711,1.0128705501556396,forecast,121.0,24,571,True,,,0.0725999996066093,0.0590267404913902,0.0654106959700584
traffic,PatchTST,time_stretch,4,4717,903,0.4924624562263489,MSE,0.5594930648803711,1.0128705501556396,forecast,121.0,24,580,True,,,0.0626000016927719,0.0611860379576683,0.056166972965002
traffic,PatchTST,time_stretch,4,4717,903,0.4924624562263489,MSE,0.5594930648803711,1.0128705501556396,forecast,121.0,24,639,True,,,0.0702999979257583,0.0856836289167404,0.091100588440895
traffic,PatchTST,time_stretch,4,4717,903,0.4924624562263489,MSE,0.5594930648803711,1.0128705501556396,forecast,121.0,24,768,True,,,0.0860999971628189,0.0917258337140083,0.1034696027636528
traffic,PatchTST,time_stretch,4,4717,903,0.4924624562263489,MSE,0.5594930648803711,1.0128705501556396,forecast,121.0,24,774,True,,,0.0322999991476535,0.0370977260172367,0.0232127755880355
traffic,PatchTST,time_stretch,4,4717,903,0.4924624562263489,MSE,0.5594930648803711,1.0128705501556396,forecast,121.0,24,840,True,,,0.0408999994397163,0.09147609770298,0.0568611957132816
traffic,PatchTST,time_stretch,4,4717,903,0.4924624562263489,MSE,0.5594930648803711,1.0128705501556396,forecast,122.0,25,133,True,,,0.0333999991416931,0.0419562757015228,0.0412415079772472
traffic,PatchTST,time_stretch,4,4717,903,0.4924624562263489,MSE,0.5594930648803711,1.0128705501556396,forecast,122.0,25,304,True,,,0.0908999964594841,0.0819082036614418,0.0824901610612869
traffic,PatchTST,time_stretch,4,4717,903,0.4924624562263489,MSE,0.5594930648803711,1.0128705501556396,forecast,122.0,25,402,True,,,0.0825999975204467,0.083069272339344,0.0864219740033149
traffic,PatchTST,time_stretch,4,4717,903,0.4924624562263489,MSE,0.5594930648803711,1.0128705501556396,forecast,122.0,25,413,True,,,0.0944000035524368,0.0960938036441803,0.0925944149494171
traffic,PatchTST,time_stretch,4,4717,903,0.4924624562263489,MSE,0.5594930648803711,1.0128705501556396,forecast,122.0,25,567,True,,,0.0430000014603138,0.0440571345388889,0.0460526049137115
traffic,PatchTST,time_stretch,4,4717,903,0.4924624562263489,MSE,0.5594930648803711,1.0128705501556396,forecast,122.0,25,571,True,,,0.0824000015854835,0.0646771341562271,0.0739636793732643
traffic,PatchTST,time_stretch,4,4717,903,0.4924624562263489,MSE,0.5594930648803711,1.0128705501556396,forecast,122.0,25,580,True,,,0.065600000321865,0.0629414096474647,0.058428518474102
traffic,PatchTST,time_stretch,4,4717,903,0.4924624562263489,MSE,0.5594930648803711,1.0128705501556396,forecast,122.0,25,639,True,,,0.066100001335144,0.0874295234680175,0.090481624007225
traffic,PatchTST,time_stretch,4,4717,903,0.4924624562263489,MSE,0.5594930648803711,1.0128705501556396,forecast,122.0,25,768,True,,,0.0854000002145767,0.0984361842274665,0.1225015223026275
traffic,PatchTST,time_stretch,4,4717,903,0.4924624562263489,MSE,0.5594930648803711,1.0128705501556396,forecast,122.0,25,774,True,,,0.0313999988138675,0.0351067408919334,0.0230096373707056
traffic,PatchTST,time_stretch,4,4717,903,0.4924624562263489,MSE,0.5594930648803711,1.0128705501556396,forecast,122.0,25,840,True,,,0.0344999991357326,0.069079503417015,0.0690052807331085
traffic,PatchTST,time_stretch,4,4717,903,0.4924624562263489,MSE,0.5594930648803711,1.0128705501556396,forecast,123.0,26,133,True,,,0.0333999991416931,0.0404307842254638,0.0410941615700721
traffic,PatchTST,time_stretch,4,4717,903,0.4924624562263489,MSE,0.5594930648803711,1.0128705501556396,forecast,123.0,26,304,True,,,0.1228000000119209,0.107850357890129,0.1079131662845611
traffic,PatchTST,time_stretch,4,4717,903,0.4924624562263489,MSE,0.5594930648803711,1.0128705501556396,forecast,123.0,26,402,True,,,0.0830999985337257,0.0838221758604049,0.0939878672361373
traffic,PatchTST,time_stretch,4,4717,903,0.4924624562263489,MSE,0.5594930648803711,1.0128705501556396,forecast,123.0,26,413,True,,,0.0887999981641769,0.095876045525074,0.0998415350914001
traffic,PatchTST,time_stretch,4,4717,903,0.4924624562263489,MSE,0.5594930648803711,1.0128705501556396,forecast,123.0,26,567,True,,,0.0450999997556209,0.0465499199926853,0.048192374408245
traffic,PatchTST,time_stretch,4,4717,903,0.4924624562263489,MSE,0.5594930648803711,1.0128705501556396,forecast,123.0,26,571,True,,,0.0847000032663345,0.0746651440858841,0.0786975622177124
traffic,PatchTST,time_stretch,4,4717,903,0.4924624562263489,MSE,0.5594930648803711,1.0128705501556396,forecast,123.0,26,580,True,,,0.0631999969482421,0.0654285103082656,0.0658531934022903
traffic,PatchTST,time_stretch,4,4717,903,0.4924624562263489,MSE,0.5594930648803711,1.0128705501556396,forecast,123.0,26,639,True,,,0.0653000026941299,0.0969748646020889,0.0970174372196197
traffic,PatchTST,time_stretch,4,4717,903,0.4924624562263489,MSE,0.5594930648803711,1.0128705501556396,forecast,123.0,26,768,True,,,0.0854000002145767,0.1061326339840889,0.1260581314563751
traffic,PatchTST,time_stretch,4,4717,903,0.4924624562263489,MSE,0.5594930648803711,1.0128705501556396,forecast,123.0,26,774,True,,,0.0342000015079975,0.0327768214046955,0.0290995445102453
traffic,PatchTST,time_stretch,4,4717,903,0.4924624562263489,MSE,0.5594930648803711,1.0128705501556396,forecast,123.0,26,840,True,,,0.0366999991238117,0.0581774190068244,0.0697533786296844
traffic,PatchTST,time_stretch,4,4717,903,0.4924624562263489,MSE,0.5594930648803711,1.0128705501556396,forecast,124.0,27,133,True,,,0.0379999987781047,0.0552789196372032,0.040339570492506
traffic,PatchTST,time_stretch,4,4717,903,0.4924624562263489,MSE,0.5594930648803711,1.0128705501556396,forecast,124.0,27,304,True,,,0.2851999998092651,0.1892270445823669,0.1403611600399017
traffic,PatchTST,time_stretch,4,4717,903,0.4924624562263489,MSE,0.5594930648803711,1.0128705501556396,forecast,124.0,27,402,True,,,0.1298000067472458,0.0993722230195999,0.1168205887079238
traffic,PatchTST,time_stretch,4,4717,903,0.4924624562263489,MSE,0.5594930648803711,1.0128705501556396,forecast,124.0,27,413,True,,,0.0860999971628189,0.0932188928127288,0.0981040596961975
traffic,PatchTST,time_stretch,4,4717,903,0.4924624562263489,MSE,0.5594930648803711,1.0128705501556396,forecast,124.0,27,567,True,,,0.0540000014007091,0.0478507429361343,0.0461655296385288
traffic,PatchTST,time_stretch,4,4717,903,0.4924624562263489,MSE,0.5594930648803711,1.0128705501556396,forecast,124.0,27,571,True,,,0.092799998819828,0.0844163075089454,0.0829328224062919
traffic,PatchTST,time_stretch,4,4717,903,0.4924624562263489,MSE,0.5594930648803711,1.0128705501556396,forecast,124.0,27,580,True,,,0.0838000029325485,0.0797896161675453,0.0824843272566795
traffic,PatchTST,time_stretch,4,4717,903,0.4924624562263489,MSE,0.5594930648803711,1.0128705501556396,forecast,124.0,27,639,True,,,0.0803999975323677,0.1069302186369896,0.1007001772522926
traffic,PatchTST,time_stretch,4,4717,903,0.4924624562263489,MSE,0.5594930648803711,1.0128705501556396,forecast,124.0,27,768,True,,,0.0948999971151351,0.1333248168230056,0.1215308904647827
traffic,PatchTST,time_stretch,4,4717,903,0.4924624562263489,MSE,0.5594930648803711,1.0128705501556396,forecast,124.0,27,774,True,,,0.0198999997228384,0.044385727494955,0.0366744212806224
traffic,PatchTST,time_stretch,4,4717,903,0.4924624562263489,MSE,0.5594930648803711,1.0128705501556396,forecast,124.0,27,840,True,,,0.0306000001728534,0.0388686023652553,0.0217496417462825
traffic,PatchTST,time_stretch,4,4717,903,0.4924624562263489,MSE,0.5594930648803711,1.0128705501556396,forecast,125.0,28,133,True,,,0.0557000003755092,0.0877114683389663,0.060197465121746
traffic,PatchTST,time_stretch,4,4717,903,0.4924624562263489,MSE,0.5594930648803711,1.0128705501556396,forecast,125.0,28,304,True,,,0.1413999944925308,0.2690509557723999,0.1698981821537017
traffic,PatchTST,time_stretch,4,4717,903,0.4924624562263489,MSE,0.5594930648803711,1.0128705501556396,forecast,125.0,28,402,True,,,0.1915999948978424,0.1414304375648498,0.1300205439329147
traffic,PatchTST,time_stretch,4,4717,903,0.4924624562263489,MSE,0.5594930648803711,1.0128705501556396,forecast,125.0,28,413,True,,,0.0869000032544136,0.0940334275364875,0.1033531948924064
traffic,PatchTST,time_stretch,4,4717,903,0.4924624562263489,MSE,0.5594930648803711,1.0128705501556396,forecast,125.0,28,567,True,,,0.0728000029921531,0.0464669950306415,0.0468539483845233
traffic,PatchTST,time_stretch,4,4717,903,0.4924624562263489,MSE,0.5594930648803711,1.0128705501556396,forecast,125.0,28,571,True,,,0.1067999973893165,0.0877747908234596,0.0787659138441085
traffic,PatchTST,time_stretch,4,4717,903,0.4924624562263489,MSE,0.5594930648803711,1.0128705501556396,forecast,125.0,28,580,True,,,0.2195000052452087,0.1257649064064026,0.1006414666771888
traffic,PatchTST,time_stretch,4,4717,903,0.4924624562263489,MSE,0.5594930648803711,1.0128705501556396,forecast,125.0,28,639,True,,,0.0842999964952468,0.1131735891103744,0.105230838060379
traffic,PatchTST,time_stretch,4,4717,903,0.4924624562263489,MSE,0.5594930648803711,1.0128705501556396,forecast,125.0,28,768,True,,,0.0896999984979629,0.1768259406089782,0.1398937106132507
traffic,PatchTST,time_stretch,4,4717,903,0.4924624562263489,MSE,0.5594930648803711,1.0128705501556396,forecast,125.0,28,774,True,,,0.0221999995410442,0.0676347911357879,0.0462559610605239
traffic,PatchTST,time_stretch,4,4717,903,0.4924624562263489,MSE,0.5594930648803711,1.0128705501556396,forecast,125.0,28,840,True,,,0.0320999994874,0.0364759527146816,0.0210453793406486
traffic,PatchTST,time_stretch,4,4717,903,0.4924624562263489,MSE,0.5594930648803711,1.0128705501556396,forecast,126.0,29,133,True,,,0.0789000019431114,0.1749773323535919,0.0949977710843086
traffic,PatchTST,time_stretch,4,4717,903,0.4924624562263489,MSE,0.5594930648803711,1.0128705501556396,forecast,126.0,29,304,True,,,0.1080999970436096,0.3051931262016296,0.1870388090610504
traffic,PatchTST,time_stretch,4,4717,903,0.4924624562263489,MSE,0.5594930648803711,1.0128705501556396,forecast,126.0,29,402,True,,,0.2002999782562255,0.2153661251068115,0.1566126048564911
traffic,PatchTST,time_stretch,4,4717,903,0.4924624562263489,MSE,0.5594930648803711,1.0128705501556396,forecast,126.0,29,413,True,,,0.0883999988436698,0.0865337550640106,0.0929702520370483
traffic,PatchTST,time_stretch,4,4717,903,0.4924624562263489,MSE,0.5594930648803711,1.0128705501556396,forecast,126.0,29,567,True,,,0.2331999987363815,0.0464335605502128,0.0481509044766426
traffic,PatchTST,time_stretch,4,4717,903,0.4924624562263489,MSE,0.5594930648803711,1.0128705501556396,forecast,126.0,29,571,True,,,0.2190000116825103,0.0972829312086105,0.0789313316345214
traffic,PatchTST,time_stretch,4,4717,903,0.4924624562263489,MSE,0.5594930648803711,1.0128705501556396,forecast,126.0,29,580,True,,,0.1669999957084655,0.1748659610748291,0.1090387105941772
traffic,PatchTST,time_stretch,4,4717,903,0.4924624562263489,MSE,0.5594930648803711,1.0128705501556396,forecast,126.0,29,639,True,,,0.0820999965071678,0.1181014031171798,0.1057736650109291
traffic,PatchTST,time_stretch,4,4717,903,0.4924624562263489,MSE,0.5594930648803711,1.0128705501556396,forecast,126.0,29,768,True,,,0.1827999949455261,0.2431434988975525,0.1525960564613342
traffic,PatchTST,time_stretch,4,4717,903,0.4924624562263489,MSE,0.5594930648803711,1.0128705501556396,forecast,126.0,29,774,True,,,0.0230000000447034,0.1449970602989196,0.0857070088386535
traffic,PatchTST,time_stretch,4,4717,903,0.4924624562263489,MSE,0.5594930648803711,1.0128705501556396,forecast,126.0,29,840,True,,,0.0299999993294477,0.0344080403447151,0.0213254578411579
traffic,PatchTST,time_stretch,4,4717,903,0.4924624562263489,MSE,0.5594930648803711,1.0128705501556396,forecast,127.0,30,133,True,,,0.3001999855041504,0.26848965883255,0.0896787047386169
traffic,PatchTST,time_stretch,4,4717,903,0.4924624562263489,MSE,0.5594930648803711,1.0128705501556396,forecast,127.0,30,304,True,,,0.2344000041484832,0.3229210078716278,0.1743994802236557
traffic,PatchTST,time_stretch,4,4717,903,0.4924624562263489,MSE,0.5594930648803711,1.0128705501556396,forecast,127.0,30,402,True,,,0.4675999879837036,0.2580612301826477,0.144810751080513
traffic,PatchTST,time_stretch,4,4717,903,0.4924624562263489,MSE,0.5594930648803711,1.0128705501556396,forecast,127.0,30,413,True,,,0.0860000029206276,0.0945932865142822,0.0979297831654548
traffic,PatchTST,time_stretch,4,4717,903,0.4924624562263489,MSE,0.5594930648803711,1.0128705501556396,forecast,127.0,30,567,True,,,0.0392000004649162,0.0444259643554687,0.0479654558002948
traffic,PatchTST,time_stretch,4,4717,903,0.4924624562263489,MSE,0.5594930648803711,1.0128705501556396,forecast,127.0,30,571,True,,,0.1045000031590461,0.0923791378736496,0.0743604078888893
traffic,PatchTST,time_stretch,4,4717,903,0.4924624562263489,MSE,0.5594930648803711,1.0128705501556396,forecast,127.0,30,580,True,,,0.3440000116825104,0.2063606828451156,0.1004076525568962
traffic,PatchTST,time_stretch,4,4717,903,0.4924624562263489,MSE,0.5594930648803711,1.0128705501556396,forecast,127.0,30,639,True,,,0.09740000218153,0.1219613850116729,0.1059180945158004
traffic,PatchTST,time_stretch,4,4717,903,0.4924624562263489,MSE,0.5594930648803711,1.0128705501556396,forecast,127.0,30,768,True,,,0.315600037574768,0.2811813950538635,0.1434458196163177
traffic,PatchTST,time_stretch,4,4717,903,0.4924624562263489,MSE,0.5594930648803711,1.0128705501556396,forecast,127.0,30,774,True,,,0.024100000038743,0.2045760303735733,0.0797798484563827
traffic,PatchTST,time_stretch,4,4717,903,0.4924624562263489,MSE,0.5594930648803711,1.0128705501556396,forecast,127.0,30,840,True,,,0.0255999993532896,0.0301150754094123,0.0240716952830553
traffic,PatchTST,time_stretch,4,4717,903,0.4924624562263489,MSE,0.5594930648803711,1.0128705501556396,forecast,128.0,31,133,True,,,0.062399998307228,0.2007288336753845,0.0701188668608665
traffic,PatchTST,time_stretch,4,4717,903,0.4924624562263489,MSE,0.5594930648803711,1.0128705501556396,forecast,128.0,31,304,True,,,0.0948000028729438,0.2726980447769165,0.145690456032753
traffic,PatchTST,time_stretch,4,4717,903,0.4924624562263489,MSE,0.5594930648803711,1.0128705501556396,forecast,128.0,31,402,True,,,0.4532999992370605,0.206085205078125,0.1078250110149383
traffic,PatchTST,time_stretch,4,4717,903,0.4924624562263489,MSE,0.5594930648803711,1.0128705501556396,forecast,128.0,31,413,True,,,0.0795999988913536,0.0859771594405174,0.0905655100941658
traffic,PatchTST,time_stretch,4,4717,903,0.4924624562263489,MSE,0.5594930648803711,1.0128705501556396,forecast,128.0,31,567,True,,,0.0285999998450279,0.0355092696845531,0.0410169698297977
traffic,PatchTST,time_stretch,4,4717,903,0.4924624562263489,MSE,0.5594930648803711,1.0128705501556396,forecast,128.0,31,571,True,,,0.0937999933958053,0.0762001350522041,0.0721080899238586
traffic,PatchTST,time_stretch,4,4717,903,0.4924624562263489,MSE,0.5594930648803711,1.0128705501556396,forecast,128.0,31,580,True,,,0.3781000077724457,0.1649102717638015,0.0833957493305206
traffic,PatchTST,time_stretch,4,4717,903,0.4924624562263489,MSE,0.5594930648803711,1.0128705501556396,forecast,128.0,31,639,True,,,0.0798000022768974,0.0928924232721328,0.1074960082769393
traffic,PatchTST,time_stretch,4,4717,903,0.4924624562263489,MSE,0.5594930648803711,1.0128705501556396,forecast,128.0,31,768,True,,,0.1723999977111816,0.2400930523872375,0.1204328089952468
traffic,PatchTST,time_stretch,4,4717,903,0.4924624562263489,MSE,0.5594930648803711,1.0128705501556396,forecast,128.0,31,774,True,,,0.0551999993622303,0.1525162458419799,0.0588775724172592
traffic,PatchTST,time_stretch,4,4717,903,0.4924624562263489,MSE,0.5594930648803711,1.0128705501556396,forecast,128.0,31,840,True,,,0.0214000009000301,0.0238860547542572,0.0234074927866458
traffic,PatchTST,time_stretch,4,4717,903,0.4924624562263489,MSE,0.5594930648803711,1.0128705501556396,forecast,129.0,32,133,True,,,0.0449000000953674,0.0890656113624572,0.0398313887417316
traffic,PatchTST,time_stretch,4,4717,903,0.4924624562263489,MSE,0.5594930648803711,1.0128705501556396,forecast,129.0,32,304,True,,,0.1106000021100044,0.1675953119993209,0.1311170160770416
traffic,PatchTST,time_stretch,4,4717,903,0.4924624562263489,MSE,0.5594930648803711,1.0128705501556396,forecast,129.0,32,402,True,,,0.1019999980926513,0.0813823118805885,0.0882210582494735
traffic,PatchTST,time_stretch,4,4717,903,0.4924624562263489,MSE,0.5594930648803711,1.0128705501556396,forecast,129.0,32,413,True,,,0.0775000005960464,0.0723994001746177,0.0779767856001854
traffic,PatchTST,time_stretch,4,4717,903,0.4924624562263489,MSE,0.5594930648803711,1.0128705501556396,forecast,129.0,32,567,True,,,0.0238000005483627,0.0274704750627279,0.0345923341810703
traffic,PatchTST,time_stretch,4,4717,903,0.4924624562263489,MSE,0.5594930648803711,1.0128705501556396,forecast,129.0,32,571,True,,,0.0900000035762786,0.0643715560436248,0.0680135041475296
traffic,PatchTST,time_stretch,4,4717,903,0.4924624562263489,MSE,0.5594930648803711,1.0128705501556396,forecast,129.0,32,580,True,,,0.0788000002503395,0.0645165368914604,0.0727047398686409
traffic,PatchTST,time_stretch,4,4717,903,0.4924624562263489,MSE,0.5594930648803711,1.0128705501556396,forecast,129.0,32,639,True,,,0.0535000003874301,0.0634358003735542,0.1081582903861999
traffic,PatchTST,time_stretch,4,4717,903,0.4924624562263489,MSE,0.5594930648803711,1.0128705501556396,forecast,129.0,32,768,True,,,0.1512999981641769,0.1613899022340774,0.1131642237305641
traffic,PatchTST,time_stretch,4,4717,903,0.4924624562263489,MSE,0.5594930648803711,1.0128705501556396,forecast,129.0,32,774,True,,,0.0644000023603439,0.0612338334321975,0.0497394166886806
traffic,PatchTST,time_stretch,4,4717,903,0.4924624562263489,MSE,0.5594930648803711,1.0128705501556396,forecast,129.0,32,840,True,,,0.015599999576807,0.0089293327182531,0.0211679935455322
traffic,PatchTST,time_stretch,4,4717,903,0.4924624562263489,MSE,0.5594930648803711,1.0128705501556396,forecast,130.0,33,133,True,,,0.0254999995231628,0.0286983158439397,0.0288216788321733
traffic,PatchTST,time_stretch,4,4717,903,0.4924624562263489,MSE,0.5594930648803711,1.0128705501556396,forecast,130.0,33,304,True,,,0.0794999971985817,0.0752260163426399,0.1222919821739196
traffic,PatchTST,time_stretch,4,4717,903,0.4924624562263489,MSE,0.5594930648803711,1.0128705501556396,forecast,130.0,33,402,True,,,0.0364000014960765,0.0267785787582397,0.088541992008686
traffic,PatchTST,time_stretch,4,4717,903,0.4924624562263489,MSE,0.5594930648803711,1.0128705501556396,forecast,130.0,33,413,True,,,0.0571999996900558,0.0601430684328079,0.0689730867743492
traffic,PatchTST,time_stretch,4,4717,903,0.4924624562263489,MSE,0.5594930648803711,1.0128705501556396,forecast,130.0,33,567,True,,,0.019200000911951,0.0234702453017234,0.0308935511857271
traffic,PatchTST,time_stretch,4,4717,903,0.4924624562263489,MSE,0.5594930648803711,1.0128705501556396,forecast,130.0,33,571,True,,,0.0838000029325485,0.0595070049166679,0.0632577538490295
traffic,PatchTST,time_stretch,4,4717,903,0.4924624562263489,MSE,0.5594930648803711,1.0128705501556396,forecast,130.0,33,580,True,,,0.0331000015139579,0.0199381969869136,0.0712589249014854
traffic,PatchTST,time_stretch,4,4717,903,0.4924624562263489,MSE,0.5594930648803711,1.0128705501556396,forecast,130.0,33,639,True,,,0.0381000004708766,0.0475399568676948,0.1036634594202041
traffic,PatchTST,time_stretch,4,4717,903,0.4924624562263489,MSE,0.5594930648803711,1.0128705501556396,forecast,130.0,33,768,True,,,0.0700000002980232,0.0984169170260429,0.1247408688068389
traffic,PatchTST,time_stretch,4,4717,903,0.4924624562263489,MSE,0.5594930648803711,1.0128705501556396,forecast,130.0,33,774,True,,,0.035300001502037,0.0202073827385902,0.0443710163235664
traffic,PatchTST,time_stretch,4,4717,903,0.4924624562263489,MSE,0.5594930648803711,1.0128705501556396,forecast,130.0,33,840,True,,,0.0137000009417533,0.0065560229122638,0.0207637846469879
traffic,PatchTST,time_stretch,4,4717,903,0.4924624562263489,MSE,0.5594930648803711,1.0128705501556396,forecast,131.0,34,133,True,,,0.0164000000804662,0.0212168414145708,0.0393991395831108
traffic,PatchTST,time_stretch,4,4717,903,0.4924624562263489,MSE,0.5594930648803711,1.0128705501556396,forecast,131.0,34,304,True,,,0.05180000141263,0.0498604997992515,0.1104436516761779
traffic,PatchTST,time_stretch,4,4717,903,0.4924624562263489,MSE,0.5594930648803711,1.0128705501556396,forecast,131.0,34,402,True,,,0.0265999995172023,0.0237427614629268,0.0947597846388816
traffic,PatchTST,time_stretch,4,4717,903,0.4924624562263489,MSE,0.5594930648803711,1.0128705501556396,forecast,131.0,34,413,True,,,0.0540999993681907,0.0528274364769458,0.0622699260711669
traffic,PatchTST,time_stretch,4,4717,903,0.4924624562263489,MSE,0.5594930648803711,1.0128705501556396,forecast,131.0,34,567,True,,,0.0181000009179115,0.0226864572614431,0.028266754001379
traffic,PatchTST,time_stretch,4,4717,903,0.4924624562263489,MSE,0.5594930648803711,1.0128705501556396,forecast,131.0,34,571,True,,,0.0890000015497207,0.0555812455713748,0.0562413185834884
traffic,PatchTST,time_stretch,4,4717,903,0.4924624562263489,MSE,0.5594930648803711,1.0128705501556396,forecast,131.0,34,580,True,,,0.0240999981760978,0.0178653709590435,0.0722644925117492
traffic,PatchTST,time_stretch,4,4717,903,0.4924624562263489,MSE,0.5594930648803711,1.0128705501556396,forecast,131.0,34,639,True,,,0.0298999994993209,0.0384068265557289,0.094051107764244
traffic,PatchTST,time_stretch,4,4717,903,0.4924624562263489,MSE,0.5594930648803711,1.0128705501556396,forecast,131.0,34,768,True,,,0.0546999983489513,0.066583938896656,0.1362633854150772
traffic,PatchTST,time_stretch,4,4717,903,0.4924624562263489,MSE,0.5594930648803711,1.0128705501556396,forecast,131.0,34,774,True,,,0.013799998909235,0.0139352064579725,0.0496482253074646
traffic,PatchTST,time_stretch,4,4717,903,0.4924624562263489,MSE,0.5594930648803711,1.0128705501556396,forecast,131.0,34,840,True,,,0.0135000012814998,0.005988772958517,0.0217622630298137
traffic,PatchTST,time_stretch,4,4717,903,0.4924624562263489,MSE,0.5594930648803711,1.0128705501556396,forecast,132.0,35,133,True,,,0.0097000002861022,0.0162687022238969,0.0459067374467849
traffic,PatchTST,time_stretch,4,4717,903,0.4924624562263489,MSE,0.5594930648803711,1.0128705501556396,forecast,132.0,35,304,True,,,0.0408000014722347,0.0385135188698768,0.1043569669127464
traffic,PatchTST,time_stretch,4,4717,903,0.4924624562263489,MSE,0.5594930648803711,1.0128705501556396,forecast,132.0,35,402,True,,,0.0064999982714653,0.0220578573644161,0.0941196307539939
traffic,PatchTST,time_stretch,4,4717,903,0.4924624562263489,MSE,0.5594930648803711,1.0128705501556396,forecast,132.0,35,413,True,,,0.0412000007927417,0.0454274751245975,0.0590792521834373
traffic,PatchTST,time_stretch,4,4717,903,0.4924624562263489,MSE,0.5594930648803711,1.0128705501556396,forecast,132.0,35,567,True,,,0.0156999994069337,0.0196953751146793,0.0251592341810464
traffic,PatchTST,time_stretch,4,4717,903,0.4924624562263489,MSE,0.5594930648803711,1.0128705501556396,forecast,132.0,35,571,True,,,0.0846000015735626,0.0487518422305583,0.0525268539786338
traffic,PatchTST,time_stretch,4,4717,903,0.4924624562263489,MSE,0.5594930648803711,1.0128705501556396,forecast,132.0,35,580,True,,,0.0049000009894371,0.0183353573083877,0.0716393142938613
traffic,PatchTST,time_stretch,4,4717,903,0.4924624562263489,MSE,0.5594930648803711,1.0128705501556396,forecast,132.0,35,639,True,,,0.0222999993711709,0.0292920880019664,0.0915622785687446
traffic,PatchTST,time_stretch,4,4717,903,0.4924624562263489,MSE,0.5594930648803711,1.0128705501556396,forecast,132.0,35,768,True,,,0.0375000014901161,0.048810951411724,0.132444679737091
traffic,PatchTST,time_stretch,4,4717,903,0.4924624562263489,MSE,0.5594930648803711,1.0128705501556396,forecast,132.0,35,774,True,,,0.0100999996066093,0.0130461510270833,0.0536035187542438
traffic,PatchTST,time_stretch,4,4717,903,0.4924624562263489,MSE,0.5594930648803711,1.0128705501556396,forecast,132.0,35,840,True,,,0.0104999989271163,0.0038681607693433,0.0220964103937149
traffic,PatchTST,time_stretch,4,4717,903,0.4924624562263489,MSE,0.5594930648803711,1.0128705501556396,forecast,133.0,36,133,True,,,0.0051000006496906,0.0084925703704357,0.0530435852706432
traffic,PatchTST,time_stretch,4,4717,903,0.4924624562263489,MSE,0.5594930648803711,1.0128705501556396,forecast,133.0,36,304,True,,,0.0265999995172023,0.0289919897913932,0.0965348482131958
traffic,PatchTST,time_stretch,4,4717,903,0.4924624562263489,MSE,0.5594930648803711,1.0128705501556396,forecast,133.0,36,402,True,,,0.0002000033855438,0.0136669687926769,0.0908930897712707
traffic,PatchTST,time_stretch,4,4717,903,0.4924624562263489,MSE,0.5594930648803711,1.0128705501556396,forecast,133.0,36,413,True,,,0.0276999995112419,0.0312436670064926,0.0577036365866661
traffic,PatchTST,time_stretch,4,4717,903,0.4924624562263489,MSE,0.5594930648803711,1.0128705501556396,forecast,133.0,36,567,True,,,0.0078999996185302,0.0126585038378834,0.020905926823616
traffic,PatchTST,time_stretch,4,4717,903,0.4924624562263489,MSE,0.5594930648803711,1.0128705501556396,forecast,133.0,36,571,True,,,0.0586000010371208,0.0362258329987525,0.0561395287513732
traffic,PatchTST,time_stretch,4,4717,903,0.4924624562263489,MSE,0.5594930648803711,1.0128705501556396,forecast,133.0,36,580,True,,,0.003100000321865,0.0136528089642524,0.0697458609938621
traffic,PatchTST,time_stretch,4,4717,903,0.4924624562263489,MSE,0.5594930648803711,1.0128705501556396,forecast,133.0,36,639,True,,,0.015099998563528,0.018754843622446,0.0906860455870628
traffic,PatchTST,time_stretch,4,4717,903,0.4924624562263489,MSE,0.5594930648803711,1.0128705501556396,forecast,133.0,36,768,True,,,0.0210999995470047,0.0338530838489532,0.1251386404037475
traffic,PatchTST,time_stretch,4,4717,903,0.4924624562263489,MSE,0.5594930648803711,1.0128705501556396,forecast,133.0,36,774,True,,,0.0056999996304512,0.0091646369546651,0.0520312190055847
traffic,PatchTST,time_stretch,4,4717,903,0.4924624562263489,MSE,0.5594930648803711,1.0128705501556396,forecast,133.0,36,840,True,,,0.0054999999701976,-0.0015984438359737,0.0188169218599796
traffic,PatchTST,time_stretch,4,4717,903,0.4924624562263489,MSE,0.5594930648803711,1.0128705501556396,forecast,134.0,37,133,True,,,0.0027999989688396,0.0085792988538742,0.0789597928524017
traffic,PatchTST,time_stretch,4,4717,903,0.4924624562263489,MSE,0.5594930648803711,1.0128705501556396,forecast,134.0,37,304,True,,,0.0161999985575675,0.0267890244722366,0.0984275192022323
traffic,PatchTST,time_stretch,4,4717,903,0.4924624562263489,MSE,0.5594930648803711,1.0128705501556396,forecast,134.0,37,402,True,,,0.0,0.0133781246840953,0.0973563641309738
traffic,PatchTST,time_stretch,4,4717,903,0.4924624562263489,MSE,0.5594930648803711,1.0128705501556396,forecast,134.0,37,413,True,,,0.0166999995708465,0.0190298035740852,0.052744161337614
traffic,PatchTST,time_stretch,4,4717,903,0.4924624562263489,MSE,0.5594930648803711,1.0128705501556396,forecast,134.0,37,567,True,,,0.0045999996364116,0.0098481932654976,0.0167785547673702
traffic,PatchTST,time_stretch,4,4717,903,0.4924624562263489,MSE,0.5594930648803711,1.0128705501556396,forecast,134.0,37,571,True,,,0.0261000003665685,0.0251883696764707,0.0578483417630195
traffic,PatchTST,time_stretch,4,4717,903,0.4924624562263489,MSE,0.5594930648803711,1.0128705501556396,forecast,134.0,37,580,True,,,0.003100000321865,0.015291254967451,0.0743463858962059
traffic,PatchTST,time_stretch,4,4717,903,0.4924624562263489,MSE,0.5594930648803711,1.0128705501556396,forecast,134.0,37,639,True,,,0.0115000009536743,0.0144912563264369,0.0885678082704544
traffic,PatchTST,time_stretch,4,4717,903,0.4924624562263489,MSE,0.5594930648803711,1.0128705501556396,forecast,134.0,37,768,True,,,0.0125999972224235,0.0254131853580474,0.122683361172676
traffic,PatchTST,time_stretch,4,4717,903,0.4924624562263489,MSE,0.5594930648803711,1.0128705501556396,forecast,134.0,37,774,True,,,0.0030000004917383,0.0071897190064191,0.058462731540203
traffic,PatchTST,time_stretch,4,4717,903,0.4924624562263489,MSE,0.5594930648803711,1.0128705501556396,forecast,134.0,37,840,True,,,0.0051000006496906,-0.0002429895102977,0.0158105641603469
traffic,PatchTST,time_stretch,4,4717,903,0.4924624562263489,MSE,0.5594930648803711,1.0128705501556396,forecast,135.0,38,133,True,,,0.001299999654293,0.0085846409201622,0.0829494297504425
traffic,PatchTST,time_stretch,4,4717,903,0.4924624562263489,MSE,0.5594930648803711,1.0128705501556396,forecast,135.0,38,304,True,,,0.0102000012993812,0.0225890427827835,0.0996411740779876
traffic,PatchTST,time_stretch,4,4717,903,0.4924624562263489,MSE,0.5594930648803711,1.0128705501556396,forecast,135.0,38,402,True,,,0.0,0.0135913640260696,0.1035287305712699
traffic,PatchTST,time_stretch,4,4717,903,0.4924624562263489,MSE,0.5594930648803711,1.0128705501556396,forecast,135.0,38,413,True,,,0.0099999979138374,0.0138483345508575,0.050007976591587
traffic,PatchTST,time_stretch,4,4717,903,0.4924624562263489,MSE,0.5594930648803711,1.0128705501556396,forecast,135.0,38,567,True,,,0.0033999998122453,0.0090370830148458,0.0156683325767517
traffic,PatchTST,time_stretch,4,4717,903,0.4924624562263489,MSE,0.5594930648803711,1.0128705501556396,forecast,135.0,38,571,True,,,0.0170000009238719,0.0171282663941383,0.0547111444175243
traffic,PatchTST,time_stretch,4,4717,903,0.4924624562263489,MSE,0.5594930648803711,1.0128705501556396,forecast,135.0,38,580,True,,,0.003100000321865,0.01528075709939,0.0784943774342536
traffic,PatchTST,time_stretch,4,4717,903,0.4924624562263489,MSE,0.5594930648803711,1.0128705501556396,forecast,135.0,38,639,True,,,0.0104999989271163,0.0151119567453861,0.0835345536470413
traffic,PatchTST,time_stretch,4,4717,903,0.4924624562263489,MSE,0.5594930648803711,1.0128705501556396,forecast,135.0,38,768,True,,,0.007200002670288,0.0218319296836853,0.1171852797269821
traffic,PatchTST,time_stretch,4,4717,903,0.4924624562263489,MSE,0.5594930648803711,1.0128705501556396,forecast,135.0,38,774,True,,,0.0013000015169382,0.0053350068628787,0.0554340556263923
traffic,PatchTST,time_stretch,4,4717,903,0.4924624562263489,MSE,0.5594930648803711,1.0128705501556396,forecast,135.0,38,840,True,,,0.0038000009953975,0.0109299998730421,0.0170266665518283
traffic,PatchTST,time_stretch,4,4717,903,0.4924624562263489,MSE,0.5594930648803711,1.0128705501556396,forecast,136.0,39,133,True,,,0.0010999999940395,0.0085190348327159,0.0816672593355178
traffic,PatchTST,time_stretch,4,4717,903,0.4924624562263489,MSE,0.5594930648803711,1.0128705501556396,forecast,136.0,39,304,True,,,0.0073999986052513,0.0215865150094032,0.1005497872829437
traffic,PatchTST,time_stretch,4,4717,903,0.4924624562263489,MSE,0.5594930648803711,1.0128705501556396,forecast,136.0,39,402,True,,,0.0,0.0114938244223594,0.1083656027913093
traffic,PatchTST,time_stretch,4,4717,903,0.4924624562263489,MSE,0.5594930648803711,1.0128705501556396,forecast,136.0,39,413,True,,,0.007200002670288,0.0166665315628051,0.046697475016117
traffic,PatchTST,time_stretch,4,4717,903,0.4924624562263489,MSE,0.5594930648803711,1.0128705501556396,forecast,136.0,39,567,True,,,0.0056999996304512,0.0136794140562415,0.0156320258975029
traffic,PatchTST,time_stretch,4,4717,903,0.4924624562263489,MSE,0.5594930648803711,1.0128705501556396,forecast,136.0,39,571,True,,,0.0140000022947788,0.0144642945379018,0.046495895832777
traffic,PatchTST,time_stretch,4,4717,903,0.4924624562263489,MSE,0.5594930648803711,1.0128705501556396,forecast,136.0,39,580,True,,,0.003100000321865,0.0129505023360252,0.0855205953121185
traffic,PatchTST,time_stretch,4,4717,903,0.4924624562263489,MSE,0.5594930648803711,1.0128705501556396,forecast,136.0,39,639,True,,,0.0093000009655952,0.0173638314008712,0.086172416806221
traffic,PatchTST,time_stretch,4,4717,903,0.4924624562263489,MSE,0.5594930648803711,1.0128705501556396,forecast,136.0,39,768,True,,,0.0060999989509582,0.0204214975237846,0.1139612197875976
traffic,PatchTST,time_stretch,4,4717,903,0.4924624562263489,MSE,0.5594930648803711,1.0128705501556396,forecast,136.0,39,774,True,,,0.0010999999940395,0.0048506185412406,0.0509249977767467
traffic,PatchTST,time_stretch,4,4717,903,0.4924624562263489,MSE,0.5594930648803711,1.0128705501556396,forecast,136.0,39,840,True,,,0.0058999992907047,0.0133947636932134,0.0152784120291471
traffic,PatchTST,time_stretch,4,4717,903,0.4924624562263489,MSE,0.5594930648803711,1.0128705501556396,forecast,137.0,40,133,True,,,0.0007000006735324,0.0092245712876319,0.0730945691466331
traffic,PatchTST,time_stretch,4,4717,903,0.4924624562263489,MSE,0.5594930648803711,1.0128705501556396,forecast,137.0,40,304,True,,,0.0071000009775161,0.0202334783971309,0.0997090637683868
traffic,PatchTST,time_stretch,4,4717,903,0.4924624562263489,MSE,0.5594930648803711,1.0128705501556396,forecast,137.0,40,402,True,,,0.0,0.0072739347815513,0.1110746413469314
traffic,PatchTST,time_stretch,4,4717,903,0.4924624562263489,MSE,0.5594930648803711,1.0128705501556396,forecast,137.0,40,413,True,,,0.0089000016450881,0.0213549807667732,0.0445413962006568
traffic,PatchTST,time_stretch,4,4717,903,0.4924624562263489,MSE,0.5594930648803711,1.0128705501556396,forecast,137.0,40,567,True,,,0.0121999997645616,0.0217682551592588,0.0164807271212339
traffic,PatchTST,time_stretch,4,4717,903,0.4924624562263489,MSE,0.5594930648803711,1.0128705501556396,forecast,137.0,40,571,True,,,0.013500003144145,0.0161114707589149,0.0364669002592563
traffic,PatchTST,time_stretch,4,4717,903,0.4924624562263489,MSE,0.5594930648803711,1.0128705501556396,forecast,137.0,40,580,True,,,0.003100000321865,0.0099901184439659,0.0936331748962402
traffic,PatchTST,time_stretch,4,4717,903,0.4924624562263489,MSE,0.5594930648803711,1.0128705501556396,forecast,137.0,40,639,True,,,0.0113999992609024,0.0208318624645471,0.0894097760319709
traffic,PatchTST,time_stretch,4,4717,903,0.4924624562263489,MSE,0.5594930648803711,1.0128705501556396,forecast,137.0,40,768,True,,,0.0094999969005584,0.0198233798146247,0.1138969734311103
traffic,PatchTST,time_stretch,4,4717,903,0.4924624562263489,MSE,0.5594930648803711,1.0128705501556396,forecast,137.0,40,774,True,,,0.0010000020265579,0.0057482086122035,0.0469707809388637
traffic,PatchTST,time_stretch,4,4717,903,0.4924624562263489,MSE,0.5594930648803711,1.0128705501556396,forecast,137.0,40,840,True,,,0.0080999992787837,0.0167729556560516,0.0208322722464799
traffic,PatchTST,time_stretch,4,4717,903,0.4924624562263489,MSE,0.5594930648803711,1.0128705501556396,forecast,138.0,41,133,True,,,0.0023000016808509,0.0115923359990119,0.0628700777888298
traffic,PatchTST,time_stretch,4,4717,903,0.4924624562263489,MSE,0.5594930648803711,1.0128705501556396,forecast,138.0,41,304,True,,,0.0133000016212463,0.0236067175865173,0.1103592216968536
traffic,PatchTST,time_stretch,4,4717,903,0.4924624562263489,MSE,0.5594930648803711,1.0128705501556396,forecast,138.0,41,402,True,,,0.0001000016927719,0.008430428802967,0.1236813813447952
traffic,PatchTST,time_stretch,4,4717,903,0.4924624562263489,MSE,0.5594930648803711,1.0128705501556396,forecast,138.0,41,413,True,,,0.0170000046491622,0.0342214182019233,0.0444624200463295
traffic,PatchTST,time_stretch,4,4717,903,0.4924624562263489,MSE,0.5594930648803711,1.0128705501556396,forecast,138.0,41,567,True,,,0.0480000004172325,0.0515309125185012,0.0206608902662992
traffic,PatchTST,time_stretch,4,4717,903,0.4924624562263489,MSE,0.5594930648803711,1.0128705501556396,forecast,138.0,41,571,True,,,0.0208999998867511,0.0220280587673187,0.033943623304367
traffic,PatchTST,time_stretch,4,4717,903,0.4924624562263489,MSE,0.5594930648803711,1.0128705501556396,forecast,138.0,41,580,True,,,0.0031999982893466,0.0116830803453922,0.1043977439403534
traffic,PatchTST,time_stretch,4,4717,903,0.4924624562263489,MSE,0.5594930648803711,1.0128705501556396,forecast,138.0,41,639,True,,,0.0230000000447034,0.0401246100664138,0.0926986932754516
traffic,PatchTST,time_stretch,4,4717,903,0.4924624562263489,MSE,0.5594930648803711,1.0128705501556396,forecast,138.0,41,768,True,,,0.0191000029444694,0.0271801650524139,0.121166281402111
traffic,PatchTST,time_stretch,4,4717,903,0.4924624562263489,MSE,0.5594930648803711,1.0128705501556396,forecast,138.0,41,774,True,,,0.0013999994844198,0.009627878665924,0.0512456893920898
traffic,PatchTST,time_stretch,4,4717,903,0.4924624562263489,MSE,0.5594930648803711,1.0128705501556396,forecast,138.0,41,840,True,,,0.0203000009059906,0.0373838804662227,0.0362083725631237
traffic,PatchTST,time_stretch,4,4717,903,0.4924624562263489,MSE,0.5594930648803711,1.0128705501556396,forecast,139.0,42,133,True,,,0.0086000002920627,0.0154236853122711,0.0493768453598022
traffic,PatchTST,time_stretch,4,4717,903,0.4924624562263489,MSE,0.5594930648803711,1.0128705501556396,forecast,139.0,42,304,True,,,0.0245999991893768,0.0353243090212345,0.1116596236824989
traffic,PatchTST,time_stretch,4,4717,903,0.4924624562263489,MSE,0.5594930648803711,1.0128705501556396,forecast,139.0,42,402,True,,,0.00450000166893,0.0232602916657924,0.1130965277552604
traffic,PatchTST,time_stretch,4,4717,903,0.4924624562263489,MSE,0.5594930648803711,1.0128705501556396,forecast,139.0,42,413,True,,,0.0504000000655651,0.0566018410027027,0.0537351965904235
traffic,PatchTST,time_stretch,4,4717,903,0.4924624562263489,MSE,0.5594930648803711,1.0128705501556396,forecast,139.0,42,567,True,,,0.0953999906778335,0.104977935552597,0.0305837485939264
traffic,PatchTST,time_stretch,4,4717,903,0.4924624562263489,MSE,0.5594930648803711,1.0128705501556396,forecast,139.0,42,571,True,,,0.0397999994456768,0.039872907102108,0.0374867133796215
traffic,PatchTST,time_stretch,4,4717,903,0.4924624562263489,MSE,0.5594930648803711,1.0128705501556396,forecast,139.0,42,580,True,,,0.0040999986231327,0.0252012945711612,0.0999719202518463
traffic,PatchTST,time_stretch,4,4717,903,0.4924624562263489,MSE,0.5594930648803711,1.0128705501556396,forecast,139.0,42,639,True,,,0.0722000002861023,0.0887999534606933,0.0977937206625938
traffic,PatchTST,time_stretch,4,4717,903,0.4924624562263489,MSE,0.5594930648803711,1.0128705501556396,forecast,139.0,42,768,True,,,0.046799998730421,0.0548836886882782,0.1246909573674202
traffic,PatchTST,time_stretch,4,4717,903,0.4924624562263489,MSE,0.5594930648803711,1.0128705501556396,forecast,139.0,42,774,True,,,0.0050999987870454,0.0130395945161581,0.0396415032446384
traffic,PatchTST,time_stretch,4,4717,903,0.4924624562263489,MSE,0.5594930648803711,1.0128705501556396,forecast,139.0,42,840,True,,,0.3574999868869781,0.1504601687192917,0.0505528226494789
traffic,PatchTST,time_stretch,4,4717,903,0.4924624562263489,MSE,0.5594930648803711,1.0128705501556396,forecast,140.0,43,133,True,,,0.0277999993413686,0.0276584830135107,0.0471495203673839
traffic,PatchTST,time_stretch,4,4717,903,0.4924624562263489,MSE,0.5594930648803711,1.0128705501556396,forecast,140.0,43,304,True,,,0.0443000011146068,0.0506900958716869,0.111131802201271
traffic,PatchTST,time_stretch,4,4717,903,0.4924624562263489,MSE,0.5594930648803711,1.0128705501556396,forecast,140.0,43,402,True,,,0.0436999984085559,0.0623020455241203,0.0969475731253624
traffic,PatchTST,time_stretch,4,4717,903,0.4924624562263489,MSE,0.5594930648803711,1.0128705501556396,forecast,140.0,43,413,True,,,0.1423999965190887,0.1107896119356155,0.0749314352869987
traffic,PatchTST,time_stretch,4,4717,903,0.4924624562263489,MSE,0.5594930648803711,1.0128705501556396,forecast,140.0,43,567,True,,,0.227400004863739,0.1731186062097549,0.0406988300383091
traffic,PatchTST,time_stretch,4,4717,903,0.4924624562263489,MSE,0.5594930648803711,1.0128705501556396,forecast,140.0,43,571,True,,,0.0734999999403953,0.0687780007719993,0.0382843613624572
traffic,PatchTST,time_stretch,4,4717,903,0.4924624562263489,MSE,0.5594930648803711,1.0128705501556396,forecast,140.0,43,580,True,,,0.0315000005066394,0.0543631315231323,0.083848550915718
traffic,PatchTST,time_stretch,4,4717,903,0.4924624562263489,MSE,0.5594930648803711,1.0128705501556396,forecast,140.0,43,639,True,,,0.2231000065803527,0.1986354738473892,0.0960761159658432
traffic,PatchTST,time_stretch,4,4717,903,0.4924624562263489,MSE,0.5594930648803711,1.0128705501556396,forecast,140.0,43,768,True,,,0.0854000002145767,0.0875145196914672,0.1290480345487594
traffic,PatchTST,time_stretch,4,4717,903,0.4924624562263489,MSE,0.5594930648803711,1.0128705501556396,forecast,140.0,43,774,True,,,0.014699999243021,0.0177250895649194,0.0346506908535957
traffic,PatchTST,time_stretch,4,4717,903,0.4924624562263489,MSE,0.5594930648803711,1.0128705501556396,forecast,140.0,43,840,True,,,0.6079000234603882,0.2747235894203186,0.0422419011592865
traffic,PatchTST,time_stretch,4,4717,903,0.4924624562263489,MSE,0.5594930648803711,1.0128705501556396,forecast,141.0,44,133,True,,,0.0584999993443489,0.0564671345055103,0.0527197904884815
traffic,PatchTST,time_stretch,4,4717,903,0.4924624562263489,MSE,0.5594930648803711,1.0128705501556396,forecast,141.0,44,304,True,,,0.0692000016570091,0.0697134584188461,0.1130566298961639
traffic,PatchTST,time_stretch,4,4717,903,0.4924624562263489,MSE,0.5594930648803711,1.0128705501556396,forecast,141.0,44,402,True,,,0.1856999993324279,0.1640985906124115,0.0931929647922515
traffic,PatchTST,time_stretch,4,4717,903,0.4924624562263489,MSE,0.5594930648803711,1.0128705501556396,forecast,141.0,44,413,True,,,0.4406000077724457,0.2883053123950958,0.098340518772602
traffic,PatchTST,time_stretch,4,4717,903,0.4924624562263489,MSE,0.5594930648803711,1.0128705501556396,forecast,141.0,44,567,True,,,0.3822000026702881,0.2420700937509536,0.0517095029354095
traffic,PatchTST,time_stretch,4,4717,903,0.4924624562263489,MSE,0.5594930648803711,1.0128705501556396,forecast,141.0,44,571,True,,,0.0895000025629997,0.0777495875954628,0.0400519035756588
traffic,PatchTST,time_stretch,4,4717,903,0.4924624562263489,MSE,0.5594930648803711,1.0128705501556396,forecast,141.0,44,580,True,,,0.1513999998569488,0.1310765594244003,0.0748227834701538
traffic,PatchTST,time_stretch,4,4717,903,0.4924624562263489,MSE,0.5594930648803711,1.0128705501556396,forecast,141.0,44,639,True,,,0.4442000091075897,0.3804586827754974,0.1007135212421417
traffic,PatchTST,time_stretch,4,4717,903,0.4924624562263489,MSE,0.5594930648803711,1.0128705501556396,forecast,141.0,44,768,True,,,0.0944000035524368,0.1032033711671829,0.1419651210308075
traffic,PatchTST,time_stretch,4,4717,903,0.4924624562263489,MSE,0.5594930648803711,1.0128705501556396,forecast,141.0,44,774,True,,,0.0425999984145164,0.0355512574315071,0.0414151065051555
traffic,PatchTST,time_stretch,4,4717,903,0.4924624562263489,MSE,0.5594930648803711,1.0128705501556396,forecast,141.0,44,840,True,,,0.6141999959945679,0.2735911309719085,0.0357046723365783
traffic,PatchTST,time_stretch,4,4717,903,0.4924624562263489,MSE,0.5594930648803711,1.0128705501556396,forecast,142.0,45,133,True,,,0.0649000033736229,0.0723501145839691,0.0627822652459144
traffic,PatchTST,time_stretch,4,4717,903,0.4924624562263489,MSE,0.5594930648803711,1.0128705501556396,forecast,142.0,45,304,True,,,0.1167000010609626,0.0849872827529907,0.1285866498947143
traffic,PatchTST,time_stretch,4,4717,903,0.4924624562263489,MSE,0.5594930648803711,1.0128705501556396,forecast,142.0,45,402,True,,,0.2308999896049499,0.2218082845211029,0.0921635553240776
traffic,PatchTST,time_stretch,4,4717,903,0.4924624562263489,MSE,0.5594930648803711,1.0128705501556396,forecast,142.0,45,413,True,,,0.4559000134468078,0.4223890900611877,0.101190261542797
traffic,PatchTST,time_stretch,4,4717,903,0.4924624562263489,MSE,0.5594930648803711,1.0128705501556396,forecast,142.0,45,567,True,,,0.3824000060558319,0.2270340621471405,0.0537955164909362
traffic,PatchTST,time_stretch,4,4717,903,0.4924624562263489,MSE,0.5594930648803711,1.0128705501556396,forecast,142.0,45,571,True,,,0.0709000006318092,0.0781457647681236,0.0453796871006488
traffic,PatchTST,time_stretch,4,4717,903,0.4924624562263489,MSE,0.5594930648803711,1.0128705501556396,forecast,142.0,45,580,True,,,0.2339000105857849,0.1670895218849182,0.0705539062619209
traffic,PatchTST,time_stretch,4,4717,903,0.4924624562263489,MSE,0.5594930648803711,1.0128705501556396,forecast,142.0,45,639,True,,,0.3993000090122223,0.3706723749637604,0.1100688278675079
traffic,PatchTST,time_stretch,4,4717,903,0.4924624562263489,MSE,0.5594930648803711,1.0128705501556396,forecast,142.0,45,768,True,,,0.0900000035762786,0.1004355773329734,0.1514996588230133
traffic,PatchTST,time_stretch,4,4717,903,0.4924624562263489,MSE,0.5594930648803711,1.0128705501556396,forecast,142.0,45,774,True,,,0.0603000000119209,0.0582845844328403,0.0532753281295299
traffic,PatchTST,time_stretch,4,4717,903,0.4924624562263489,MSE,0.5594930648803711,1.0128705501556396,forecast,142.0,45,840,True,,,0.5852000117301941,0.2530535161495209,0.0379309989511966
traffic,PatchTST,time_stretch,4,4717,903,0.4924624562263489,MSE,0.5594930648803711,1.0128705501556396,forecast,143.0,46,133,True,,,0.0513999983668327,0.0628072395920753,0.0625879019498825
traffic,PatchTST,time_stretch,4,4717,903,0.4924624562263489,MSE,0.5594930648803711,1.0128705501556396,forecast,143.0,46,304,True,,,0.0961999967694282,0.0831847041845321,0.1236077696084976
traffic,PatchTST,time_stretch,4,4717,903,0.4924624562263489,MSE,0.5594930648803711,1.0128705501556396,forecast,143.0,46,402,True,,,0.1284999996423721,0.1660894751548767,0.0924491509795188
traffic,PatchTST,time_stretch,4,4717,903,0.4924624562263489,MSE,0.5594930648803711,1.0128705501556396,forecast,143.0,46,413,True,,,0.4129999876022339,0.400955468416214,0.0945276543498039
traffic,PatchTST,time_stretch,4,4717,903,0.4924624562263489,MSE,0.5594930648803711,1.0128705501556396,forecast,143.0,46,567,True,,,0.2621000111103058,0.1295224577188491,0.0498708263039588
traffic,PatchTST,time_stretch,4,4717,903,0.4924624562263489,MSE,0.5594930648803711,1.0128705501556396,forecast,143.0,46,571,True,,,0.0719999969005584,0.0756157338619232,0.0519450940191745
traffic,PatchTST,time_stretch,4,4717,903,0.4924624562263489,MSE,0.5594930648803711,1.0128705501556396,forecast,143.0,46,580,True,,,0.0958999991416931,0.1196433454751968,0.0711073353886604
traffic,PatchTST,time_stretch,4,4717,903,0.4924624562263489,MSE,0.5594930648803711,1.0128705501556396,forecast,143.0,46,639,True,,,0.1052000075578689,0.1799819767475128,0.1095577031373977
traffic,PatchTST,time_stretch,4,4717,903,0.4924624562263489,MSE,0.5594930648803711,1.0128705501556396,forecast,143.0,46,768,True,,,0.0896999984979629,0.0962202250957489,0.1391467005014419
traffic,PatchTST,time_stretch,4,4717,903,0.4924624562263489,MSE,0.5594930648803711,1.0128705501556396,forecast,143.0,46,774,True,,,0.0542999990284442,0.0561836287379264,0.0516268089413642
traffic,PatchTST,time_stretch,4,4717,903,0.4924624562263489,MSE,0.5594930648803711,1.0128705501556396,forecast,143.0,46,840,True,,,0.5705999732017517,0.1990521401166916,0.0407601036131382
traffic,PatchTST,time_stretch,4,4717,903,0.4924624562263489,MSE,0.5594930648803711,1.0128705501556396,forecast,144.0,47,133,True,,,0.0438000001013278,0.05244867131114,0.0537599846720695
traffic,PatchTST,time_stretch,4,4717,903,0.4924624562263489,MSE,0.5594930648803711,1.0128705501556396,forecast,144.0,47,304,True,,,0.0776999965310096,0.0737267062067985,0.096253328025341
traffic,PatchTST,time_stretch,4,4717,903,0.4924624562263489,MSE,0.5594930648803711,1.0128705501556396,forecast,144.0,47,402,True,,,0.0944000035524368,0.1080887764692306,0.0864055007696151
traffic,PatchTST,time_stretch,4,4717,903,0.4924624562263489,MSE,0.5594930648803711,1.0128705501556396,forecast,144.0,47,413,True,,,0.2939999997615814,0.2513476014137268,0.0862199664115905
traffic,PatchTST,time_stretch,4,4717,903,0.4924624562263489,MSE,0.5594930648803711,1.0128705501556396,forecast,144.0,47,567,True,,,0.0538000017404556,0.0652771592140197,0.045196995139122
traffic,PatchTST,time_stretch,4,4717,903,0.4924624562263489,MSE,0.5594930648803711,1.0128705501556396,forecast,144.0,47,571,True,,,0.0772999972105026,0.0708799213171005,0.0556266084313392
traffic,PatchTST,time_stretch,4,4717,903,0.4924624562263489,MSE,0.5594930648803711,1.0128705501556396,forecast,144.0,47,580,True,,,0.0719000026583671,0.0778099000453949,0.0694826692342758
traffic,PatchTST,time_stretch,4,4717,903,0.4924624562263489,MSE,0.5594930648803711,1.0128705501556396,forecast,144.0,47,639,True,,,0.0891999974846839,0.0990214496850967,0.1012559980154037
traffic,PatchTST,time_stretch,4,4717,903,0.4924624562263489,MSE,0.5594930648803711,1.0128705501556396,forecast,144.0,47,768,True,,,0.0920000001788139,0.0930816754698753,0.1137777119874954
traffic,PatchTST,time_stretch,4,4717,903,0.4924624562263489,MSE,0.5594930648803711,1.0128705501556396,forecast,144.0,47,774,True,,,0.0397999994456768,0.0434060841798782,0.0392542332410812
traffic,PatchTST,time_stretch,4,4717,903,0.4924624562263489,MSE,0.5594930648803711,1.0128705501556396,forecast,144.0,47,840,True,,,0.3867000043392181,0.1068868339061737,0.0326749868690967
traffic,PatchTST,time_stretch,4,4717,903,0.4924624562263489,MSE,0.5594930648803711,1.0128705501556396,forecast,145.0,48,133,True,,,0.0372000001370906,0.047883003950119,0.0408783592283725
traffic,PatchTST,time_stretch,4,4717,903,0.4924624562263489,MSE,0.5594930648803711,1.0128705501556396,forecast,145.0,48,304,True,,,0.0843999981880188,0.0778143852949142,0.078184500336647
traffic,PatchTST,time_stretch,4,4717,903,0.4924624562263489,MSE,0.5594930648803711,1.0128705501556396,forecast,145.0,48,402,True,,,0.0877000018954277,0.095288947224617,0.0860218405723571
traffic,PatchTST,time_stretch,4,4717,903,0.4924624562263489,MSE,0.5594930648803711,1.0128705501556396,forecast,145.0,48,413,True,,,0.0910999998450279,0.1167077422142028,0.0826525762677192
traffic,PatchTST,time_stretch,4,4717,903,0.4924624562263489,MSE,0.5594930648803711,1.0128705501556396,forecast,145.0,48,567,True,,,0.0469000004231929,0.0477836765348911,0.0420385748147964
traffic,PatchTST,time_stretch,4,4717,903,0.4924624562263489,MSE,0.5594930648803711,1.0128705501556396,forecast,145.0,48,571,True,,,0.0742999985814094,0.0699514299631118,0.0605531185865402
traffic,PatchTST,time_stretch,4,4717,903,0.4924624562263489,MSE,0.5594930648803711,1.0128705501556396,forecast,145.0,48,580,True,,,0.0729999989271164,0.070649117231369,0.0652718394994735
traffic,PatchTST,time_stretch,4,4717,903,0.4924624562263489,MSE,0.5594930648803711,1.0128705501556396,forecast,145.0,48,639,True,,,0.0716999992728233,0.0917538404464721,0.0947795435786247
traffic,PatchTST,time_stretch,4,4717,903,0.4924624562263489,MSE,0.5594930648803711,1.0128705501556396,forecast,145.0,48,768,True,,,0.0898000001907348,0.0969548895955085,0.1057976186275482
traffic,PatchTST,time_stretch,4,4717,903,0.4924624562263489,MSE,0.5594930648803711,1.0128705501556396,forecast,145.0,48,774,True,,,0.0328000001609325,0.0389233827590942,0.0262717865407466
traffic,PatchTST,time_stretch,4,4717,903,0.4924624562263489,MSE,0.5594930648803711,1.0128705501556396,forecast,145.0,48,840,True,,,0.0359000004827976,0.0476009100675582,0.0335315503180027
traffic,PatchTST,time_stretch,4,4717,903,0.4924624562263489,MSE,0.5594930648803711,1.0128705501556396,forecast,146.0,49,133,True,,,0.0324999988079071,0.0418891124427318,0.0369223617017269
traffic,PatchTST,time_stretch,4,4717,903,0.4924624562263489,MSE,0.5594930648803711,1.0128705501556396,forecast,146.0,49,304,True,,,0.0851000025868415,0.0847919732332229,0.0886806398630142
traffic,PatchTST,time_stretch,4,4717,903,0.4924624562263489,MSE,0.5594930648803711,1.0128705501556396,forecast,146.0,49,402,True,,,0.0905999988317489,0.0953751653432846,0.0930803716182708
traffic,PatchTST,time_stretch,4,4717,903,0.4924624562263489,MSE,0.5594930648803711,1.0128705501556396,forecast,146.0,49,413,True,,,0.0895000025629997,0.0900762528181076,0.0844751596450805
traffic,PatchTST,time_stretch,4,4717,903,0.4924624562263489,MSE,0.5594930648803711,1.0128705501556396,forecast,146.0,49,567,True,,,0.0434999987483024,0.0456828624010086,0.0427397228777408
traffic,PatchTST,time_stretch,4,4717,903,0.4924624562263489,MSE,0.5594930648803711,1.0128705501556396,forecast,146.0,49,571,True,,,0.0737000033259391,0.0693001151084899,0.0671646744012832
traffic,PatchTST,time_stretch,4,4717,903,0.4924624562263489,MSE,0.5594930648803711,1.0128705501556396,forecast,146.0,49,580,True,,,0.0737000033259391,0.0734452381730079,0.0679294094443321
traffic,PatchTST,time_stretch,4,4717,903,0.4924624562263489,MSE,0.5594930648803711,1.0128705501556396,forecast,146.0,49,639,True,,,0.06700000166893,0.0948763787746429,0.0962271392345428
traffic,PatchTST,time_stretch,4,4717,903,0.4924624562263489,MSE,0.5594930648803711,1.0128705501556396,forecast,146.0,49,768,True,,,0.0868000015616417,0.1033469215035438,0.1143432632088661
traffic,PatchTST,time_stretch,4,4717,903,0.4924624562263489,MSE,0.5594930648803711,1.0128705501556396,forecast,146.0,49,774,True,,,0.032999999821186,0.0361149869859218,0.0233476683497428
traffic,PatchTST,time_stretch,4,4717,903,0.4924624562263489,MSE,0.5594930648803711,1.0128705501556396,forecast,146.0,49,840,True,,,0.0331000015139579,0.0314822681248188,0.0433997847139835
traffic,PatchTST,time_stretch,4,4717,903,0.4924624562263489,MSE,0.5594930648803711,1.0128705501556396,forecast,147.0,50,133,True,,,0.0342000015079975,0.0414185561239719,0.0355506427586078
traffic,PatchTST,time_stretch,4,4717,903,0.4924624562263489,MSE,0.5594930648803711,1.0128705501556396,forecast,147.0,50,304,True,,,0.097300000488758,0.1295757740736007,0.1165964379906654
traffic,PatchTST,time_stretch,4,4717,903,0.4924624562263489,MSE,0.5594930648803711,1.0128705501556396,forecast,147.0,50,402,True,,,0.0798999965190887,0.0980845242738723,0.1072355881333351
traffic,PatchTST,time_stretch,4,4717,903,0.4924624562263489,MSE,0.5594930648803711,1.0128705501556396,forecast,147.0,50,413,True,,,0.089599996805191,0.0913191959261894,0.0866325348615646
traffic,PatchTST,time_stretch,4,4717,903,0.4924624562263489,MSE,0.5594930648803711,1.0128705501556396,forecast,147.0,50,567,True,,,0.0461000017821788,0.0477619916200637,0.0443689152598381
traffic,PatchTST,time_stretch,4,4717,903,0.4924624562263489,MSE,0.5594930648803711,1.0128705501556396,forecast,147.0,50,571,True,,,0.0741999968886375,0.0760054141283035,0.071402221918106
traffic,PatchTST,time_stretch,4,4717,903,0.4924624562263489,MSE,0.5594930648803711,1.0128705501556396,forecast,147.0,50,580,True,,,0.063799999654293,0.074566401541233,0.0770924016833305
traffic,PatchTST,time_stretch,4,4717,903,0.4924624562263489,MSE,0.5594930648803711,1.0128705501556396,forecast,147.0,50,639,True,,,0.0687000006437301,0.1057416200637817,0.1049004942178726
traffic,PatchTST,time_stretch,4,4717,903,0.4924624562263489,MSE,0.5594930648803711,1.0128705501556396,forecast,147.0,50,768,True,,,0.0873000025749206,0.1089186444878578,0.1138756647706031
traffic,PatchTST,time_stretch,4,4717,903,0.4924624562263489,MSE,0.5594930648803711,1.0128705501556396,forecast,147.0,50,774,True,,,0.0370999984443187,0.0398204624652862,0.0288406684994697
traffic,PatchTST,time_stretch,4,4717,903,0.4924624562263489,MSE,0.5594930648803711,1.0128705501556396,forecast,147.0,50,840,True,,,0.0749000012874603,0.0326596833765506,0.042007889598608
traffic,PatchTST,time_stretch,4,4717,903,0.4924624562263489,MSE,0.5594930648803711,1.0128705501556396,forecast,148.0,51,133,True,,,0.0434000007808208,0.0500814765691757,0.0416887067258358
traffic,PatchTST,time_stretch,4,4717,903,0.4924624562263489,MSE,0.5594930648803711,1.0128705501556396,forecast,148.0,51,304,True,,,0.1072999984025955,0.2369883060455322,0.1527650654315948
traffic,PatchTST,time_stretch,4,4717,903,0.4924624562263489,MSE,0.5594930648803711,1.0128705501556396,forecast,148.0,51,402,True,,,0.1136000007390976,0.1209819614887237,0.1293869465589523
traffic,PatchTST,time_stretch,4,4717,903,0.4924624562263489,MSE,0.5594930648803711,1.0128705501556396,forecast,148.0,51,413,True,,,0.0865999981760978,0.0932222381234169,0.0893059223890304
traffic,PatchTST,time_stretch,4,4717,903,0.4924624562263489,MSE,0.5594930648803711,1.0128705501556396,forecast,148.0,51,567,True,,,0.050000000745058,0.0493948087096214,0.0433150306344032
traffic,PatchTST,time_stretch,4,4717,903,0.4924624562263489,MSE,0.5594930648803711,1.0128705501556396,forecast,148.0,51,571,True,,,0.0766000002622604,0.0904767736792564,0.07675601541996
traffic,PatchTST,time_stretch,4,4717,903,0.4924624562263489,MSE,0.5594930648803711,1.0128705501556396,forecast,148.0,51,580,True,,,0.0764999985694885,0.0949737280607223,0.0923701077699661
traffic,PatchTST,time_stretch,4,4717,903,0.4924624562263489,MSE,0.5594930648803711,1.0128705501556396,forecast,148.0,51,639,True,,,0.0797000005841255,0.1177303493022918,0.1105180084705352
traffic,PatchTST,time_stretch,4,4717,903,0.4924624562263489,MSE,0.5594930648803711,1.0128705501556396,forecast,148.0,51,768,True,,,0.1476999968290329,0.1381668299436569,0.1115149930119514
traffic,PatchTST,time_stretch,4,4717,903,0.4924624562263489,MSE,0.5594930648803711,1.0128705501556396,forecast,148.0,51,774,True,,,0.0531999990344047,0.0487228259444236,0.0418676100671291
traffic,PatchTST,time_stretch,4,4717,903,0.4924624562263489,MSE,0.5594930648803711,1.0128705501556396,forecast,148.0,51,840,True,,,0.2126999944448471,0.0233075581490993,0.0148508138954639
traffic,PatchTST,time_stretch,4,4717,903,0.4924624562263489,MSE,0.5594930648803711,1.0128705501556396,forecast,149.0,52,133,True,,,0.1281999945640564,0.0856006443500518,0.0662514120340347
traffic,PatchTST,time_stretch,4,4717,903,0.4924624562263489,MSE,0.5594930648803711,1.0128705501556396,forecast,149.0,52,304,True,,,0.2068000137805938,0.3257920444011688,0.1823996007442474
traffic,PatchTST,time_stretch,4,4717,903,0.4924624562263489,MSE,0.5594930648803711,1.0128705501556396,forecast,149.0,52,402,True,,,0.1875999867916107,0.1757042109966278,0.1433677971363067
traffic,PatchTST,time_stretch,4,4717,903,0.4924624562263489,MSE,0.5594930648803711,1.0128705501556396,forecast,149.0,52,413,True,,,0.092799998819828,0.0946579128503799,0.0963044315576553
traffic,PatchTST,time_stretch,4,4717,903,0.4924624562263489,MSE,0.5594930648803711,1.0128705501556396,forecast,149.0,52,567,True,,,0.0454000011086463,0.046092752367258,0.0461451597511768
traffic,PatchTST,time_stretch,4,4717,903,0.4924624562263489,MSE,0.5594930648803711,1.0128705501556396,forecast,149.0,52,571,True,,,0.0877000018954277,0.0987645387649536,0.0766917392611503
traffic,PatchTST,time_stretch,4,4717,903,0.4924624562263489,MSE,0.5594930648803711,1.0128705501556396,forecast,149.0,52,580,True,,,0.1641999930143356,0.1607015281915664,0.1059653088450431
traffic,PatchTST,time_stretch,4,4717,903,0.4924624562263489,MSE,0.5594930648803711,1.0128705501556396,forecast,149.0,52,639,True,,,0.0852999985218048,0.1237743496894836,0.1162449866533279
traffic,PatchTST,time_stretch,4,4717,903,0.4924624562263489,MSE,0.5594930648803711,1.0128705501556396,forecast,149.0,52,768,True,,,0.1900999993085861,0.1888717859983444,0.1363888829946518
traffic,PatchTST,time_stretch,4,4717,903,0.4924624562263489,MSE,0.5594930648803711,1.0128705501556396,forecast,149.0,52,774,True,,,0.0689999982714653,0.0762591212987899,0.0560300275683403
traffic,PatchTST,time_stretch,4,4717,903,0.4924624562263489,MSE,0.5594930648803711,1.0128705501556396,forecast,149.0,52,840,True,,,0.2811000049114227,0.0280440971255302,0.0201599951833486
traffic,PatchTST,time_stretch,4,4717,903,0.4924624562263489,MSE,0.5594930648803711,1.0128705501556396,forecast,150.0,53,133,True,,,0.3750999867916107,0.1986376792192459,0.1062321215867996
traffic,PatchTST,time_stretch,4,4717,903,0.4924624562263489,MSE,0.5594930648803711,1.0128705501556396,forecast,150.0,53,304,True,,,0.4025999903678894,0.3655651211738586,0.2010211944580078
traffic,PatchTST,time_stretch,4,4717,903,0.4924624562263489,MSE,0.5594930648803711,1.0128705501556396,forecast,150.0,53,402,True,,,0.3082999885082245,0.2721603512763977,0.1697251349687576
traffic,PatchTST,time_stretch,4,4717,903,0.4924624562263489,MSE,0.5594930648803711,1.0128705501556396,forecast,150.0,53,413,True,,,0.0903000012040138,0.0858245566487312,0.0919369384646415
traffic,PatchTST,time_stretch,4,4717,903,0.4924624562263489,MSE,0.5594930648803711,1.0128705501556396,forecast,150.0,53,567,True,,,0.0441000014543533,0.0466574504971504,0.0501766130328178
traffic,PatchTST,time_stretch,4,4717,903,0.4924624562263489,MSE,0.5594930648803711,1.0128705501556396,forecast,150.0,53,571,True,,,0.100500002503395,0.1257805526256561,0.0764143615961074
traffic,PatchTST,time_stretch,4,4717,903,0.4924624562263489,MSE,0.5594930648803711,1.0128705501556396,forecast,150.0,53,580,True,,,0.2351000010967254,0.2299702018499374,0.1175380870699882
traffic,PatchTST,time_stretch,4,4717,903,0.4924624562263489,MSE,0.5594930648803711,1.0128705501556396,forecast,150.0,53,639,True,,,0.0878000035881996,0.1280813217163086,0.1235229671001434
traffic,PatchTST,time_stretch,4,4717,903,0.4924624562263489,MSE,0.5594930648803711,1.0128705501556396,forecast,150.0,53,768,True,,,0.240799993276596,0.2709778249263763,0.1643285155296325
traffic,PatchTST,time_stretch,4,4717,903,0.4924624562263489,MSE,0.5594930648803711,1.0128705501556396,forecast,150.0,53,774,True,,,0.2061000019311905,0.1822764575481414,0.093928575515747
traffic,PatchTST,time_stretch,4,4717,903,0.4924624562263489,MSE,0.5594930648803711,1.0128705501556396,forecast,150.0,53,840,True,,,0.0303000006824731,0.034219492226839,0.0262387506663799
traffic,PatchTST,time_stretch,4,4717,903,0.4924624562263489,MSE,0.5594930648803711,1.0128705501556396,forecast,151.0,54,133,True,,,0.3736000061035156,0.3280767202377319,0.1125392317771911
traffic,PatchTST,time_stretch,4,4717,903,0.4924624562263489,MSE,0.5594930648803711,1.0128705501556396,forecast,151.0,54,304,True,,,0.4433000087738037,0.3849013149738312,0.1900940835475921
traffic,PatchTST,time_stretch,4,4717,903,0.4924624562263489,MSE,0.5594930648803711,1.0128705501556396,forecast,151.0,54,402,True,,,0.4259999990463257,0.3265242278575897,0.160164400935173
traffic,PatchTST,time_stretch,4,4717,903,0.4924624562263489,MSE,0.5594930648803711,1.0128705501556396,forecast,151.0,54,413,True,,,0.100100003182888,0.0857535004615783,0.0955972298979759
traffic,PatchTST,time_stretch,4,4717,903,0.4924624562263489,MSE,0.5594930648803711,1.0128705501556396,forecast,151.0,54,567,True,,,0.0399000011384487,0.045339997857809,0.0498276129364967
traffic,PatchTST,time_stretch,4,4717,903,0.4924624562263489,MSE,0.5594930648803711,1.0128705501556396,forecast,151.0,54,571,True,,,0.09009999781847,0.13261678814888,0.0731481462717056
traffic,PatchTST,time_stretch,4,4717,903,0.4924624562263489,MSE,0.5594930648803711,1.0128705501556396,forecast,151.0,54,580,True,,,0.339599996805191,0.2700048089027405,0.1141995340585708
traffic,PatchTST,time_stretch,4,4717,903,0.4924624562263489,MSE,0.5594930648803711,1.0128705501556396,forecast,151.0,54,639,True,,,0.0961999967694282,0.1335149854421615,0.1292819678783416
traffic,PatchTST,time_stretch,4,4717,903,0.4924624562263489,MSE,0.5594930648803711,1.0128705501556396,forecast,151.0,54,768,True,,,0.3842999935150146,0.3193681538105011,0.1672250479459762
traffic,PatchTST,time_stretch,4,4717,903,0.4924624562263489,MSE,0.5594930648803711,1.0128705501556396,forecast,151.0,54,774,True,,,0.37950000166893,0.2692345678806305,0.0927032530307769
traffic,PatchTST,time_stretch,4,4717,903,0.4924624562263489,MSE,0.5594930648803711,1.0128705501556396,forecast,151.0,54,840,True,,,0.0269000008702278,0.0344843678176403,0.027658050879836
traffic,PatchTST,time_stretch,4,4717,903,0.4924624562263489,MSE,0.5594930648803711,1.0128705501556396,forecast,152.0,55,133,True,,,0.2046000063419342,0.2541776299476623,0.0983463525772094
traffic,PatchTST,time_stretch,4,4717,903,0.4924624562263489,MSE,0.5594930648803711,1.0128705501556396,forecast,152.0,55,304,True,,,0.3680000007152557,0.332145094871521,0.1604018807411193
traffic,PatchTST,time_stretch,4,4717,903,0.4924624562263489,MSE,0.5594930648803711,1.0128705501556396,forecast,152.0,55,402,True,,,0.1550000011920929,0.2713469266891479,0.1171520799398422
traffic,PatchTST,time_stretch,4,4717,903,0.4924624562263489,MSE,0.5594930648803711,1.0128705501556396,forecast,152.0,55,413,True,,,0.0500999987125396,0.0810676366090774,0.0880764499306678
traffic,PatchTST,time_stretch,4,4717,903,0.4924624562263489,MSE,0.5594930648803711,1.0128705501556396,forecast,152.0,55,567,True,,,0.0307000000029802,0.0353659018874168,0.0387460961937904
traffic,PatchTST,time_stretch,4,4717,903,0.4924624562263489,MSE,0.5594930648803711,1.0128705501556396,forecast,152.0,55,571,True,,,0.0852999985218048,0.1032011955976486,0.0688582882285118
traffic,PatchTST,time_stretch,4,4717,903,0.4924624562263489,MSE,0.5594930648803711,1.0128705501556396,forecast,152.0,55,580,True,,,0.0820000022649765,0.2226672321557998,0.0947154462337493
traffic,PatchTST,time_stretch,4,4717,903,0.4924624562263489,MSE,0.5594930648803711,1.0128705501556396,forecast,152.0,55,639,True,,,0.0829999968409538,0.1011487245559692,0.1267810761928558
traffic,PatchTST,time_stretch,4,4717,903,0.4924624562263489,MSE,0.5594930648803711,1.0128705501556396,forecast,152.0,55,768,True,,,0.2560999989509582,0.2780138254165649,0.1375148743391037
traffic,PatchTST,time_stretch,4,4717,903,0.4924624562263489,MSE,0.5594930648803711,1.0128705501556396,forecast,152.0,55,774,True,,,0.1885000020265579,0.2003795206546783,0.0706277638673782
traffic,PatchTST,time_stretch,4,4717,903,0.4924624562263489,MSE,0.5594930648803711,1.0128705501556396,forecast,152.0,55,840,True,,,0.0217000003904104,0.0292383022606372,0.0249707326292991
traffic,PatchTST,time_stretch,4,4717,903,0.4924624562263489,MSE,0.5594930648803711,1.0128705501556396,forecast,153.0,56,133,True,,,0.0516999997198581,0.1168748959898948,0.0595505535602569
traffic,PatchTST,time_stretch,4,4717,903,0.4924624562263489,MSE,0.5594930648803711,1.0128705501556396,forecast,153.0,56,304,True,,,0.3068999946117401,0.2065102458000183,0.1380112916231155
traffic,PatchTST,time_stretch,4,4717,903,0.4924624562263489,MSE,0.5594930648803711,1.0128705501556396,forecast,153.0,56,402,True,,,0.0627000033855438,0.1202825009822845,0.0935510993003845
traffic,PatchTST,time_stretch,4,4717,903,0.4924624562263489,MSE,0.5594930648803711,1.0128705501556396,forecast,153.0,56,413,True,,,0.0754999965429306,0.0681385472416877,0.0751222297549247
traffic,PatchTST,time_stretch,4,4717,903,0.4924624562263489,MSE,0.5594930648803711,1.0128705501556396,forecast,153.0,56,567,True,,,0.0245999991893768,0.0273438915610313,0.0301390476524829
traffic,PatchTST,time_stretch,4,4717,903,0.4924624562263489,MSE,0.5594930648803711,1.0128705501556396,forecast,153.0,56,571,True,,,0.0771000012755394,0.0768366307020187,0.0633337572216987
traffic,PatchTST,time_stretch,4,4717,903,0.4924624562263489,MSE,0.5594930648803711,1.0128705501556396,forecast,153.0,56,580,True,,,0.0518999993801116,0.0976515784859657,0.081658087670803
traffic,PatchTST,time_stretch,4,4717,903,0.4924624562263489,MSE,0.5594930648803711,1.0128705501556396,forecast,153.0,56,639,True,,,0.0549999997019767,0.0620574578642845,0.1208370327949523
traffic,PatchTST,time_stretch,4,4717,903,0.4924624562263489,MSE,0.5594930648803711,1.0128705501556396,forecast,153.0,56,768,True,,,0.1055999994277954,0.193912923336029,0.1153130680322647
traffic,PatchTST,time_stretch,4,4717,903,0.4924624562263489,MSE,0.5594930648803711,1.0128705501556396,forecast,153.0,56,774,True,,,0.0485000014305114,0.0834022238850593,0.0557723604142665
traffic,PatchTST,time_stretch,4,4717,903,0.4924624562263489,MSE,0.5594930648803711,1.0128705501556396,forecast,153.0,56,840,True,,,0.0173000004142522,0.0139308683574199,0.0218844581395387
traffic,PatchTST,time_stretch,4,4717,903,0.4924624562263489,MSE,0.5594930648803711,1.0128705501556396,forecast,154.0,57,133,True,,,0.0305000003427267,0.0337020754814147,0.0421535335481166
traffic,PatchTST,time_stretch,4,4717,903,0.4924624562263489,MSE,0.5594930648803711,1.0128705501556396,forecast,154.0,57,304,True,,,0.0720999985933303,0.0890246033668518,0.1304106712341308
traffic,PatchTST,time_stretch,4,4717,903,0.4924624562263489,MSE,0.5594930648803711,1.0128705501556396,forecast,154.0,57,402,True,,,0.0388000011444091,0.0377421677112579,0.0937044471502304
traffic,PatchTST,time_stretch,4,4717,903,0.4924624562263489,MSE,0.5594930648803711,1.0128705501556396,forecast,154.0,57,413,True,,,0.0612999983131885,0.0551727227866649,0.0674523338675499
traffic,PatchTST,time_stretch,4,4717,903,0.4924624562263489,MSE,0.5594930648803711,1.0128705501556396,forecast,154.0,57,567,True,,,0.0198999997228384,0.023668747395277,0.0261330418288707
traffic,PatchTST,time_stretch,4,4717,903,0.4924624562263489,MSE,0.5594930648803711,1.0128705501556396,forecast,154.0,57,571,True,,,0.0687000006437301,0.0639196708798408,0.0616097822785377
traffic,PatchTST,time_stretch,4,4717,903,0.4924624562263489,MSE,0.5594930648803711,1.0128705501556396,forecast,154.0,57,580,True,,,0.0342999994754791,0.0329011902213096,0.0793103575706482
traffic,PatchTST,time_stretch,4,4717,903,0.4924624562263489,MSE,0.5594930648803711,1.0128705501556396,forecast,154.0,57,639,True,,,0.0381000004708766,0.0434598699212074,0.1111274138092994
traffic,PatchTST,time_stretch,4,4717,903,0.4924624562263489,MSE,0.5594930648803711,1.0128705501556396,forecast,154.0,57,768,True,,,0.0881000012159347,0.112298808991909,0.1220205798745155
traffic,PatchTST,time_stretch,4,4717,903,0.4924624562263489,MSE,0.5594930648803711,1.0128705501556396,forecast,154.0,57,774,True,,,0.0269000008702278,0.0250613242387771,0.0505495555698871
traffic,PatchTST,time_stretch,4,4717,903,0.4924624562263489,MSE,0.5594930648803711,1.0128705501556396,forecast,154.0,57,840,True,,,0.013799998909235,0.0120815951377153,0.0214623119682073
traffic,PatchTST,time_stretch,4,4717,903,0.4924624562263489,MSE,0.5594930648803711,1.0128705501556396,forecast,155.0,58,133,True,,,0.0198999997228384,0.0146416556090116,0.0466645583510398
traffic,PatchTST,time_stretch,4,4717,903,0.4924624562263489,MSE,0.5594930648803711,1.0128705501556396,forecast,155.0,58,304,True,,,0.0573999993503093,0.0536102727055549,0.1253134906291961
traffic,PatchTST,time_stretch,4,4717,903,0.4924624562263489,MSE,0.5594930648803711,1.0128705501556396,forecast,155.0,58,402,True,,,0.0307999998331069,0.025437619537115,0.1022101193666458
traffic,PatchTST,time_stretch,4,4717,903,0.4924624562263489,MSE,0.5594930648803711,1.0128705501556396,forecast,155.0,58,413,True,,,0.0544000007212162,0.047681987285614,0.0632892474532127
traffic,PatchTST,time_stretch,4,4717,903,0.4924624562263489,MSE,0.5594930648803711,1.0128705501556396,forecast,155.0,58,567,True,,,0.0194000005722045,0.0224874597042799,0.0242664888501167
traffic,PatchTST,time_stretch,4,4717,903,0.4924624562263489,MSE,0.5594930648803711,1.0128705501556396,forecast,155.0,58,571,True,,,0.0952000021934509,0.0571789741516113,0.0566995218396186
traffic,PatchTST,time_stretch,4,4717,903,0.4924624562263489,MSE,0.5594930648803711,1.0128705501556396,forecast,155.0,58,580,True,,,0.0283000022172927,0.0233564339578151,0.0814751088619232
traffic,PatchTST,time_stretch,4,4717,903,0.4924624562263489,MSE,0.5594930648803711,1.0128705501556396,forecast,155.0,58,639,True,,,0.0322000011801719,0.0353826321661472,0.1008792966604232
traffic,PatchTST,time_stretch,4,4717,903,0.4924624562263489,MSE,0.5594930648803711,1.0128705501556396,forecast,155.0,58,768,True,,,0.0604999996721744,0.0691771879792213,0.1343622356653213
traffic,PatchTST,time_stretch,4,4717,903,0.4924624562263489,MSE,0.5594930648803711,1.0128705501556396,forecast,155.0,58,774,True,,,0.0154999997466802,0.0138929150998592,0.058610126376152
traffic,PatchTST,time_stretch,4,4717,903,0.4924624562263489,MSE,0.5594930648803711,1.0128705501556396,forecast,155.0,58,840,True,,,0.0135999992489814,0.0151752866804599,0.0204658694565296
traffic,PatchTST,time_stretch,4,4717,903,0.4924624562263489,MSE,0.5594930648803711,1.0128705501556396,forecast,156.0,59,133,True,,,0.0111999996006488,0.0117499940097332,0.053895253688097
traffic,PatchTST,time_stretch,4,4717,903,0.4924624562263489,MSE,0.5594930648803711,1.0128705501556396,forecast,156.0,59,304,True,,,0.045499999076128,0.0425335839390754,0.1230515986680984
traffic,PatchTST,time_stretch,4,4717,903,0.4924624562263489,MSE,0.5594930648803711,1.0128705501556396,forecast,156.0,59,402,True,,,0.0093000009655952,0.0183481834828853,0.1034479737281799
traffic,PatchTST,time_stretch,4,4717,903,0.4924624562263489,MSE,0.5594930648803711,1.0128705501556396,forecast,156.0,59,413,True,,,0.0456999987363815,0.0397922173142433,0.0592778287827968
traffic,PatchTST,time_stretch,4,4717,903,0.4924624562263489,MSE,0.5594930648803711,1.0128705501556396,forecast,156.0,59,567,True,,,0.0156999994069337,0.0182539522647857,0.0218749772757291
traffic,PatchTST,time_stretch,4,4717,903,0.4924624562263489,MSE,0.5594930648803711,1.0128705501556396,forecast,156.0,59,571,True,,,0.0559000000357627,0.0506920628249645,0.0556006729602813
traffic,PatchTST,time_stretch,4,4717,903,0.4924624562263489,MSE,0.5594930648803711,1.0128705501556396,forecast,156.0,59,580,True,,,0.0093000009655952,0.0164896622300148,0.0811052620410919
traffic,PatchTST,time_stretch,4,4717,903,0.4924624562263489,MSE,0.5594930648803711,1.0128705501556396,forecast,156.0,59,639,True,,,0.0230999998748302,0.026599271222949,0.0963688194751739
traffic,PatchTST,time_stretch,4,4717,903,0.4924624562263489,MSE,0.5594930648803711,1.0128705501556396,forecast,156.0,59,768,True,,,0.03940000385046,0.050530944019556,0.1322366446256637
traffic,PatchTST,time_stretch,4,4717,903,0.4924624562263489,MSE,0.5594930648803711,1.0128705501556396,forecast,156.0,59,774,True,,,0.0109000001102685,0.0111274439841508,0.0663298517465591
traffic,PatchTST,time_stretch,4,4717,903,0.4924624562263489,MSE,0.5594930648803711,1.0128705501556396,forecast,156.0,59,840,True,,,0.0108000002801418,0.0148622822016477,0.0206795893609523
traffic,PatchTST,time_stretch,4,4717,903,0.4924624562263489,MSE,0.5594930648803711,1.0128705501556396,forecast,157.0,60,133,True,,,0.0058000013232231,0.0088495351374149,0.0631693452596664
traffic,PatchTST,time_stretch,4,4717,903,0.4924624562263489,MSE,0.5594930648803711,1.0128705501556396,forecast,157.0,60,304,True,,,0.0318999998271465,0.0343019403517246,0.1153898239135742
traffic,PatchTST,time_stretch,4,4717,903,0.4924624562263489,MSE,0.5594930648803711,1.0128705501556396,forecast,157.0,60,402,True,,,0.0,0.0110327005386352,0.0914416760206222
traffic,PatchTST,time_stretch,4,4717,903,0.4924624562263489,MSE,0.5594930648803711,1.0128705501556396,forecast,157.0,60,413,True,,,0.0296000018715858,0.0288830175995826,0.0557682439684867
traffic,PatchTST,time_stretch,4,4717,903,0.4924624562263489,MSE,0.5594930648803711,1.0128705501556396,forecast,157.0,60,567,True,,,0.0071000009775161,0.0093846349045634,0.0176287852227687
traffic,PatchTST,time_stretch,4,4717,903,0.4924624562263489,MSE,0.5594930648803711,1.0128705501556396,forecast,157.0,60,571,True,,,0.0419999994337558,0.0405128970742225,0.0598777383565902
traffic,PatchTST,time_stretch,4,4717,903,0.4924624562263489,MSE,0.5594930648803711,1.0128705501556396,forecast,157.0,60,580,True,,,0.0029999986290931,0.010601457208395,0.0724907293915748
traffic,PatchTST,time_stretch,4,4717,903,0.4924624562263489,MSE,0.5594930648803711,1.0128705501556396,forecast,157.0,60,639,True,,,0.0172000005841255,0.0146561488509178,0.0896138846874237
traffic,PatchTST,time_stretch,4,4717,903,0.4924624562263489,MSE,0.5594930648803711,1.0128705501556396,forecast,157.0,60,768,True,,,0.0230000019073486,0.036746010184288,0.1162877455353736
traffic,PatchTST,time_stretch,4,4717,903,0.4924624562263489,MSE,0.5594930648803711,1.0128705501556396,forecast,157.0,60,774,True,,,0.006300002336502,0.0076266340911388,0.0636992305517196
traffic,PatchTST,time_stretch,4,4717,903,0.4924624562263489,MSE,0.5594930648803711,1.0128705501556396,forecast,157.0,60,840,True,,,0.0058999992907047,0.0031633730977773,0.0174730792641639
traffic,PatchTST,time_stretch,4,4717,903,0.4924624562263489,MSE,0.5594930648803711,1.0128705501556396,forecast,158.0,61,133,True,,,0.0029999986290931,0.0069162286818027,0.0892266929149627
traffic,PatchTST,time_stretch,4,4717,903,0.4924624562263489,MSE,0.5594930648803711,1.0128705501556396,forecast,158.0,61,304,True,,,0.0177000015974044,0.0285996459424495,0.1140276193618774
traffic,PatchTST,time_stretch,4,4717,903,0.4924624562263489,MSE,0.5594930648803711,1.0128705501556396,forecast,158.0,61,402,True,,,0.0002000033855438,0.0121290609240531,0.0937221050262451
traffic,PatchTST,time_stretch,4,4717,903,0.4924624562263489,MSE,0.5594930648803711,1.0128705501556396,forecast,158.0,61,413,True,,,0.0164000019431114,0.0211977660655975,0.0499785654246807
traffic,PatchTST,time_stretch,4,4717,903,0.4924624562263489,MSE,0.5594930648803711,1.0128705501556396,forecast,158.0,61,567,True,,,0.0044999998062849,0.0071059502661228,0.0148314591497182
traffic,PatchTST,time_stretch,4,4717,903,0.4924624562263489,MSE,0.5594930648803711,1.0128705501556396,forecast,158.0,61,571,True,,,0.0218000002205371,0.0276690013706684,0.0665954947471618
traffic,PatchTST,time_stretch,4,4717,903,0.4924624562263489,MSE,0.5594930648803711,1.0128705501556396,forecast,158.0,61,580,True,,,0.0029999986290931,0.0132681503891944,0.0725986063480377
traffic,PatchTST,time_stretch,4,4717,903,0.4924624562263489,MSE,0.5594930648803711,1.0128705501556396,forecast,158.0,61,639,True,,,0.0113999992609024,0.0142562240362167,0.0872185751795768
traffic,PatchTST,time_stretch,4,4717,903,0.4924624562263489,MSE,0.5594930648803711,1.0128705501556396,forecast,158.0,61,768,True,,,0.0122999995946884,0.0278388410806655,0.1093488931655883
traffic,PatchTST,time_stretch,4,4717,903,0.4924624562263489,MSE,0.5594930648803711,1.0128705501556396,forecast,158.0,61,774,True,,,0.0032999999821186,0.0054111033678054,0.0701440423727035
traffic,PatchTST,time_stretch,4,4717,903,0.4924624562263489,MSE,0.5594930648803711,1.0128705501556396,forecast,158.0,61,840,True,,,0.0046999994665384,0.0072641298174858,0.0164367575198411
traffic,PatchTST,time_stretch,4,4717,903,0.4924624562263489,MSE,0.5594930648803711,1.0128705501556396,forecast,159.0,62,133,True,,,0.001299999654293,0.0064011365175247,0.092896930873394
traffic,PatchTST,time_stretch,4,4717,903,0.4924624562263489,MSE,0.5594930648803711,1.0128705501556396,forecast,159.0,62,304,True,,,0.0129000023007392,0.0235487893223762,0.1175596043467521
traffic,PatchTST,time_stretch,4,4717,903,0.4924624562263489,MSE,0.5594930648803711,1.0128705501556396,forecast,159.0,62,402,True,,,0.0,0.0132630132138729,0.1056354939937591
traffic,PatchTST,time_stretch,4,4717,903,0.4924624562263489,MSE,0.5594930648803711,1.0128705501556396,forecast,159.0,62,413,True,,,0.0103000029921531,0.0139902606606483,0.0472794398665428
traffic,PatchTST,time_stretch,4,4717,903,0.4924624562263489,MSE,0.5594930648803711,1.0128705501556396,forecast,159.0,62,567,True,,,0.0038000009953975,0.0083173960447311,0.014296474866569
traffic,PatchTST,time_stretch,4,4717,903,0.4924624562263489,MSE,0.5594930648803711,1.0128705501556396,forecast,159.0,62,571,True,,,0.0126000009477138,0.0194745622575283,0.0689079910516738
traffic,PatchTST,time_stretch,4,4717,903,0.4924624562263489,MSE,0.5594930648803711,1.0128705501556396,forecast,159.0,62,580,True,,,0.003100000321865,0.01563486084342,0.0793966725468635
traffic,PatchTST,time_stretch,4,4717,903,0.4924624562263489,MSE,0.5594930648803711,1.0128705501556396,forecast,159.0,62,639,True,,,0.0104999989271163,0.0178725272417068,0.0891740471124649
traffic,PatchTST,time_stretch,4,4717,903,0.4924624562263489,MSE,0.5594930648803711,1.0128705501556396,forecast,159.0,62,768,True,,,0.007700003683567,0.0232784077525138,0.1096834018826484
traffic,PatchTST,time_stretch,4,4717,903,0.4924624562263489,MSE,0.5594930648803711,1.0128705501556396,forecast,159.0,62,774,True,,,0.0013000015169382,0.0036794319748878,0.0668554604053497
traffic,PatchTST,time_stretch,4,4717,903,0.4924624562263489,MSE,0.5594930648803711,1.0128705501556396,forecast,159.0,62,840,True,,,0.0042000003159046,0.0183035116642713,0.0180572140961885
traffic,PatchTST,time_stretch,4,4717,903,0.4924624562263489,MSE,0.5594930648803711,1.0128705501556396,forecast,160.0,63,133,True,,,0.0007000006735324,0.0076926946640014,0.0914251208305358
traffic,PatchTST,time_stretch,4,4717,903,0.4924624562263489,MSE,0.5594930648803711,1.0128705501556396,forecast,160.0,63,304,True,,,0.0117000006139278,0.0244653932750225,0.1232270821928978
traffic,PatchTST,time_stretch,4,4717,903,0.4924624562263489,MSE,0.5594930648803711,1.0128705501556396,forecast,160.0,63,402,True,,,0.0,0.0127325765788555,0.1112006157636642
traffic,PatchTST,time_stretch,4,4717,903,0.4924624562263489,MSE,0.5594930648803711,1.0128705501556396,forecast,160.0,63,413,True,,,0.0072999969124794,0.0154664143919944,0.0453059934079647
traffic,PatchTST,time_stretch,4,4717,903,0.4924624562263489,MSE,0.5594930648803711,1.0128705501556396,forecast,160.0,63,567,True,,,0.0065000001341104,0.0117867076769471,0.0146035961806774
traffic,PatchTST,time_stretch,4,4717,903,0.4924624562263489,MSE,0.5594930648803711,1.0128705501556396,forecast,160.0,63,571,True,,,0.0077999979257583,0.018866529688239,0.0600020289421081
traffic,PatchTST,time_stretch,4,4717,903,0.4924624562263489,MSE,0.5594930648803711,1.0128705501556396,forecast,160.0,63,580,True,,,0.003100000321865,0.0137905776500701,0.0862085819244384
traffic,PatchTST,time_stretch,4,4717,903,0.4924624562263489,MSE,0.5594930648803711,1.0128705501556396,forecast,160.0,63,639,True,,,0.0100999996066093,0.0215418506413698,0.0954747200012207
traffic,PatchTST,time_stretch,4,4717,903,0.4924624562263489,MSE,0.5594930648803711,1.0128705501556396,forecast,160.0,63,768,True,,,0.0059999972581863,0.0235699713230133,0.1129424721002578
traffic,PatchTST,time_stretch,4,4717,903,0.4924624562263489,MSE,0.5594930648803711,1.0128705501556396,forecast,160.0,63,774,True,,,0.0014999993145465,0.005250409245491,0.0605356469750404
traffic,PatchTST,time_stretch,4,4717,903,0.4924624562263489,MSE,0.5594930648803711,1.0128705501556396,forecast,160.0,63,840,True,,,0.0053000003099441,0.0244818646460771,0.0169941280037164
traffic,PatchTST,time_stretch,4,4717,903,0.4924624562263489,MSE,0.5594930648803711,1.0128705501556396,forecast,161.0,64,133,True,,,0.000900000333786,0.0103715620934963,0.0822728350758552
traffic,PatchTST,time_stretch,4,4717,903,0.4924624562263489,MSE,0.5594930648803711,1.0128705501556396,forecast,161.0,64,304,True,,,0.0100999996066093,0.0255969166755676,0.124837227165699
traffic,PatchTST,time_stretch,4,4717,903,0.4924624562263489,MSE,0.5594930648803711,1.0128705501556396,forecast,161.0,64,402,True,,,0.0,0.0106310956180095,0.1123444288969039
traffic,PatchTST,time_stretch,4,4717,903,0.4924624562263489,MSE,0.5594930648803711,1.0128705501556396,forecast,161.0,64,413,True,,,0.0090000033378601,0.0171098858118057,0.0421838983893394
traffic,PatchTST,time_stretch,4,4717,903,0.4924624562263489,MSE,0.5594930648803711,1.0128705501556396,forecast,161.0,64,567,True,,,0.0132999997586011,0.0184504985809326,0.0159197002649307
traffic,PatchTST,time_stretch,4,4717,903,0.4924624562263489,MSE,0.5594930648803711,1.0128705501556396,forecast,161.0,64,571,True,,,0.0071999989449977,0.0206094719469547,0.0439785681664943
traffic,PatchTST,time_stretch,4,4717,903,0.4924624562263489,MSE,0.5594930648803711,1.0128705501556396,forecast,161.0,64,580,True,,,0.003100000321865,0.0110918842256069,0.0921166762709617
traffic,PatchTST,time_stretch,4,4717,903,0.4924624562263489,MSE,0.5594930648803711,1.0128705501556396,forecast,161.0,64,639,True,,,0.0113999992609024,0.0239078588783741,0.096548318862915
traffic,PatchTST,time_stretch,4,4717,903,0.4924624562263489,MSE,0.5594930648803711,1.0128705501556396,forecast,161.0,64,768,True,,,0.0098000019788742,0.0247742831707,0.1055274382233619
traffic,PatchTST,time_stretch,4,4717,903,0.4924624562263489,MSE,0.5594930648803711,1.0128705501556396,forecast,161.0,64,774,True,,,0.0010000020265579,0.0067593436688184,0.0569293908774852
traffic,PatchTST,time_stretch,4,4717,903,0.4924624562263489,MSE,0.5594930648803711,1.0128705501556396,forecast,161.0,64,840,True,,,0.0084000006318092,0.020384345203638,0.0202814750373363
traffic,PatchTST,time_stretch,4,4717,903,0.4924624562263489,MSE,0.5594930648803711,1.0128705501556396,forecast,162.0,65,133,True,,,0.0023999996483325,0.01094376668334,0.0678105503320694
traffic,PatchTST,time_stretch,4,4717,903,0.4924624562263489,MSE,0.5594930648803711,1.0128705501556396,forecast,162.0,65,304,True,,,0.0152000002562999,0.0272848717868328,0.1307349205017089
traffic,PatchTST,time_stretch,4,4717,903,0.4924624562263489,MSE,0.5594930648803711,1.0128705501556396,forecast,162.0,65,402,True,,,0.0,0.0142249315977096,0.1209998279809951
traffic,PatchTST,time_stretch,4,4717,903,0.4924624562263489,MSE,0.5594930648803711,1.0128705501556396,forecast,162.0,65,413,True,,,0.0175999999046325,0.0320052988827228,0.0399635471403598
traffic,PatchTST,time_stretch,4,4717,903,0.4924624562263489,MSE,0.5594930648803711,1.0128705501556396,forecast,162.0,65,567,True,,,0.0494000017642974,0.0490096323192119,0.0202497225254774
traffic,PatchTST,time_stretch,4,4717,903,0.4924624562263489,MSE,0.5594930648803711,1.0128705501556396,forecast,162.0,65,571,True,,,0.0114000011235475,0.0240018051117658,0.0341940447688102
traffic,PatchTST,time_stretch,4,4717,903,0.4924624562263489,MSE,0.5594930648803711,1.0128705501556396,forecast,162.0,65,580,True,,,0.003100000321865,0.0145074650645256,0.0993389040231704
traffic,PatchTST,time_stretch,4,4717,903,0.4924624562263489,MSE,0.5594930648803711,1.0128705501556396,forecast,162.0,65,639,True,,,0.0238000005483627,0.0436327271163463,0.0999372377991676
traffic,PatchTST,time_stretch,4,4717,903,0.4924624562263489,MSE,0.5594930648803711,1.0128705501556396,forecast,162.0,65,768,True,,,0.0208000019192695,0.0339235551655292,0.107248917222023
traffic,PatchTST,time_stretch,4,4717,903,0.4924624562263489,MSE,0.5594930648803711,1.0128705501556396,forecast,162.0,65,774,True,,,0.0019000004976987,0.0084488801658153,0.0593993887305259
traffic,PatchTST,time_stretch,4,4717,903,0.4924624562263489,MSE,0.5594930648803711,1.0128705501556396,forecast,162.0,65,840,True,,,0.0195000004023313,0.030707836151123,0.0303115304559469
traffic,PatchTST,time_stretch,4,4717,903,0.4924624562263489,MSE,0.5594930648803711,1.0128705501556396,forecast,163.0,66,133,True,,,0.0084000006318092,0.0155477467924356,0.0551986545324325
traffic,PatchTST,time_stretch,4,4717,903,0.4924624562263489,MSE,0.5594930648803711,1.0128705501556396,forecast,163.0,66,304,True,,,0.0276999995112419,0.0359633862972259,0.1349121183156967
traffic,PatchTST,time_stretch,4,4717,903,0.4924624562263489,MSE,0.5594930648803711,1.0128705501556396,forecast,163.0,66,402,True,,,0.0001000016927719,0.0230483971536159,0.1111175641417503
traffic,PatchTST,time_stretch,4,4717,903,0.4924624562263489,MSE,0.5594930648803711,1.0128705501556396,forecast,163.0,66,413,True,,,0.0511000007390975,0.0533645749092102,0.0473480783402919
traffic,PatchTST,time_stretch,4,4717,903,0.4924624562263489,MSE,0.5594930648803711,1.0128705501556396,forecast,163.0,66,567,True,,,0.1155999898910522,0.1013098210096359,0.0287978630512952
traffic,PatchTST,time_stretch,4,4717,903,0.4924624562263489,MSE,0.5594930648803711,1.0128705501556396,forecast,163.0,66,571,True,,,0.0294000003486871,0.0419827811419963,0.0370910242199897
traffic,PatchTST,time_stretch,4,4717,903,0.4924624562263489,MSE,0.5594930648803711,1.0128705501556396,forecast,163.0,66,580,True,,,0.0049999989569187,0.0230144001543521,0.094609260559082
traffic,PatchTST,time_stretch,4,4717,903,0.4924624562263489,MSE,0.5594930648803711,1.0128705501556396,forecast,163.0,66,639,True,,,0.0732999965548515,0.0892918556928634,0.105741299688816
traffic,PatchTST,time_stretch,4,4717,903,0.4924624562263489,MSE,0.5594930648803711,1.0128705501556396,forecast,163.0,66,768,True,,,0.0472000017762184,0.0601515062153339,0.113443374633789
traffic,PatchTST,time_stretch,4,4717,903,0.4924624562263489,MSE,0.5594930648803711,1.0128705501556396,forecast,163.0,66,774,True,,,0.0054000001400709,0.0095101185142993,0.0490601882338523
traffic,PatchTST,time_stretch,4,4717,903,0.4924624562263489,MSE,0.5594930648803711,1.0128705501556396,forecast,163.0,66,840,True,,,0.3725000023841858,0.1598953157663345,0.0395455919206142
traffic,PatchTST,time_stretch,4,4717,903,0.4924624562263489,MSE,0.5594930648803711,1.0128705501556396,forecast,164.0,67,133,True,,,0.0253999978303909,0.0315142460167408,0.0520667284727096
traffic,PatchTST,time_stretch,4,4717,903,0.4924624562263489,MSE,0.5594930648803711,1.0128705501556396,forecast,164.0,67,304,True,,,0.0443000011146068,0.05286880210042,0.1534305214881897
traffic,PatchTST,time_stretch,4,4717,903,0.4924624562263489,MSE,0.5594930648803711,1.0128705501556396,forecast,164.0,67,402,True,,,0.0447999984025955,0.0623078048229217,0.1027566790580749
traffic,PatchTST,time_stretch,4,4717,903,0.4924624562263489,MSE,0.5594930648803711,1.0128705501556396,forecast,164.0,67,413,True,,,0.1462000012397766,0.108035534620285,0.0647536963224411
traffic,PatchTST,time_stretch,4,4717,903,0.4924624562263489,MSE,0.5594930648803711,1.0128705501556396,forecast,164.0,67,567,True,,,0.2630999982357025,0.1676217168569564,0.0406451448798179
traffic,PatchTST,time_stretch,4,4717,903,0.4924624562263489,MSE,0.5594930648803711,1.0128705501556396,forecast,164.0,67,571,True,,,0.0653999969363212,0.0643816739320755,0.0424763262271881
traffic,PatchTST,time_stretch,4,4717,903,0.4924624562263489,MSE,0.5594930648803711,1.0128705501556396,forecast,164.0,67,580,True,,,0.0346000008285045,0.0550837032496929,0.0857338160276413
traffic,PatchTST,time_stretch,4,4717,903,0.4924624562263489,MSE,0.5594930648803711,1.0128705501556396,forecast,164.0,67,639,True,,,0.2222000062465667,0.1972014605998993,0.1095170825719833
traffic,PatchTST,time_stretch,4,4717,903,0.4924624562263489,MSE,0.5594930648803711,1.0128705501556396,forecast,164.0,67,768,True,,,0.0873000025749206,0.0923962593078613,0.1295708268880844
traffic,PatchTST,time_stretch,4,4717,903,0.4924624562263489,MSE,0.5594930648803711,1.0128705501556396,forecast,164.0,67,774,True,,,0.0153000000864267,0.0163453333079814,0.0441182255744934
traffic,PatchTST,time_stretch,4,4717,903,0.4924624562263489,MSE,0.5594930648803711,1.0128705501556396,forecast,164.0,67,840,True,,,0.6107000112533569,0.3044420480728149,0.0313512720167636
traffic,PatchTST,time_stretch,4,4717,903,0.4924624562263489,MSE,0.5594930648803711,1.0128705501556396,forecast,165.0,68,133,True,,,0.0595999993383884,0.0605281963944435,0.0547001846134662
traffic,PatchTST,time_stretch,4,4717,903,0.4924624562263489,MSE,0.5594930648803711,1.0128705501556396,forecast,165.0,68,304,True,,,0.0662999972701072,0.0735276192426681,0.1660292744636535
traffic,PatchTST,time_stretch,4,4717,903,0.4924624562263489,MSE,0.5594930648803711,1.0128705501556396,forecast,165.0,68,402,True,,,0.1705999970436096,0.1721428334712982,0.0960442125797271
traffic,PatchTST,time_stretch,4,4717,903,0.4924624562263489,MSE,0.5594930648803711,1.0128705501556396,forecast,165.0,68,413,True,,,0.4632999897003174,0.2887085676193237,0.0810529962182045
traffic,PatchTST,time_stretch,4,4717,903,0.4924624562263489,MSE,0.5594930648803711,1.0128705501556396,forecast,165.0,68,567,True,,,0.3989000022411346,0.2272554785013198,0.0509006232023239
traffic,PatchTST,time_stretch,4,4717,903,0.4924624562263489,MSE,0.5594930648803711,1.0128705501556396,forecast,165.0,68,571,True,,,0.0711999982595443,0.0692492648959159,0.0512504279613494
traffic,PatchTST,time_stretch,4,4717,903,0.4924624562263489,MSE,0.5594930648803711,1.0128705501556396,forecast,165.0,68,580,True,,,0.1303000003099441,0.1440650522708892,0.0779182314872741
traffic,PatchTST,time_stretch,4,4717,903,0.4924624562263489,MSE,0.5594930648803711,1.0128705501556396,forecast,165.0,68,639,True,,,0.4126999974250793,0.3664363920688629,0.1137336045503616
traffic,PatchTST,time_stretch,4,4717,903,0.4924624562263489,MSE,0.5594930648803711,1.0128705501556396,forecast,165.0,68,768,True,,,0.1004000008106231,0.1043458208441734,0.140970766544342
traffic,PatchTST,time_stretch,4,4717,903,0.4924624562263489,MSE,0.5594930648803711,1.0128705501556396,forecast,165.0,68,774,True,,,0.0417000018060207,0.0362256579101085,0.0483534634113311
traffic,PatchTST,time_stretch,4,4717,903,0.4924624562263489,MSE,0.5594930648803711,1.0128705501556396,forecast,165.0,68,840,True,,,0.6194999814033508,0.3019836246967315,0.0268063582479953
traffic,PatchTST,time_stretch,4,4717,903,0.4924624562263489,MSE,0.5594930648803711,1.0128705501556396,forecast,166.0,69,133,True,,,0.0648000016808509,0.0761268362402916,0.0594791360199451
traffic,PatchTST,time_stretch,4,4717,903,0.4924624562263489,MSE,0.5594930648803711,1.0128705501556396,forecast,166.0,69,304,True,,,0.0784000009298324,0.0905990302562713,0.1746469885110855
traffic,PatchTST,time_stretch,4,4717,903,0.4924624562263489,MSE,0.5594930648803711,1.0128705501556396,forecast,166.0,69,402,True,,,0.2326999902725219,0.2274030148983001,0.0838698148727417
traffic,PatchTST,time_stretch,4,4717,903,0.4924624562263489,MSE,0.5594930648803711,1.0128705501556396,forecast,166.0,69,413,True,,,0.4733999967575073,0.396812379360199,0.0804677754640579
traffic,PatchTST,time_stretch,4,4717,903,0.4924624562263489,MSE,0.5594930648803711,1.0128705501556396,forecast,166.0,69,567,True,,,0.3741999864578247,0.2154884785413742,0.0520710013806819
traffic,PatchTST,time_stretch,4,4717,903,0.4924624562263489,MSE,0.5594930648803711,1.0128705501556396,forecast,166.0,69,571,True,,,0.0693999975919723,0.0734497904777526,0.0606192499399185
traffic,PatchTST,time_stretch,4,4717,903,0.4924624562263489,MSE,0.5594930648803711,1.0128705501556396,forecast,166.0,69,580,True,,,0.2092999964952469,0.1780780255794525,0.0692618265748024
traffic,PatchTST,time_stretch,4,4717,903,0.4924624562263489,MSE,0.5594930648803711,1.0128705501556396,forecast,166.0,69,639,True,,,0.4690999984741211,0.3578236699104309,0.1174661517143249
traffic,PatchTST,time_stretch,4,4717,903,0.4924624562263489,MSE,0.5594930648803711,1.0128705501556396,forecast,166.0,69,768,True,,,0.0983999967575073,0.1033166870474815,0.146343320608139
traffic,PatchTST,time_stretch,4,4717,903,0.4924624562263489,MSE,0.5594930648803711,1.0128705501556396,forecast,166.0,69,774,True,,,0.0641999989748001,0.0589444115757942,0.0549687221646308
traffic,PatchTST,time_stretch,4,4717,903,0.4924624562263489,MSE,0.5594930648803711,1.0128705501556396,forecast,166.0,69,840,True,,,0.6035000085830688,0.2776208519935608,0.0282567832618951
traffic,PatchTST,time_stretch,4,4717,903,0.4924624562263489,MSE,0.5594930648803711,1.0128705501556396,forecast,167.0,70,133,True,,,0.0524000003933906,0.0644647926092147,0.0539554059505462
traffic,PatchTST,time_stretch,4,4717,903,0.4924624562263489,MSE,0.5594930648803711,1.0128705501556396,forecast,167.0,70,304,True,,,0.0892999991774559,0.0917852520942688,0.161910131573677
traffic,PatchTST,time_stretch,4,4717,903,0.4924624562263489,MSE,0.5594930648803711,1.0128705501556396,forecast,167.0,70,402,True,,,0.1230000033974647,0.1692904829978943,0.0764304995536804
traffic,PatchTST,time_stretch,4,4717,903,0.4924624562263489,MSE,0.5594930648803711,1.0128705501556396,forecast,167.0,70,413,True,,,0.4483000040054321,0.3675902187824249,0.0752438753843307
traffic,PatchTST,time_stretch,4,4717,903,0.4924624562263489,MSE,0.5594930648803711,1.0128705501556396,forecast,167.0,70,567,True,,,0.2221000045537948,0.1209826469421386,0.049475148320198
traffic,PatchTST,time_stretch,4,4717,903,0.4924624562263489,MSE,0.5594930648803711,1.0128705501556396,forecast,167.0,70,571,True,,,0.0668999999761581,0.0745667368173599,0.0636314004659652
traffic,PatchTST,time_stretch,4,4717,903,0.4924624562263489,MSE,0.5594930648803711,1.0128705501556396,forecast,167.0,70,580,True,,,0.0878999978303909,0.1264862120151519,0.0674970522522926
traffic,PatchTST,time_stretch,4,4717,903,0.4924624562263489,MSE,0.5594930648803711,1.0128705501556396,forecast,167.0,70,639,True,,,0.0912000015377998,0.1703844666481018,0.1152972131967544
traffic,PatchTST,time_stretch,4,4717,903,0.4924624562263489,MSE,0.5594930648803711,1.0128705501556396,forecast,167.0,70,768,True,,,0.0895000025629997,0.1004652827978134,0.1295733749866485
traffic,PatchTST,time_stretch,4,4717,903,0.4924624562263489,MSE,0.5594930648803711,1.0128705501556396,forecast,167.0,70,774,True,,,0.0538999997079372,0.0552392937242984,0.0491020381450653
traffic,PatchTST,time_stretch,4,4717,903,0.4924624562263489,MSE,0.5594930648803711,1.0128705501556396,forecast,167.0,70,840,True,,,0.4810999929904938,0.2074976712465286,0.0282730180770158
traffic,PatchTST,time_stretch,4,4717,903,0.4924624562263489,MSE,0.5594930648803711,1.0128705501556396,forecast,168.0,71,133,True,,,0.0461999997496604,0.0538137704133987,0.0443642027676105
traffic,PatchTST,time_stretch,4,4717,903,0.4924624562263489,MSE,0.5594930648803711,1.0128705501556396,forecast,168.0,71,304,True,,,0.0756999999284744,0.080948956310749,0.122864544391632
traffic,PatchTST,time_stretch,4,4717,903,0.4924624562263489,MSE,0.5594930648803711,1.0128705501556396,forecast,168.0,71,402,True,,,0.096000000834465,0.1060332059860229,0.068940982222557
traffic,PatchTST,time_stretch,4,4717,903,0.4924624562263489,MSE,0.5594930648803711,1.0128705501556396,forecast,168.0,71,413,True,,,0.274399995803833,0.2326726913452148,0.0695772096514701
traffic,PatchTST,time_stretch,4,4717,903,0.4924624562263489,MSE,0.5594930648803711,1.0128705501556396,forecast,168.0,71,567,True,,,0.0570000000298023,0.0638519152998924,0.0461128689348697
traffic,PatchTST,time_stretch,4,4717,903,0.4924624562263489,MSE,0.5594930648803711,1.0128705501556396,forecast,168.0,71,571,True,,,0.0662999972701072,0.0718448832631111,0.0623023360967636
traffic,PatchTST,time_stretch,4,4717,903,0.4924624562263489,MSE,0.5594930648803711,1.0128705501556396,forecast,168.0,71,580,True,,,0.0738999992609024,0.0787760317325592,0.0642968416213989
traffic,PatchTST,time_stretch,4,4717,903,0.4924624562263489,MSE,0.5594930648803711,1.0128705501556396,forecast,168.0,71,639,True,,,0.0870999991893768,0.1012103036046028,0.1113867759704589
traffic,PatchTST,time_stretch,4,4717,903,0.4924624562263489,MSE,0.5594930648803711,1.0128705501556396,forecast,168.0,71,768,True,,,0.0945999994874,0.0980419665575027,0.1057386845350265
traffic,PatchTST,time_stretch,4,4717,903,0.4924624562263489,MSE,0.5594930648803711,1.0128705501556396,forecast,168.0,71,774,True,,,0.0384999997913837,0.0409959442913532,0.0364412553608417
traffic,PatchTST,time_stretch,4,4717,903,0.4924624562263489,MSE,0.5594930648803711,1.0128705501556396,forecast,168.0,71,840,True,,,0.1176000088453292,0.1060975342988967,0.0208296477794647
traffic,PatchTST,time_stretch,4,4717,903,0.4924624562263489,MSE,0.5594930648803711,1.0128705501556396,forecast,169.0,72,133,True,,,0.0362999998033046,0.0499402321875095,0.0367390923202037
traffic,PatchTST,time_stretch,4,4717,903,0.4924624562263489,MSE,0.5594930648803711,1.0128705501556396,forecast,169.0,72,304,True,,,0.0799999982118606,0.0804037898778915,0.0930103063583374
traffic,PatchTST,time_stretch,4,4717,903,0.4924624562263489,MSE,0.5594930648803711,1.0128705501556396,forecast,169.0,72,402,True,,,0.0811000019311904,0.0859520509839057,0.0713174492120742
traffic,PatchTST,time_stretch,4,4717,903,0.4924624562263489,MSE,0.5594930648803711,1.0128705501556396,forecast,169.0,72,413,True,,,0.0910999998450279,0.1163371205329895,0.0659550875425338
traffic,PatchTST,time_stretch,4,4717,903,0.4924624562263489,MSE,0.5594930648803711,1.0128705501556396,forecast,169.0,72,567,True,,,0.0500999987125396,0.0501550137996673,0.0416032411158084
traffic,PatchTST,time_stretch,4,4717,903,0.4924624562263489,MSE,0.5594930648803711,1.0128705501556396,forecast,169.0,72,571,True,,,0.0659999996423721,0.0714376121759414,0.0621879212558269
traffic,PatchTST,time_stretch,4,4717,903,0.4924624562263489,MSE,0.5594930648803711,1.0128705501556396,forecast,169.0,72,580,True,,,0.0658000037074089,0.0666342675685882,0.0623053945600986
traffic,PatchTST,time_stretch,4,4717,903,0.4924624562263489,MSE,0.5594930648803711,1.0128705501556396,forecast,169.0,72,639,True,,,0.0723000019788742,0.0942684933543205,0.1084951162338256
traffic,PatchTST,time_stretch,4,4717,903,0.4924624562263489,MSE,0.5594930648803711,1.0128705501556396,forecast,169.0,72,768,True,,,0.0910999998450279,0.1032764241099357,0.0993196591734886
traffic,PatchTST,time_stretch,4,4717,903,0.4924624562263489,MSE,0.5594930648803711,1.0128705501556396,forecast,169.0,72,774,True,,,0.0331000015139579,0.0371433198451995,0.0294089876115322
traffic,PatchTST,time_stretch,4,4717,903,0.4924624562263489,MSE,0.5594930648803711,1.0128705501556396,forecast,169.0,72,840,True,,,0.0379999987781047,0.0504896081984043,0.0179117545485496
traffic,PatchTST,time_stretch,4,4717,903,0.4924624562263489,MSE,0.5594930648803711,1.0128705501556396,forecast,170.0,73,133,True,,,0.0337000004947185,0.0492654219269752,0.0346685796976089
traffic,PatchTST,time_stretch,4,4717,903,0.4924624562263489,MSE,0.5594930648803711,1.0128705501556396,forecast,170.0,73,304,True,,,0.0829000025987625,0.0923312306404113,0.096053808927536
traffic,PatchTST,time_stretch,4,4717,903,0.4924624562263489,MSE,0.5594930648803711,1.0128705501556396,forecast,170.0,73,402,True,,,0.0967999994754791,0.0895244255661964,0.0782750397920608
traffic,PatchTST,time_stretch,4,4717,903,0.4924624562263489,MSE,0.5594930648803711,1.0128705501556396,forecast,170.0,73,413,True,,,0.0944000035524368,0.1005134209990501,0.0699367225170135
traffic,PatchTST,time_stretch,4,4717,903,0.4924624562263489,MSE,0.5594930648803711,1.0128705501556396,forecast,170.0,73,567,True,,,0.0491999983787536,0.0476486049592494,0.0408419929444789
traffic,PatchTST,time_stretch,4,4717,903,0.4924624562263489,MSE,0.5594930648803711,1.0128705501556396,forecast,170.0,73,571,True,,,0.0676999986171722,0.0689491853117942,0.0642465353012085
traffic,PatchTST,time_stretch,4,4717,903,0.4924624562263489,MSE,0.5594930648803711,1.0128705501556396,forecast,170.0,73,580,True,,,0.0750999972224235,0.0712666437029838,0.0639877468347549
traffic,PatchTST,time_stretch,4,4717,903,0.4924624562263489,MSE,0.5594930648803711,1.0128705501556396,forecast,170.0,73,639,True,,,0.0694999992847442,0.1029421091079711,0.1169678568840026
traffic,PatchTST,time_stretch,4,4717,903,0.4924624562263489,MSE,0.5594930648803711,1.0128705501556396,forecast,170.0,73,768,True,,,0.0908999964594841,0.1096263900399208,0.1046025529503822
traffic,PatchTST,time_stretch,4,4717,903,0.4924624562263489,MSE,0.5594930648803711,1.0128705501556396,forecast,170.0,73,774,True,,,0.0353999994695186,0.0355636067688465,0.0285025779157876
traffic,PatchTST,time_stretch,4,4717,903,0.4924624562263489,MSE,0.5594930648803711,1.0128705501556396,forecast,170.0,73,840,True,,,0.0337000004947185,0.0400521233677864,0.0260983482003211
traffic,PatchTST,time_stretch,4,4717,903,0.4924624562263489,MSE,0.5594930648803711,1.0128705501556396,forecast,171.0,74,133,True,,,0.0410000011324882,0.045949999243021,0.0302055180072784
traffic,PatchTST,time_stretch,4,4717,903,0.4924624562263489,MSE,0.5594930648803711,1.0128705501556396,forecast,171.0,74,304,True,,,0.0920000001788139,0.1432989239692688,0.1300709247589111
traffic,PatchTST,time_stretch,4,4717,903,0.4924624562263489,MSE,0.5594930648803711,1.0128705501556396,forecast,171.0,74,402,True,,,0.0943000018596649,0.0930180847644805,0.0906248688697815
traffic,PatchTST,time_stretch,4,4717,903,0.4924624562263489,MSE,0.5594930648803711,1.0128705501556396,forecast,171.0,74,413,True,,,0.1600999981164932,0.0993531420826911,0.074183166027069
traffic,PatchTST,time_stretch,4,4717,903,0.4924624562263489,MSE,0.5594930648803711,1.0128705501556396,forecast,171.0,74,567,True,,,0.0480999983847141,0.0489160232245922,0.0426783971488475
traffic,PatchTST,time_stretch,4,4717,903,0.4924624562263489,MSE,0.5594930648803711,1.0128705501556396,forecast,171.0,74,571,True,,,0.0636999979615211,0.0743880420923233,0.0661065801978111
traffic,PatchTST,time_stretch,4,4717,903,0.4924624562263489,MSE,0.5594930648803711,1.0128705501556396,forecast,171.0,74,580,True,,,0.0732999965548515,0.0706769004464149,0.0715054646134376
traffic,PatchTST,time_stretch,4,4717,903,0.4924624562263489,MSE,0.5594930648803711,1.0128705501556396,forecast,171.0,74,639,True,,,0.070200003683567,0.1155331134796142,0.1303654611110687
traffic,PatchTST,time_stretch,4,4717,903,0.4924624562263489,MSE,0.5594930648803711,1.0128705501556396,forecast,171.0,74,768,True,,,0.0838999971747398,0.1114471405744552,0.1047356650233268
traffic,PatchTST,time_stretch,4,4717,903,0.4924624562263489,MSE,0.5594930648803711,1.0128705501556396,forecast,171.0,74,774,True,,,0.0361000001430511,0.0369920320808887,0.0303528383374214
traffic,PatchTST,time_stretch,4,4717,903,0.4924624562263489,MSE,0.5594930648803711,1.0128705501556396,forecast,171.0,74,840,True,,,0.0337000004947185,0.0424728654325008,0.0339802540838718
traffic,PatchTST,time_stretch,4,4717,903,0.4924624562263489,MSE,0.5594930648803711,1.0128705501556396,forecast,172.0,75,133,True,,,0.0441000014543533,0.0480973497033119,0.0332697555422782
traffic,PatchTST,time_stretch,4,4717,903,0.4924624562263489,MSE,0.5594930648803711,1.0128705501556396,forecast,172.0,75,304,True,,,0.1659999936819076,0.2479439675807953,0.1753891110420227
traffic,PatchTST,time_stretch,4,4717,903,0.4924624562263489,MSE,0.5594930648803711,1.0128705501556396,forecast,172.0,75,402,True,,,0.1222999989986419,0.1232562363147735,0.1103761345148086
traffic,PatchTST,time_stretch,4,4717,903,0.4924624562263489,MSE,0.5594930648803711,1.0128705501556396,forecast,172.0,75,413,True,,,0.0878000035881996,0.1006363555788993,0.0794257819652557
traffic,PatchTST,time_stretch,4,4717,903,0.4924624562263489,MSE,0.5594930648803711,1.0128705501556396,forecast,172.0,75,567,True,,,0.0502999983727932,0.0513281933963298,0.043460439890623
traffic,PatchTST,time_stretch,4,4717,903,0.4924624562263489,MSE,0.5594930648803711,1.0128705501556396,forecast,172.0,75,571,True,,,0.1137000024318695,0.0899241641163826,0.0744528770446777
traffic,PatchTST,time_stretch,4,4717,903,0.4924624562263489,MSE,0.5594930648803711,1.0128705501556396,forecast,172.0,75,580,True,,,0.0877000018954277,0.0962039306759834,0.0837295278906822
traffic,PatchTST,time_stretch,4,4717,903,0.4924624562263489,MSE,0.5594930648803711,1.0128705501556396,forecast,172.0,75,639,True,,,0.0781000033020973,0.1254646629095077,0.1373405158519745
traffic,PatchTST,time_stretch,4,4717,903,0.4924624562263489,MSE,0.5594930648803711,1.0128705501556396,forecast,172.0,75,768,True,,,0.1730999946594238,0.1460945457220077,0.1106287539005279
traffic,PatchTST,time_stretch,4,4717,903,0.4924624562263489,MSE,0.5594930648803711,1.0128705501556396,forecast,172.0,75,774,True,,,0.0546999983489513,0.042643878608942,0.038632608950138
traffic,PatchTST,time_stretch,4,4717,903,0.4924624562263489,MSE,0.5594930648803711,1.0128705501556396,forecast,172.0,75,840,True,,,0.0329000018537044,0.033021867275238,0.0171471145004034
traffic,PatchTST,time_stretch,4,4717,903,0.4924624562263489,MSE,0.5594930648803711,1.0128705501556396,forecast,173.0,76,133,True,,,0.0631999969482421,0.079279750585556,0.0464579351246356
traffic,PatchTST,time_stretch,4,4717,903,0.4924624562263489,MSE,0.5594930648803711,1.0128705501556396,forecast,173.0,76,304,True,,,0.3519000113010406,0.3240294754505157,0.2174477279186248
traffic,PatchTST,time_stretch,4,4717,903,0.4924624562263489,MSE,0.5594930648803711,1.0128705501556396,forecast,173.0,76,402,True,,,0.1969999969005584,0.1868761926889419,0.1255476176738739
traffic,PatchTST,time_stretch,4,4717,903,0.4924624562263489,MSE,0.5594930648803711,1.0128705501556396,forecast,173.0,76,413,True,,,0.089599996805191,0.0990343913435936,0.0861048325896263
traffic,PatchTST,time_stretch,4,4717,903,0.4924624562263489,MSE,0.5594930648803711,1.0128705501556396,forecast,173.0,76,567,True,,,0.0454000011086463,0.0467134490609169,0.0467889755964279
traffic,PatchTST,time_stretch,4,4717,903,0.4924624562263489,MSE,0.5594930648803711,1.0128705501556396,forecast,173.0,76,571,True,,,0.1367000043392181,0.0997397303581237,0.0762660056352615
traffic,PatchTST,time_stretch,4,4717,903,0.4924624562263489,MSE,0.5594930648803711,1.0128705501556396,forecast,173.0,76,580,True,,,0.2098000049591064,0.1716700792312622,0.0938056781888008
traffic,PatchTST,time_stretch,4,4717,903,0.4924624562263489,MSE,0.5594930648803711,1.0128705501556396,forecast,173.0,76,639,True,,,0.0873999968171119,0.1312615871429443,0.1485739350318908
traffic,PatchTST,time_stretch,4,4717,903,0.4924624562263489,MSE,0.5594930648803711,1.0128705501556396,forecast,173.0,76,768,True,,,0.2463999986648559,0.1980237513780594,0.1315906792879104
traffic,PatchTST,time_stretch,4,4717,903,0.4924624562263489,MSE,0.5594930648803711,1.0128705501556396,forecast,173.0,76,774,True,,,0.0684999972581863,0.0740906298160553,0.0472949296236038
traffic,PatchTST,time_stretch,4,4717,903,0.4924624562263489,MSE,0.5594930648803711,1.0128705501556396,forecast,173.0,76,840,True,,,0.0350000001490116,0.0346288308501243,0.0207209922373294
traffic,PatchTST,time_stretch,4,4717,903,0.4924624562263489,MSE,0.5594930648803711,1.0128705501556396,forecast,174.0,77,133,True,,,0.2971999943256378,0.1922245323657989,0.0745992362499237
traffic,PatchTST,time_stretch,4,4717,903,0.4924624562263489,MSE,0.5594930648803711,1.0128705501556396,forecast,174.0,77,304,True,,,0.3756999969482422,0.356742650270462,0.2444115579128265
traffic,PatchTST,time_stretch,4,4717,903,0.4924624562263489,MSE,0.5594930648803711,1.0128705501556396,forecast,174.0,77,402,True,,,0.3655999898910522,0.2878272831439972,0.1508876681327819
traffic,PatchTST,time_stretch,4,4717,903,0.4924624562263489,MSE,0.5594930648803711,1.0128705501556396,forecast,174.0,77,413,True,,,0.0865999981760978,0.0924695208668708,0.0836874321103096
traffic,PatchTST,time_stretch,4,4717,903,0.4924624562263489,MSE,0.5594930648803711,1.0128705501556396,forecast,174.0,77,567,True,,,0.0454000011086463,0.0442604571580886,0.0490305759012699
traffic,PatchTST,time_stretch,4,4717,903,0.4924624562263489,MSE,0.5594930648803711,1.0128705501556396,forecast,174.0,77,571,True,,,0.1033999994397163,0.131911426782608,0.0810891687870025
traffic,PatchTST,time_stretch,4,4717,903,0.4924624562263489,MSE,0.5594930648803711,1.0128705501556396,forecast,174.0,77,580,True,,,0.2869000136852264,0.24187533557415,0.1097307130694389
traffic,PatchTST,time_stretch,4,4717,903,0.4924624562263489,MSE,0.5594930648803711,1.0128705501556396,forecast,174.0,77,639,True,,,0.091899998486042,0.1340012997388839,0.1557367593050003
traffic,PatchTST,time_stretch,4,4717,903,0.4924624562263489,MSE,0.5594930648803711,1.0128705501556396,forecast,174.0,77,768,True,,,0.3125999867916107,0.2729810178279876,0.1551251411437988
traffic,PatchTST,time_stretch,4,4717,903,0.4924624562263489,MSE,0.5594930648803711,1.0128705501556396,forecast,174.0,77,774,True,,,0.1995999962091446,0.1894313395023346,0.0774315819144249
traffic,PatchTST,time_stretch,4,4717,903,0.4924624562263489,MSE,0.5594930648803711,1.0128705501556396,forecast,174.0,77,840,True,,,0.0307000000029802,0.0397866927087307,0.0235844291746616
traffic,PatchTST,time_stretch,4,4717,903,0.4924624562263489,MSE,0.5594930648803711,1.0128705501556396,forecast,175.0,78,133,True,,,0.3788999915122986,0.3272719979286194,0.0872836261987686
traffic,PatchTST,time_stretch,4,4717,903,0.4924624562263489,MSE,0.5594930648803711,1.0128705501556396,forecast,175.0,78,304,True,,,0.4106000065803528,0.3847859501838684,0.2240252792835235
traffic,PatchTST,time_stretch,4,4717,903,0.4924624562263489,MSE,0.5594930648803711,1.0128705501556396,forecast,175.0,78,402,True,,,0.3865000009536743,0.3458664119243622,0.154168963432312
traffic,PatchTST,time_stretch,4,4717,903,0.4924624562263489,MSE,0.5594930648803711,1.0128705501556396,forecast,175.0,78,413,True,,,0.1328999996185302,0.0952112451195716,0.085792563855648
traffic,PatchTST,time_stretch,4,4717,903,0.4924624562263489,MSE,0.5594930648803711,1.0128705501556396,forecast,175.0,78,567,True,,,0.0419999994337558,0.0415352247655391,0.047603890299797
traffic,PatchTST,time_stretch,4,4717,903,0.4924624562263489,MSE,0.5594930648803711,1.0128705501556396,forecast,175.0,78,571,True,,,0.1042999997735023,0.1429097354412078,0.0855175629258155
traffic,PatchTST,time_stretch,4,4717,903,0.4924624562263489,MSE,0.5594930648803711,1.0128705501556396,forecast,175.0,78,580,True,,,0.3314000070095062,0.2829568684101105,0.1171633750200271
traffic,PatchTST,time_stretch,4,4717,903,0.4924624562263489,MSE,0.5594930648803711,1.0128705501556396,forecast,175.0,78,639,True,,,0.1027000024914741,0.1341747641563415,0.153803065419197
traffic,PatchTST,time_stretch,4,4717,903,0.4924624562263489,MSE,0.5594930648803711,1.0128705501556396,forecast,175.0,78,768,True,,,0.3720999956130981,0.3103811740875244,0.1609215438365936
traffic,PatchTST,time_stretch,4,4717,903,0.4924624562263489,MSE,0.5594930648803711,1.0128705501556396,forecast,175.0,78,774,True,,,0.3937000036239624,0.2874651253223419,0.0859574452042579
traffic,PatchTST,time_stretch,4,4717,903,0.4924624562263489,MSE,0.5594930648803711,1.0128705501556396,forecast,175.0,78,840,True,,,0.0293000005185604,0.0367784425616264,0.0223201774060726
traffic,PatchTST,time_stretch,4,4717,903,0.4924624562263489,MSE,0.5594930648803711,1.0128705501556396,forecast,176.0,79,133,True,,,0.3562999963760376,0.2478868514299392,0.0841587632894516
traffic,PatchTST,time_stretch,4,4717,903,0.4924624562263489,MSE,0.5594930648803711,1.0128705501556396,forecast,176.0,79,304,True,,,0.2985999882221222,0.3438064455986023,0.1966860592365265
traffic,PatchTST,time_stretch,4,4717,903,0.4924624562263489,MSE,0.5594930648803711,1.0128705501556396,forecast,176.0,79,402,True,,,0.2085999846458435,0.3054600656032562,0.1317423731088638
traffic,PatchTST,time_stretch,4,4717,903,0.4924624562263489,MSE,0.5594930648803711,1.0128705501556396,forecast,176.0,79,413,True,,,0.0852999985218048,0.0890271216630935,0.083374947309494
traffic,PatchTST,time_stretch,4,4717,903,0.4924624562263489,MSE,0.5594930648803711,1.0128705501556396,forecast,176.0,79,567,True,,,0.0315000005066394,0.0333279706537723,0.0409930795431137
traffic,PatchTST,time_stretch,4,4717,903,0.4924624562263489,MSE,0.5594930648803711,1.0128705501556396,forecast,176.0,79,571,True,,,0.0813999995589256,0.1110026612877845,0.0835373699665069
traffic,PatchTST,time_stretch,4,4717,903,0.4924624562263489,MSE,0.5594930648803711,1.0128705501556396,forecast,176.0,79,580,True,,,0.1708000004291534,0.2494956254959106,0.1124573573470115
traffic,PatchTST,time_stretch,4,4717,903,0.4924624562263489,MSE,0.5594930648803711,1.0128705501556396,forecast,176.0,79,639,True,,,0.0857999995350837,0.104517787694931,0.1488275825977325
traffic,PatchTST,time_stretch,4,4717,903,0.4924624562263489,MSE,0.5594930648803711,1.0128705501556396,forecast,176.0,79,768,True,,,0.3206000030040741,0.2715194821357727,0.1493250131607055
traffic,PatchTST,time_stretch,4,4717,903,0.4924624562263489,MSE,0.5594930648803711,1.0128705501556396,forecast,176.0,79,774,True,,,0.3323999941349029,0.2143863439559936,0.075495146214962
traffic,PatchTST,time_stretch,4,4717,903,0.4924624562263489,MSE,0.5594930648803711,1.0128705501556396,forecast,176.0,79,840,True,,,0.023199999704957,0.0291821900755167,0.0216193757951259
traffic,PatchTST,time_stretch,4,4717,903,0.4924624562263489,MSE,0.5594930648803711,1.0128705501556396,forecast,177.0,80,133,True,,,0.0727000012993812,0.1229869127273559,0.0619826428592205
traffic,PatchTST,time_stretch,4,4717,903,0.4924624562263489,MSE,0.5594930648803711,1.0128705501556396,forecast,177.0,80,304,True,,,0.0754999965429306,0.2179916501045227,0.172519713640213
traffic,PatchTST,time_stretch,4,4717,903,0.4924624562263489,MSE,0.5594930648803711,1.0128705501556396,forecast,177.0,80,402,True,,,0.068400003015995,0.1459854394197464,0.1152144968509674
traffic,PatchTST,time_stretch,4,4717,903,0.4924624562263489,MSE,0.5594930648803711,1.0128705501556396,forecast,177.0,80,413,True,,,0.0710999965667724,0.0758747309446334,0.0731042996048927
traffic,PatchTST,time_stretch,4,4717,903,0.4924624562263489,MSE,0.5594930648803711,1.0128705501556396,forecast,177.0,80,567,True,,,0.0243999995291233,0.0283430218696594,0.035003911703825
traffic,PatchTST,time_stretch,4,4717,903,0.4924624562263489,MSE,0.5594930648803711,1.0128705501556396,forecast,177.0,80,571,True,,,0.0808999985456466,0.0811264663934707,0.0713080093264579
traffic,PatchTST,time_stretch,4,4717,903,0.4924624562263489,MSE,0.5594930648803711,1.0128705501556396,forecast,177.0,80,580,True,,,0.0573000013828277,0.1195278689265251,0.1065308526158332
traffic,PatchTST,time_stretch,4,4717,903,0.4924624562263489,MSE,0.5594930648803711,1.0128705501556396,forecast,177.0,80,639,True,,,0.0571999996900558,0.0656211972236633,0.1429820358753204
traffic,PatchTST,time_stretch,4,4717,903,0.4924624562263489,MSE,0.5594930648803711,1.0128705501556396,forecast,177.0,80,768,True,,,0.2238999903202057,0.198769211769104,0.1415696889162063
traffic,PatchTST,time_stretch,4,4717,903,0.4924624562263489,MSE,0.5594930648803711,1.0128705501556396,forecast,177.0,80,774,True,,,0.0533000007271766,0.0920053571462631,0.0692099034786224
traffic,PatchTST,time_stretch,4,4717,903,0.4924624562263489,MSE,0.5594930648803711,1.0128705501556396,forecast,177.0,80,840,True,,,0.0168999992311,0.0169658437371253,0.0215222705155611
traffic,PatchTST,time_stretch,4,4717,903,0.4924624562263489,MSE,0.5594930648803711,1.0128705501556396,forecast,178.0,81,133,True,,,0.0320000015199184,0.0451443865895271,0.0526365377008914
traffic,PatchTST,time_stretch,4,4717,903,0.4924624562263489,MSE,0.5594930648803711,1.0128705501556396,forecast,178.0,81,304,True,,,0.064300000667572,0.0978518575429916,0.1591309309005737
traffic,PatchTST,time_stretch,4,4717,903,0.4924624562263489,MSE,0.5594930648803711,1.0128705501556396,forecast,178.0,81,402,True,,,0.0386999994516372,0.0517768338322639,0.1198923140764236
traffic,PatchTST,time_stretch,4,4717,903,0.4924624562263489,MSE,0.5594930648803711,1.0128705501556396,forecast,178.0,81,413,True,,,0.0617000013589859,0.062287587672472,0.0607347525656223
traffic,PatchTST,time_stretch,4,4717,903,0.4924624562263489,MSE,0.5594930648803711,1.0128705501556396,forecast,178.0,81,567,True,,,0.0197000000625848,0.0251569654792547,0.0294439885765314
traffic,PatchTST,time_stretch,4,4717,903,0.4924624562263489,MSE,0.5594930648803711,1.0128705501556396,forecast,178.0,81,571,True,,,0.0692000016570091,0.0692437663674354,0.0626033097505569
traffic,PatchTST,time_stretch,4,4717,903,0.4924624562263489,MSE,0.5594930648803711,1.0128705501556396,forecast,178.0,81,580,True,,,0.034800000488758,0.0452486127614975,0.1082244664430618
traffic,PatchTST,time_stretch,4,4717,903,0.4924624562263489,MSE,0.5594930648803711,1.0128705501556396,forecast,178.0,81,639,True,,,0.0405000001192092,0.0463974252343177,0.1337041705846786
traffic,PatchTST,time_stretch,4,4717,903,0.4924624562263489,MSE,0.5594930648803711,1.0128705501556396,forecast,178.0,81,768,True,,,0.0813999995589256,0.1185275316238403,0.1454722583293914
traffic,PatchTST,time_stretch,4,4717,903,0.4924624562263489,MSE,0.5594930648803711,1.0128705501556396,forecast,178.0,81,774,True,,,0.0258000008761882,0.0310865715146064,0.0730012059211731
traffic,PatchTST,time_stretch,4,4717,903,0.4924624562263489,MSE,0.5594930648803711,1.0128705501556396,forecast,178.0,81,840,True,,,0.0131000000983476,0.0168121941387653,0.019928753376007
traffic,PatchTST,time_stretch,4,4717,903,0.4924624562263489,MSE,0.5594930648803711,1.0128705501556396,forecast,179.0,82,133,True,,,0.0211999993771314,0.0240440256893634,0.0583337880671024
traffic,PatchTST,time_stretch,4,4717,903,0.4924624562263489,MSE,0.5594930648803711,1.0128705501556396,forecast,179.0,82,304,True,,,0.0540999993681907,0.057221982628107,0.1534075289964676
traffic,PatchTST,time_stretch,4,4717,903,0.4924624562263489,MSE,0.5594930648803711,1.0128705501556396,forecast,179.0,82,402,True,,,0.0287000015377998,0.0295683704316616,0.1350691467523574
traffic,PatchTST,time_stretch,4,4717,903,0.4924624562263489,MSE,0.5594930648803711,1.0128705501556396,forecast,179.0,82,413,True,,,0.0571999996900558,0.0520743019878864,0.0568914152681827
traffic,PatchTST,time_stretch,4,4717,903,0.4924624562263489,MSE,0.5594930648803711,1.0128705501556396,forecast,179.0,82,567,True,,,0.0189999993890523,0.0249974578619003,0.0285407286137342
traffic,PatchTST,time_stretch,4,4717,903,0.4924624562263489,MSE,0.5594930648803711,1.0128705501556396,forecast,179.0,82,571,True,,,0.0653999969363212,0.0638469159603118,0.0567041225731372
traffic,PatchTST,time_stretch,4,4717,903,0.4924624562263489,MSE,0.5594930648803711,1.0128705501556396,forecast,179.0,82,580,True,,,0.0254999995231628,0.0275881253182888,0.1138003319501876
traffic,PatchTST,time_stretch,4,4717,903,0.4924624562263489,MSE,0.5594930648803711,1.0128705501556396,forecast,179.0,82,639,True,,,0.0320000015199184,0.0381828248500824,0.1306694000959396
traffic,PatchTST,time_stretch,4,4717,903,0.4924624562263489,MSE,0.5594930648803711,1.0128705501556396,forecast,179.0,82,768,True,,,0.062899999320507,0.0713020265102386,0.1535402685403823
traffic,PatchTST,time_stretch,4,4717,903,0.4924624562263489,MSE,0.5594930648803711,1.0128705501556396,forecast,179.0,82,774,True,,,0.0163000002503395,0.016385082155466,0.0864219516515731
traffic,PatchTST,time_stretch,4,4717,903,0.4924624562263489,MSE,0.5594930648803711,1.0128705501556396,forecast,179.0,82,840,True,,,0.0148999989032745,0.0184333212673664,0.0200678184628486
traffic,PatchTST,time_stretch,4,4717,903,0.4924624562263489,MSE,0.5594930648803711,1.0128705501556396,forecast,180.0,83,133,True,,,0.0135999992489814,0.0186114721000194,0.0711342245340347
traffic,PatchTST,time_stretch,4,4717,903,0.4924624562263489,MSE,0.5594930648803711,1.0128705501556396,forecast,180.0,83,304,True,,,0.0439999997615814,0.0463453605771064,0.1442381143569946
traffic,PatchTST,time_stretch,4,4717,903,0.4924624562263489,MSE,0.5594930648803711,1.0128705501556396,forecast,180.0,83,402,True,,,0.0086000002920627,0.0183692686259746,0.1393219828605651
traffic,PatchTST,time_stretch,4,4717,903,0.4924624562263489,MSE,0.5594930648803711,1.0128705501556396,forecast,180.0,83,413,True,,,0.0483999997377395,0.0442752502858638,0.0555243156850338
traffic,PatchTST,time_stretch,4,4717,903,0.4924624562263489,MSE,0.5594930648803711,1.0128705501556396,forecast,180.0,83,567,True,,,0.0164000000804662,0.0214706342667341,0.0275339800864458
traffic,PatchTST,time_stretch,4,4717,903,0.4924624562263489,MSE,0.5594930648803711,1.0128705501556396,forecast,180.0,83,571,True,,,0.0595000013709068,0.0586340203881263,0.0559632740914821
traffic,PatchTST,time_stretch,4,4717,903,0.4924624562263489,MSE,0.5594930648803711,1.0128705501556396,forecast,180.0,83,580,True,,,0.0087999999523162,0.0178029127418994,0.1128336861729621
traffic,PatchTST,time_stretch,4,4717,903,0.4924624562263489,MSE,0.5594930648803711,1.0128705501556396,forecast,180.0,83,639,True,,,0.0235000010579824,0.0311046130955219,0.1280013620853424
traffic,PatchTST,time_stretch,4,4717,903,0.4924624562263489,MSE,0.5594930648803711,1.0128705501556396,forecast,180.0,83,768,True,,,0.0410999990999698,0.0507633499801158,0.1519727706909179
traffic,PatchTST,time_stretch,4,4717,903,0.4924624562263489,MSE,0.5594930648803711,1.0128705501556396,forecast,180.0,83,774,True,,,0.0111999996006488,0.0118432212620973,0.0957989543676376
traffic,PatchTST,time_stretch,4,4717,903,0.4924624562263489,MSE,0.5594930648803711,1.0128705501556396,forecast,180.0,83,840,True,,,0.0109999999403953,0.0173747837543487,0.0203754752874374
traffic,PatchTST,time_stretch,4,4717,903,0.4924624562263489,MSE,0.5594930648803711,1.0128705501556396,forecast,181.0,84,133,True,,,0.0062000006437301,0.0111124739050865,0.0893884152173996
traffic,PatchTST,time_stretch,4,4717,903,0.4924624562263489,MSE,0.5594930648803711,1.0128705501556396,forecast,181.0,84,304,True,,,0.030699998140335,0.0393353030085563,0.1403174549341201
traffic,PatchTST,time_stretch,4,4717,903,0.4924624562263489,MSE,0.5594930648803711,1.0128705501556396,forecast,181.0,84,402,True,,,0.0,0.0107076056301593,0.1342575848102569
traffic,PatchTST,time_stretch,4,4717,903,0.4924624562263489,MSE,0.5594930648803711,1.0128705501556396,forecast,181.0,84,413,True,,,0.0368999987840652,0.0345341823995113,0.0529201254248619
traffic,PatchTST,time_stretch,4,4717,903,0.4924624562263489,MSE,0.5594930648803711,1.0128705501556396,forecast,181.0,84,567,True,,,0.0082000009715557,0.0141385365277528,0.0229487419128417
traffic,PatchTST,time_stretch,4,4717,903,0.4924624562263489,MSE,0.5594930648803711,1.0128705501556396,forecast,181.0,84,571,True,,,0.0452999994158744,0.0464734248816967,0.0635441094636917
traffic,PatchTST,time_stretch,4,4717,903,0.4924624562263489,MSE,0.5594930648803711,1.0128705501556396,forecast,181.0,84,580,True,,,0.003100000321865,0.0100417584180831,0.1064252257347107
traffic,PatchTST,time_stretch,4,4717,903,0.4924624562263489,MSE,0.5594930648803711,1.0128705501556396,forecast,181.0,84,639,True,,,0.0157000012695789,0.0206003207713365,0.1230125725269317
traffic,PatchTST,time_stretch,4,4717,903,0.4924624562263489,MSE,0.5594930648803711,1.0128705501556396,forecast,181.0,84,768,True,,,0.0223999992012977,0.036957811564207,0.1413514018058776
traffic,PatchTST,time_stretch,4,4717,903,0.4924624562263489,MSE,0.5594930648803711,1.0128705501556396,forecast,181.0,84,774,True,,,0.0067999996244907,0.0081469193100929,0.0996989458799362
traffic,PatchTST,time_stretch,4,4717,903,0.4924624562263489,MSE,0.5594930648803711,1.0128705501556396,forecast,181.0,84,840,True,,,0.0066999997943639,0.0061838198453187,0.0178944356739521
traffic,PatchTST,time_stretch,4,4717,903,0.4924624562263489,MSE,0.5594930648803711,1.0128705501556396,forecast,182.0,85,133,True,,,0.0034000016748905,0.006848569959402,0.1223645955324173
traffic,PatchTST,time_stretch,4,4717,903,0.4924624562263489,MSE,0.5594930648803711,1.0128705501556396,forecast,182.0,85,304,True,,,0.0187999978661537,0.0348212793469429,0.1526283025741577
traffic,PatchTST,time_stretch,4,4717,903,0.4924624562263489,MSE,0.5594930648803711,1.0128705501556396,forecast,182.0,85,402,True,,,0.0,0.0102719105780124,0.144311174750328
traffic,PatchTST,time_stretch,4,4717,903,0.4924624562263489,MSE,0.5594930648803711,1.0128705501556396,forecast,182.0,85,413,True,,,0.0210999995470047,0.0256252810359001,0.048448484390974
traffic,PatchTST,time_stretch,4,4717,903,0.4924624562263489,MSE,0.5594930648803711,1.0128705501556396,forecast,182.0,85,567,True,,,0.0043999999761581,0.0100763794034719,0.0204582922160625
traffic,PatchTST,time_stretch,4,4717,903,0.4924624562263489,MSE,0.5594930648803711,1.0128705501556396,forecast,182.0,85,571,True,,,0.023199999704957,0.0317300446331501,0.0734098255634307
traffic,PatchTST,time_stretch,4,4717,903,0.4924624562263489,MSE,0.5594930648803711,1.0128705501556396,forecast,182.0,85,580,True,,,0.003100000321865,0.0109465718269348,0.1125318259000778
traffic,PatchTST,time_stretch,4,4717,903,0.4924624562263489,MSE,0.5594930648803711,1.0128705501556396,forecast,182.0,85,639,True,,,0.0053999982774257,0.0168070904910564,0.1223382502794265
traffic,PatchTST,time_stretch,4,4717,903,0.4924624562263489,MSE,0.5594930648803711,1.0128705501556396,forecast,182.0,85,768,True,,,0.0131999999284744,0.0286595672369003,0.1408756524324417
traffic,PatchTST,time_stretch,4,4717,903,0.4924624562263489,MSE,0.5594930648803711,1.0128705501556396,forecast,182.0,85,774,True,,,0.0038000009953975,0.0064642094075679,0.112142264842987
traffic,PatchTST,time_stretch,4,4717,903,0.4924624562263489,MSE,0.5594930648803711,1.0128705501556396,forecast,182.0,85,840,True,,,0.0051000006496906,0.0035769958049058,0.0153269413858652
traffic,PatchTST,time_stretch,4,4717,903,0.4924624562263489,MSE,0.5594930648803711,1.0128705501556396,forecast,183.0,86,133,True,,,0.001800000667572,0.0082488059997558,0.132111519575119
traffic,PatchTST,time_stretch,4,4717,903,0.4924624562263489,MSE,0.5594930648803711,1.0128705501556396,forecast,183.0,86,304,True,,,0.0098000019788742,0.025313127785921,0.1635086387395858
traffic,PatchTST,time_stretch,4,4717,903,0.4924624562263489,MSE,0.5594930648803711,1.0128705501556396,forecast,183.0,86,402,True,,,0.0,0.0136800780892372,0.1614027768373489
traffic,PatchTST,time_stretch,4,4717,903,0.4924624562263489,MSE,0.5594930648803711,1.0128705501556396,forecast,183.0,86,413,True,,,0.0094999969005584,0.018086239695549,0.0463723167777061
traffic,PatchTST,time_stretch,4,4717,903,0.4924624562263489,MSE,0.5594930648803711,1.0128705501556396,forecast,183.0,86,567,True,,,0.004000000655651,0.0085754971951246,0.0197729021310806
traffic,PatchTST,time_stretch,4,4717,903,0.4924624562263489,MSE,0.5594930648803711,1.0128705501556396,forecast,183.0,86,571,True,,,0.010700000450015,0.0215789321810007,0.0776224955916404
traffic,PatchTST,time_stretch,4,4717,903,0.4924624562263489,MSE,0.5594930648803711,1.0128705501556396,forecast,183.0,86,580,True,,,0.003100000321865,0.0150705613195896,0.1240754872560501
traffic,PatchTST,time_stretch,4,4717,903,0.4924624562263489,MSE,0.5594930648803711,1.0128705501556396,forecast,183.0,86,639,True,,,0.0025999993085861,0.018247976899147,0.116624504327774
traffic,PatchTST,time_stretch,4,4717,903,0.4924624562263489,MSE,0.5594930648803711,1.0128705501556396,forecast,183.0,86,768,True,,,0.0085000023245811,0.0227676033973693,0.1470218896865844
traffic,PatchTST,time_stretch,4,4717,903,0.4924624562263489,MSE,0.5594930648803711,1.0128705501556396,forecast,183.0,86,774,True,,,0.0018000025302171,0.0057785231620073,0.1118321567773819
traffic,PatchTST,time_stretch,4,4717,903,0.4924624562263489,MSE,0.5594930648803711,1.0128705501556396,forecast,183.0,86,840,True,,,0.0043999999761581,0.0096985604614019,0.015935730189085
traffic,PatchTST,time_stretch,4,4717,903,0.4924624562263489,MSE,0.5594930648803711,1.0128705501556396,forecast,184.0,87,133,True,,,0.000900000333786,0.0105723477900028,0.128856360912323
traffic,PatchTST,time_stretch,4,4717,903,0.4924624562263489,MSE,0.5594930648803711,1.0128705501556396,forecast,184.0,87,304,True,,,0.0085000023245811,0.0202394723892211,0.1659196466207504
traffic,PatchTST,time_stretch,4,4717,903,0.4924624562263489,MSE,0.5594930648803711,1.0128705501556396,forecast,184.0,87,402,True,,,0.0,0.0135581828653812,0.1698193550109863
traffic,PatchTST,time_stretch,4,4717,903,0.4924624562263489,MSE,0.5594930648803711,1.0128705501556396,forecast,184.0,87,413,True,,,0.0076999962329864,0.018563188612461,0.0438680574297905
traffic,PatchTST,time_stretch,4,4717,903,0.4924624562263489,MSE,0.5594930648803711,1.0128705501556396,forecast,184.0,87,567,True,,,0.0055999998003244,0.0108204213902354,0.0200766213238239
traffic,PatchTST,time_stretch,4,4717,903,0.4924624562263489,MSE,0.5594930648803711,1.0128705501556396,forecast,184.0,87,571,True,,,0.0078999996185302,0.0193202923983335,0.0674207210540771
traffic,PatchTST,time_stretch,4,4717,903,0.4924624562263489,MSE,0.5594930648803711,1.0128705501556396,forecast,184.0,87,580,True,,,0.003100000321865,0.0144514963030815,0.1323907673358917
traffic,PatchTST,time_stretch,4,4717,903,0.4924624562263489,MSE,0.5594930648803711,1.0128705501556396,forecast,184.0,87,639,True,,,0.0027999989688396,0.0216852780431509,0.1184325814247131
traffic,PatchTST,time_stretch,4,4717,903,0.4924624562263489,MSE,0.5594930648803711,1.0128705501556396,forecast,184.0,87,768,True,,,0.0072999969124794,0.0229889079928398,0.1513359397649765
traffic,PatchTST,time_stretch,4,4717,903,0.4924624562263489,MSE,0.5594930648803711,1.0128705501556396,forecast,184.0,87,774,True,,,0.0014999993145465,0.0090473238378763,0.1032579839229583
traffic,PatchTST,time_stretch,4,4717,903,0.4924624562263489,MSE,0.5594930648803711,1.0128705501556396,forecast,184.0,87,840,True,,,0.0043999999761581,0.011786138638854,0.0170699302107095
traffic,PatchTST,time_stretch,4,4717,903,0.4924624562263489,MSE,0.5594930648803711,1.0128705501556396,forecast,185.0,88,133,True,,,0.000900000333786,0.0136536601930856,0.1131597384810447
traffic,PatchTST,time_stretch,4,4717,903,0.4924624562263489,MSE,0.5594930648803711,1.0128705501556396,forecast,185.0,88,304,True,,,0.0065999999642372,0.0199696011841297,0.1702854186296463
traffic,PatchTST,time_stretch,4,4717,903,0.4924624562263489,MSE,0.5594930648803711,1.0128705501556396,forecast,185.0,88,402,True,,,0.0,0.0155028589069843,0.1691811382770538
traffic,PatchTST,time_stretch,4,4717,903,0.4924624562263489,MSE,0.5594930648803711,1.0128705501556396,forecast,185.0,88,413,True,,,0.0093000009655952,0.0190806612372398,0.0410083271563053
traffic,PatchTST,time_stretch,4,4717,903,0.4924624562263489,MSE,0.5594930648803711,1.0128705501556396,forecast,185.0,88,567,True,,,0.0122999995946884,0.0192869156599044,0.0210072752088308
traffic,PatchTST,time_stretch,4,4717,903,0.4924624562263489,MSE,0.5594930648803711,1.0128705501556396,forecast,185.0,88,571,True,,,0.0065999999642372,0.0183427110314369,0.0487079843878746
traffic,PatchTST,time_stretch,4,4717,903,0.4924624562263489,MSE,0.5594930648803711,1.0128705501556396,forecast,185.0,88,580,True,,,0.003100000321865,0.0167460776865482,0.1360242068767547
traffic,PatchTST,time_stretch,4,4717,903,0.4924624562263489,MSE,0.5594930648803711,1.0128705501556396,forecast,185.0,88,639,True,,,0.0043999999761581,0.0246445965021848,0.1153479665517807
traffic,PatchTST,time_stretch,4,4717,903,0.4924624562263489,MSE,0.5594930648803711,1.0128705501556396,forecast,185.0,88,768,True,,,0.0098999962210655,0.0218024998903274,0.1470049172639846
traffic,PatchTST,time_stretch,4,4717,903,0.4924624562263489,MSE,0.5594930648803711,1.0128705501556396,forecast,185.0,88,774,True,,,0.0010000020265579,0.0093502402305603,0.0942338407039642
traffic,PatchTST,time_stretch,4,4717,903,0.4924624562263489,MSE,0.5594930648803711,1.0128705501556396,forecast,185.0,88,840,True,,,0.0074000004678964,0.0080057419836521,0.0214893594384193
traffic,PatchTST,time_stretch,4,4717,903,0.4924624562263489,MSE,0.5594930648803711,1.0128705501556396,forecast,186.0,89,133,True,,,0.0020999982953071,0.0144194494932889,0.0934187769889831
traffic,PatchTST,time_stretch,4,4717,903,0.4924624562263489,MSE,0.5594930648803711,1.0128705501556396,forecast,186.0,89,304,True,,,0.0124999992549419,0.0230286531150341,0.1763679087162017
traffic,PatchTST,time_stretch,4,4717,903,0.4924624562263489,MSE,0.5594930648803711,1.0128705501556396,forecast,186.0,89,402,True,,,0.0002999976277351,0.0192032866179943,0.1686526238918304
traffic,PatchTST,time_stretch,4,4717,903,0.4924624562263489,MSE,0.5594930648803711,1.0128705501556396,forecast,186.0,89,413,True,,,0.0179999992251396,0.0315439701080322,0.041112445294857
traffic,PatchTST,time_stretch,4,4717,903,0.4924624562263489,MSE,0.5594930648803711,1.0128705501556396,forecast,186.0,89,567,True,,,0.0474999994039535,0.0450540408492088,0.0236261561512947
traffic,PatchTST,time_stretch,4,4717,903,0.4924624562263489,MSE,0.5594930648803711,1.0128705501556396,forecast,186.0,89,571,True,,,0.0122999995946884,0.0206633545458316,0.0380257330834865
traffic,PatchTST,time_stretch,4,4717,903,0.4924624562263489,MSE,0.5594930648803711,1.0128705501556396,forecast,186.0,89,580,True,,,0.003100000321865,0.0201320610940456,0.135259598493576
traffic,PatchTST,time_stretch,4,4717,903,0.4924624562263489,MSE,0.5594930648803711,1.0128705501556396,forecast,186.0,89,639,True,,,0.014699999243021,0.0389735959470272,0.1173238903284072
traffic,PatchTST,time_stretch,4,4717,903,0.4924624562263489,MSE,0.5594930648803711,1.0128705501556396,forecast,186.0,89,768,True,,,0.0208000019192695,0.028957225382328,0.1433338075876236
traffic,PatchTST,time_stretch,4,4717,903,0.4924624562263489,MSE,0.5594930648803711,1.0128705501556396,forecast,186.0,89,774,True,,,0.0018000025302171,0.0085216257721185,0.091332271695137
traffic,PatchTST,time_stretch,4,4717,903,0.4924624562263489,MSE,0.5594930648803711,1.0128705501556396,forecast,186.0,89,840,True,,,0.0211999993771314,0.0255590192973613,0.0267604179680347
traffic,PatchTST,time_stretch,4,4717,903,0.4924624562263489,MSE,0.5594930648803711,1.0128705501556396,forecast,187.0,90,133,True,,,0.0082000009715557,0.017075827345252,0.0750685930252075
traffic,PatchTST,time_stretch,4,4717,903,0.4924624562263489,MSE,0.5594930648803711,1.0128705501556396,forecast,187.0,90,304,True,,,0.0256999991834163,0.0326871499419212,0.1828644871711731
traffic,PatchTST,time_stretch,4,4717,903,0.4924624562263489,MSE,0.5594930648803711,1.0128705501556396,forecast,187.0,90,402,True,,,0.0058000013232231,0.0272440947592258,0.1535371840000152
traffic,PatchTST,time_stretch,4,4717,903,0.4924624562263489,MSE,0.5594930648803711,1.0128705501556396,forecast,187.0,90,413,True,,,0.0485000014305114,0.0490609146654605,0.0480908565223217
traffic,PatchTST,time_stretch,4,4717,903,0.4924624562263489,MSE,0.5594930648803711,1.0128705501556396,forecast,187.0,90,567,True,,,0.0998999923467636,0.0916116088628768,0.0280723851174116
traffic,PatchTST,time_stretch,4,4717,903,0.4924624562263489,MSE,0.5594930648803711,1.0128705501556396,forecast,187.0,90,571,True,,,0.0274000000208616,0.0387238338589668,0.040728785097599
traffic,PatchTST,time_stretch,4,4717,903,0.4924624562263489,MSE,0.5594930648803711,1.0128705501556396,forecast,187.0,90,580,True,,,0.0062000043690204,0.0262454710900783,0.126691848039627
traffic,PatchTST,time_stretch,4,4717,903,0.4924624562263489,MSE,0.5594930648803711,1.0128705501556396,forecast,187.0,90,639,True,,,0.0524000003933906,0.0843984335660934,0.1184252202510833
traffic,PatchTST,time_stretch,4,4717,903,0.4924624562263489,MSE,0.5594930648803711,1.0128705501556396,forecast,187.0,90,768,True,,,0.0487999990582466,0.0542716532945632,0.143252745270729
traffic,PatchTST,time_stretch,4,4717,903,0.4924624562263489,MSE,0.5594930648803711,1.0128705501556396,forecast,187.0,90,774,True,,,0.0058000013232231,0.0091774109750986,0.0757059156894683
traffic,PatchTST,time_stretch,4,4717,903,0.4924624562263489,MSE,0.5594930648803711,1.0128705501556396,forecast,187.0,90,840,True,,,0.3368000090122223,0.18367400765419,0.0313067287206649
traffic,PatchTST,time_stretch,4,4717,903,0.4924624562263489,MSE,0.5594930648803711,1.0128705501556396,forecast,188.0,91,133,True,,,0.0277999993413686,0.0312944054603576,0.0614159479737281
traffic,PatchTST,time_stretch,4,4717,903,0.4924624562263489,MSE,0.5594930648803711,1.0128705501556396,forecast,188.0,91,304,True,,,0.0465999990701675,0.0547838024795055,0.1898036897182464
traffic,PatchTST,time_stretch,4,4717,903,0.4924624562263489,MSE,0.5594930648803711,1.0128705501556396,forecast,188.0,91,402,True,,,0.0417000018060207,0.0676498860120773,0.1311673521995544
traffic,PatchTST,time_stretch,4,4717,903,0.4924624562263489,MSE,0.5594930648803711,1.0128705501556396,forecast,188.0,91,413,True,,,0.1351999938488006,0.1008082330226898,0.0614451244473457
traffic,PatchTST,time_stretch,4,4717,903,0.4924624562263489,MSE,0.5594930648803711,1.0128705501556396,forecast,188.0,91,567,True,,,0.1253000050783157,0.152237206697464,0.0348701924085617
traffic,PatchTST,time_stretch,4,4717,903,0.4924624562263489,MSE,0.5594930648803711,1.0128705501556396,forecast,188.0,91,571,True,,,0.0658000037074089,0.0627547055482864,0.0454880557954311
traffic,PatchTST,time_stretch,4,4717,903,0.4924624562263489,MSE,0.5594930648803711,1.0128705501556396,forecast,188.0,91,580,True,,,0.035300001502037,0.0586553588509559,0.1080852299928665
traffic,PatchTST,time_stretch,4,4717,903,0.4924624562263489,MSE,0.5594930648803711,1.0128705501556396,forecast,188.0,91,639,True,,,0.19200000166893,0.1879395544528961,0.1137084513902664
traffic,PatchTST,time_stretch,4,4717,903,0.4924624562263489,MSE,0.5594930648803711,1.0128705501556396,forecast,188.0,91,768,True,,,0.0861999988555908,0.0843329057097435,0.1521528661251068
traffic,PatchTST,time_stretch,4,4717,903,0.4924624562263489,MSE,0.5594930648803711,1.0128705501556396,forecast,188.0,91,774,True,,,0.0153999999165534,0.0162964463233947,0.0608261600136756
traffic,PatchTST,time_stretch,4,4717,903,0.4924624562263489,MSE,0.5594930648803711,1.0128705501556396,forecast,188.0,91,840,True,,,0.6121000051498413,0.3650965690612793,0.0258831530809402
traffic,PatchTST,time_stretch,4,4717,903,0.4924624562263489,MSE,0.5594930648803711,1.0128705501556396,forecast,189.0,92,133,True,,,0.0615999996662139,0.0572753734886646,0.0573323741555213
traffic,PatchTST,time_stretch,4,4717,903,0.4924624562263489,MSE,0.5594930648803711,1.0128705501556396,forecast,189.0,92,304,True,,,0.069700002670288,0.0766727775335311,0.1975739300251007
traffic,PatchTST,time_stretch,4,4717,903,0.4924624562263489,MSE,0.5594930648803711,1.0128705501556396,forecast,189.0,92,402,True,,,0.216399997472763,0.1749236136674881,0.1153222545981407
traffic,PatchTST,time_stretch,4,4717,903,0.4924624562263489,MSE,0.5594930648803711,1.0128705501556396,forecast,189.0,92,413,True,,,0.4663000106811523,0.2811079025268554,0.0710051208734512
traffic,PatchTST,time_stretch,4,4717,903,0.4924624562263489,MSE,0.5594930648803711,1.0128705501556396,forecast,189.0,92,567,True,,,0.1052999943494796,0.2062902748584747,0.0409300997853279
traffic,PatchTST,time_stretch,4,4717,903,0.4924624562263489,MSE,0.5594930648803711,1.0128705501556396,forecast,189.0,92,571,True,,,0.0821999981999397,0.069296196103096,0.0514982715249061
traffic,PatchTST,time_stretch,4,4717,903,0.4924624562263489,MSE,0.5594930648803711,1.0128705501556396,forecast,189.0,92,580,True,,,0.1817000061273574,0.1492222398519516,0.0948020219802856
traffic,PatchTST,time_stretch,4,4717,903,0.4924624562263489,MSE,0.5594930648803711,1.0128705501556396,forecast,189.0,92,639,True,,,0.3916999995708465,0.3376567661762237,0.1127384677529335
traffic,PatchTST,time_stretch,4,4717,903,0.4924624562263489,MSE,0.5594930648803711,1.0128705501556396,forecast,189.0,92,768,True,,,0.094200000166893,0.0959900394082069,0.1598002016544342
traffic,PatchTST,time_stretch,4,4717,903,0.4924624562263489,MSE,0.5594930648803711,1.0128705501556396,forecast,189.0,92,774,True,,,0.0434000007808208,0.0362832322716712,0.0563671812415123
traffic,PatchTST,time_stretch,4,4717,903,0.4924624562263489,MSE,0.5594930648803711,1.0128705501556396,forecast,189.0,92,840,True,,,0.5895000100135803,0.3691088259220123,0.0226595252752304
traffic,PatchTST,time_stretch,4,4717,903,0.4924624562263489,MSE,0.5594930648803711,1.0128705501556396,forecast,190.0,93,133,True,,,0.0674000009894371,0.0691508650779724,0.0547620207071304
traffic,PatchTST,time_stretch,4,4717,903,0.4924624562263489,MSE,0.5594930648803711,1.0128705501556396,forecast,190.0,93,304,True,,,0.0877000018954277,0.0929028764367103,0.1882441788911819
traffic,PatchTST,time_stretch,4,4717,903,0.4924624562263489,MSE,0.5594930648803711,1.0128705501556396,forecast,190.0,93,402,True,,,0.22529998421669,0.2137960493564605,0.0981185883283615
traffic,PatchTST,time_stretch,4,4717,903,0.4924624562263489,MSE,0.5594930648803711,1.0128705501556396,forecast,190.0,93,413,True,,,0.4708000123500824,0.3601080179214477,0.0728925988078117
traffic,PatchTST,time_stretch,4,4717,903,0.4924624562263489,MSE,0.5594930648803711,1.0128705501556396,forecast,190.0,93,567,True,,,0.0573000013828277,0.1932828277349472,0.0433378145098686
traffic,PatchTST,time_stretch,4,4717,903,0.4924624562263489,MSE,0.5594930648803711,1.0128705501556396,forecast,190.0,93,571,True,,,0.0666999965906143,0.0771572738885879,0.0610422678291797
traffic,PatchTST,time_stretch,4,4717,903,0.4924624562263489,MSE,0.5594930648803711,1.0128705501556396,forecast,190.0,93,580,True,,,0.2170999944210052,0.1695761978626251,0.0806008726358413
traffic,PatchTST,time_stretch,4,4717,903,0.4924624562263489,MSE,0.5594930648803711,1.0128705501556396,forecast,190.0,93,639,True,,,0.3346000015735626,0.3220253884792328,0.1145252436399459
traffic,PatchTST,time_stretch,4,4717,903,0.4924624562263489,MSE,0.5594930648803711,1.0128705501556396,forecast,190.0,93,768,True,,,0.0782999992370605,0.0969530120491981,0.1526057124137878
traffic,PatchTST,time_stretch,4,4717,903,0.4924624562263489,MSE,0.5594930648803711,1.0128705501556396,forecast,190.0,93,774,True,,,0.0615000016987323,0.0563340932130813,0.0523009896278381
traffic,PatchTST,time_stretch,4,4717,903,0.4924624562263489,MSE,0.5594930648803711,1.0128705501556396,forecast,190.0,93,840,True,,,0.5989000201225281,0.3264488577842712,0.0260449536144733
traffic,PatchTST,time_stretch,4,4717,903,0.4924624562263489,MSE,0.5594930648803711,1.0128705501556396,forecast,191.0,94,133,True,,,0.0579999983310699,0.054104708135128,0.043244644999504
traffic,PatchTST,time_stretch,4,4717,903,0.4924624562263489,MSE,0.5594930648803711,1.0128705501556396,forecast,191.0,94,304,True,,,0.0825000032782554,0.0886657461524009,0.1609949767589569
traffic,PatchTST,time_stretch,4,4717,903,0.4924624562263489,MSE,0.5594930648803711,1.0128705501556396,forecast,191.0,94,402,True,,,0.1206000000238418,0.1532517373561859,0.0833634063601493
traffic,PatchTST,time_stretch,4,4717,903,0.4924624562263489,MSE,0.5594930648803711,1.0128705501556396,forecast,191.0,94,413,True,,,0.3172000050544739,0.3320286870002746,0.0710127428174018
traffic,PatchTST,time_stretch,4,4717,903,0.4924624562263489,MSE,0.5594930648803711,1.0128705501556396,forecast,191.0,94,567,True,,,0.065200001001358,0.1053591221570968,0.0439823418855667
traffic,PatchTST,time_stretch,4,4717,903,0.4924624562263489,MSE,0.5594930648803711,1.0128705501556396,forecast,191.0,94,571,True,,,0.0648000016808509,0.0752142742276191,0.0615345165133476
traffic,PatchTST,time_stretch,4,4717,903,0.4924624562263489,MSE,0.5594930648803711,1.0128705501556396,forecast,191.0,94,580,True,,,0.0882000029087066,0.1159996688365936,0.0700492858886718
traffic,PatchTST,time_stretch,4,4717,903,0.4924624562263489,MSE,0.5594930648803711,1.0128705501556396,forecast,191.0,94,639,True,,,0.1146999895572662,0.1466914862394333,0.1119281649589538
traffic,PatchTST,time_stretch,4,4717,903,0.4924624562263489,MSE,0.5594930648803711,1.0128705501556396,forecast,191.0,94,768,True,,,0.0658000037074089,0.0914916098117828,0.1239291280508041
traffic,PatchTST,time_stretch,4,4717,903,0.4924624562263489,MSE,0.5594930648803711,1.0128705501556396,forecast,191.0,94,774,True,,,0.05180000141263,0.049250740557909,0.0405944176018238
traffic,PatchTST,time_stretch,4,4717,903,0.4924624562263489,MSE,0.5594930648803711,1.0128705501556396,forecast,191.0,94,840,True,,,0.4894999861717224,0.2093423753976822,0.0308913849294185
traffic,PatchTST,time_stretch,4,4717,903,0.4924624562263489,MSE,0.5594930648803711,1.0128705501556396,forecast,192.0,95,133,True,,,0.045499999076128,0.0445178262889385,0.0327355936169624
traffic,PatchTST,time_stretch,4,4717,903,0.4924624562263489,MSE,0.5594930648803711,1.0128705501556396,forecast,192.0,95,304,True,,,0.0756999999284744,0.0834317430853843,0.1247076839208602
traffic,PatchTST,time_stretch,4,4717,903,0.4924624562263489,MSE,0.5594930648803711,1.0128705501556396,forecast,192.0,95,402,True,,,0.0975999981164932,0.1058073341846466,0.07236298173666
traffic,PatchTST,time_stretch,4,4717,903,0.4924624562263489,MSE,0.5594930648803711,1.0128705501556396,forecast,192.0,95,413,True,,,0.0847999975085258,0.2222037464380264,0.0683710947632789
traffic,PatchTST,time_stretch,4,4717,903,0.4924624562263489,MSE,0.5594930648803711,1.0128705501556396,forecast,192.0,95,567,True,,,0.0566999986767768,0.0582845136523246,0.0441150218248367
traffic,PatchTST,time_stretch,4,4717,903,0.4924624562263489,MSE,0.5594930648803711,1.0128705501556396,forecast,192.0,95,571,True,,,0.066500000655651,0.0735591426491737,0.0558659918606281
traffic,PatchTST,time_stretch,4,4717,903,0.4924624562263489,MSE,0.5594930648803711,1.0128705501556396,forecast,192.0,95,580,True,,,0.0781000033020973,0.0796667039394378,0.0602783635258674
traffic,PatchTST,time_stretch,4,4717,903,0.4924624562263489,MSE,0.5594930648803711,1.0128705501556396,forecast,192.0,95,639,True,,,0.0872000008821487,0.0959276854991912,0.1094367951154708
traffic,PatchTST,time_stretch,4,4717,903,0.4924624562263489,MSE,0.5594930648803711,1.0128705501556396,forecast,192.0,95,768,True,,,0.0684999972581863,0.0929838493466377,0.0976247042417526
traffic,PatchTST,time_stretch,4,4717,903,0.4924624562263489,MSE,0.5594930648803711,1.0128705501556396,forecast,192.0,95,774,True,,,0.0425000004470348,0.0373008586466312,0.0294545479118824
traffic,PatchTST,time_stretch,4,4717,903,0.4924624562263489,MSE,0.5594930648803711,1.0128705501556396,forecast,192.0,95,840,True,,,0.0445000007748603,0.0955936759710311,0.0336830429732799
