dataset,arch,scenario,pert_idx,sample_id,source_sample_idx,severity,score_metric,clean_sample_score,perturbed_sample_score,segment,time_index,time_step,feature,affected_feature,clean_input,perturbed_input,ground_truth,clean_prediction,perturbed_prediction
BeijingAir_Tiantan,DLinear,spike,3,8609,3644,0.49207401275634766,MSE,0.012429267168045044,0.4373423457145691,input,1.0,0,PM2.5,True,88.0,88.0,,,
BeijingAir_Tiantan,DLinear,spike,3,8609,3644,0.49207401275634766,MSE,0.012429267168045044,0.4373423457145691,input,1.0,0,PM10,False,138.0,138.0,,,
BeijingAir_Tiantan,DLinear,spike,3,8609,3644,0.49207401275634766,MSE,0.012429267168045044,0.4373423457145691,input,1.0,0,SO2,True,21.0,21.0,,,
BeijingAir_Tiantan,DLinear,spike,3,8609,3644,0.49207401275634766,MSE,0.012429267168045044,0.4373423457145691,input,1.0,0,NO2,False,136.0,136.0,,,
BeijingAir_Tiantan,DLinear,spike,3,8609,3644,0.49207401275634766,MSE,0.012429267168045044,0.4373423457145691,input,1.0,0,CO,False,3200.0,3200.0,,,
BeijingAir_Tiantan,DLinear,spike,3,8609,3644,0.49207401275634766,MSE,0.012429267168045044,0.4373423457145691,input,1.0,0,O3,False,4.0,4.0,,,
BeijingAir_Tiantan,DLinear,spike,3,8609,3644,0.49207401275634766,MSE,0.012429267168045044,0.4373423457145691,input,1.0,0,TEMP,False,2.5749998092651367,2.5749998092651367,,,
BeijingAir_Tiantan,DLinear,spike,3,8609,3644,0.49207401275634766,MSE,0.012429267168045044,0.4373423457145691,input,1.0,0,PRES,False,1021.75,1021.75,,,
BeijingAir_Tiantan,DLinear,spike,3,8609,3644,0.49207401275634766,MSE,0.012429267168045044,0.4373423457145691,input,1.0,0,DEWP,True,-10.80000114440918,-10.80000114440918,,,
BeijingAir_Tiantan,DLinear,spike,3,8609,3644,0.49207401275634766,MSE,0.012429267168045044,0.4373423457145691,input,1.0,0,RAIN,False,0.0,0.0,,,
BeijingAir_Tiantan,DLinear,spike,3,8609,3644,0.49207401275634766,MSE,0.012429267168045044,0.4373423457145691,input,1.0,0,WSPM,False,0.6999999284744263,0.6999999284744263,,,
BeijingAir_Tiantan,DLinear,spike,3,8609,3644,0.49207401275634766,MSE,0.012429267168045044,0.4373423457145691,input,1.0,0,wd,False,6.0,6.0,,,
BeijingAir_Tiantan,DLinear,spike,3,8609,3644,0.49207401275634766,MSE,0.012429267168045044,0.4373423457145691,input,2.0,1,PM2.5,True,119.0,119.0,,,
BeijingAir_Tiantan,DLinear,spike,3,8609,3644,0.49207401275634766,MSE,0.012429267168045044,0.4373423457145691,input,2.0,1,PM10,False,117.0,117.0,,,
BeijingAir_Tiantan,DLinear,spike,3,8609,3644,0.49207401275634766,MSE,0.012429267168045044,0.4373423457145691,input,2.0,1,SO2,True,34.0,34.0,,,
BeijingAir_Tiantan,DLinear,spike,3,8609,3644,0.49207401275634766,MSE,0.012429267168045044,0.4373423457145691,input,2.0,1,NO2,False,145.0,145.0,,,
BeijingAir_Tiantan,DLinear,spike,3,8609,3644,0.49207401275634766,MSE,0.012429267168045044,0.4373423457145691,input,2.0,1,CO,False,3100.0,3100.0,,,
BeijingAir_Tiantan,DLinear,spike,3,8609,3644,0.49207401275634766,MSE,0.012429267168045044,0.4373423457145691,input,2.0,1,O3,False,5.0,5.0,,,
BeijingAir_Tiantan,DLinear,spike,3,8609,3644,0.49207401275634766,MSE,0.012429267168045044,0.4373423457145691,input,2.0,1,TEMP,False,4.399999618530273,4.399999618530273,,,
BeijingAir_Tiantan,DLinear,spike,3,8609,3644,0.49207401275634766,MSE,0.012429267168045044,0.4373423457145691,input,2.0,1,PRES,False,1020.5,1020.5,,,
BeijingAir_Tiantan,DLinear,spike,3,8609,3644,0.49207401275634766,MSE,0.012429267168045044,0.4373423457145691,input,2.0,1,DEWP,True,-10.80000114440918,-10.80000114440918,,,
BeijingAir_Tiantan,DLinear,spike,3,8609,3644,0.49207401275634766,MSE,0.012429267168045044,0.4373423457145691,input,2.0,1,RAIN,False,0.0,0.0,,,
BeijingAir_Tiantan,DLinear,spike,3,8609,3644,0.49207401275634766,MSE,0.012429267168045044,0.4373423457145691,input,2.0,1,WSPM,False,1.5,1.5,,,
BeijingAir_Tiantan,DLinear,spike,3,8609,3644,0.49207401275634766,MSE,0.012429267168045044,0.4373423457145691,input,2.0,1,wd,False,10.0,10.0,,,
BeijingAir_Tiantan,DLinear,spike,3,8609,3644,0.49207401275634766,MSE,0.012429267168045044,0.4373423457145691,input,3.0,2,PM2.5,True,72.0,72.0,,,
BeijingAir_Tiantan,DLinear,spike,3,8609,3644,0.49207401275634766,MSE,0.012429267168045044,0.4373423457145691,input,3.0,2,PM10,False,88.0,88.0,,,
BeijingAir_Tiantan,DLinear,spike,3,8609,3644,0.49207401275634766,MSE,0.012429267168045044,0.4373423457145691,input,3.0,2,SO2,True,28.0,28.0,,,
BeijingAir_Tiantan,DLinear,spike,3,8609,3644,0.49207401275634766,MSE,0.012429267168045044,0.4373423457145691,input,3.0,2,NO2,False,123.0,123.0,,,
BeijingAir_Tiantan,DLinear,spike,3,8609,3644,0.49207401275634766,MSE,0.012429267168045044,0.4373423457145691,input,3.0,2,CO,False,2000.0,2000.0,,,
BeijingAir_Tiantan,DLinear,spike,3,8609,3644,0.49207401275634766,MSE,0.012429267168045044,0.4373423457145691,input,3.0,2,O3,False,14.0,14.0,,,
BeijingAir_Tiantan,DLinear,spike,3,8609,3644,0.49207401275634766,MSE,0.012429267168045044,0.4373423457145691,input,3.0,2,TEMP,False,6.039999961853027,6.039999961853027,,,
BeijingAir_Tiantan,DLinear,spike,3,8609,3644,0.49207401275634766,MSE,0.012429267168045044,0.4373423457145691,input,3.0,2,PRES,False,1019.2000122070312,1019.2000122070312,,,
BeijingAir_Tiantan,DLinear,spike,3,8609,3644,0.49207401275634766,MSE,0.012429267168045044,0.4373423457145691,input,3.0,2,DEWP,True,-11.399999618530273,-11.399999618530273,,,
BeijingAir_Tiantan,DLinear,spike,3,8609,3644,0.49207401275634766,MSE,0.012429267168045044,0.4373423457145691,input,3.0,2,RAIN,False,0.0,0.0,,,
BeijingAir_Tiantan,DLinear,spike,3,8609,3644,0.49207401275634766,MSE,0.012429267168045044,0.4373423457145691,input,3.0,2,WSPM,False,2.5,2.5,,,
BeijingAir_Tiantan,DLinear,spike,3,8609,3644,0.49207401275634766,MSE,0.012429267168045044,0.4373423457145691,input,3.0,2,wd,False,10.0,10.0,,,
BeijingAir_Tiantan,DLinear,spike,3,8609,3644,0.49207401275634766,MSE,0.012429267168045044,0.4373423457145691,input,4.0,3,PM2.5,True,68.0,68.0,,,
BeijingAir_Tiantan,DLinear,spike,3,8609,3644,0.49207401275634766,MSE,0.012429267168045044,0.4373423457145691,input,4.0,3,PM10,False,128.0,128.0,,,
BeijingAir_Tiantan,DLinear,spike,3,8609,3644,0.49207401275634766,MSE,0.012429267168045044,0.4373423457145691,input,4.0,3,SO2,True,25.0,25.0,,,
BeijingAir_Tiantan,DLinear,spike,3,8609,3644,0.49207401275634766,MSE,0.012429267168045044,0.4373423457145691,input,4.0,3,NO2,False,116.0,116.0,,,
BeijingAir_Tiantan,DLinear,spike,3,8609,3644,0.49207401275634766,MSE,0.012429267168045044,0.4373423457145691,input,4.0,3,CO,False,1600.0,1600.0,,,
BeijingAir_Tiantan,DLinear,spike,3,8609,3644,0.49207401275634766,MSE,0.012429267168045044,0.4373423457145691,input,4.0,3,O3,False,25.0,25.0,,,
BeijingAir_Tiantan,DLinear,spike,3,8609,3644,0.49207401275634766,MSE,0.012429267168045044,0.4373423457145691,input,4.0,3,TEMP,False,6.400000095367432,6.400000095367432,,,
BeijingAir_Tiantan,DLinear,spike,3,8609,3644,0.49207401275634766,MSE,0.012429267168045044,0.4373423457145691,input,4.0,3,PRES,False,1019.0,1019.0,,,
BeijingAir_Tiantan,DLinear,spike,3,8609,3644,0.49207401275634766,MSE,0.012429267168045044,0.4373423457145691,input,4.0,3,DEWP,True,-11.799999237060547,-11.799999237060547,,,
BeijingAir_Tiantan,DLinear,spike,3,8609,3644,0.49207401275634766,MSE,0.012429267168045044,0.4373423457145691,input,4.0,3,RAIN,False,0.0,0.0,,,
BeijingAir_Tiantan,DLinear,spike,3,8609,3644,0.49207401275634766,MSE,0.012429267168045044,0.4373423457145691,input,4.0,3,WSPM,False,1.5,1.5,,,
BeijingAir_Tiantan,DLinear,spike,3,8609,3644,0.49207401275634766,MSE,0.012429267168045044,0.4373423457145691,input,4.0,3,wd,False,10.0,10.0,,,
BeijingAir_Tiantan,DLinear,spike,3,8609,3644,0.49207401275634766,MSE,0.012429267168045044,0.4373423457145691,input,5.0,4,PM2.5,True,121.0,121.0,,,
BeijingAir_Tiantan,DLinear,spike,3,8609,3644,0.49207401275634766,MSE,0.012429267168045044,0.4373423457145691,input,5.0,4,PM10,False,166.0,166.0,,,
BeijingAir_Tiantan,DLinear,spike,3,8609,3644,0.49207401275634766,MSE,0.012429267168045044,0.4373423457145691,input,5.0,4,SO2,True,25.0,25.0,,,
BeijingAir_Tiantan,DLinear,spike,3,8609,3644,0.49207401275634766,MSE,0.012429267168045044,0.4373423457145691,input,5.0,4,NO2,False,145.0,145.0,,,
BeijingAir_Tiantan,DLinear,spike,3,8609,3644,0.49207401275634766,MSE,0.012429267168045044,0.4373423457145691,input,5.0,4,CO,False,2100.0,2100.0,,,
BeijingAir_Tiantan,DLinear,spike,3,8609,3644,0.49207401275634766,MSE,0.012429267168045044,0.4373423457145691,input,5.0,4,O3,False,6.0,6.0,,,
BeijingAir_Tiantan,DLinear,spike,3,8609,3644,0.49207401275634766,MSE,0.012429267168045044,0.4373423457145691,input,5.0,4,TEMP,False,6.52500057220459,6.52500057220459,,,
BeijingAir_Tiantan,DLinear,spike,3,8609,3644,0.49207401275634766,MSE,0.012429267168045044,0.4373423457145691,input,5.0,4,PRES,False,1018.0,1018.0,,,
BeijingAir_Tiantan,DLinear,spike,3,8609,3644,0.49207401275634766,MSE,0.012429267168045044,0.4373423457145691,input,5.0,4,DEWP,True,-12.399999618530273,-12.399999618530273,,,
BeijingAir_Tiantan,DLinear,spike,3,8609,3644,0.49207401275634766,MSE,0.012429267168045044,0.4373423457145691,input,5.0,4,RAIN,False,0.0,0.0,,,
BeijingAir_Tiantan,DLinear,spike,3,8609,3644,0.49207401275634766,MSE,0.012429267168045044,0.4373423457145691,input,5.0,4,WSPM,False,1.899999976158142,1.899999976158142,,,
BeijingAir_Tiantan,DLinear,spike,3,8609,3644,0.49207401275634766,MSE,0.012429267168045044,0.4373423457145691,input,5.0,4,wd,False,10.0,10.0,,,
BeijingAir_Tiantan,DLinear,spike,3,8609,3644,0.49207401275634766,MSE,0.012429267168045044,0.4373423457145691,input,6.0,5,PM2.5,True,122.0,122.0,,,
BeijingAir_Tiantan,DLinear,spike,3,8609,3644,0.49207401275634766,MSE,0.012429267168045044,0.4373423457145691,input,6.0,5,PM10,False,174.0,174.0,,,
BeijingAir_Tiantan,DLinear,spike,3,8609,3644,0.49207401275634766,MSE,0.012429267168045044,0.4373423457145691,input,6.0,5,SO2,True,22.0,22.0,,,
BeijingAir_Tiantan,DLinear,spike,3,8609,3644,0.49207401275634766,MSE,0.012429267168045044,0.4373423457145691,input,6.0,5,NO2,False,143.0,143.0,,,
BeijingAir_Tiantan,DLinear,spike,3,8609,3644,0.49207401275634766,MSE,0.012429267168045044,0.4373423457145691,input,6.0,5,CO,False,2000.0,2000.0,,,
BeijingAir_Tiantan,DLinear,spike,3,8609,3644,0.49207401275634766,MSE,0.012429267168045044,0.4373423457145691,input,6.0,5,O3,False,9.0,9.0,,,
BeijingAir_Tiantan,DLinear,spike,3,8609,3644,0.49207401275634766,MSE,0.012429267168045044,0.4373423457145691,input,6.0,5,TEMP,False,5.625,5.625,,,
BeijingAir_Tiantan,DLinear,spike,3,8609,3644,0.49207401275634766,MSE,0.012429267168045044,0.4373423457145691,input,6.0,5,PRES,False,1018.5,1018.5,,,
BeijingAir_Tiantan,DLinear,spike,3,8609,3644,0.49207401275634766,MSE,0.012429267168045044,0.4373423457145691,input,6.0,5,DEWP,True,-12.5,-12.5,,,
BeijingAir_Tiantan,DLinear,spike,3,8609,3644,0.49207401275634766,MSE,0.012429267168045044,0.4373423457145691,input,6.0,5,RAIN,False,0.0,0.0,,,
BeijingAir_Tiantan,DLinear,spike,3,8609,3644,0.49207401275634766,MSE,0.012429267168045044,0.4373423457145691,input,6.0,5,WSPM,False,1.5,1.5,,,
BeijingAir_Tiantan,DLinear,spike,3,8609,3644,0.49207401275634766,MSE,0.012429267168045044,0.4373423457145691,input,6.0,5,wd,False,10.0,10.0,,,
BeijingAir_Tiantan,DLinear,spike,3,8609,3644,0.49207401275634766,MSE,0.012429267168045044,0.4373423457145691,input,7.0,6,PM2.5,True,122.0,122.0,,,
BeijingAir_Tiantan,DLinear,spike,3,8609,3644,0.49207401275634766,MSE,0.012429267168045044,0.4373423457145691,input,7.0,6,PM10,False,147.0,147.0,,,
BeijingAir_Tiantan,DLinear,spike,3,8609,3644,0.49207401275634766,MSE,0.012429267168045044,0.4373423457145691,input,7.0,6,SO2,True,19.0,19.0,,,
BeijingAir_Tiantan,DLinear,spike,3,8609,3644,0.49207401275634766,MSE,0.012429267168045044,0.4373423457145691,input,7.0,6,NO2,False,126.0,126.0,,,
BeijingAir_Tiantan,DLinear,spike,3,8609,3644,0.49207401275634766,MSE,0.012429267168045044,0.4373423457145691,input,7.0,6,CO,False,1900.0,1900.0,,,
BeijingAir_Tiantan,DLinear,spike,3,8609,3644,0.49207401275634766,MSE,0.012429267168045044,0.4373423457145691,input,7.0,6,O3,False,12.0,12.0,,,
BeijingAir_Tiantan,DLinear,spike,3,8609,3644,0.49207401275634766,MSE,0.012429267168045044,0.4373423457145691,input,7.0,6,TEMP,False,3.6000003814697266,3.6000003814697266,,,
BeijingAir_Tiantan,DLinear,spike,3,8609,3644,0.49207401275634766,MSE,0.012429267168045044,0.4373423457145691,input,7.0,6,PRES,False,1019.0,1019.0,,,
BeijingAir_Tiantan,DLinear,spike,3,8609,3644,0.49207401275634766,MSE,0.012429267168045044,0.4373423457145691,input,7.0,6,DEWP,True,-12.200000762939453,-12.200000762939453,,,
BeijingAir_Tiantan,DLinear,spike,3,8609,3644,0.49207401275634766,MSE,0.012429267168045044,0.4373423457145691,input,7.0,6,RAIN,False,0.0,0.0,,,
BeijingAir_Tiantan,DLinear,spike,3,8609,3644,0.49207401275634766,MSE,0.012429267168045044,0.4373423457145691,input,7.0,6,WSPM,False,1.2999999523162842,1.2999999523162842,,,
BeijingAir_Tiantan,DLinear,spike,3,8609,3644,0.49207401275634766,MSE,0.012429267168045044,0.4373423457145691,input,7.0,6,wd,False,10.0,10.0,,,
BeijingAir_Tiantan,DLinear,spike,3,8609,3644,0.49207401275634766,MSE,0.012429267168045044,0.4373423457145691,input,8.0,7,PM2.5,True,104.0,104.0,,,
BeijingAir_Tiantan,DLinear,spike,3,8609,3644,0.49207401275634766,MSE,0.012429267168045044,0.4373423457145691,input,8.0,7,PM10,False,132.0,132.0,,,
BeijingAir_Tiantan,DLinear,spike,3,8609,3644,0.49207401275634766,MSE,0.012429267168045044,0.4373423457145691,input,8.0,7,SO2,True,14.0,14.0,,,
BeijingAir_Tiantan,DLinear,spike,3,8609,3644,0.49207401275634766,MSE,0.012429267168045044,0.4373423457145691,input,8.0,7,NO2,False,103.0,103.0,,,
BeijingAir_Tiantan,DLinear,spike,3,8609,3644,0.49207401275634766,MSE,0.012429267168045044,0.4373423457145691,input,8.0,7,CO,False,1600.0,1600.0,,,
BeijingAir_Tiantan,DLinear,spike,3,8609,3644,0.49207401275634766,MSE,0.012429267168045044,0.4373423457145691,input,8.0,7,O3,False,12.0,12.0,,,
BeijingAir_Tiantan,DLinear,spike,3,8609,3644,0.49207401275634766,MSE,0.012429267168045044,0.4373423457145691,input,8.0,7,TEMP,False,1.4750003814697266,1.4750003814697266,,,
BeijingAir_Tiantan,DLinear,spike,3,8609,3644,0.49207401275634766,MSE,0.012429267168045044,0.4373423457145691,input,8.0,7,PRES,False,1019.0,1019.0,,,
BeijingAir_Tiantan,DLinear,spike,3,8609,3644,0.49207401275634766,MSE,0.012429267168045044,0.4373423457145691,input,8.0,7,DEWP,True,-11.30000114440918,-11.30000114440918,,,
BeijingAir_Tiantan,DLinear,spike,3,8609,3644,0.49207401275634766,MSE,0.012429267168045044,0.4373423457145691,input,8.0,7,RAIN,False,0.0,0.0,,,
BeijingAir_Tiantan,DLinear,spike,3,8609,3644,0.49207401275634766,MSE,0.012429267168045044,0.4373423457145691,input,8.0,7,WSPM,False,1.0,1.0,,,
BeijingAir_Tiantan,DLinear,spike,3,8609,3644,0.49207401275634766,MSE,0.012429267168045044,0.4373423457145691,input,8.0,7,wd,False,14.0,14.0,,,
BeijingAir_Tiantan,DLinear,spike,3,8609,3644,0.49207401275634766,MSE,0.012429267168045044,0.4373423457145691,input,9.0,8,PM2.5,True,106.0,106.0,,,
BeijingAir_Tiantan,DLinear,spike,3,8609,3644,0.49207401275634766,MSE,0.012429267168045044,0.4373423457145691,input,9.0,8,PM10,False,147.0,147.0,,,
BeijingAir_Tiantan,DLinear,spike,3,8609,3644,0.49207401275634766,MSE,0.012429267168045044,0.4373423457145691,input,9.0,8,SO2,True,13.0,13.0,,,
BeijingAir_Tiantan,DLinear,spike,3,8609,3644,0.49207401275634766,MSE,0.012429267168045044,0.4373423457145691,input,9.0,8,NO2,False,102.0,102.0,,,
BeijingAir_Tiantan,DLinear,spike,3,8609,3644,0.49207401275634766,MSE,0.012429267168045044,0.4373423457145691,input,9.0,8,CO,False,1600.0,1600.0,,,
BeijingAir_Tiantan,DLinear,spike,3,8609,3644,0.49207401275634766,MSE,0.012429267168045044,0.4373423457145691,input,9.0,8,O3,False,1.0,1.0,,,
BeijingAir_Tiantan,DLinear,spike,3,8609,3644,0.49207401275634766,MSE,0.012429267168045044,0.4373423457145691,input,9.0,8,TEMP,False,0.05000019073486328,0.05000019073486328,,,
BeijingAir_Tiantan,DLinear,spike,3,8609,3644,0.49207401275634766,MSE,0.012429267168045044,0.4373423457145691,input,9.0,8,PRES,False,1019.0,1019.0,,,
BeijingAir_Tiantan,DLinear,spike,3,8609,3644,0.49207401275634766,MSE,0.012429267168045044,0.4373423457145691,input,9.0,8,DEWP,True,-11.100000381469727,-11.100000381469727,,,
BeijingAir_Tiantan,DLinear,spike,3,8609,3644,0.49207401275634766,MSE,0.012429267168045044,0.4373423457145691,input,9.0,8,RAIN,False,0.0,0.0,,,
BeijingAir_Tiantan,DLinear,spike,3,8609,3644,0.49207401275634766,MSE,0.012429267168045044,0.4373423457145691,input,9.0,8,WSPM,False,1.5,1.5,,,
BeijingAir_Tiantan,DLinear,spike,3,8609,3644,0.49207401275634766,MSE,0.012429267168045044,0.4373423457145691,input,9.0,8,wd,False,10.0,10.0,,,
BeijingAir_Tiantan,DLinear,spike,3,8609,3644,0.49207401275634766,MSE,0.012429267168045044,0.4373423457145691,input,10.0,9,PM2.5,True,96.0,96.0,,,
BeijingAir_Tiantan,DLinear,spike,3,8609,3644,0.49207401275634766,MSE,0.012429267168045044,0.4373423457145691,input,10.0,9,PM10,False,96.0,96.0,,,
BeijingAir_Tiantan,DLinear,spike,3,8609,3644,0.49207401275634766,MSE,0.012429267168045044,0.4373423457145691,input,10.0,9,SO2,True,17.0,17.0,,,
BeijingAir_Tiantan,DLinear,spike,3,8609,3644,0.49207401275634766,MSE,0.012429267168045044,0.4373423457145691,input,10.0,9,NO2,False,105.0,105.0,,,
BeijingAir_Tiantan,DLinear,spike,3,8609,3644,0.49207401275634766,MSE,0.012429267168045044,0.4373423457145691,input,10.0,9,CO,False,1600.0,1600.0,,,
BeijingAir_Tiantan,DLinear,spike,3,8609,3644,0.49207401275634766,MSE,0.012429267168045044,0.4373423457145691,input,10.0,9,O3,False,12.0,12.0,,,
BeijingAir_Tiantan,DLinear,spike,3,8609,3644,0.49207401275634766,MSE,0.012429267168045044,0.4373423457145691,input,10.0,9,TEMP,False,0.40000057220458984,0.40000057220458984,,,
BeijingAir_Tiantan,DLinear,spike,3,8609,3644,0.49207401275634766,MSE,0.012429267168045044,0.4373423457145691,input,10.0,9,PRES,False,1020.0,1020.0,,,
BeijingAir_Tiantan,DLinear,spike,3,8609,3644,0.49207401275634766,MSE,0.012429267168045044,0.4373423457145691,input,10.0,9,DEWP,True,-10.399999618530273,-10.399999618530273,,,
BeijingAir_Tiantan,DLinear,spike,3,8609,3644,0.49207401275634766,MSE,0.012429267168045044,0.4373423457145691,input,10.0,9,RAIN,False,0.0,0.0,,,
BeijingAir_Tiantan,DLinear,spike,3,8609,3644,0.49207401275634766,MSE,0.012429267168045044,0.4373423457145691,input,10.0,9,WSPM,False,0.8999999761581421,0.8999999761581421,,,
BeijingAir_Tiantan,DLinear,spike,3,8609,3644,0.49207401275634766,MSE,0.012429267168045044,0.4373423457145691,input,10.0,9,wd,False,10.0,10.0,,,
BeijingAir_Tiantan,DLinear,spike,3,8609,3644,0.49207401275634766,MSE,0.012429267168045044,0.4373423457145691,input,11.0,10,PM2.5,True,50.0,50.0,,,
BeijingAir_Tiantan,DLinear,spike,3,8609,3644,0.49207401275634766,MSE,0.012429267168045044,0.4373423457145691,input,11.0,10,PM10,False,50.0,50.0,,,
BeijingAir_Tiantan,DLinear,spike,3,8609,3644,0.49207401275634766,MSE,0.012429267168045044,0.4373423457145691,input,11.0,10,SO2,True,14.0,14.0,,,
BeijingAir_Tiantan,DLinear,spike,3,8609,3644,0.49207401275634766,MSE,0.012429267168045044,0.4373423457145691,input,11.0,10,NO2,False,89.0,89.0,,,
BeijingAir_Tiantan,DLinear,spike,3,8609,3644,0.49207401275634766,MSE,0.012429267168045044,0.4373423457145691,input,11.0,10,CO,False,1100.0,1100.0,,,
BeijingAir_Tiantan,DLinear,spike,3,8609,3644,0.49207401275634766,MSE,0.012429267168045044,0.4373423457145691,input,11.0,10,O3,False,12.0,12.0,,,
BeijingAir_Tiantan,DLinear,spike,3,8609,3644,0.49207401275634766,MSE,0.012429267168045044,0.4373423457145691,input,11.0,10,TEMP,False,-0.17499923706054688,-0.17499923706054688,,,
BeijingAir_Tiantan,DLinear,spike,3,8609,3644,0.49207401275634766,MSE,0.012429267168045044,0.4373423457145691,input,11.0,10,PRES,False,1020.0,1020.0,,,
BeijingAir_Tiantan,DLinear,spike,3,8609,3644,0.49207401275634766,MSE,0.012429267168045044,0.4373423457145691,input,11.0,10,DEWP,True,-10.700000762939453,-10.700000762939453,,,
BeijingAir_Tiantan,DLinear,spike,3,8609,3644,0.49207401275634766,MSE,0.012429267168045044,0.4373423457145691,input,11.0,10,RAIN,False,0.0,0.0,,,
BeijingAir_Tiantan,DLinear,spike,3,8609,3644,0.49207401275634766,MSE,0.012429267168045044,0.4373423457145691,input,11.0,10,WSPM,False,1.0,1.0,,,
BeijingAir_Tiantan,DLinear,spike,3,8609,3644,0.49207401275634766,MSE,0.012429267168045044,0.4373423457145691,input,11.0,10,wd,False,6.0,6.0,,,
BeijingAir_Tiantan,DLinear,spike,3,8609,3644,0.49207401275634766,MSE,0.012429267168045044,0.4373423457145691,input,12.0,11,PM2.5,True,35.0,35.0,,,
BeijingAir_Tiantan,DLinear,spike,3,8609,3644,0.49207401275634766,MSE,0.012429267168045044,0.4373423457145691,input,12.0,11,PM10,False,38.0,38.0,,,
BeijingAir_Tiantan,DLinear,spike,3,8609,3644,0.49207401275634766,MSE,0.012429267168045044,0.4373423457145691,input,12.0,11,SO2,True,8.0,8.0,,,
BeijingAir_Tiantan,DLinear,spike,3,8609,3644,0.49207401275634766,MSE,0.012429267168045044,0.4373423457145691,input,12.0,11,NO2,False,89.0,89.0,,,
BeijingAir_Tiantan,DLinear,spike,3,8609,3644,0.49207401275634766,MSE,0.012429267168045044,0.4373423457145691,input,12.0,11,CO,False,800.0,800.0,,,
BeijingAir_Tiantan,DLinear,spike,3,8609,3644,0.49207401275634766,MSE,0.012429267168045044,0.4373423457145691,input,12.0,11,O3,False,10.0,10.0,,,
BeijingAir_Tiantan,DLinear,spike,3,8609,3644,0.49207401275634766,MSE,0.012429267168045044,0.4373423457145691,input,12.0,11,TEMP,False,-0.17499923706054688,-0.17499923706054688,,,
BeijingAir_Tiantan,DLinear,spike,3,8609,3644,0.49207401275634766,MSE,0.012429267168045044,0.4373423457145691,input,12.0,11,PRES,False,1020.0,1020.0,,,
BeijingAir_Tiantan,DLinear,spike,3,8609,3644,0.49207401275634766,MSE,0.012429267168045044,0.4373423457145691,input,12.0,11,DEWP,True,-11.30000114440918,-11.30000114440918,,,
BeijingAir_Tiantan,DLinear,spike,3,8609,3644,0.49207401275634766,MSE,0.012429267168045044,0.4373423457145691,input,12.0,11,RAIN,False,0.0,0.0,,,
BeijingAir_Tiantan,DLinear,spike,3,8609,3644,0.49207401275634766,MSE,0.012429267168045044,0.4373423457145691,input,12.0,11,WSPM,False,1.399999976158142,1.399999976158142,,,
BeijingAir_Tiantan,DLinear,spike,3,8609,3644,0.49207401275634766,MSE,0.012429267168045044,0.4373423457145691,input,12.0,11,wd,False,2.0,2.0,,,
BeijingAir_Tiantan,DLinear,spike,3,8609,3644,0.49207401275634766,MSE,0.012429267168045044,0.4373423457145691,input,13.0,12,PM2.5,True,22.0,22.0,,,
BeijingAir_Tiantan,DLinear,spike,3,8609,3644,0.49207401275634766,MSE,0.012429267168045044,0.4373423457145691,input,13.0,12,PM10,False,36.0,36.0,,,
BeijingAir_Tiantan,DLinear,spike,3,8609,3644,0.49207401275634766,MSE,0.012429267168045044,0.4373423457145691,input,13.0,12,SO2,True,9.0,9.0,,,
BeijingAir_Tiantan,DLinear,spike,3,8609,3644,0.49207401275634766,MSE,0.012429267168045044,0.4373423457145691,input,13.0,12,NO2,False,82.0,82.0,,,
BeijingAir_Tiantan,DLinear,spike,3,8609,3644,0.49207401275634766,MSE,0.012429267168045044,0.4373423457145691,input,13.0,12,CO,False,800.0,800.0,,,
BeijingAir_Tiantan,DLinear,spike,3,8609,3644,0.49207401275634766,MSE,0.012429267168045044,0.4373423457145691,input,13.0,12,O3,False,13.0,13.0,,,
BeijingAir_Tiantan,DLinear,spike,3,8609,3644,0.49207401275634766,MSE,0.012429267168045044,0.4373423457145691,input,13.0,12,TEMP,False,1.2500009536743164,1.2500009536743164,,,
BeijingAir_Tiantan,DLinear,spike,3,8609,3644,0.49207401275634766,MSE,0.012429267168045044,0.4373423457145691,input,13.0,12,PRES,False,1020.0,1020.0,,,
BeijingAir_Tiantan,DLinear,spike,3,8609,3644,0.49207401275634766,MSE,0.012429267168045044,0.4373423457145691,input,13.0,12,DEWP,True,-12.80000114440918,-12.80000114440918,,,
BeijingAir_Tiantan,DLinear,spike,3,8609,3644,0.49207401275634766,MSE,0.012429267168045044,0.4373423457145691,input,13.0,12,RAIN,False,0.0,0.0,,,
BeijingAir_Tiantan,DLinear,spike,3,8609,3644,0.49207401275634766,MSE,0.012429267168045044,0.4373423457145691,input,13.0,12,WSPM,False,1.7999999523162842,1.7999999523162842,,,
BeijingAir_Tiantan,DLinear,spike,3,8609,3644,0.49207401275634766,MSE,0.012429267168045044,0.4373423457145691,input,13.0,12,wd,False,2.0,2.0,,,
BeijingAir_Tiantan,DLinear,spike,3,8609,3644,0.49207401275634766,MSE,0.012429267168045044,0.4373423457145691,input,14.0,13,PM2.5,True,30.999996185302734,30.999996185302734,,,
BeijingAir_Tiantan,DLinear,spike,3,8609,3644,0.49207401275634766,MSE,0.012429267168045044,0.4373423457145691,input,14.0,13,PM10,False,42.999996185302734,42.999996185302734,,,
BeijingAir_Tiantan,DLinear,spike,3,8609,3644,0.49207401275634766,MSE,0.012429267168045044,0.4373423457145691,input,14.0,13,SO2,True,15.0,15.0,,,
BeijingAir_Tiantan,DLinear,spike,3,8609,3644,0.49207401275634766,MSE,0.012429267168045044,0.4373423457145691,input,14.0,13,NO2,False,73.0,73.0,,,
BeijingAir_Tiantan,DLinear,spike,3,8609,3644,0.49207401275634766,MSE,0.012429267168045044,0.4373423457145691,input,14.0,13,CO,False,700.0,700.0,,,
BeijingAir_Tiantan,DLinear,spike,3,8609,3644,0.49207401275634766,MSE,0.012429267168045044,0.4373423457145691,input,14.0,13,O3,False,19.0,19.0,,,
BeijingAir_Tiantan,DLinear,spike,3,8609,3644,0.49207401275634766,MSE,0.012429267168045044,0.4373423457145691,input,14.0,13,TEMP,False,-0.47500038146972656,-0.47500038146972656,,,
BeijingAir_Tiantan,DLinear,spike,3,8609,3644,0.49207401275634766,MSE,0.012429267168045044,0.4373423457145691,input,14.0,13,PRES,False,1020.0,1020.0,,,
BeijingAir_Tiantan,DLinear,spike,3,8609,3644,0.49207401275634766,MSE,0.012429267168045044,0.4373423457145691,input,14.0,13,DEWP,True,-12.399999618530273,-12.399999618530273,,,
BeijingAir_Tiantan,DLinear,spike,3,8609,3644,0.49207401275634766,MSE,0.012429267168045044,0.4373423457145691,input,14.0,13,RAIN,False,0.0,0.0,,,
BeijingAir_Tiantan,DLinear,spike,3,8609,3644,0.49207401275634766,MSE,0.012429267168045044,0.4373423457145691,input,14.0,13,WSPM,False,1.2000000476837158,1.2000000476837158,,,
BeijingAir_Tiantan,DLinear,spike,3,8609,3644,0.49207401275634766,MSE,0.012429267168045044,0.4373423457145691,input,14.0,13,wd,False,2.0,2.0,,,
BeijingAir_Tiantan,DLinear,spike,3,8609,3644,0.49207401275634766,MSE,0.012429267168045044,0.4373423457145691,input,15.0,14,PM2.5,True,17.0,17.0,,,
BeijingAir_Tiantan,DLinear,spike,3,8609,3644,0.49207401275634766,MSE,0.012429267168045044,0.4373423457145691,input,15.0,14,PM10,False,32.0,32.0,,,
BeijingAir_Tiantan,DLinear,spike,3,8609,3644,0.49207401275634766,MSE,0.012429267168045044,0.4373423457145691,input,15.0,14,SO2,True,20.0,20.0,,,
BeijingAir_Tiantan,DLinear,spike,3,8609,3644,0.49207401275634766,MSE,0.012429267168045044,0.4373423457145691,input,15.0,14,NO2,False,57.0,57.0,,,
BeijingAir_Tiantan,DLinear,spike,3,8609,3644,0.49207401275634766,MSE,0.012429267168045044,0.4373423457145691,input,15.0,14,CO,False,600.0000610351562,600.0000610351562,,,
BeijingAir_Tiantan,DLinear,spike,3,8609,3644,0.49207401275634766,MSE,0.012429267168045044,0.4373423457145691,input,15.0,14,O3,False,27.0,27.0,,,
BeijingAir_Tiantan,DLinear,spike,3,8609,3644,0.49207401275634766,MSE,0.012429267168045044,0.4373423457145691,input,15.0,14,TEMP,False,-1.0,-1.0,,,
BeijingAir_Tiantan,DLinear,spike,3,8609,3644,0.49207401275634766,MSE,0.012429267168045044,0.4373423457145691,input,15.0,14,PRES,False,1019.0,1019.0,,,
BeijingAir_Tiantan,DLinear,spike,3,8609,3644,0.49207401275634766,MSE,0.012429267168045044,0.4373423457145691,input,15.0,14,DEWP,True,-12.5,-12.5,,,
BeijingAir_Tiantan,DLinear,spike,3,8609,3644,0.49207401275634766,MSE,0.012429267168045044,0.4373423457145691,input,15.0,14,RAIN,False,0.0,0.0,,,
BeijingAir_Tiantan,DLinear,spike,3,8609,3644,0.49207401275634766,MSE,0.012429267168045044,0.4373423457145691,input,15.0,14,WSPM,False,1.600000023841858,1.600000023841858,,,
BeijingAir_Tiantan,DLinear,spike,3,8609,3644,0.49207401275634766,MSE,0.012429267168045044,0.4373423457145691,input,15.0,14,wd,False,2.0,2.0,,,
BeijingAir_Tiantan,DLinear,spike,3,8609,3644,0.49207401275634766,MSE,0.012429267168045044,0.4373423457145691,input,16.0,15,PM2.5,True,25.0,25.0,,,
BeijingAir_Tiantan,DLinear,spike,3,8609,3644,0.49207401275634766,MSE,0.012429267168045044,0.4373423457145691,input,16.0,15,PM10,False,33.0,33.0,,,
BeijingAir_Tiantan,DLinear,spike,3,8609,3644,0.49207401275634766,MSE,0.012429267168045044,0.4373423457145691,input,16.0,15,SO2,True,18.0,18.0,,,
BeijingAir_Tiantan,DLinear,spike,3,8609,3644,0.49207401275634766,MSE,0.012429267168045044,0.4373423457145691,input,16.0,15,NO2,False,57.0,57.0,,,
BeijingAir_Tiantan,DLinear,spike,3,8609,3644,0.49207401275634766,MSE,0.012429267168045044,0.4373423457145691,input,16.0,15,CO,False,600.0000610351562,600.0000610351562,,,
BeijingAir_Tiantan,DLinear,spike,3,8609,3644,0.49207401275634766,MSE,0.012429267168045044,0.4373423457145691,input,16.0,15,O3,False,27.0,27.0,,,
BeijingAir_Tiantan,DLinear,spike,3,8609,3644,0.49207401275634766,MSE,0.012429267168045044,0.4373423457145691,input,16.0,15,TEMP,False,-1.9499998092651367,-1.9499998092651367,,,
BeijingAir_Tiantan,DLinear,spike,3,8609,3644,0.49207401275634766,MSE,0.012429267168045044,0.4373423457145691,input,16.0,15,PRES,False,1019.5,1019.5,,,
BeijingAir_Tiantan,DLinear,spike,3,8609,3644,0.49207401275634766,MSE,0.012429267168045044,0.4373423457145691,input,16.0,15,DEWP,True,-12.5,-12.5,,,
BeijingAir_Tiantan,DLinear,spike,3,8609,3644,0.49207401275634766,MSE,0.012429267168045044,0.4373423457145691,input,16.0,15,RAIN,False,0.0,0.0,,,
BeijingAir_Tiantan,DLinear,spike,3,8609,3644,0.49207401275634766,MSE,0.012429267168045044,0.4373423457145691,input,16.0,15,WSPM,False,0.6999999284744263,0.6999999284744263,,,
BeijingAir_Tiantan,DLinear,spike,3,8609,3644,0.49207401275634766,MSE,0.012429267168045044,0.4373423457145691,input,16.0,15,wd,False,14.0,14.0,,,
BeijingAir_Tiantan,DLinear,spike,3,8609,3644,0.49207401275634766,MSE,0.012429267168045044,0.4373423457145691,input,17.0,16,PM2.5,True,13.0,13.0,,,
BeijingAir_Tiantan,DLinear,spike,3,8609,3644,0.49207401275634766,MSE,0.012429267168045044,0.4373423457145691,input,17.0,16,PM10,False,29.0,29.0,,,
BeijingAir_Tiantan,DLinear,spike,3,8609,3644,0.49207401275634766,MSE,0.012429267168045044,0.4373423457145691,input,17.0,16,SO2,True,19.0,19.0,,,
BeijingAir_Tiantan,DLinear,spike,3,8609,3644,0.49207401275634766,MSE,0.012429267168045044,0.4373423457145691,input,17.0,16,NO2,False,51.0,51.0,,,
BeijingAir_Tiantan,DLinear,spike,3,8609,3644,0.49207401275634766,MSE,0.012429267168045044,0.4373423457145691,input,17.0,16,CO,False,600.0000610351562,600.0000610351562,,,
BeijingAir_Tiantan,DLinear,spike,3,8609,3644,0.49207401275634766,MSE,0.012429267168045044,0.4373423457145691,input,17.0,16,O3,False,39.0,39.0,,,
BeijingAir_Tiantan,DLinear,spike,3,8609,3644,0.49207401275634766,MSE,0.012429267168045044,0.4373423457145691,input,17.0,16,TEMP,False,-2.1000003814697266,-2.1000003814697266,,,
BeijingAir_Tiantan,DLinear,spike,3,8609,3644,0.49207401275634766,MSE,0.012429267168045044,0.4373423457145691,input,17.0,16,PRES,False,1019.25,1019.25,,,
BeijingAir_Tiantan,DLinear,spike,3,8609,3644,0.49207401275634766,MSE,0.012429267168045044,0.4373423457145691,input,17.0,16,DEWP,True,-12.099998474121094,-12.099998474121094,,,
BeijingAir_Tiantan,DLinear,spike,3,8609,3644,0.49207401275634766,MSE,0.012429267168045044,0.4373423457145691,input,17.0,16,RAIN,False,0.0,0.0,,,
BeijingAir_Tiantan,DLinear,spike,3,8609,3644,0.49207401275634766,MSE,0.012429267168045044,0.4373423457145691,input,17.0,16,WSPM,False,0.20000004768371582,0.20000004768371582,,,
BeijingAir_Tiantan,DLinear,spike,3,8609,3644,0.49207401275634766,MSE,0.012429267168045044,0.4373423457145691,input,17.0,16,wd,False,14.0,14.0,,,
BeijingAir_Tiantan,DLinear,spike,3,8609,3644,0.49207401275634766,MSE,0.012429267168045044,0.4373423457145691,input,18.0,17,PM2.5,True,25.0,25.0,,,
BeijingAir_Tiantan,DLinear,spike,3,8609,3644,0.49207401275634766,MSE,0.012429267168045044,0.4373423457145691,input,18.0,17,PM10,False,28.0,28.0,,,
BeijingAir_Tiantan,DLinear,spike,3,8609,3644,0.49207401275634766,MSE,0.012429267168045044,0.4373423457145691,input,18.0,17,SO2,True,5.0,5.0,,,
BeijingAir_Tiantan,DLinear,spike,3,8609,3644,0.49207401275634766,MSE,0.012429267168045044,0.4373423457145691,input,18.0,17,NO2,False,73.0,73.0,,,
BeijingAir_Tiantan,DLinear,spike,3,8609,3644,0.49207401275634766,MSE,0.012429267168045044,0.4373423457145691,input,18.0,17,CO,False,700.0,700.0,,,
BeijingAir_Tiantan,DLinear,spike,3,8609,3644,0.49207401275634766,MSE,0.012429267168045044,0.4373423457145691,input,18.0,17,O3,False,24.0,24.0,,,
BeijingAir_Tiantan,DLinear,spike,3,8609,3644,0.49207401275634766,MSE,0.012429267168045044,0.4373423457145691,input,18.0,17,TEMP,False,-1.6750011444091797,-1.6750011444091797,,,
BeijingAir_Tiantan,DLinear,spike,3,8609,3644,0.49207401275634766,MSE,0.012429267168045044,0.4373423457145691,input,18.0,17,PRES,False,1019.0,1019.0,,,
BeijingAir_Tiantan,DLinear,spike,3,8609,3644,0.49207401275634766,MSE,0.012429267168045044,0.4373423457145691,input,18.0,17,DEWP,True,-12.099998474121094,-12.099998474121094,,,
BeijingAir_Tiantan,DLinear,spike,3,8609,3644,0.49207401275634766,MSE,0.012429267168045044,0.4373423457145691,input,18.0,17,RAIN,False,0.0,0.0,,,
BeijingAir_Tiantan,DLinear,spike,3,8609,3644,0.49207401275634766,MSE,0.012429267168045044,0.4373423457145691,input,18.0,17,WSPM,False,2.799999952316284,2.799999952316284,,,
BeijingAir_Tiantan,DLinear,spike,3,8609,3644,0.49207401275634766,MSE,0.012429267168045044,0.4373423457145691,input,18.0,17,wd,False,2.0,2.0,,,
BeijingAir_Tiantan,DLinear,spike,3,8609,3644,0.49207401275634766,MSE,0.012429267168045044,0.4373423457145691,input,19.0,18,PM2.5,True,33.0,33.0,,,
BeijingAir_Tiantan,DLinear,spike,3,8609,3644,0.49207401275634766,MSE,0.012429267168045044,0.4373423457145691,input,19.0,18,PM10,False,23.0,23.0,,,
BeijingAir_Tiantan,DLinear,spike,3,8609,3644,0.49207401275634766,MSE,0.012429267168045044,0.4373423457145691,input,19.0,18,SO2,True,4.0,4.0,,,
BeijingAir_Tiantan,DLinear,spike,3,8609,3644,0.49207401275634766,MSE,0.012429267168045044,0.4373423457145691,input,19.0,18,NO2,False,59.0,59.0,,,
BeijingAir_Tiantan,DLinear,spike,3,8609,3644,0.49207401275634766,MSE,0.012429267168045044,0.4373423457145691,input,19.0,18,CO,False,700.0,700.0,,,
BeijingAir_Tiantan,DLinear,spike,3,8609,3644,0.49207401275634766,MSE,0.012429267168045044,0.4373423457145691,input,19.0,18,O3,False,17.0,17.0,,,
BeijingAir_Tiantan,DLinear,spike,3,8609,3644,0.49207401275634766,MSE,0.012429267168045044,0.4373423457145691,input,19.0,18,TEMP,False,0.9750003814697266,0.9750003814697266,,,
BeijingAir_Tiantan,DLinear,spike,3,8609,3644,0.49207401275634766,MSE,0.012429267168045044,0.4373423457145691,input,19.0,18,PRES,False,1018.25,1018.25,,,
BeijingAir_Tiantan,DLinear,spike,3,8609,3644,0.49207401275634766,MSE,0.012429267168045044,0.4373423457145691,input,19.0,18,DEWP,True,-12.700000762939453,-12.700000762939453,,,
BeijingAir_Tiantan,DLinear,spike,3,8609,3644,0.49207401275634766,MSE,0.012429267168045044,0.4373423457145691,input,19.0,18,RAIN,False,0.0,0.0,,,
BeijingAir_Tiantan,DLinear,spike,3,8609,3644,0.49207401275634766,MSE,0.012429267168045044,0.4373423457145691,input,19.0,18,WSPM,False,2.299999952316284,2.299999952316284,,,
BeijingAir_Tiantan,DLinear,spike,3,8609,3644,0.49207401275634766,MSE,0.012429267168045044,0.4373423457145691,input,19.0,18,wd,False,2.0,2.0,,,
BeijingAir_Tiantan,DLinear,spike,3,8609,3644,0.49207401275634766,MSE,0.012429267168045044,0.4373423457145691,input,20.0,19,PM2.5,True,33.0,33.0,,,
BeijingAir_Tiantan,DLinear,spike,3,8609,3644,0.49207401275634766,MSE,0.012429267168045044,0.4373423457145691,input,20.0,19,PM10,False,40.0,40.0,,,
BeijingAir_Tiantan,DLinear,spike,3,8609,3644,0.49207401275634766,MSE,0.012429267168045044,0.4373423457145691,input,20.0,19,SO2,True,15.0,15.0,,,
BeijingAir_Tiantan,DLinear,spike,3,8609,3644,0.49207401275634766,MSE,0.012429267168045044,0.4373423457145691,input,20.0,19,NO2,False,69.0,69.0,,,
BeijingAir_Tiantan,DLinear,spike,3,8609,3644,0.49207401275634766,MSE,0.012429267168045044,0.4373423457145691,input,20.0,19,CO,False,800.0,800.0,,,
BeijingAir_Tiantan,DLinear,spike,3,8609,3644,0.49207401275634766,MSE,0.012429267168045044,0.4373423457145691,input,20.0,19,O3,False,28.0,28.0,,,
BeijingAir_Tiantan,DLinear,spike,3,8609,3644,0.49207401275634766,MSE,0.012429267168045044,0.4373423457145691,input,20.0,19,TEMP,False,0.27499961853027344,0.27499961853027344,,,
BeijingAir_Tiantan,DLinear,spike,3,8609,3644,0.49207401275634766,MSE,0.012429267168045044,0.4373423457145691,input,20.0,19,PRES,False,1018.75,1018.75,,,
BeijingAir_Tiantan,DLinear,spike,3,8609,3644,0.49207401275634766,MSE,0.012429267168045044,0.4373423457145691,input,20.0,19,DEWP,True,-12.80000114440918,-12.80000114440918,,,
BeijingAir_Tiantan,DLinear,spike,3,8609,3644,0.49207401275634766,MSE,0.012429267168045044,0.4373423457145691,input,20.0,19,RAIN,False,0.0,0.0,,,
BeijingAir_Tiantan,DLinear,spike,3,8609,3644,0.49207401275634766,MSE,0.012429267168045044,0.4373423457145691,input,20.0,19,WSPM,False,1.0,1.0,,,
BeijingAir_Tiantan,DLinear,spike,3,8609,3644,0.49207401275634766,MSE,0.012429267168045044,0.4373423457145691,input,20.0,19,wd,False,14.0,14.0,,,
BeijingAir_Tiantan,DLinear,spike,3,8609,3644,0.49207401275634766,MSE,0.012429267168045044,0.4373423457145691,input,21.0,20,PM2.5,True,26.0,26.0,,,
BeijingAir_Tiantan,DLinear,spike,3,8609,3644,0.49207401275634766,MSE,0.012429267168045044,0.4373423457145691,input,21.0,20,PM10,False,54.0,54.0,,,
BeijingAir_Tiantan,DLinear,spike,3,8609,3644,0.49207401275634766,MSE,0.012429267168045044,0.4373423457145691,input,21.0,20,SO2,True,18.0,18.0,,,
BeijingAir_Tiantan,DLinear,spike,3,8609,3644,0.49207401275634766,MSE,0.012429267168045044,0.4373423457145691,input,21.0,20,NO2,False,75.0,75.0,,,
BeijingAir_Tiantan,DLinear,spike,3,8609,3644,0.49207401275634766,MSE,0.012429267168045044,0.4373423457145691,input,21.0,20,CO,False,800.0,800.0,,,
BeijingAir_Tiantan,DLinear,spike,3,8609,3644,0.49207401275634766,MSE,0.012429267168045044,0.4373423457145691,input,21.0,20,O3,False,19.0,19.0,,,
BeijingAir_Tiantan,DLinear,spike,3,8609,3644,0.49207401275634766,MSE,0.012429267168045044,0.4373423457145691,input,21.0,20,TEMP,False,-1.100001335144043,-1.100001335144043,,,
BeijingAir_Tiantan,DLinear,spike,3,8609,3644,0.49207401275634766,MSE,0.012429267168045044,0.4373423457145691,input,21.0,20,PRES,False,1019.0,1019.0,,,
BeijingAir_Tiantan,DLinear,spike,3,8609,3644,0.49207401275634766,MSE,0.012429267168045044,0.4373423457145691,input,21.0,20,DEWP,True,-12.700000762939453,-12.700000762939453,,,
BeijingAir_Tiantan,DLinear,spike,3,8609,3644,0.49207401275634766,MSE,0.012429267168045044,0.4373423457145691,input,21.0,20,RAIN,False,0.0,0.0,,,
BeijingAir_Tiantan,DLinear,spike,3,8609,3644,0.49207401275634766,MSE,0.012429267168045044,0.4373423457145691,input,21.0,20,WSPM,False,1.2999999523162842,1.2999999523162842,,,
BeijingAir_Tiantan,DLinear,spike,3,8609,3644,0.49207401275634766,MSE,0.012429267168045044,0.4373423457145691,input,21.0,20,wd,False,2.0,2.0,,,
BeijingAir_Tiantan,DLinear,spike,3,8609,3644,0.49207401275634766,MSE,0.012429267168045044,0.4373423457145691,input,22.0,21,PM2.5,True,19.0,19.0,,,
BeijingAir_Tiantan,DLinear,spike,3,8609,3644,0.49207401275634766,MSE,0.012429267168045044,0.4373423457145691,input,22.0,21,PM10,False,47.999996185302734,47.999996185302734,,,
BeijingAir_Tiantan,DLinear,spike,3,8609,3644,0.49207401275634766,MSE,0.012429267168045044,0.4373423457145691,input,22.0,21,SO2,True,6.0,6.0,,,
BeijingAir_Tiantan,DLinear,spike,3,8609,3644,0.49207401275634766,MSE,0.012429267168045044,0.4373423457145691,input,22.0,21,NO2,False,64.0,64.0,,,
BeijingAir_Tiantan,DLinear,spike,3,8609,3644,0.49207401275634766,MSE,0.012429267168045044,0.4373423457145691,input,22.0,21,CO,False,700.0,700.0,,,
BeijingAir_Tiantan,DLinear,spike,3,8609,3644,0.49207401275634766,MSE,0.012429267168045044,0.4373423457145691,input,22.0,21,O3,False,27.0,27.0,,,
BeijingAir_Tiantan,DLinear,spike,3,8609,3644,0.49207401275634766,MSE,0.012429267168045044,0.4373423457145691,input,22.0,21,TEMP,False,-1.0500001907348633,-1.0500001907348633,,,
BeijingAir_Tiantan,DLinear,spike,3,8609,3644,0.49207401275634766,MSE,0.012429267168045044,0.4373423457145691,input,22.0,21,PRES,False,1019.0,1019.0,,,
BeijingAir_Tiantan,DLinear,spike,3,8609,3644,0.49207401275634766,MSE,0.012429267168045044,0.4373423457145691,input,22.0,21,DEWP,True,-11.700000762939453,-11.700000762939453,,,
BeijingAir_Tiantan,DLinear,spike,3,8609,3644,0.49207401275634766,MSE,0.012429267168045044,0.4373423457145691,input,22.0,21,RAIN,False,0.0,0.0,,,
BeijingAir_Tiantan,DLinear,spike,3,8609,3644,0.49207401275634766,MSE,0.012429267168045044,0.4373423457145691,input,22.0,21,WSPM,False,1.0999999046325684,1.0999999046325684,,,
BeijingAir_Tiantan,DLinear,spike,3,8609,3644,0.49207401275634766,MSE,0.012429267168045044,0.4373423457145691,input,22.0,21,wd,False,6.0,6.0,,,
BeijingAir_Tiantan,DLinear,spike,3,8609,3644,0.49207401275634766,MSE,0.012429267168045044,0.4373423457145691,input,23.0,22,PM2.5,True,19.0,19.0,,,
BeijingAir_Tiantan,DLinear,spike,3,8609,3644,0.49207401275634766,MSE,0.012429267168045044,0.4373423457145691,input,23.0,22,PM10,False,57.000003814697266,57.000003814697266,,,
BeijingAir_Tiantan,DLinear,spike,3,8609,3644,0.49207401275634766,MSE,0.012429267168045044,0.4373423457145691,input,23.0,22,SO2,True,19.0,19.0,,,
BeijingAir_Tiantan,DLinear,spike,3,8609,3644,0.49207401275634766,MSE,0.012429267168045044,0.4373423457145691,input,23.0,22,NO2,False,63.0,63.0,,,
BeijingAir_Tiantan,DLinear,spike,3,8609,3644,0.49207401275634766,MSE,0.012429267168045044,0.4373423457145691,input,23.0,22,CO,False,700.0,700.0,,,
BeijingAir_Tiantan,DLinear,spike,3,8609,3644,0.49207401275634766,MSE,0.012429267168045044,0.4373423457145691,input,23.0,22,O3,False,41.0,41.0,,,
BeijingAir_Tiantan,DLinear,spike,3,8609,3644,0.49207401275634766,MSE,0.012429267168045044,0.4373423457145691,input,23.0,22,TEMP,False,1.1499996185302734,1.1499996185302734,,,
BeijingAir_Tiantan,DLinear,spike,3,8609,3644,0.49207401275634766,MSE,0.012429267168045044,0.4373423457145691,input,23.0,22,PRES,False,1019.0,1019.0,,,
BeijingAir_Tiantan,DLinear,spike,3,8609,3644,0.49207401275634766,MSE,0.012429267168045044,0.4373423457145691,input,23.0,22,DEWP,True,-11.100000381469727,-11.100000381469727,,,
BeijingAir_Tiantan,DLinear,spike,3,8609,3644,0.49207401275634766,MSE,0.012429267168045044,0.4373423457145691,input,23.0,22,RAIN,False,0.0,0.0,,,
BeijingAir_Tiantan,DLinear,spike,3,8609,3644,0.49207401275634766,MSE,0.012429267168045044,0.4373423457145691,input,23.0,22,WSPM,False,2.299999952316284,2.299999952316284,,,
BeijingAir_Tiantan,DLinear,spike,3,8609,3644,0.49207401275634766,MSE,0.012429267168045044,0.4373423457145691,input,23.0,22,wd,False,10.0,10.0,,,
BeijingAir_Tiantan,DLinear,spike,3,8609,3644,0.49207401275634766,MSE,0.012429267168045044,0.4373423457145691,input,24.0,23,PM2.5,True,24.000003814697266,24.000003814697266,,,
BeijingAir_Tiantan,DLinear,spike,3,8609,3644,0.49207401275634766,MSE,0.012429267168045044,0.4373423457145691,input,24.0,23,PM10,False,61.0,61.0,,,
BeijingAir_Tiantan,DLinear,spike,3,8609,3644,0.49207401275634766,MSE,0.012429267168045044,0.4373423457145691,input,24.0,23,SO2,True,17.0,17.0,,,
BeijingAir_Tiantan,DLinear,spike,3,8609,3644,0.49207401275634766,MSE,0.012429267168045044,0.4373423457145691,input,24.0,23,NO2,False,50.0,50.0,,,
BeijingAir_Tiantan,DLinear,spike,3,8609,3644,0.49207401275634766,MSE,0.012429267168045044,0.4373423457145691,input,24.0,23,CO,False,600.0000610351562,600.0000610351562,,,
BeijingAir_Tiantan,DLinear,spike,3,8609,3644,0.49207401275634766,MSE,0.012429267168045044,0.4373423457145691,input,24.0,23,O3,False,57.0,57.0,,,
BeijingAir_Tiantan,DLinear,spike,3,8609,3644,0.49207401275634766,MSE,0.012429267168045044,0.4373423457145691,input,24.0,23,TEMP,False,2.479999542236328,2.479999542236328,,,
BeijingAir_Tiantan,DLinear,spike,3,8609,3644,0.49207401275634766,MSE,0.012429267168045044,0.4373423457145691,input,24.0,23,PRES,False,1019.0,1019.0,,,
BeijingAir_Tiantan,DLinear,spike,3,8609,3644,0.49207401275634766,MSE,0.012429267168045044,0.4373423457145691,input,24.0,23,DEWP,True,-11.30000114440918,-11.30000114440918,,,
BeijingAir_Tiantan,DLinear,spike,3,8609,3644,0.49207401275634766,MSE,0.012429267168045044,0.4373423457145691,input,24.0,23,RAIN,False,0.0,0.0,,,
BeijingAir_Tiantan,DLinear,spike,3,8609,3644,0.49207401275634766,MSE,0.012429267168045044,0.4373423457145691,input,24.0,23,WSPM,False,2.200000047683716,2.200000047683716,,,
BeijingAir_Tiantan,DLinear,spike,3,8609,3644,0.49207401275634766,MSE,0.012429267168045044,0.4373423457145691,input,24.0,23,wd,False,10.0,10.0,,,
BeijingAir_Tiantan,DLinear,spike,3,8609,3644,0.49207401275634766,MSE,0.012429267168045044,0.4373423457145691,input,25.0,24,PM2.5,True,35.0,35.0,,,
BeijingAir_Tiantan,DLinear,spike,3,8609,3644,0.49207401275634766,MSE,0.012429267168045044,0.4373423457145691,input,25.0,24,PM10,False,72.0,72.0,,,
BeijingAir_Tiantan,DLinear,spike,3,8609,3644,0.49207401275634766,MSE,0.012429267168045044,0.4373423457145691,input,25.0,24,SO2,True,25.0,25.0,,,
BeijingAir_Tiantan,DLinear,spike,3,8609,3644,0.49207401275634766,MSE,0.012429267168045044,0.4373423457145691,input,25.0,24,NO2,False,44.0,44.0,,,
BeijingAir_Tiantan,DLinear,spike,3,8609,3644,0.49207401275634766,MSE,0.012429267168045044,0.4373423457145691,input,25.0,24,CO,False,700.0,700.0,,,
BeijingAir_Tiantan,DLinear,spike,3,8609,3644,0.49207401275634766,MSE,0.012429267168045044,0.4373423457145691,input,25.0,24,O3,False,55.0,55.0,,,
BeijingAir_Tiantan,DLinear,spike,3,8609,3644,0.49207401275634766,MSE,0.012429267168045044,0.4373423457145691,input,25.0,24,TEMP,False,3.6666669845581055,3.6666669845581055,,,
BeijingAir_Tiantan,DLinear,spike,3,8609,3644,0.49207401275634766,MSE,0.012429267168045044,0.4373423457145691,input,25.0,24,PRES,False,1018.0,1018.0,,,
BeijingAir_Tiantan,DLinear,spike,3,8609,3644,0.49207401275634766,MSE,0.012429267168045044,0.4373423457145691,input,25.0,24,DEWP,True,-11.399999618530273,-11.399999618530273,,,
BeijingAir_Tiantan,DLinear,spike,3,8609,3644,0.49207401275634766,MSE,0.012429267168045044,0.4373423457145691,input,25.0,24,RAIN,False,0.0,0.0,,,
BeijingAir_Tiantan,DLinear,spike,3,8609,3644,0.49207401275634766,MSE,0.012429267168045044,0.4373423457145691,input,25.0,24,WSPM,False,3.4000000953674316,3.4000000953674316,,,
BeijingAir_Tiantan,DLinear,spike,3,8609,3644,0.49207401275634766,MSE,0.012429267168045044,0.4373423457145691,input,25.0,24,wd,False,10.0,10.0,,,
BeijingAir_Tiantan,DLinear,spike,3,8609,3644,0.49207401275634766,MSE,0.012429267168045044,0.4373423457145691,input,26.0,25,PM2.5,True,69.0,69.0,,,
BeijingAir_Tiantan,DLinear,spike,3,8609,3644,0.49207401275634766,MSE,0.012429267168045044,0.4373423457145691,input,26.0,25,PM10,False,88.0,88.0,,,
BeijingAir_Tiantan,DLinear,spike,3,8609,3644,0.49207401275634766,MSE,0.012429267168045044,0.4373423457145691,input,26.0,25,SO2,True,28.0,28.0,,,
BeijingAir_Tiantan,DLinear,spike,3,8609,3644,0.49207401275634766,MSE,0.012429267168045044,0.4373423457145691,input,26.0,25,NO2,False,63.0,63.0,,,
BeijingAir_Tiantan,DLinear,spike,3,8609,3644,0.49207401275634766,MSE,0.012429267168045044,0.4373423457145691,input,26.0,25,CO,False,1200.0,1200.0,,,
BeijingAir_Tiantan,DLinear,spike,3,8609,3644,0.49207401275634766,MSE,0.012429267168045044,0.4373423457145691,input,26.0,25,O3,False,47.0,47.0,,,
BeijingAir_Tiantan,DLinear,spike,3,8609,3644,0.49207401275634766,MSE,0.012429267168045044,0.4373423457145691,input,26.0,25,TEMP,False,4.100000381469727,4.100000381469727,,,
BeijingAir_Tiantan,DLinear,spike,3,8609,3644,0.49207401275634766,MSE,0.012429267168045044,0.4373423457145691,input,26.0,25,PRES,False,1017.25,1017.25,,,
BeijingAir_Tiantan,DLinear,spike,3,8609,3644,0.49207401275634766,MSE,0.012429267168045044,0.4373423457145691,input,26.0,25,DEWP,True,-12.0,-12.0,,,
BeijingAir_Tiantan,DLinear,spike,3,8609,3644,0.49207401275634766,MSE,0.012429267168045044,0.4373423457145691,input,26.0,25,RAIN,False,0.0,0.0,,,
BeijingAir_Tiantan,DLinear,spike,3,8609,3644,0.49207401275634766,MSE,0.012429267168045044,0.4373423457145691,input,26.0,25,WSPM,False,3.4000000953674316,3.4000000953674316,,,
BeijingAir_Tiantan,DLinear,spike,3,8609,3644,0.49207401275634766,MSE,0.012429267168045044,0.4373423457145691,input,26.0,25,wd,False,14.0,14.0,,,
BeijingAir_Tiantan,DLinear,spike,3,8609,3644,0.49207401275634766,MSE,0.012429267168045044,0.4373423457145691,input,27.0,26,PM2.5,True,75.0,75.0,,,
BeijingAir_Tiantan,DLinear,spike,3,8609,3644,0.49207401275634766,MSE,0.012429267168045044,0.4373423457145691,input,27.0,26,PM10,False,79.0,79.0,,,
BeijingAir_Tiantan,DLinear,spike,3,8609,3644,0.49207401275634766,MSE,0.012429267168045044,0.4373423457145691,input,27.0,26,SO2,True,27.0,27.0,,,
BeijingAir_Tiantan,DLinear,spike,3,8609,3644,0.49207401275634766,MSE,0.012429267168045044,0.4373423457145691,input,27.0,26,NO2,False,64.0,64.0,,,
BeijingAir_Tiantan,DLinear,spike,3,8609,3644,0.49207401275634766,MSE,0.012429267168045044,0.4373423457145691,input,27.0,26,CO,False,1200.0,1200.0,,,
BeijingAir_Tiantan,DLinear,spike,3,8609,3644,0.49207401275634766,MSE,0.012429267168045044,0.4373423457145691,input,27.0,26,O3,False,50.0,50.0,,,
BeijingAir_Tiantan,DLinear,spike,3,8609,3644,0.49207401275634766,MSE,0.012429267168045044,0.4373423457145691,input,27.0,26,TEMP,False,5.039999961853027,5.039999961853027,,,
BeijingAir_Tiantan,DLinear,spike,3,8609,3644,0.49207401275634766,MSE,0.012429267168045044,0.4373423457145691,input,27.0,26,PRES,False,1015.5999755859375,1015.5999755859375,,,
BeijingAir_Tiantan,DLinear,spike,3,8609,3644,0.49207401275634766,MSE,0.012429267168045044,0.4373423457145691,input,27.0,26,DEWP,True,-12.600000381469727,-12.600000381469727,,,
BeijingAir_Tiantan,DLinear,spike,3,8609,3644,0.49207401275634766,MSE,0.012429267168045044,0.4373423457145691,input,27.0,26,RAIN,False,0.0,0.0,,,
BeijingAir_Tiantan,DLinear,spike,3,8609,3644,0.49207401275634766,MSE,0.012429267168045044,0.4373423457145691,input,27.0,26,WSPM,False,4.5,4.5,,,
BeijingAir_Tiantan,DLinear,spike,3,8609,3644,0.49207401275634766,MSE,0.012429267168045044,0.4373423457145691,input,27.0,26,wd,False,10.0,10.0,,,
BeijingAir_Tiantan,DLinear,spike,3,8609,3644,0.49207401275634766,MSE,0.012429267168045044,0.4373423457145691,input,28.0,27,PM2.5,True,78.0,78.0,,,
BeijingAir_Tiantan,DLinear,spike,3,8609,3644,0.49207401275634766,MSE,0.012429267168045044,0.4373423457145691,input,28.0,27,PM10,False,117.0,117.0,,,
BeijingAir_Tiantan,DLinear,spike,3,8609,3644,0.49207401275634766,MSE,0.012429267168045044,0.4373423457145691,input,28.0,27,SO2,True,28.0,28.0,,,
BeijingAir_Tiantan,DLinear,spike,3,8609,3644,0.49207401275634766,MSE,0.012429267168045044,0.4373423457145691,input,28.0,27,NO2,False,75.0,75.0,,,
BeijingAir_Tiantan,DLinear,spike,3,8609,3644,0.49207401275634766,MSE,0.012429267168045044,0.4373423457145691,input,28.0,27,CO,False,1400.0,1400.0,,,
BeijingAir_Tiantan,DLinear,spike,3,8609,3644,0.49207401275634766,MSE,0.012429267168045044,0.4373423457145691,input,28.0,27,O3,False,51.0,51.0,,,
BeijingAir_Tiantan,DLinear,spike,3,8609,3644,0.49207401275634766,MSE,0.012429267168045044,0.4373423457145691,input,28.0,27,TEMP,False,5.300000190734863,5.300000190734863,,,
BeijingAir_Tiantan,DLinear,spike,3,8609,3644,0.49207401275634766,MSE,0.012429267168045044,0.4373423457145691,input,28.0,27,PRES,False,1015.0,1015.0,,,
BeijingAir_Tiantan,DLinear,spike,3,8609,3644,0.49207401275634766,MSE,0.012429267168045044,0.4373423457145691,input,28.0,27,DEWP,True,-12.099998474121094,-12.099998474121094,,,
BeijingAir_Tiantan,DLinear,spike,3,8609,3644,0.49207401275634766,MSE,0.012429267168045044,0.4373423457145691,input,28.0,27,RAIN,False,0.0,0.0,,,
BeijingAir_Tiantan,DLinear,spike,3,8609,3644,0.49207401275634766,MSE,0.012429267168045044,0.4373423457145691,input,28.0,27,WSPM,False,4.099999904632568,4.099999904632568,,,
BeijingAir_Tiantan,DLinear,spike,3,8609,3644,0.49207401275634766,MSE,0.012429267168045044,0.4373423457145691,input,28.0,27,wd,False,10.0,10.0,,,
BeijingAir_Tiantan,DLinear,spike,3,8609,3644,0.49207401275634766,MSE,0.012429267168045044,0.4373423457145691,input,29.0,28,PM2.5,True,104.0,104.0,,,
BeijingAir_Tiantan,DLinear,spike,3,8609,3644,0.49207401275634766,MSE,0.012429267168045044,0.4373423457145691,input,29.0,28,PM10,False,147.0,147.0,,,
BeijingAir_Tiantan,DLinear,spike,3,8609,3644,0.49207401275634766,MSE,0.012429267168045044,0.4373423457145691,input,29.0,28,SO2,True,34.0,34.0,,,
BeijingAir_Tiantan,DLinear,spike,3,8609,3644,0.49207401275634766,MSE,0.012429267168045044,0.4373423457145691,input,29.0,28,NO2,False,88.0,88.0,,,
BeijingAir_Tiantan,DLinear,spike,3,8609,3644,0.49207401275634766,MSE,0.012429267168045044,0.4373423457145691,input,29.0,28,CO,False,1600.0,1600.0,,,
BeijingAir_Tiantan,DLinear,spike,3,8609,3644,0.49207401275634766,MSE,0.012429267168045044,0.4373423457145691,input,29.0,28,O3,False,42.0,42.0,,,
BeijingAir_Tiantan,DLinear,spike,3,8609,3644,0.49207401275634766,MSE,0.012429267168045044,0.4373423457145691,input,29.0,28,TEMP,False,5.149999618530273,5.149999618530273,,,
BeijingAir_Tiantan,DLinear,spike,3,8609,3644,0.49207401275634766,MSE,0.012429267168045044,0.4373423457145691,input,29.0,28,PRES,False,1014.0,1014.0,,,
BeijingAir_Tiantan,DLinear,spike,3,8609,3644,0.49207401275634766,MSE,0.012429267168045044,0.4373423457145691,input,29.0,28,DEWP,True,-12.0,-12.0,,,
BeijingAir_Tiantan,DLinear,spike,3,8609,3644,0.49207401275634766,MSE,0.012429267168045044,0.4373423457145691,input,29.0,28,RAIN,False,0.0,0.0,,,
BeijingAir_Tiantan,DLinear,spike,3,8609,3644,0.49207401275634766,MSE,0.012429267168045044,0.4373423457145691,input,29.0,28,WSPM,False,3.700000047683716,3.700000047683716,,,
BeijingAir_Tiantan,DLinear,spike,3,8609,3644,0.49207401275634766,MSE,0.012429267168045044,0.4373423457145691,input,29.0,28,wd,False,10.0,10.0,,,
BeijingAir_Tiantan,DLinear,spike,3,8609,3644,0.49207401275634766,MSE,0.012429267168045044,0.4373423457145691,input,30.0,29,PM2.5,True,110.0,110.0,,,
BeijingAir_Tiantan,DLinear,spike,3,8609,3644,0.49207401275634766,MSE,0.012429267168045044,0.4373423457145691,input,30.0,29,PM10,False,148.0,148.0,,,
BeijingAir_Tiantan,DLinear,spike,3,8609,3644,0.49207401275634766,MSE,0.012429267168045044,0.4373423457145691,input,30.0,29,SO2,True,27.0,27.0,,,
BeijingAir_Tiantan,DLinear,spike,3,8609,3644,0.49207401275634766,MSE,0.012429267168045044,0.4373423457145691,input,30.0,29,NO2,False,75.0,75.0,,,
BeijingAir_Tiantan,DLinear,spike,3,8609,3644,0.49207401275634766,MSE,0.012429267168045044,0.4373423457145691,input,30.0,29,CO,False,1700.0,1700.0,,,
BeijingAir_Tiantan,DLinear,spike,3,8609,3644,0.49207401275634766,MSE,0.012429267168045044,0.4373423457145691,input,30.0,29,O3,False,42.0,42.0,,,
BeijingAir_Tiantan,DLinear,spike,3,8609,3644,0.49207401275634766,MSE,0.012429267168045044,0.4373423457145691,input,30.0,29,TEMP,False,4.324999809265137,4.324999809265137,,,
BeijingAir_Tiantan,DLinear,spike,3,8609,3644,0.49207401275634766,MSE,0.012429267168045044,0.4373423457145691,input,30.0,29,PRES,False,1014.0,1014.0,,,
BeijingAir_Tiantan,DLinear,spike,3,8609,3644,0.49207401275634766,MSE,0.012429267168045044,0.4373423457145691,input,30.0,29,DEWP,True,-11.700000762939453,-11.700000762939453,,,
BeijingAir_Tiantan,DLinear,spike,3,8609,3644,0.49207401275634766,MSE,0.012429267168045044,0.4373423457145691,input,30.0,29,RAIN,False,0.0,0.0,,,
BeijingAir_Tiantan,DLinear,spike,3,8609,3644,0.49207401275634766,MSE,0.012429267168045044,0.4373423457145691,input,30.0,29,WSPM,False,1.899999976158142,1.899999976158142,,,
BeijingAir_Tiantan,DLinear,spike,3,8609,3644,0.49207401275634766,MSE,0.012429267168045044,0.4373423457145691,input,30.0,29,wd,False,10.0,10.0,,,
BeijingAir_Tiantan,DLinear,spike,3,8609,3644,0.49207401275634766,MSE,0.012429267168045044,0.4373423457145691,input,31.0,30,PM2.5,True,115.0,115.0,,,
BeijingAir_Tiantan,DLinear,spike,3,8609,3644,0.49207401275634766,MSE,0.012429267168045044,0.4373423457145691,input,31.0,30,PM10,False,145.0,145.0,,,
BeijingAir_Tiantan,DLinear,spike,3,8609,3644,0.49207401275634766,MSE,0.012429267168045044,0.4373423457145691,input,31.0,30,SO2,True,18.0,18.0,,,
BeijingAir_Tiantan,DLinear,spike,3,8609,3644,0.49207401275634766,MSE,0.012429267168045044,0.4373423457145691,input,31.0,30,NO2,False,86.0,86.0,,,
BeijingAir_Tiantan,DLinear,spike,3,8609,3644,0.49207401275634766,MSE,0.012429267168045044,0.4373423457145691,input,31.0,30,CO,False,1900.0,1900.0,,,
BeijingAir_Tiantan,DLinear,spike,3,8609,3644,0.49207401275634766,MSE,0.012429267168045044,0.4373423457145691,input,31.0,30,O3,False,26.0,26.0,,,
BeijingAir_Tiantan,DLinear,spike,3,8609,3644,0.49207401275634766,MSE,0.012429267168045044,0.4373423457145691,input,31.0,30,TEMP,False,2.8999996185302734,2.8999996185302734,,,
BeijingAir_Tiantan,DLinear,spike,3,8609,3644,0.49207401275634766,MSE,0.012429267168045044,0.4373423457145691,input,31.0,30,PRES,False,1014.0,1014.0,,,
BeijingAir_Tiantan,DLinear,spike,3,8609,3644,0.49207401275634766,MSE,0.012429267168045044,0.4373423457145691,input,31.0,30,DEWP,True,-11.499998092651367,-11.499998092651367,,,
BeijingAir_Tiantan,DLinear,spike,3,8609,3644,0.49207401275634766,MSE,0.012429267168045044,0.4373423457145691,input,31.0,30,RAIN,False,0.0,0.0,,,
BeijingAir_Tiantan,DLinear,spike,3,8609,3644,0.49207401275634766,MSE,0.012429267168045044,0.4373423457145691,input,31.0,30,WSPM,False,1.5,1.5,,,
BeijingAir_Tiantan,DLinear,spike,3,8609,3644,0.49207401275634766,MSE,0.012429267168045044,0.4373423457145691,input,31.0,30,wd,False,10.0,10.0,,,
BeijingAir_Tiantan,DLinear,spike,3,8609,3644,0.49207401275634766,MSE,0.012429267168045044,0.4373423457145691,input,32.0,31,PM2.5,True,116.0,116.0,,,
BeijingAir_Tiantan,DLinear,spike,3,8609,3644,0.49207401275634766,MSE,0.012429267168045044,0.4373423457145691,input,32.0,31,PM10,False,160.0,160.0,,,
BeijingAir_Tiantan,DLinear,spike,3,8609,3644,0.49207401275634766,MSE,0.012429267168045044,0.4373423457145691,input,32.0,31,SO2,True,20.0,77.49948120117188,,,
BeijingAir_Tiantan,DLinear,spike,3,8609,3644,0.49207401275634766,MSE,0.012429267168045044,0.4373423457145691,input,32.0,31,NO2,False,111.0,111.0,,,
BeijingAir_Tiantan,DLinear,spike,3,8609,3644,0.49207401275634766,MSE,0.012429267168045044,0.4373423457145691,input,32.0,31,CO,False,2200.0,2200.0,,,
BeijingAir_Tiantan,DLinear,spike,3,8609,3644,0.49207401275634766,MSE,0.012429267168045044,0.4373423457145691,input,32.0,31,O3,False,7.0,7.0,,,
BeijingAir_Tiantan,DLinear,spike,3,8609,3644,0.49207401275634766,MSE,0.012429267168045044,0.4373423457145691,input,32.0,31,TEMP,False,1.7749996185302734,1.7749996185302734,,,
BeijingAir_Tiantan,DLinear,spike,3,8609,3644,0.49207401275634766,MSE,0.012429267168045044,0.4373423457145691,input,32.0,31,PRES,False,1014.25,1014.25,,,
BeijingAir_Tiantan,DLinear,spike,3,8609,3644,0.49207401275634766,MSE,0.012429267168045044,0.4373423457145691,input,32.0,31,DEWP,True,-10.89999771118164,-10.89999771118164,,,
BeijingAir_Tiantan,DLinear,spike,3,8609,3644,0.49207401275634766,MSE,0.012429267168045044,0.4373423457145691,input,32.0,31,RAIN,False,0.0,0.0,,,
BeijingAir_Tiantan,DLinear,spike,3,8609,3644,0.49207401275634766,MSE,0.012429267168045044,0.4373423457145691,input,32.0,31,WSPM,False,1.5,1.5,,,
BeijingAir_Tiantan,DLinear,spike,3,8609,3644,0.49207401275634766,MSE,0.012429267168045044,0.4373423457145691,input,32.0,31,wd,False,10.0,10.0,,,
BeijingAir_Tiantan,DLinear,spike,3,8609,3644,0.49207401275634766,MSE,0.012429267168045044,0.4373423457145691,input,33.0,32,PM2.5,True,119.0,119.0,,,
BeijingAir_Tiantan,DLinear,spike,3,8609,3644,0.49207401275634766,MSE,0.012429267168045044,0.4373423457145691,input,33.0,32,PM10,False,169.0,169.0,,,
BeijingAir_Tiantan,DLinear,spike,3,8609,3644,0.49207401275634766,MSE,0.012429267168045044,0.4373423457145691,input,33.0,32,SO2,True,16.0,16.0,,,
BeijingAir_Tiantan,DLinear,spike,3,8609,3644,0.49207401275634766,MSE,0.012429267168045044,0.4373423457145691,input,33.0,32,NO2,False,123.0,123.0,,,
BeijingAir_Tiantan,DLinear,spike,3,8609,3644,0.49207401275634766,MSE,0.012429267168045044,0.4373423457145691,input,33.0,32,CO,False,2300.0,2300.0,,,
BeijingAir_Tiantan,DLinear,spike,3,8609,3644,0.49207401275634766,MSE,0.012429267168045044,0.4373423457145691,input,33.0,32,O3,False,12.0,12.0,,,
BeijingAir_Tiantan,DLinear,spike,3,8609,3644,0.49207401275634766,MSE,0.012429267168045044,0.4373423457145691,input,33.0,32,TEMP,False,0.9750003814697266,0.9750003814697266,,,
BeijingAir_Tiantan,DLinear,spike,3,8609,3644,0.49207401275634766,MSE,0.012429267168045044,0.4373423457145691,input,33.0,32,PRES,False,1015.0,1015.0,,,
BeijingAir_Tiantan,DLinear,spike,3,8609,3644,0.49207401275634766,MSE,0.012429267168045044,0.4373423457145691,input,33.0,32,DEWP,True,-10.700000762939453,-10.700000762939453,,,
BeijingAir_Tiantan,DLinear,spike,3,8609,3644,0.49207401275634766,MSE,0.012429267168045044,0.4373423457145691,input,33.0,32,RAIN,False,0.0,0.0,,,
BeijingAir_Tiantan,DLinear,spike,3,8609,3644,0.49207401275634766,MSE,0.012429267168045044,0.4373423457145691,input,33.0,32,WSPM,False,0.6999999284744263,0.6999999284744263,,,
BeijingAir_Tiantan,DLinear,spike,3,8609,3644,0.49207401275634766,MSE,0.012429267168045044,0.4373423457145691,input,33.0,32,wd,False,10.0,10.0,,,
BeijingAir_Tiantan,DLinear,spike,3,8609,3644,0.49207401275634766,MSE,0.012429267168045044,0.4373423457145691,input,34.0,33,PM2.5,True,101.0,101.0,,,
BeijingAir_Tiantan,DLinear,spike,3,8609,3644,0.49207401275634766,MSE,0.012429267168045044,0.4373423457145691,input,34.0,33,PM10,False,101.0,101.0,,,
BeijingAir_Tiantan,DLinear,spike,3,8609,3644,0.49207401275634766,MSE,0.012429267168045044,0.4373423457145691,input,34.0,33,SO2,True,15.0,15.0,,,
BeijingAir_Tiantan,DLinear,spike,3,8609,3644,0.49207401275634766,MSE,0.012429267168045044,0.4373423457145691,input,34.0,33,NO2,False,78.0,78.0,,,
BeijingAir_Tiantan,DLinear,spike,3,8609,3644,0.49207401275634766,MSE,0.012429267168045044,0.4373423457145691,input,34.0,33,CO,False,1300.0,1300.0,,,
BeijingAir_Tiantan,DLinear,spike,3,8609,3644,0.49207401275634766,MSE,0.012429267168045044,0.4373423457145691,input,34.0,33,O3,False,26.0,26.0,,,
BeijingAir_Tiantan,DLinear,spike,3,8609,3644,0.49207401275634766,MSE,0.012429267168045044,0.4373423457145691,input,34.0,33,TEMP,False,-0.2500009536743164,-0.2500009536743164,,,
BeijingAir_Tiantan,DLinear,spike,3,8609,3644,0.49207401275634766,MSE,0.012429267168045044,0.4373423457145691,input,34.0,33,PRES,False,1015.0,1015.0,,,
BeijingAir_Tiantan,DLinear,spike,3,8609,3644,0.49207401275634766,MSE,0.012429267168045044,0.4373423457145691,input,34.0,33,DEWP,True,-10.5,-10.5,,,
BeijingAir_Tiantan,DLinear,spike,3,8609,3644,0.49207401275634766,MSE,0.012429267168045044,0.4373423457145691,input,34.0,33,RAIN,False,0.0,0.0,,,
BeijingAir_Tiantan,DLinear,spike,3,8609,3644,0.49207401275634766,MSE,0.012429267168045044,0.4373423457145691,input,34.0,33,WSPM,False,1.0999999046325684,1.0999999046325684,,,
BeijingAir_Tiantan,DLinear,spike,3,8609,3644,0.49207401275634766,MSE,0.012429267168045044,0.4373423457145691,input,34.0,33,wd,False,10.0,10.0,,,
BeijingAir_Tiantan,DLinear,spike,3,8609,3644,0.49207401275634766,MSE,0.012429267168045044,0.4373423457145691,input,35.0,34,PM2.5,True,6.0,6.0,,,
BeijingAir_Tiantan,DLinear,spike,3,8609,3644,0.49207401275634766,MSE,0.012429267168045044,0.4373423457145691,input,35.0,34,PM10,False,84.0,84.0,,,
BeijingAir_Tiantan,DLinear,spike,3,8609,3644,0.49207401275634766,MSE,0.012429267168045044,0.4373423457145691,input,35.0,34,SO2,True,10.0,10.0,,,
BeijingAir_Tiantan,DLinear,spike,3,8609,3644,0.49207401275634766,MSE,0.012429267168045044,0.4373423457145691,input,35.0,34,NO2,False,29.0,29.0,,,
BeijingAir_Tiantan,DLinear,spike,3,8609,3644,0.49207401275634766,MSE,0.012429267168045044,0.4373423457145691,input,35.0,34,CO,False,300.0,300.0,,,
BeijingAir_Tiantan,DLinear,spike,3,8609,3644,0.49207401275634766,MSE,0.012429267168045044,0.4373423457145691,input,35.0,34,O3,False,70.0,70.0,,,
BeijingAir_Tiantan,DLinear,spike,3,8609,3644,0.49207401275634766,MSE,0.012429267168045044,0.4373423457145691,input,35.0,34,TEMP,False,2.0249996185302734,2.0249996185302734,,,
BeijingAir_Tiantan,DLinear,spike,3,8609,3644,0.49207401275634766,MSE,0.012429267168045044,0.4373423457145691,input,35.0,34,PRES,False,1016.0,1016.0,,,
BeijingAir_Tiantan,DLinear,spike,3,8609,3644,0.49207401275634766,MSE,0.012429267168045044,0.4373423457145691,input,35.0,34,DEWP,True,-11.700000762939453,-11.700000762939453,,,
BeijingAir_Tiantan,DLinear,spike,3,8609,3644,0.49207401275634766,MSE,0.012429267168045044,0.4373423457145691,input,35.0,34,RAIN,False,0.0,0.0,,,
BeijingAir_Tiantan,DLinear,spike,3,8609,3644,0.49207401275634766,MSE,0.012429267168045044,0.4373423457145691,input,35.0,34,WSPM,False,3.0,3.0,,,
BeijingAir_Tiantan,DLinear,spike,3,8609,3644,0.49207401275634766,MSE,0.012429267168045044,0.4373423457145691,input,35.0,34,wd,False,14.0,14.0,,,
BeijingAir_Tiantan,DLinear,spike,3,8609,3644,0.49207401275634766,MSE,0.012429267168045044,0.4373423457145691,input,36.0,35,PM2.5,True,15.0,15.0,,,
BeijingAir_Tiantan,DLinear,spike,3,8609,3644,0.49207401275634766,MSE,0.012429267168045044,0.4373423457145691,input,36.0,35,PM10,False,82.0,82.0,,,
BeijingAir_Tiantan,DLinear,spike,3,8609,3644,0.49207401275634766,MSE,0.012429267168045044,0.4373423457145691,input,36.0,35,SO2,True,1.0,1.0,,,
BeijingAir_Tiantan,DLinear,spike,3,8609,3644,0.49207401275634766,MSE,0.012429267168045044,0.4373423457145691,input,36.0,35,NO2,False,20.0,20.0,,,
BeijingAir_Tiantan,DLinear,spike,3,8609,3644,0.49207401275634766,MSE,0.012429267168045044,0.4373423457145691,input,36.0,35,CO,False,300.0,300.0,,,
BeijingAir_Tiantan,DLinear,spike,3,8609,3644,0.49207401275634766,MSE,0.012429267168045044,0.4373423457145691,input,36.0,35,O3,False,80.0,80.0,,,
BeijingAir_Tiantan,DLinear,spike,3,8609,3644,0.49207401275634766,MSE,0.012429267168045044,0.4373423457145691,input,36.0,35,TEMP,False,3.6750001907348633,3.6750001907348633,,,
BeijingAir_Tiantan,DLinear,spike,3,8609,3644,0.49207401275634766,MSE,0.012429267168045044,0.4373423457145691,input,36.0,35,PRES,False,1016.5,1016.5,,,
BeijingAir_Tiantan,DLinear,spike,3,8609,3644,0.49207401275634766,MSE,0.012429267168045044,0.4373423457145691,input,36.0,35,DEWP,True,-14.5,-14.5,,,
BeijingAir_Tiantan,DLinear,spike,3,8609,3644,0.49207401275634766,MSE,0.012429267168045044,0.4373423457145691,input,36.0,35,RAIN,False,0.0,0.0,,,
BeijingAir_Tiantan,DLinear,spike,3,8609,3644,0.49207401275634766,MSE,0.012429267168045044,0.4373423457145691,input,36.0,35,WSPM,False,2.4000000953674316,2.4000000953674316,,,
BeijingAir_Tiantan,DLinear,spike,3,8609,3644,0.49207401275634766,MSE,0.012429267168045044,0.4373423457145691,input,36.0,35,wd,False,14.0,14.0,,,
BeijingAir_Tiantan,DLinear,spike,3,8609,3644,0.49207401275634766,MSE,0.012429267168045044,0.4373423457145691,input,37.0,36,PM2.5,True,15.0,15.0,,,
BeijingAir_Tiantan,DLinear,spike,3,8609,3644,0.49207401275634766,MSE,0.012429267168045044,0.4373423457145691,input,37.0,36,PM10,False,34.0,34.0,,,
BeijingAir_Tiantan,DLinear,spike,3,8609,3644,0.49207401275634766,MSE,0.012429267168045044,0.4373423457145691,input,37.0,36,SO2,True,1.0,1.0,,,
BeijingAir_Tiantan,DLinear,spike,3,8609,3644,0.49207401275634766,MSE,0.012429267168045044,0.4373423457145691,input,37.0,36,NO2,False,24.0,24.0,,,
BeijingAir_Tiantan,DLinear,spike,3,8609,3644,0.49207401275634766,MSE,0.012429267168045044,0.4373423457145691,input,37.0,36,CO,False,200.0,200.0,,,
BeijingAir_Tiantan,DLinear,spike,3,8609,3644,0.49207401275634766,MSE,0.012429267168045044,0.4373423457145691,input,37.0,36,O3,False,74.0,74.0,,,
BeijingAir_Tiantan,DLinear,spike,3,8609,3644,0.49207401275634766,MSE,0.012429267168045044,0.4373423457145691,input,37.0,36,TEMP,False,3.0500001907348633,3.0500001907348633,,,
BeijingAir_Tiantan,DLinear,spike,3,8609,3644,0.49207401275634766,MSE,0.012429267168045044,0.4373423457145691,input,37.0,36,PRES,False,1017.0,1017.0,,,
BeijingAir_Tiantan,DLinear,spike,3,8609,3644,0.49207401275634766,MSE,0.012429267168045044,0.4373423457145691,input,37.0,36,DEWP,True,-15.600000381469727,-15.600000381469727,,,
BeijingAir_Tiantan,DLinear,spike,3,8609,3644,0.49207401275634766,MSE,0.012429267168045044,0.4373423457145691,input,37.0,36,RAIN,False,0.0,0.0,,,
BeijingAir_Tiantan,DLinear,spike,3,8609,3644,0.49207401275634766,MSE,0.012429267168045044,0.4373423457145691,input,37.0,36,WSPM,False,3.0999999046325684,3.0999999046325684,,,
BeijingAir_Tiantan,DLinear,spike,3,8609,3644,0.49207401275634766,MSE,0.012429267168045044,0.4373423457145691,input,37.0,36,wd,False,14.0,14.0,,,
BeijingAir_Tiantan,DLinear,spike,3,8609,3644,0.49207401275634766,MSE,0.012429267168045044,0.4373423457145691,input,38.0,37,PM2.5,True,13.0,13.0,,,
BeijingAir_Tiantan,DLinear,spike,3,8609,3644,0.49207401275634766,MSE,0.012429267168045044,0.4373423457145691,input,38.0,37,PM10,False,17.0,17.0,,,
BeijingAir_Tiantan,DLinear,spike,3,8609,3644,0.49207401275634766,MSE,0.012429267168045044,0.4373423457145691,input,38.0,37,SO2,True,9.0,9.0,,,
BeijingAir_Tiantan,DLinear,spike,3,8609,3644,0.49207401275634766,MSE,0.012429267168045044,0.4373423457145691,input,38.0,37,NO2,False,15.0,15.0,,,
BeijingAir_Tiantan,DLinear,spike,3,8609,3644,0.49207401275634766,MSE,0.012429267168045044,0.4373423457145691,input,38.0,37,CO,False,300.0,300.0,,,
BeijingAir_Tiantan,DLinear,spike,3,8609,3644,0.49207401275634766,MSE,0.012429267168045044,0.4373423457145691,input,38.0,37,O3,False,84.0,84.0,,,
BeijingAir_Tiantan,DLinear,spike,3,8609,3644,0.49207401275634766,MSE,0.012429267168045044,0.4373423457145691,input,38.0,37,TEMP,False,2.4250001907348633,2.4250001907348633,,,
BeijingAir_Tiantan,DLinear,spike,3,8609,3644,0.49207401275634766,MSE,0.012429267168045044,0.4373423457145691,input,38.0,37,PRES,False,1017.0,1017.0,,,
BeijingAir_Tiantan,DLinear,spike,3,8609,3644,0.49207401275634766,MSE,0.012429267168045044,0.4373423457145691,input,38.0,37,DEWP,True,-16.899999618530273,-16.899999618530273,,,
BeijingAir_Tiantan,DLinear,spike,3,8609,3644,0.49207401275634766,MSE,0.012429267168045044,0.4373423457145691,input,38.0,37,RAIN,False,0.0,0.0,,,
BeijingAir_Tiantan,DLinear,spike,3,8609,3644,0.49207401275634766,MSE,0.012429267168045044,0.4373423457145691,input,38.0,37,WSPM,False,2.5999999046325684,2.5999999046325684,,,
BeijingAir_Tiantan,DLinear,spike,3,8609,3644,0.49207401275634766,MSE,0.012429267168045044,0.4373423457145691,input,38.0,37,wd,False,14.0,14.0,,,
BeijingAir_Tiantan,DLinear,spike,3,8609,3644,0.49207401275634766,MSE,0.012429267168045044,0.4373423457145691,input,39.0,38,PM2.5,True,19.0,19.0,,,
BeijingAir_Tiantan,DLinear,spike,3,8609,3644,0.49207401275634766,MSE,0.012429267168045044,0.4373423457145691,input,39.0,38,PM10,False,33.0,33.0,,,
BeijingAir_Tiantan,DLinear,spike,3,8609,3644,0.49207401275634766,MSE,0.012429267168045044,0.4373423457145691,input,39.0,38,SO2,True,11.0,11.0,,,
BeijingAir_Tiantan,DLinear,spike,3,8609,3644,0.49207401275634766,MSE,0.012429267168045044,0.4373423457145691,input,39.0,38,NO2,False,32.0,32.0,,,
BeijingAir_Tiantan,DLinear,spike,3,8609,3644,0.49207401275634766,MSE,0.012429267168045044,0.4373423457145691,input,39.0,38,CO,False,400.0,400.0,,,
BeijingAir_Tiantan,DLinear,spike,3,8609,3644,0.49207401275634766,MSE,0.012429267168045044,0.4373423457145691,input,39.0,38,O3,False,55.0,55.0,,,
BeijingAir_Tiantan,DLinear,spike,3,8609,3644,0.49207401275634766,MSE,0.012429267168045044,0.4373423457145691,input,39.0,38,TEMP,False,1.125,1.125,,,
BeijingAir_Tiantan,DLinear,spike,3,8609,3644,0.49207401275634766,MSE,0.012429267168045044,0.4373423457145691,input,39.0,38,PRES,False,1018.0,1018.0,,,
BeijingAir_Tiantan,DLinear,spike,3,8609,3644,0.49207401275634766,MSE,0.012429267168045044,0.4373423457145691,input,39.0,38,DEWP,True,-16.600000381469727,-16.600000381469727,,,
BeijingAir_Tiantan,DLinear,spike,3,8609,3644,0.49207401275634766,MSE,0.012429267168045044,0.4373423457145691,input,39.0,38,RAIN,False,0.0,0.0,,,
BeijingAir_Tiantan,DLinear,spike,3,8609,3644,0.49207401275634766,MSE,0.012429267168045044,0.4373423457145691,input,39.0,38,WSPM,False,3.299999713897705,3.299999713897705,,,
BeijingAir_Tiantan,DLinear,spike,3,8609,3644,0.49207401275634766,MSE,0.012429267168045044,0.4373423457145691,input,39.0,38,wd,False,2.0,2.0,,,
BeijingAir_Tiantan,DLinear,spike,3,8609,3644,0.49207401275634766,MSE,0.012429267168045044,0.4373423457145691,input,40.0,39,PM2.5,True,20.0,20.0,,,
BeijingAir_Tiantan,DLinear,spike,3,8609,3644,0.49207401275634766,MSE,0.012429267168045044,0.4373423457145691,input,40.0,39,PM10,False,26.0,26.0,,,
BeijingAir_Tiantan,DLinear,spike,3,8609,3644,0.49207401275634766,MSE,0.012429267168045044,0.4373423457145691,input,40.0,39,SO2,True,9.0,9.0,,,
BeijingAir_Tiantan,DLinear,spike,3,8609,3644,0.49207401275634766,MSE,0.012429267168045044,0.4373423457145691,input,40.0,39,NO2,False,34.0,34.0,,,
BeijingAir_Tiantan,DLinear,spike,3,8609,3644,0.49207401275634766,MSE,0.012429267168045044,0.4373423457145691,input,40.0,39,CO,False,300.0,300.0,,,
BeijingAir_Tiantan,DLinear,spike,3,8609,3644,0.49207401275634766,MSE,0.012429267168045044,0.4373423457145691,input,40.0,39,O3,False,61.0,61.0,,,
BeijingAir_Tiantan,DLinear,spike,3,8609,3644,0.49207401275634766,MSE,0.012429267168045044,0.4373423457145691,input,40.0,39,TEMP,False,0.05000019073486328,0.05000019073486328,,,
BeijingAir_Tiantan,DLinear,spike,3,8609,3644,0.49207401275634766,MSE,0.012429267168045044,0.4373423457145691,input,40.0,39,PRES,False,1018.5,1018.5,,,
BeijingAir_Tiantan,DLinear,spike,3,8609,3644,0.49207401275634766,MSE,0.012429267168045044,0.4373423457145691,input,40.0,39,DEWP,True,-16.899999618530273,-16.899999618530273,,,
BeijingAir_Tiantan,DLinear,spike,3,8609,3644,0.49207401275634766,MSE,0.012429267168045044,0.4373423457145691,input,40.0,39,RAIN,False,0.0,0.0,,,
BeijingAir_Tiantan,DLinear,spike,3,8609,3644,0.49207401275634766,MSE,0.012429267168045044,0.4373423457145691,input,40.0,39,WSPM,False,4.0,4.0,,,
BeijingAir_Tiantan,DLinear,spike,3,8609,3644,0.49207401275634766,MSE,0.012429267168045044,0.4373423457145691,input,40.0,39,wd,False,2.0,2.0,,,
BeijingAir_Tiantan,DLinear,spike,3,8609,3644,0.49207401275634766,MSE,0.012429267168045044,0.4373423457145691,input,41.0,40,PM2.5,True,16.0,16.0,,,
BeijingAir_Tiantan,DLinear,spike,3,8609,3644,0.49207401275634766,MSE,0.012429267168045044,0.4373423457145691,input,41.0,40,PM10,False,16.0,16.0,,,
BeijingAir_Tiantan,DLinear,spike,3,8609,3644,0.49207401275634766,MSE,0.012429267168045044,0.4373423457145691,input,41.0,40,SO2,True,1.0,1.0,,,
BeijingAir_Tiantan,DLinear,spike,3,8609,3644,0.49207401275634766,MSE,0.012429267168045044,0.4373423457145691,input,41.0,40,NO2,False,23.0,23.0,,,
BeijingAir_Tiantan,DLinear,spike,3,8609,3644,0.49207401275634766,MSE,0.012429267168045044,0.4373423457145691,input,41.0,40,CO,False,400.0,400.0,,,
BeijingAir_Tiantan,DLinear,spike,3,8609,3644,0.49207401275634766,MSE,0.012429267168045044,0.4373423457145691,input,41.0,40,O3,False,75.0,75.0,,,
BeijingAir_Tiantan,DLinear,spike,3,8609,3644,0.49207401275634766,MSE,0.012429267168045044,0.4373423457145691,input,41.0,40,TEMP,False,-0.875,-0.875,,,
BeijingAir_Tiantan,DLinear,spike,3,8609,3644,0.49207401275634766,MSE,0.012429267168045044,0.4373423457145691,input,41.0,40,PRES,False,1019.0,1019.0,,,
BeijingAir_Tiantan,DLinear,spike,3,8609,3644,0.49207401275634766,MSE,0.012429267168045044,0.4373423457145691,input,41.0,40,DEWP,True,-18.399999618530273,-18.399999618530273,,,
BeijingAir_Tiantan,DLinear,spike,3,8609,3644,0.49207401275634766,MSE,0.012429267168045044,0.4373423457145691,input,41.0,40,RAIN,False,0.0,0.0,,,
BeijingAir_Tiantan,DLinear,spike,3,8609,3644,0.49207401275634766,MSE,0.012429267168045044,0.4373423457145691,input,41.0,40,WSPM,False,1.2999999523162842,1.2999999523162842,,,
BeijingAir_Tiantan,DLinear,spike,3,8609,3644,0.49207401275634766,MSE,0.012429267168045044,0.4373423457145691,input,41.0,40,wd,False,2.0,2.0,,,
BeijingAir_Tiantan,DLinear,spike,3,8609,3644,0.49207401275634766,MSE,0.012429267168045044,0.4373423457145691,input,42.0,41,PM2.5,True,13.0,13.0,,,
BeijingAir_Tiantan,DLinear,spike,3,8609,3644,0.49207401275634766,MSE,0.012429267168045044,0.4373423457145691,input,42.0,41,PM10,False,14.0,14.0,,,
BeijingAir_Tiantan,DLinear,spike,3,8609,3644,0.49207401275634766,MSE,0.012429267168045044,0.4373423457145691,input,42.0,41,SO2,True,9.0,9.0,,,
BeijingAir_Tiantan,DLinear,spike,3,8609,3644,0.49207401275634766,MSE,0.012429267168045044,0.4373423457145691,input,42.0,41,NO2,False,29.0,29.0,,,
BeijingAir_Tiantan,DLinear,spike,3,8609,3644,0.49207401275634766,MSE,0.012429267168045044,0.4373423457145691,input,42.0,41,CO,False,300.0,300.0,,,
BeijingAir_Tiantan,DLinear,spike,3,8609,3644,0.49207401275634766,MSE,0.012429267168045044,0.4373423457145691,input,42.0,41,O3,False,64.0,64.0,,,
BeijingAir_Tiantan,DLinear,spike,3,8609,3644,0.49207401275634766,MSE,0.012429267168045044,0.4373423457145691,input,42.0,41,TEMP,False,-2.1499996185302734,-2.1499996185302734,,,
BeijingAir_Tiantan,DLinear,spike,3,8609,3644,0.49207401275634766,MSE,0.012429267168045044,0.4373423457145691,input,42.0,41,PRES,False,1019.0,1019.0,,,
BeijingAir_Tiantan,DLinear,spike,3,8609,3644,0.49207401275634766,MSE,0.012429267168045044,0.4373423457145691,input,42.0,41,DEWP,True,-18.299999237060547,-18.299999237060547,,,
BeijingAir_Tiantan,DLinear,spike,3,8609,3644,0.49207401275634766,MSE,0.012429267168045044,0.4373423457145691,input,42.0,41,RAIN,False,0.0,0.0,,,
BeijingAir_Tiantan,DLinear,spike,3,8609,3644,0.49207401275634766,MSE,0.012429267168045044,0.4373423457145691,input,42.0,41,WSPM,False,0.8999999761581421,0.8999999761581421,,,
BeijingAir_Tiantan,DLinear,spike,3,8609,3644,0.49207401275634766,MSE,0.012429267168045044,0.4373423457145691,input,42.0,41,wd,False,2.0,2.0,,,
BeijingAir_Tiantan,DLinear,spike,3,8609,3644,0.49207401275634766,MSE,0.012429267168045044,0.4373423457145691,input,43.0,42,PM2.5,True,6.0,6.0,,,
BeijingAir_Tiantan,DLinear,spike,3,8609,3644,0.49207401275634766,MSE,0.012429267168045044,0.4373423457145691,input,43.0,42,PM10,False,21.0,21.0,,,
BeijingAir_Tiantan,DLinear,spike,3,8609,3644,0.49207401275634766,MSE,0.012429267168045044,0.4373423457145691,input,43.0,42,SO2,True,1.0,1.0,,,
BeijingAir_Tiantan,DLinear,spike,3,8609,3644,0.49207401275634766,MSE,0.012429267168045044,0.4373423457145691,input,43.0,42,NO2,False,23.0,23.0,,,
BeijingAir_Tiantan,DLinear,spike,3,8609,3644,0.49207401275634766,MSE,0.012429267168045044,0.4373423457145691,input,43.0,42,CO,False,400.0,400.0,,,
BeijingAir_Tiantan,DLinear,spike,3,8609,3644,0.49207401275634766,MSE,0.012429267168045044,0.4373423457145691,input,43.0,42,O3,False,58.0,58.0,,,
BeijingAir_Tiantan,DLinear,spike,3,8609,3644,0.49207401275634766,MSE,0.012429267168045044,0.4373423457145691,input,43.0,42,TEMP,False,-3.174999237060547,-3.174999237060547,,,
BeijingAir_Tiantan,DLinear,spike,3,8609,3644,0.49207401275634766,MSE,0.012429267168045044,0.4373423457145691,input,43.0,42,PRES,False,1019.5,1019.5,,,
BeijingAir_Tiantan,DLinear,spike,3,8609,3644,0.49207401275634766,MSE,0.012429267168045044,0.4373423457145691,input,43.0,42,DEWP,True,-18.0,-18.0,,,
BeijingAir_Tiantan,DLinear,spike,3,8609,3644,0.49207401275634766,MSE,0.012429267168045044,0.4373423457145691,input,43.0,42,RAIN,False,0.0,0.0,,,
BeijingAir_Tiantan,DLinear,spike,3,8609,3644,0.49207401275634766,MSE,0.012429267168045044,0.4373423457145691,input,43.0,42,WSPM,False,1.5,1.5,,,
BeijingAir_Tiantan,DLinear,spike,3,8609,3644,0.49207401275634766,MSE,0.012429267168045044,0.4373423457145691,input,43.0,42,wd,False,2.0,2.0,,,
BeijingAir_Tiantan,DLinear,spike,3,8609,3644,0.49207401275634766,MSE,0.012429267168045044,0.4373423457145691,input,44.0,43,PM2.5,True,7.0,7.0,,,
BeijingAir_Tiantan,DLinear,spike,3,8609,3644,0.49207401275634766,MSE,0.012429267168045044,0.4373423457145691,input,44.0,43,PM10,False,22.0,22.0,,,
BeijingAir_Tiantan,DLinear,spike,3,8609,3644,0.49207401275634766,MSE,0.012429267168045044,0.4373423457145691,input,44.0,43,SO2,True,7.0,7.0,,,
BeijingAir_Tiantan,DLinear,spike,3,8609,3644,0.49207401275634766,MSE,0.012429267168045044,0.4373423457145691,input,44.0,43,NO2,False,35.0,35.0,,,
BeijingAir_Tiantan,DLinear,spike,3,8609,3644,0.49207401275634766,MSE,0.012429267168045044,0.4373423457145691,input,44.0,43,CO,False,500.0,500.0,,,
BeijingAir_Tiantan,DLinear,spike,3,8609,3644,0.49207401275634766,MSE,0.012429267168045044,0.4373423457145691,input,44.0,43,O3,False,45.0,45.0,,,
BeijingAir_Tiantan,DLinear,spike,3,8609,3644,0.49207401275634766,MSE,0.012429267168045044,0.4373423457145691,input,44.0,43,TEMP,False,-3.0,-3.0,,,
BeijingAir_Tiantan,DLinear,spike,3,8609,3644,0.49207401275634766,MSE,0.012429267168045044,0.4373423457145691,input,44.0,43,PRES,False,1020.0,1020.0,,,
BeijingAir_Tiantan,DLinear,spike,3,8609,3644,0.49207401275634766,MSE,0.012429267168045044,0.4373423457145691,input,44.0,43,DEWP,True,-18.299999237060547,-18.299999237060547,,,
BeijingAir_Tiantan,DLinear,spike,3,8609,3644,0.49207401275634766,MSE,0.012429267168045044,0.4373423457145691,input,44.0,43,RAIN,False,0.0,0.0,,,
BeijingAir_Tiantan,DLinear,spike,3,8609,3644,0.49207401275634766,MSE,0.012429267168045044,0.4373423457145691,input,44.0,43,WSPM,False,2.9000000953674316,2.9000000953674316,,,
BeijingAir_Tiantan,DLinear,spike,3,8609,3644,0.49207401275634766,MSE,0.012429267168045044,0.4373423457145691,input,44.0,43,wd,False,2.0,2.0,,,
BeijingAir_Tiantan,DLinear,spike,3,8609,3644,0.49207401275634766,MSE,0.012429267168045044,0.4373423457145691,input,45.0,44,PM2.5,True,17.0,17.0,,,
BeijingAir_Tiantan,DLinear,spike,3,8609,3644,0.49207401275634766,MSE,0.012429267168045044,0.4373423457145691,input,45.0,44,PM10,False,26.0,26.0,,,
BeijingAir_Tiantan,DLinear,spike,3,8609,3644,0.49207401275634766,MSE,0.012429267168045044,0.4373423457145691,input,45.0,44,SO2,True,6.0,6.0,,,
BeijingAir_Tiantan,DLinear,spike,3,8609,3644,0.49207401275634766,MSE,0.012429267168045044,0.4373423457145691,input,45.0,44,NO2,False,44.0,44.0,,,
BeijingAir_Tiantan,DLinear,spike,3,8609,3644,0.49207401275634766,MSE,0.012429267168045044,0.4373423457145691,input,45.0,44,CO,False,600.0000610351562,600.0000610351562,,,
BeijingAir_Tiantan,DLinear,spike,3,8609,3644,0.49207401275634766,MSE,0.012429267168045044,0.4373423457145691,input,45.0,44,O3,False,43.0,43.0,,,
BeijingAir_Tiantan,DLinear,spike,3,8609,3644,0.49207401275634766,MSE,0.012429267168045044,0.4373423457145691,input,45.0,44,TEMP,False,-2.174999237060547,-2.174999237060547,,,
BeijingAir_Tiantan,DLinear,spike,3,8609,3644,0.49207401275634766,MSE,0.012429267168045044,0.4373423457145691,input,45.0,44,PRES,False,1021.0,1021.0,,,
BeijingAir_Tiantan,DLinear,spike,3,8609,3644,0.49207401275634766,MSE,0.012429267168045044,0.4373423457145691,input,45.0,44,DEWP,True,-18.0,-18.0,,,
BeijingAir_Tiantan,DLinear,spike,3,8609,3644,0.49207401275634766,MSE,0.012429267168045044,0.4373423457145691,input,45.0,44,RAIN,False,0.0,0.0,,,
BeijingAir_Tiantan,DLinear,spike,3,8609,3644,0.49207401275634766,MSE,0.012429267168045044,0.4373423457145691,input,45.0,44,WSPM,False,3.200000047683716,3.200000047683716,,,
BeijingAir_Tiantan,DLinear,spike,3,8609,3644,0.49207401275634766,MSE,0.012429267168045044,0.4373423457145691,input,45.0,44,wd,False,2.0,2.0,,,
BeijingAir_Tiantan,DLinear,spike,3,8609,3644,0.49207401275634766,MSE,0.012429267168045044,0.4373423457145691,input,46.0,45,PM2.5,True,22.0,22.0,,,
BeijingAir_Tiantan,DLinear,spike,3,8609,3644,0.49207401275634766,MSE,0.012429267168045044,0.4373423457145691,input,46.0,45,PM10,False,42.0,42.0,,,
BeijingAir_Tiantan,DLinear,spike,3,8609,3644,0.49207401275634766,MSE,0.012429267168045044,0.4373423457145691,input,46.0,45,SO2,True,6.0,6.0,,,
BeijingAir_Tiantan,DLinear,spike,3,8609,3644,0.49207401275634766,MSE,0.012429267168045044,0.4373423457145691,input,46.0,45,NO2,False,44.0,44.0,,,
BeijingAir_Tiantan,DLinear,spike,3,8609,3644,0.49207401275634766,MSE,0.012429267168045044,0.4373423457145691,input,46.0,45,CO,False,600.0000610351562,600.0000610351562,,,
BeijingAir_Tiantan,DLinear,spike,3,8609,3644,0.49207401275634766,MSE,0.012429267168045044,0.4373423457145691,input,46.0,45,O3,False,42.0,42.0,,,
BeijingAir_Tiantan,DLinear,spike,3,8609,3644,0.49207401275634766,MSE,0.012429267168045044,0.4373423457145691,input,46.0,45,TEMP,False,-1.649998664855957,-1.649998664855957,,,
BeijingAir_Tiantan,DLinear,spike,3,8609,3644,0.49207401275634766,MSE,0.012429267168045044,0.4373423457145691,input,46.0,45,PRES,False,1021.75,1021.75,,,
BeijingAir_Tiantan,DLinear,spike,3,8609,3644,0.49207401275634766,MSE,0.012429267168045044,0.4373423457145691,input,46.0,45,DEWP,True,-18.100000381469727,-18.100000381469727,,,
BeijingAir_Tiantan,DLinear,spike,3,8609,3644,0.49207401275634766,MSE,0.012429267168045044,0.4373423457145691,input,46.0,45,RAIN,False,0.0,0.0,,,
BeijingAir_Tiantan,DLinear,spike,3,8609,3644,0.49207401275634766,MSE,0.012429267168045044,0.4373423457145691,input,46.0,45,WSPM,False,5.299999713897705,5.299999713897705,,,
BeijingAir_Tiantan,DLinear,spike,3,8609,3644,0.49207401275634766,MSE,0.012429267168045044,0.4373423457145691,input,46.0,45,wd,False,14.0,14.0,,,
BeijingAir_Tiantan,DLinear,spike,3,8609,3644,0.49207401275634766,MSE,0.012429267168045044,0.4373423457145691,input,47.0,46,PM2.5,True,20.999996185302734,20.999996185302734,,,
BeijingAir_Tiantan,DLinear,spike,3,8609,3644,0.49207401275634766,MSE,0.012429267168045044,0.4373423457145691,input,47.0,46,PM10,False,42.0,42.0,,,
BeijingAir_Tiantan,DLinear,spike,3,8609,3644,0.49207401275634766,MSE,0.012429267168045044,0.4373423457145691,input,47.0,46,SO2,True,16.0,16.0,,,
BeijingAir_Tiantan,DLinear,spike,3,8609,3644,0.49207401275634766,MSE,0.012429267168045044,0.4373423457145691,input,47.0,46,NO2,False,28.0,28.0,,,
BeijingAir_Tiantan,DLinear,spike,3,8609,3644,0.49207401275634766,MSE,0.012429267168045044,0.4373423457145691,input,47.0,46,CO,False,600.0000610351562,600.0000610351562,,,
BeijingAir_Tiantan,DLinear,spike,3,8609,3644,0.49207401275634766,MSE,0.012429267168045044,0.4373423457145691,input,47.0,46,O3,False,53.0,53.0,,,
BeijingAir_Tiantan,DLinear,spike,3,8609,3644,0.49207401275634766,MSE,0.012429267168045044,0.4373423457145691,input,47.0,46,TEMP,False,-0.8999996185302734,-0.8999996185302734,,,
BeijingAir_Tiantan,DLinear,spike,3,8609,3644,0.49207401275634766,MSE,0.012429267168045044,0.4373423457145691,input,47.0,46,PRES,False,1022.75,1022.75,,,
BeijingAir_Tiantan,DLinear,spike,3,8609,3644,0.49207401275634766,MSE,0.012429267168045044,0.4373423457145691,input,47.0,46,DEWP,True,-18.5,-18.5,,,
BeijingAir_Tiantan,DLinear,spike,3,8609,3644,0.49207401275634766,MSE,0.012429267168045044,0.4373423457145691,input,47.0,46,RAIN,False,0.0,0.0,,,
BeijingAir_Tiantan,DLinear,spike,3,8609,3644,0.49207401275634766,MSE,0.012429267168045044,0.4373423457145691,input,47.0,46,WSPM,False,3.5999999046325684,3.5999999046325684,,,
BeijingAir_Tiantan,DLinear,spike,3,8609,3644,0.49207401275634766,MSE,0.012429267168045044,0.4373423457145691,input,47.0,46,wd,False,14.0,14.0,,,
BeijingAir_Tiantan,DLinear,spike,3,8609,3644,0.49207401275634766,MSE,0.012429267168045044,0.4373423457145691,input,48.0,47,PM2.5,True,18.0,18.0,,,
BeijingAir_Tiantan,DLinear,spike,3,8609,3644,0.49207401275634766,MSE,0.012429267168045044,0.4373423457145691,input,48.0,47,PM10,False,38.0,38.0,,,
BeijingAir_Tiantan,DLinear,spike,3,8609,3644,0.49207401275634766,MSE,0.012429267168045044,0.4373423457145691,input,48.0,47,SO2,True,16.0,16.0,,,
BeijingAir_Tiantan,DLinear,spike,3,8609,3644,0.49207401275634766,MSE,0.012429267168045044,0.4373423457145691,input,48.0,47,NO2,False,39.0,39.0,,,
BeijingAir_Tiantan,DLinear,spike,3,8609,3644,0.49207401275634766,MSE,0.012429267168045044,0.4373423457145691,input,48.0,47,CO,False,500.0,500.0,,,
BeijingAir_Tiantan,DLinear,spike,3,8609,3644,0.49207401275634766,MSE,0.012429267168045044,0.4373423457145691,input,48.0,47,O3,False,64.0,64.0,,,
BeijingAir_Tiantan,DLinear,spike,3,8609,3644,0.49207401275634766,MSE,0.012429267168045044,0.4373423457145691,input,48.0,47,TEMP,False,0.14999961853027344,0.14999961853027344,,,
BeijingAir_Tiantan,DLinear,spike,3,8609,3644,0.49207401275634766,MSE,0.012429267168045044,0.4373423457145691,input,48.0,47,PRES,False,1023.0,1023.0,,,
BeijingAir_Tiantan,DLinear,spike,3,8609,3644,0.49207401275634766,MSE,0.012429267168045044,0.4373423457145691,input,48.0,47,DEWP,True,-18.600000381469727,-18.600000381469727,,,
BeijingAir_Tiantan,DLinear,spike,3,8609,3644,0.49207401275634766,MSE,0.012429267168045044,0.4373423457145691,input,48.0,47,RAIN,False,0.0,0.0,,,
BeijingAir_Tiantan,DLinear,spike,3,8609,3644,0.49207401275634766,MSE,0.012429267168045044,0.4373423457145691,input,48.0,47,WSPM,False,4.6999993324279785,4.6999993324279785,,,
BeijingAir_Tiantan,DLinear,spike,3,8609,3644,0.49207401275634766,MSE,0.012429267168045044,0.4373423457145691,input,48.0,47,wd,False,2.0,2.0,,,
BeijingAir_Tiantan,DLinear,spike,3,8609,3644,0.49207401275634766,MSE,0.012429267168045044,0.4373423457145691,input,49.0,48,PM2.5,True,8.0,8.0,,,
BeijingAir_Tiantan,DLinear,spike,3,8609,3644,0.49207401275634766,MSE,0.012429267168045044,0.4373423457145691,input,49.0,48,PM10,False,24.0,24.0,,,
BeijingAir_Tiantan,DLinear,spike,3,8609,3644,0.49207401275634766,MSE,0.012429267168045044,0.4373423457145691,input,49.0,48,SO2,True,14.0,14.0,,,
BeijingAir_Tiantan,DLinear,spike,3,8609,3644,0.49207401275634766,MSE,0.012429267168045044,0.4373423457145691,input,49.0,48,NO2,False,30.0,30.0,,,
BeijingAir_Tiantan,DLinear,spike,3,8609,3644,0.49207401275634766,MSE,0.012429267168045044,0.4373423457145691,input,49.0,48,CO,False,400.0,400.0,,,
BeijingAir_Tiantan,DLinear,spike,3,8609,3644,0.49207401275634766,MSE,0.012429267168045044,0.4373423457145691,input,49.0,48,O3,False,74.0,74.0,,,
BeijingAir_Tiantan,DLinear,spike,3,8609,3644,0.49207401275634766,MSE,0.012429267168045044,0.4373423457145691,input,49.0,48,TEMP,False,1.0249996185302734,1.0249996185302734,,,
BeijingAir_Tiantan,DLinear,spike,3,8609,3644,0.49207401275634766,MSE,0.012429267168045044,0.4373423457145691,input,49.0,48,PRES,False,1023.0,1023.0,,,
BeijingAir_Tiantan,DLinear,spike,3,8609,3644,0.49207401275634766,MSE,0.012429267168045044,0.4373423457145691,input,49.0,48,DEWP,True,-19.600000381469727,-19.600000381469727,,,
BeijingAir_Tiantan,DLinear,spike,3,8609,3644,0.49207401275634766,MSE,0.012429267168045044,0.4373423457145691,input,49.0,48,RAIN,False,0.0,0.0,,,
BeijingAir_Tiantan,DLinear,spike,3,8609,3644,0.49207401275634766,MSE,0.012429267168045044,0.4373423457145691,input,49.0,48,WSPM,False,3.8000001907348633,3.8000001907348633,,,
BeijingAir_Tiantan,DLinear,spike,3,8609,3644,0.49207401275634766,MSE,0.012429267168045044,0.4373423457145691,input,49.0,48,wd,False,2.0,2.0,,,
BeijingAir_Tiantan,DLinear,spike,3,8609,3644,0.49207401275634766,MSE,0.012429267168045044,0.4373423457145691,input,50.0,49,PM2.5,True,19.0,19.0,,,
BeijingAir_Tiantan,DLinear,spike,3,8609,3644,0.49207401275634766,MSE,0.012429267168045044,0.4373423457145691,input,50.0,49,PM10,False,23.0,23.0,,,
BeijingAir_Tiantan,DLinear,spike,3,8609,3644,0.49207401275634766,MSE,0.012429267168045044,0.4373423457145691,input,50.0,49,SO2,True,12.0,12.0,,,
BeijingAir_Tiantan,DLinear,spike,3,8609,3644,0.49207401275634766,MSE,0.012429267168045044,0.4373423457145691,input,50.0,49,NO2,False,23.0,23.0,,,
BeijingAir_Tiantan,DLinear,spike,3,8609,3644,0.49207401275634766,MSE,0.012429267168045044,0.4373423457145691,input,50.0,49,CO,False,400.0,400.0,,,
BeijingAir_Tiantan,DLinear,spike,3,8609,3644,0.49207401275634766,MSE,0.012429267168045044,0.4373423457145691,input,50.0,49,O3,False,74.0,74.0,,,
BeijingAir_Tiantan,DLinear,spike,3,8609,3644,0.49207401275634766,MSE,0.012429267168045044,0.4373423457145691,input,50.0,49,TEMP,False,1.9500007629394531,1.9500007629394531,,,
BeijingAir_Tiantan,DLinear,spike,3,8609,3644,0.49207401275634766,MSE,0.012429267168045044,0.4373423457145691,input,50.0,49,PRES,False,1022.0,1022.0,,,
BeijingAir_Tiantan,DLinear,spike,3,8609,3644,0.49207401275634766,MSE,0.012429267168045044,0.4373423457145691,input,50.0,49,DEWP,True,-20.399999618530273,-20.399999618530273,,,
BeijingAir_Tiantan,DLinear,spike,3,8609,3644,0.49207401275634766,MSE,0.012429267168045044,0.4373423457145691,input,50.0,49,RAIN,False,0.0,0.0,,,
BeijingAir_Tiantan,DLinear,spike,3,8609,3644,0.49207401275634766,MSE,0.012429267168045044,0.4373423457145691,input,50.0,49,WSPM,False,5.699999809265137,5.699999809265137,,,
BeijingAir_Tiantan,DLinear,spike,3,8609,3644,0.49207401275634766,MSE,0.012429267168045044,0.4373423457145691,input,50.0,49,wd,False,14.0,14.0,,,
BeijingAir_Tiantan,DLinear,spike,3,8609,3644,0.49207401275634766,MSE,0.012429267168045044,0.4373423457145691,input,51.0,50,PM2.5,True,24.000003814697266,24.000003814697266,,,
BeijingAir_Tiantan,DLinear,spike,3,8609,3644,0.49207401275634766,MSE,0.012429267168045044,0.4373423457145691,input,51.0,50,PM10,False,27.0,27.0,,,
BeijingAir_Tiantan,DLinear,spike,3,8609,3644,0.49207401275634766,MSE,0.012429267168045044,0.4373423457145691,input,51.0,50,SO2,True,6.0,6.0,,,
BeijingAir_Tiantan,DLinear,spike,3,8609,3644,0.49207401275634766,MSE,0.012429267168045044,0.4373423457145691,input,51.0,50,NO2,False,16.0,16.0,,,
BeijingAir_Tiantan,DLinear,spike,3,8609,3644,0.49207401275634766,MSE,0.012429267168045044,0.4373423457145691,input,51.0,50,CO,False,400.0,400.0,,,
BeijingAir_Tiantan,DLinear,spike,3,8609,3644,0.49207401275634766,MSE,0.012429267168045044,0.4373423457145691,input,51.0,50,O3,False,76.0,76.0,,,
BeijingAir_Tiantan,DLinear,spike,3,8609,3644,0.49207401275634766,MSE,0.012429267168045044,0.4373423457145691,input,51.0,50,TEMP,False,2.8000001907348633,2.8000001907348633,,,
BeijingAir_Tiantan,DLinear,spike,3,8609,3644,0.49207401275634766,MSE,0.012429267168045044,0.4373423457145691,input,51.0,50,PRES,False,1021.7999877929688,1021.7999877929688,,,
BeijingAir_Tiantan,DLinear,spike,3,8609,3644,0.49207401275634766,MSE,0.012429267168045044,0.4373423457145691,input,51.0,50,DEWP,True,-21.5,-21.5,,,
BeijingAir_Tiantan,DLinear,spike,3,8609,3644,0.49207401275634766,MSE,0.012429267168045044,0.4373423457145691,input,51.0,50,RAIN,False,0.0,0.0,,,
BeijingAir_Tiantan,DLinear,spike,3,8609,3644,0.49207401275634766,MSE,0.012429267168045044,0.4373423457145691,input,51.0,50,WSPM,False,4.300000190734863,4.300000190734863,,,
BeijingAir_Tiantan,DLinear,spike,3,8609,3644,0.49207401275634766,MSE,0.012429267168045044,0.4373423457145691,input,51.0,50,wd,False,14.0,14.0,,,
BeijingAir_Tiantan,DLinear,spike,3,8609,3644,0.49207401275634766,MSE,0.012429267168045044,0.4373423457145691,input,52.0,51,PM2.5,True,12.0,12.0,,,
BeijingAir_Tiantan,DLinear,spike,3,8609,3644,0.49207401275634766,MSE,0.012429267168045044,0.4373423457145691,input,52.0,51,PM10,False,40.0,40.0,,,
BeijingAir_Tiantan,DLinear,spike,3,8609,3644,0.49207401275634766,MSE,0.012429267168045044,0.4373423457145691,input,52.0,51,SO2,True,1.0,1.0,,,
BeijingAir_Tiantan,DLinear,spike,3,8609,3644,0.49207401275634766,MSE,0.012429267168045044,0.4373423457145691,input,52.0,51,NO2,False,14.0,14.0,,,
BeijingAir_Tiantan,DLinear,spike,3,8609,3644,0.49207401275634766,MSE,0.012429267168045044,0.4373423457145691,input,52.0,51,CO,False,400.0,400.0,,,
BeijingAir_Tiantan,DLinear,spike,3,8609,3644,0.49207401275634766,MSE,0.012429267168045044,0.4373423457145691,input,52.0,51,O3,False,71.0,71.0,,,
BeijingAir_Tiantan,DLinear,spike,3,8609,3644,0.49207401275634766,MSE,0.012429267168045044,0.4373423457145691,input,52.0,51,TEMP,False,3.1999998092651367,3.1999998092651367,,,
BeijingAir_Tiantan,DLinear,spike,3,8609,3644,0.49207401275634766,MSE,0.012429267168045044,0.4373423457145691,input,52.0,51,PRES,False,1022.0,1022.0,,,
BeijingAir_Tiantan,DLinear,spike,3,8609,3644,0.49207401275634766,MSE,0.012429267168045044,0.4373423457145691,input,52.0,51,DEWP,True,-22.100000381469727,-22.100000381469727,,,
BeijingAir_Tiantan,DLinear,spike,3,8609,3644,0.49207401275634766,MSE,0.012429267168045044,0.4373423457145691,input,52.0,51,RAIN,False,0.0,0.0,,,
BeijingAir_Tiantan,DLinear,spike,3,8609,3644,0.49207401275634766,MSE,0.012429267168045044,0.4373423457145691,input,52.0,51,WSPM,False,4.400000095367432,4.400000095367432,,,
BeijingAir_Tiantan,DLinear,spike,3,8609,3644,0.49207401275634766,MSE,0.012429267168045044,0.4373423457145691,input,52.0,51,wd,False,14.0,14.0,,,
BeijingAir_Tiantan,DLinear,spike,3,8609,3644,0.49207401275634766,MSE,0.012429267168045044,0.4373423457145691,input,53.0,52,PM2.5,True,10.0,10.0,,,
BeijingAir_Tiantan,DLinear,spike,3,8609,3644,0.49207401275634766,MSE,0.012429267168045044,0.4373423457145691,input,53.0,52,PM10,False,55.0,55.0,,,
BeijingAir_Tiantan,DLinear,spike,3,8609,3644,0.49207401275634766,MSE,0.012429267168045044,0.4373423457145691,input,53.0,52,SO2,True,12.0,12.0,,,
BeijingAir_Tiantan,DLinear,spike,3,8609,3644,0.49207401275634766,MSE,0.012429267168045044,0.4373423457145691,input,53.0,52,NO2,False,19.0,19.0,,,
BeijingAir_Tiantan,DLinear,spike,3,8609,3644,0.49207401275634766,MSE,0.012429267168045044,0.4373423457145691,input,53.0,52,CO,False,400.0,400.0,,,
BeijingAir_Tiantan,DLinear,spike,3,8609,3644,0.49207401275634766,MSE,0.012429267168045044,0.4373423457145691,input,53.0,52,O3,False,66.0,66.0,,,
BeijingAir_Tiantan,DLinear,spike,3,8609,3644,0.49207401275634766,MSE,0.012429267168045044,0.4373423457145691,input,53.0,52,TEMP,False,3.25,3.25,,,
BeijingAir_Tiantan,DLinear,spike,3,8609,3644,0.49207401275634766,MSE,0.012429267168045044,0.4373423457145691,input,53.0,52,PRES,False,1022.0,1022.0,,,
BeijingAir_Tiantan,DLinear,spike,3,8609,3644,0.49207401275634766,MSE,0.012429267168045044,0.4373423457145691,input,53.0,52,DEWP,True,-22.799999237060547,-22.799999237060547,,,
BeijingAir_Tiantan,DLinear,spike,3,8609,3644,0.49207401275634766,MSE,0.012429267168045044,0.4373423457145691,input,53.0,52,RAIN,False,0.0,0.0,,,
BeijingAir_Tiantan,DLinear,spike,3,8609,3644,0.49207401275634766,MSE,0.012429267168045044,0.4373423457145691,input,53.0,52,WSPM,False,3.8000001907348633,3.8000001907348633,,,
BeijingAir_Tiantan,DLinear,spike,3,8609,3644,0.49207401275634766,MSE,0.012429267168045044,0.4373423457145691,input,53.0,52,wd,False,14.0,14.0,,,
BeijingAir_Tiantan,DLinear,spike,3,8609,3644,0.49207401275634766,MSE,0.012429267168045044,0.4373423457145691,input,54.0,53,PM2.5,True,9.0,9.0,,,
BeijingAir_Tiantan,DLinear,spike,3,8609,3644,0.49207401275634766,MSE,0.012429267168045044,0.4373423457145691,input,54.0,53,PM10,False,31.0,31.0,,,
BeijingAir_Tiantan,DLinear,spike,3,8609,3644,0.49207401275634766,MSE,0.012429267168045044,0.4373423457145691,input,54.0,53,SO2,True,6.0,6.0,,,
BeijingAir_Tiantan,DLinear,spike,3,8609,3644,0.49207401275634766,MSE,0.012429267168045044,0.4373423457145691,input,54.0,53,NO2,False,22.0,22.0,,,
BeijingAir_Tiantan,DLinear,spike,3,8609,3644,0.49207401275634766,MSE,0.012429267168045044,0.4373423457145691,input,54.0,53,CO,False,400.0,400.0,,,
BeijingAir_Tiantan,DLinear,spike,3,8609,3644,0.49207401275634766,MSE,0.012429267168045044,0.4373423457145691,input,54.0,53,O3,False,74.0,74.0,,,
BeijingAir_Tiantan,DLinear,spike,3,8609,3644,0.49207401275634766,MSE,0.012429267168045044,0.4373423457145691,input,54.0,53,TEMP,False,2.8999996185302734,2.8999996185302734,,,
BeijingAir_Tiantan,DLinear,spike,3,8609,3644,0.49207401275634766,MSE,0.012429267168045044,0.4373423457145691,input,54.0,53,PRES,False,1022.0,1022.0,,,
BeijingAir_Tiantan,DLinear,spike,3,8609,3644,0.49207401275634766,MSE,0.012429267168045044,0.4373423457145691,input,54.0,53,DEWP,True,-22.899999618530273,-22.899999618530273,,,
BeijingAir_Tiantan,DLinear,spike,3,8609,3644,0.49207401275634766,MSE,0.012429267168045044,0.4373423457145691,input,54.0,53,RAIN,False,0.0,0.0,,,
BeijingAir_Tiantan,DLinear,spike,3,8609,3644,0.49207401275634766,MSE,0.012429267168045044,0.4373423457145691,input,54.0,53,WSPM,False,2.299999952316284,2.299999952316284,,,
BeijingAir_Tiantan,DLinear,spike,3,8609,3644,0.49207401275634766,MSE,0.012429267168045044,0.4373423457145691,input,54.0,53,wd,False,14.0,14.0,,,
BeijingAir_Tiantan,DLinear,spike,3,8609,3644,0.49207401275634766,MSE,0.012429267168045044,0.4373423457145691,input,55.0,54,PM2.5,True,7.0,7.0,,,
BeijingAir_Tiantan,DLinear,spike,3,8609,3644,0.49207401275634766,MSE,0.012429267168045044,0.4373423457145691,input,55.0,54,PM10,False,25.0,25.0,,,
BeijingAir_Tiantan,DLinear,spike,3,8609,3644,0.49207401275634766,MSE,0.012429267168045044,0.4373423457145691,input,55.0,54,SO2,True,2.0,2.0,,,
BeijingAir_Tiantan,DLinear,spike,3,8609,3644,0.49207401275634766,MSE,0.012429267168045044,0.4373423457145691,input,55.0,54,NO2,False,26.0,26.0,,,
BeijingAir_Tiantan,DLinear,spike,3,8609,3644,0.49207401275634766,MSE,0.012429267168045044,0.4373423457145691,input,55.0,54,CO,False,400.0,400.0,,,
BeijingAir_Tiantan,DLinear,spike,3,8609,3644,0.49207401275634766,MSE,0.012429267168045044,0.4373423457145691,input,55.0,54,O3,False,71.0,71.0,,,
BeijingAir_Tiantan,DLinear,spike,3,8609,3644,0.49207401275634766,MSE,0.012429267168045044,0.4373423457145691,input,55.0,54,TEMP,False,2.1750001907348633,2.1750001907348633,,,
BeijingAir_Tiantan,DLinear,spike,3,8609,3644,0.49207401275634766,MSE,0.012429267168045044,0.4373423457145691,input,55.0,54,PRES,False,1022.0,1022.0,,,
BeijingAir_Tiantan,DLinear,spike,3,8609,3644,0.49207401275634766,MSE,0.012429267168045044,0.4373423457145691,input,55.0,54,DEWP,True,-22.899999618530273,-22.899999618530273,,,
BeijingAir_Tiantan,DLinear,spike,3,8609,3644,0.49207401275634766,MSE,0.012429267168045044,0.4373423457145691,input,55.0,54,RAIN,False,0.0,0.0,,,
BeijingAir_Tiantan,DLinear,spike,3,8609,3644,0.49207401275634766,MSE,0.012429267168045044,0.4373423457145691,input,55.0,54,WSPM,False,3.299999713897705,3.299999713897705,,,
BeijingAir_Tiantan,DLinear,spike,3,8609,3644,0.49207401275634766,MSE,0.012429267168045044,0.4373423457145691,input,55.0,54,wd,False,14.0,14.0,,,
BeijingAir_Tiantan,DLinear,spike,3,8609,3644,0.49207401275634766,MSE,0.012429267168045044,0.4373423457145691,input,56.0,55,PM2.5,True,16.0,16.0,,,
BeijingAir_Tiantan,DLinear,spike,3,8609,3644,0.49207401275634766,MSE,0.012429267168045044,0.4373423457145691,input,56.0,55,PM10,False,41.0,41.0,,,
BeijingAir_Tiantan,DLinear,spike,3,8609,3644,0.49207401275634766,MSE,0.012429267168045044,0.4373423457145691,input,56.0,55,SO2,True,7.0,7.0,,,
BeijingAir_Tiantan,DLinear,spike,3,8609,3644,0.49207401275634766,MSE,0.012429267168045044,0.4373423457145691,input,56.0,55,NO2,False,33.0,33.0,,,
BeijingAir_Tiantan,DLinear,spike,3,8609,3644,0.49207401275634766,MSE,0.012429267168045044,0.4373423457145691,input,56.0,55,CO,False,500.0,500.0,,,
BeijingAir_Tiantan,DLinear,spike,3,8609,3644,0.49207401275634766,MSE,0.012429267168045044,0.4373423457145691,input,56.0,55,O3,False,65.0,65.0,,,
BeijingAir_Tiantan,DLinear,spike,3,8609,3644,0.49207401275634766,MSE,0.012429267168045044,0.4373423457145691,input,56.0,55,TEMP,False,1.5249996185302734,1.5249996185302734,,,
BeijingAir_Tiantan,DLinear,spike,3,8609,3644,0.49207401275634766,MSE,0.012429267168045044,0.4373423457145691,input,56.0,55,PRES,False,1023.0,1023.0,,,
BeijingAir_Tiantan,DLinear,spike,3,8609,3644,0.49207401275634766,MSE,0.012429267168045044,0.4373423457145691,input,56.0,55,DEWP,True,-23.399999618530273,-23.399999618530273,,,
BeijingAir_Tiantan,DLinear,spike,3,8609,3644,0.49207401275634766,MSE,0.012429267168045044,0.4373423457145691,input,56.0,55,RAIN,False,0.0,0.0,,,
BeijingAir_Tiantan,DLinear,spike,3,8609,3644,0.49207401275634766,MSE,0.012429267168045044,0.4373423457145691,input,56.0,55,WSPM,False,3.8000001907348633,3.8000001907348633,,,
BeijingAir_Tiantan,DLinear,spike,3,8609,3644,0.49207401275634766,MSE,0.012429267168045044,0.4373423457145691,input,56.0,55,wd,False,14.0,14.0,,,
BeijingAir_Tiantan,DLinear,spike,3,8609,3644,0.49207401275634766,MSE,0.012429267168045044,0.4373423457145691,input,57.0,56,PM2.5,True,17.0,17.0,,,
BeijingAir_Tiantan,DLinear,spike,3,8609,3644,0.49207401275634766,MSE,0.012429267168045044,0.4373423457145691,input,57.0,56,PM10,False,49.0,49.0,,,
BeijingAir_Tiantan,DLinear,spike,3,8609,3644,0.49207401275634766,MSE,0.012429267168045044,0.4373423457145691,input,57.0,56,SO2,True,9.0,9.0,,,
BeijingAir_Tiantan,DLinear,spike,3,8609,3644,0.49207401275634766,MSE,0.012429267168045044,0.4373423457145691,input,57.0,56,NO2,False,46.0,46.0,,,
BeijingAir_Tiantan,DLinear,spike,3,8609,3644,0.49207401275634766,MSE,0.012429267168045044,0.4373423457145691,input,57.0,56,CO,False,600.0000610351562,600.0000610351562,,,
BeijingAir_Tiantan,DLinear,spike,3,8609,3644,0.49207401275634766,MSE,0.012429267168045044,0.4373423457145691,input,57.0,56,O3,False,48.0,48.0,,,
BeijingAir_Tiantan,DLinear,spike,3,8609,3644,0.49207401275634766,MSE,0.012429267168045044,0.4373423457145691,input,57.0,56,TEMP,False,0.8249998092651367,0.8249998092651367,,,
BeijingAir_Tiantan,DLinear,spike,3,8609,3644,0.49207401275634766,MSE,0.012429267168045044,0.4373423457145691,input,57.0,56,PRES,False,1023.0,1023.0,,,
BeijingAir_Tiantan,DLinear,spike,3,8609,3644,0.49207401275634766,MSE,0.012429267168045044,0.4373423457145691,input,57.0,56,DEWP,True,-23.899999618530273,-23.899999618530273,,,
BeijingAir_Tiantan,DLinear,spike,3,8609,3644,0.49207401275634766,MSE,0.012429267168045044,0.4373423457145691,input,57.0,56,RAIN,False,0.0,0.0,,,
BeijingAir_Tiantan,DLinear,spike,3,8609,3644,0.49207401275634766,MSE,0.012429267168045044,0.4373423457145691,input,57.0,56,WSPM,False,3.0,3.0,,,
BeijingAir_Tiantan,DLinear,spike,3,8609,3644,0.49207401275634766,MSE,0.012429267168045044,0.4373423457145691,input,57.0,56,wd,False,14.0,14.0,,,
BeijingAir_Tiantan,DLinear,spike,3,8609,3644,0.49207401275634766,MSE,0.012429267168045044,0.4373423457145691,input,58.0,57,PM2.5,True,19.0,19.0,,,
BeijingAir_Tiantan,DLinear,spike,3,8609,3644,0.49207401275634766,MSE,0.012429267168045044,0.4373423457145691,input,58.0,57,PM10,False,47.999996185302734,47.999996185302734,,,
BeijingAir_Tiantan,DLinear,spike,3,8609,3644,0.49207401275634766,MSE,0.012429267168045044,0.4373423457145691,input,58.0,57,SO2,True,14.0,14.0,,,
BeijingAir_Tiantan,DLinear,spike,3,8609,3644,0.49207401275634766,MSE,0.012429267168045044,0.4373423457145691,input,58.0,57,NO2,False,43.0,43.0,,,
BeijingAir_Tiantan,DLinear,spike,3,8609,3644,0.49207401275634766,MSE,0.012429267168045044,0.4373423457145691,input,58.0,57,CO,False,600.0000610351562,600.0000610351562,,,
BeijingAir_Tiantan,DLinear,spike,3,8609,3644,0.49207401275634766,MSE,0.012429267168045044,0.4373423457145691,input,58.0,57,O3,False,53.0,53.0,,,
BeijingAir_Tiantan,DLinear,spike,3,8609,3644,0.49207401275634766,MSE,0.012429267168045044,0.4373423457145691,input,58.0,57,TEMP,False,0.07500076293945312,0.07500076293945312,,,
BeijingAir_Tiantan,DLinear,spike,3,8609,3644,0.49207401275634766,MSE,0.012429267168045044,0.4373423457145691,input,58.0,57,PRES,False,1024.0,1024.0,,,
BeijingAir_Tiantan,DLinear,spike,3,8609,3644,0.49207401275634766,MSE,0.012429267168045044,0.4373423457145691,input,58.0,57,DEWP,True,-23.600000381469727,-23.600000381469727,,,
BeijingAir_Tiantan,DLinear,spike,3,8609,3644,0.49207401275634766,MSE,0.012429267168045044,0.4373423457145691,input,58.0,57,RAIN,False,0.0,0.0,,,
BeijingAir_Tiantan,DLinear,spike,3,8609,3644,0.49207401275634766,MSE,0.012429267168045044,0.4373423457145691,input,58.0,57,WSPM,False,3.5999999046325684,3.5999999046325684,,,
BeijingAir_Tiantan,DLinear,spike,3,8609,3644,0.49207401275634766,MSE,0.012429267168045044,0.4373423457145691,input,58.0,57,wd,False,14.0,14.0,,,
BeijingAir_Tiantan,DLinear,spike,3,8609,3644,0.49207401275634766,MSE,0.012429267168045044,0.4373423457145691,input,59.0,58,PM2.5,True,11.0,11.0,,,
BeijingAir_Tiantan,DLinear,spike,3,8609,3644,0.49207401275634766,MSE,0.012429267168045044,0.4373423457145691,input,59.0,58,PM10,False,32.0,32.0,,,
BeijingAir_Tiantan,DLinear,spike,3,8609,3644,0.49207401275634766,MSE,0.012429267168045044,0.4373423457145691,input,59.0,58,SO2,True,18.0,18.0,,,
BeijingAir_Tiantan,DLinear,spike,3,8609,3644,0.49207401275634766,MSE,0.012429267168045044,0.4373423457145691,input,59.0,58,NO2,False,44.0,44.0,,,
BeijingAir_Tiantan,DLinear,spike,3,8609,3644,0.49207401275634766,MSE,0.012429267168045044,0.4373423457145691,input,59.0,58,CO,False,600.0000610351562,600.0000610351562,,,
BeijingAir_Tiantan,DLinear,spike,3,8609,3644,0.49207401275634766,MSE,0.012429267168045044,0.4373423457145691,input,59.0,58,O3,False,55.0,55.0,,,
BeijingAir_Tiantan,DLinear,spike,3,8609,3644,0.49207401275634766,MSE,0.012429267168045044,0.4373423457145691,input,59.0,58,TEMP,False,-0.4999990463256836,-0.4999990463256836,,,
BeijingAir_Tiantan,DLinear,spike,3,8609,3644,0.49207401275634766,MSE,0.012429267168045044,0.4373423457145691,input,59.0,58,PRES,False,1024.75,1024.75,,,
BeijingAir_Tiantan,DLinear,spike,3,8609,3644,0.49207401275634766,MSE,0.012429267168045044,0.4373423457145691,input,59.0,58,DEWP,True,-23.0,-23.0,,,
BeijingAir_Tiantan,DLinear,spike,3,8609,3644,0.49207401275634766,MSE,0.012429267168045044,0.4373423457145691,input,59.0,58,RAIN,False,0.0,0.0,,,
BeijingAir_Tiantan,DLinear,spike,3,8609,3644,0.49207401275634766,MSE,0.012429267168045044,0.4373423457145691,input,59.0,58,WSPM,False,3.4000000953674316,3.4000000953674316,,,
BeijingAir_Tiantan,DLinear,spike,3,8609,3644,0.49207401275634766,MSE,0.012429267168045044,0.4373423457145691,input,59.0,58,wd,False,14.0,14.0,,,
BeijingAir_Tiantan,DLinear,spike,3,8609,3644,0.49207401275634766,MSE,0.012429267168045044,0.4373423457145691,input,60.0,59,PM2.5,True,18.0,18.0,,,
BeijingAir_Tiantan,DLinear,spike,3,8609,3644,0.49207401275634766,MSE,0.012429267168045044,0.4373423457145691,input,60.0,59,PM10,False,34.0,34.0,,,
BeijingAir_Tiantan,DLinear,spike,3,8609,3644,0.49207401275634766,MSE,0.012429267168045044,0.4373423457145691,input,60.0,59,SO2,True,14.0,14.0,,,
BeijingAir_Tiantan,DLinear,spike,3,8609,3644,0.49207401275634766,MSE,0.012429267168045044,0.4373423457145691,input,60.0,59,NO2,False,41.0,41.0,,,
BeijingAir_Tiantan,DLinear,spike,3,8609,3644,0.49207401275634766,MSE,0.012429267168045044,0.4373423457145691,input,60.0,59,CO,False,500.0,500.0,,,
BeijingAir_Tiantan,DLinear,spike,3,8609,3644,0.49207401275634766,MSE,0.012429267168045044,0.4373423457145691,input,60.0,59,O3,False,47.0,47.0,,,
BeijingAir_Tiantan,DLinear,spike,3,8609,3644,0.49207401275634766,MSE,0.012429267168045044,0.4373423457145691,input,60.0,59,TEMP,False,-0.8000001907348633,-0.8000001907348633,,,
BeijingAir_Tiantan,DLinear,spike,3,8609,3644,0.49207401275634766,MSE,0.012429267168045044,0.4373423457145691,input,60.0,59,PRES,False,1025.0,1025.0,,,
BeijingAir_Tiantan,DLinear,spike,3,8609,3644,0.49207401275634766,MSE,0.012429267168045044,0.4373423457145691,input,60.0,59,DEWP,True,-23.0,-23.0,,,
BeijingAir_Tiantan,DLinear,spike,3,8609,3644,0.49207401275634766,MSE,0.012429267168045044,0.4373423457145691,input,60.0,59,RAIN,False,0.0,0.0,,,
BeijingAir_Tiantan,DLinear,spike,3,8609,3644,0.49207401275634766,MSE,0.012429267168045044,0.4373423457145691,input,60.0,59,WSPM,False,2.5,2.5,,,
BeijingAir_Tiantan,DLinear,spike,3,8609,3644,0.49207401275634766,MSE,0.012429267168045044,0.4373423457145691,input,60.0,59,wd,False,2.0,2.0,,,
BeijingAir_Tiantan,DLinear,spike,3,8609,3644,0.49207401275634766,MSE,0.012429267168045044,0.4373423457145691,input,61.0,60,PM2.5,True,6.0,6.0,,,
BeijingAir_Tiantan,DLinear,spike,3,8609,3644,0.49207401275634766,MSE,0.012429267168045044,0.4373423457145691,input,61.0,60,PM10,False,35.0,35.0,,,
BeijingAir_Tiantan,DLinear,spike,3,8609,3644,0.49207401275634766,MSE,0.012429267168045044,0.4373423457145691,input,61.0,60,SO2,True,17.0,17.0,,,
BeijingAir_Tiantan,DLinear,spike,3,8609,3644,0.49207401275634766,MSE,0.012429267168045044,0.4373423457145691,input,61.0,60,NO2,False,52.0,52.0,,,
BeijingAir_Tiantan,DLinear,spike,3,8609,3644,0.49207401275634766,MSE,0.012429267168045044,0.4373423457145691,input,61.0,60,CO,False,500.0,500.0,,,
BeijingAir_Tiantan,DLinear,spike,3,8609,3644,0.49207401275634766,MSE,0.012429267168045044,0.4373423457145691,input,61.0,60,O3,False,43.0,43.0,,,
BeijingAir_Tiantan,DLinear,spike,3,8609,3644,0.49207401275634766,MSE,0.012429267168045044,0.4373423457145691,input,61.0,60,TEMP,False,-1.5500011444091797,-1.5500011444091797,,,
BeijingAir_Tiantan,DLinear,spike,3,8609,3644,0.49207401275634766,MSE,0.012429267168045044,0.4373423457145691,input,61.0,60,PRES,False,1026.0,1026.0,,,
BeijingAir_Tiantan,DLinear,spike,3,8609,3644,0.49207401275634766,MSE,0.012429267168045044,0.4373423457145691,input,61.0,60,DEWP,True,-22.700000762939453,-22.700000762939453,,,
BeijingAir_Tiantan,DLinear,spike,3,8609,3644,0.49207401275634766,MSE,0.012429267168045044,0.4373423457145691,input,61.0,60,RAIN,False,0.0,0.0,,,
BeijingAir_Tiantan,DLinear,spike,3,8609,3644,0.49207401275634766,MSE,0.012429267168045044,0.4373423457145691,input,61.0,60,WSPM,False,0.6000000238418579,0.6000000238418579,,,
BeijingAir_Tiantan,DLinear,spike,3,8609,3644,0.49207401275634766,MSE,0.012429267168045044,0.4373423457145691,input,61.0,60,wd,False,6.0,6.0,,,
BeijingAir_Tiantan,DLinear,spike,3,8609,3644,0.49207401275634766,MSE,0.012429267168045044,0.4373423457145691,input,62.0,61,PM2.5,True,14.0,14.0,,,
BeijingAir_Tiantan,DLinear,spike,3,8609,3644,0.49207401275634766,MSE,0.012429267168045044,0.4373423457145691,input,62.0,61,PM10,False,36.0,36.0,,,
BeijingAir_Tiantan,DLinear,spike,3,8609,3644,0.49207401275634766,MSE,0.012429267168045044,0.4373423457145691,input,62.0,61,SO2,True,6.0,6.0,,,
BeijingAir_Tiantan,DLinear,spike,3,8609,3644,0.49207401275634766,MSE,0.012429267168045044,0.4373423457145691,input,62.0,61,NO2,False,57.0,57.0,,,
BeijingAir_Tiantan,DLinear,spike,3,8609,3644,0.49207401275634766,MSE,0.012429267168045044,0.4373423457145691,input,62.0,61,CO,False,600.0000610351562,600.0000610351562,,,
BeijingAir_Tiantan,DLinear,spike,3,8609,3644,0.49207401275634766,MSE,0.012429267168045044,0.4373423457145691,input,62.0,61,O3,False,30.0,30.0,,,
BeijingAir_Tiantan,DLinear,spike,3,8609,3644,0.49207401275634766,MSE,0.012429267168045044,0.4373423457145691,input,62.0,61,TEMP,False,-2.424999237060547,-2.424999237060547,,,
BeijingAir_Tiantan,DLinear,spike,3,8609,3644,0.49207401275634766,MSE,0.012429267168045044,0.4373423457145691,input,62.0,61,PRES,False,1026.0,1026.0,,,
BeijingAir_Tiantan,DLinear,spike,3,8609,3644,0.49207401275634766,MSE,0.012429267168045044,0.4373423457145691,input,62.0,61,DEWP,True,-22.100000381469727,-22.100000381469727,,,
BeijingAir_Tiantan,DLinear,spike,3,8609,3644,0.49207401275634766,MSE,0.012429267168045044,0.4373423457145691,input,62.0,61,RAIN,False,0.0,0.0,,,
BeijingAir_Tiantan,DLinear,spike,3,8609,3644,0.49207401275634766,MSE,0.012429267168045044,0.4373423457145691,input,62.0,61,WSPM,False,2.200000047683716,2.200000047683716,,,
BeijingAir_Tiantan,DLinear,spike,3,8609,3644,0.49207401275634766,MSE,0.012429267168045044,0.4373423457145691,input,62.0,61,wd,False,2.0,2.0,,,
BeijingAir_Tiantan,DLinear,spike,3,8609,3644,0.49207401275634766,MSE,0.012429267168045044,0.4373423457145691,input,63.0,62,PM2.5,True,14.0,14.0,,,
BeijingAir_Tiantan,DLinear,spike,3,8609,3644,0.49207401275634766,MSE,0.012429267168045044,0.4373423457145691,input,63.0,62,PM10,False,32.0,32.0,,,
BeijingAir_Tiantan,DLinear,spike,3,8609,3644,0.49207401275634766,MSE,0.012429267168045044,0.4373423457145691,input,63.0,62,SO2,True,18.0,18.0,,,
BeijingAir_Tiantan,DLinear,spike,3,8609,3644,0.49207401275634766,MSE,0.012429267168045044,0.4373423457145691,input,63.0,62,NO2,False,48.0,48.0,,,
BeijingAir_Tiantan,DLinear,spike,3,8609,3644,0.49207401275634766,MSE,0.012429267168045044,0.4373423457145691,input,63.0,62,CO,False,600.0000610351562,600.0000610351562,,,
BeijingAir_Tiantan,DLinear,spike,3,8609,3644,0.49207401275634766,MSE,0.012429267168045044,0.4373423457145691,input,63.0,62,O3,False,35.0,35.0,,,
BeijingAir_Tiantan,DLinear,spike,3,8609,3644,0.49207401275634766,MSE,0.012429267168045044,0.4373423457145691,input,63.0,62,TEMP,False,-2.450000762939453,-2.450000762939453,,,
BeijingAir_Tiantan,DLinear,spike,3,8609,3644,0.49207401275634766,MSE,0.012429267168045044,0.4373423457145691,input,63.0,62,PRES,False,1026.5,1026.5,,,
BeijingAir_Tiantan,DLinear,spike,3,8609,3644,0.49207401275634766,MSE,0.012429267168045044,0.4373423457145691,input,63.0,62,DEWP,True,-22.600000381469727,-22.600000381469727,,,
BeijingAir_Tiantan,DLinear,spike,3,8609,3644,0.49207401275634766,MSE,0.012429267168045044,0.4373423457145691,input,63.0,62,RAIN,False,0.0,0.0,,,
BeijingAir_Tiantan,DLinear,spike,3,8609,3644,0.49207401275634766,MSE,0.012429267168045044,0.4373423457145691,input,63.0,62,WSPM,False,1.2000000476837158,1.2000000476837158,,,
BeijingAir_Tiantan,DLinear,spike,3,8609,3644,0.49207401275634766,MSE,0.012429267168045044,0.4373423457145691,input,63.0,62,wd,False,2.0,2.0,,,
BeijingAir_Tiantan,DLinear,spike,3,8609,3644,0.49207401275634766,MSE,0.012429267168045044,0.4373423457145691,input,64.0,63,PM2.5,True,8.0,8.0,,,
BeijingAir_Tiantan,DLinear,spike,3,8609,3644,0.49207401275634766,MSE,0.012429267168045044,0.4373423457145691,input,64.0,63,PM10,False,35.0,35.0,,,
BeijingAir_Tiantan,DLinear,spike,3,8609,3644,0.49207401275634766,MSE,0.012429267168045044,0.4373423457145691,input,64.0,63,SO2,True,8.0,8.0,,,
BeijingAir_Tiantan,DLinear,spike,3,8609,3644,0.49207401275634766,MSE,0.012429267168045044,0.4373423457145691,input,64.0,63,NO2,False,53.0,53.0,,,
BeijingAir_Tiantan,DLinear,spike,3,8609,3644,0.49207401275634766,MSE,0.012429267168045044,0.4373423457145691,input,64.0,63,CO,False,700.0,700.0,,,
BeijingAir_Tiantan,DLinear,spike,3,8609,3644,0.49207401275634766,MSE,0.012429267168045044,0.4373423457145691,input,64.0,63,O3,False,29.0,29.0,,,
BeijingAir_Tiantan,DLinear,spike,3,8609,3644,0.49207401275634766,MSE,0.012429267168045044,0.4373423457145691,input,64.0,63,TEMP,False,-4.125,-4.125,,,
BeijingAir_Tiantan,DLinear,spike,3,8609,3644,0.49207401275634766,MSE,0.012429267168045044,0.4373423457145691,input,64.0,63,PRES,False,1027.0,1027.0,,,
BeijingAir_Tiantan,DLinear,spike,3,8609,3644,0.49207401275634766,MSE,0.012429267168045044,0.4373423457145691,input,64.0,63,DEWP,True,-21.600000381469727,-21.600000381469727,,,
BeijingAir_Tiantan,DLinear,spike,3,8609,3644,0.49207401275634766,MSE,0.012429267168045044,0.4373423457145691,input,64.0,63,RAIN,False,0.0,0.0,,,
BeijingAir_Tiantan,DLinear,spike,3,8609,3644,0.49207401275634766,MSE,0.012429267168045044,0.4373423457145691,input,64.0,63,WSPM,False,2.9000000953674316,2.9000000953674316,,,
BeijingAir_Tiantan,DLinear,spike,3,8609,3644,0.49207401275634766,MSE,0.012429267168045044,0.4373423457145691,input,64.0,63,wd,False,2.0,2.0,,,
BeijingAir_Tiantan,DLinear,spike,3,8609,3644,0.49207401275634766,MSE,0.012429267168045044,0.4373423457145691,input,65.0,64,PM2.5,True,15.0,15.0,,,
BeijingAir_Tiantan,DLinear,spike,3,8609,3644,0.49207401275634766,MSE,0.012429267168045044,0.4373423457145691,input,65.0,64,PM10,False,21.0,21.0,,,
BeijingAir_Tiantan,DLinear,spike,3,8609,3644,0.49207401275634766,MSE,0.012429267168045044,0.4373423457145691,input,65.0,64,SO2,True,11.0,11.0,,,
BeijingAir_Tiantan,DLinear,spike,3,8609,3644,0.49207401275634766,MSE,0.012429267168045044,0.4373423457145691,input,65.0,64,NO2,False,48.0,48.0,,,
BeijingAir_Tiantan,DLinear,spike,3,8609,3644,0.49207401275634766,MSE,0.012429267168045044,0.4373423457145691,input,65.0,64,CO,False,600.0000610351562,600.0000610351562,,,
BeijingAir_Tiantan,DLinear,spike,3,8609,3644,0.49207401275634766,MSE,0.012429267168045044,0.4373423457145691,input,65.0,64,O3,False,28.0,28.0,,,
BeijingAir_Tiantan,DLinear,spike,3,8609,3644,0.49207401275634766,MSE,0.012429267168045044,0.4373423457145691,input,65.0,64,TEMP,False,-4.149999618530273,-4.149999618530273,,,
BeijingAir_Tiantan,DLinear,spike,3,8609,3644,0.49207401275634766,MSE,0.012429267168045044,0.4373423457145691,input,65.0,64,PRES,False,1027.25,1027.25,,,
BeijingAir_Tiantan,DLinear,spike,3,8609,3644,0.49207401275634766,MSE,0.012429267168045044,0.4373423457145691,input,65.0,64,DEWP,True,-22.600000381469727,-22.600000381469727,,,
BeijingAir_Tiantan,DLinear,spike,3,8609,3644,0.49207401275634766,MSE,0.012429267168045044,0.4373423457145691,input,65.0,64,RAIN,False,0.0,0.0,,,
BeijingAir_Tiantan,DLinear,spike,3,8609,3644,0.49207401275634766,MSE,0.012429267168045044,0.4373423457145691,input,65.0,64,WSPM,False,2.5999999046325684,2.5999999046325684,,,
BeijingAir_Tiantan,DLinear,spike,3,8609,3644,0.49207401275634766,MSE,0.012429267168045044,0.4373423457145691,input,65.0,64,wd,False,2.0,2.0,,,
BeijingAir_Tiantan,DLinear,spike,3,8609,3644,0.49207401275634766,MSE,0.012429267168045044,0.4373423457145691,input,66.0,65,PM2.5,True,20.0,20.0,,,
BeijingAir_Tiantan,DLinear,spike,3,8609,3644,0.49207401275634766,MSE,0.012429267168045044,0.4373423457145691,input,66.0,65,PM10,False,21.0,21.0,,,
BeijingAir_Tiantan,DLinear,spike,3,8609,3644,0.49207401275634766,MSE,0.012429267168045044,0.4373423457145691,input,66.0,65,SO2,True,7.0,7.0,,,
BeijingAir_Tiantan,DLinear,spike,3,8609,3644,0.49207401275634766,MSE,0.012429267168045044,0.4373423457145691,input,66.0,65,NO2,False,40.0,40.0,,,
BeijingAir_Tiantan,DLinear,spike,3,8609,3644,0.49207401275634766,MSE,0.012429267168045044,0.4373423457145691,input,66.0,65,CO,False,600.0000610351562,600.0000610351562,,,
BeijingAir_Tiantan,DLinear,spike,3,8609,3644,0.49207401275634766,MSE,0.012429267168045044,0.4373423457145691,input,66.0,65,O3,False,44.0,44.0,,,
BeijingAir_Tiantan,DLinear,spike,3,8609,3644,0.49207401275634766,MSE,0.012429267168045044,0.4373423457145691,input,66.0,65,TEMP,False,-4.875,-4.875,,,
BeijingAir_Tiantan,DLinear,spike,3,8609,3644,0.49207401275634766,MSE,0.012429267168045044,0.4373423457145691,input,66.0,65,PRES,False,1027.5,1027.5,,,
BeijingAir_Tiantan,DLinear,spike,3,8609,3644,0.49207401275634766,MSE,0.012429267168045044,0.4373423457145691,input,66.0,65,DEWP,True,-21.700000762939453,-21.700000762939453,,,
BeijingAir_Tiantan,DLinear,spike,3,8609,3644,0.49207401275634766,MSE,0.012429267168045044,0.4373423457145691,input,66.0,65,RAIN,False,0.0,0.0,,,
BeijingAir_Tiantan,DLinear,spike,3,8609,3644,0.49207401275634766,MSE,0.012429267168045044,0.4373423457145691,input,66.0,65,WSPM,False,1.600000023841858,1.600000023841858,,,
BeijingAir_Tiantan,DLinear,spike,3,8609,3644,0.49207401275634766,MSE,0.012429267168045044,0.4373423457145691,input,66.0,65,wd,False,2.0,2.0,,,
BeijingAir_Tiantan,DLinear,spike,3,8609,3644,0.49207401275634766,MSE,0.012429267168045044,0.4373423457145691,input,67.0,66,PM2.5,True,11.0,11.0,,,
BeijingAir_Tiantan,DLinear,spike,3,8609,3644,0.49207401275634766,MSE,0.012429267168045044,0.4373423457145691,input,67.0,66,PM10,False,9.0,9.0,,,
BeijingAir_Tiantan,DLinear,spike,3,8609,3644,0.49207401275634766,MSE,0.012429267168045044,0.4373423457145691,input,67.0,66,SO2,True,3.0,3.0,,,
BeijingAir_Tiantan,DLinear,spike,3,8609,3644,0.49207401275634766,MSE,0.012429267168045044,0.4373423457145691,input,67.0,66,NO2,False,50.0,50.0,,,
BeijingAir_Tiantan,DLinear,spike,3,8609,3644,0.49207401275634766,MSE,0.012429267168045044,0.4373423457145691,input,67.0,66,CO,False,600.0000610351562,600.0000610351562,,,
BeijingAir_Tiantan,DLinear,spike,3,8609,3644,0.49207401275634766,MSE,0.012429267168045044,0.4373423457145691,input,67.0,66,O3,False,32.0,32.0,,,
BeijingAir_Tiantan,DLinear,spike,3,8609,3644,0.49207401275634766,MSE,0.012429267168045044,0.4373423457145691,input,67.0,66,TEMP,False,-5.024999618530273,-5.024999618530273,,,
BeijingAir_Tiantan,DLinear,spike,3,8609,3644,0.49207401275634766,MSE,0.012429267168045044,0.4373423457145691,input,67.0,66,PRES,False,1027.25,1027.25,,,
BeijingAir_Tiantan,DLinear,spike,3,8609,3644,0.49207401275634766,MSE,0.012429267168045044,0.4373423457145691,input,67.0,66,DEWP,True,-21.700000762939453,-21.700000762939453,,,
BeijingAir_Tiantan,DLinear,spike,3,8609,3644,0.49207401275634766,MSE,0.012429267168045044,0.4373423457145691,input,67.0,66,RAIN,False,0.0,0.0,,,
BeijingAir_Tiantan,DLinear,spike,3,8609,3644,0.49207401275634766,MSE,0.012429267168045044,0.4373423457145691,input,67.0,66,WSPM,False,3.0999999046325684,3.0999999046325684,,,
BeijingAir_Tiantan,DLinear,spike,3,8609,3644,0.49207401275634766,MSE,0.012429267168045044,0.4373423457145691,input,67.0,66,wd,False,2.0,2.0,,,
BeijingAir_Tiantan,DLinear,spike,3,8609,3644,0.49207401275634766,MSE,0.012429267168045044,0.4373423457145691,input,68.0,67,PM2.5,True,14.0,14.0,,,
BeijingAir_Tiantan,DLinear,spike,3,8609,3644,0.49207401275634766,MSE,0.012429267168045044,0.4373423457145691,input,68.0,67,PM10,False,24.0,24.0,,,
BeijingAir_Tiantan,DLinear,spike,3,8609,3644,0.49207401275634766,MSE,0.012429267168045044,0.4373423457145691,input,68.0,67,SO2,True,12.0,12.0,,,
BeijingAir_Tiantan,DLinear,spike,3,8609,3644,0.49207401275634766,MSE,0.012429267168045044,0.4373423457145691,input,68.0,67,NO2,False,60.0,60.0,,,
BeijingAir_Tiantan,DLinear,spike,3,8609,3644,0.49207401275634766,MSE,0.012429267168045044,0.4373423457145691,input,68.0,67,CO,False,700.0,700.0,,,
BeijingAir_Tiantan,DLinear,spike,3,8609,3644,0.49207401275634766,MSE,0.012429267168045044,0.4373423457145691,input,68.0,67,O3,False,22.0,22.0,,,
BeijingAir_Tiantan,DLinear,spike,3,8609,3644,0.49207401275634766,MSE,0.012429267168045044,0.4373423457145691,input,68.0,67,TEMP,False,-4.94999885559082,-4.94999885559082,,,
BeijingAir_Tiantan,DLinear,spike,3,8609,3644,0.49207401275634766,MSE,0.012429267168045044,0.4373423457145691,input,68.0,67,PRES,False,1027.75,1027.75,,,
BeijingAir_Tiantan,DLinear,spike,3,8609,3644,0.49207401275634766,MSE,0.012429267168045044,0.4373423457145691,input,68.0,67,DEWP,True,-21.899999618530273,-21.899999618530273,,,
BeijingAir_Tiantan,DLinear,spike,3,8609,3644,0.49207401275634766,MSE,0.012429267168045044,0.4373423457145691,input,68.0,67,RAIN,False,0.0,0.0,,,
BeijingAir_Tiantan,DLinear,spike,3,8609,3644,0.49207401275634766,MSE,0.012429267168045044,0.4373423457145691,input,68.0,67,WSPM,False,1.7999999523162842,1.7999999523162842,,,
BeijingAir_Tiantan,DLinear,spike,3,8609,3644,0.49207401275634766,MSE,0.012429267168045044,0.4373423457145691,input,68.0,67,wd,False,2.0,2.0,,,
BeijingAir_Tiantan,DLinear,spike,3,8609,3644,0.49207401275634766,MSE,0.012429267168045044,0.4373423457145691,input,69.0,68,PM2.5,True,17.0,17.0,,,
BeijingAir_Tiantan,DLinear,spike,3,8609,3644,0.49207401275634766,MSE,0.012429267168045044,0.4373423457145691,input,69.0,68,PM10,False,39.0,39.0,,,
BeijingAir_Tiantan,DLinear,spike,3,8609,3644,0.49207401275634766,MSE,0.012429267168045044,0.4373423457145691,input,69.0,68,SO2,True,15.0,15.0,,,
BeijingAir_Tiantan,DLinear,spike,3,8609,3644,0.49207401275634766,MSE,0.012429267168045044,0.4373423457145691,input,69.0,68,NO2,False,67.0,67.0,,,
BeijingAir_Tiantan,DLinear,spike,3,8609,3644,0.49207401275634766,MSE,0.012429267168045044,0.4373423457145691,input,69.0,68,CO,False,700.0,700.0,,,
BeijingAir_Tiantan,DLinear,spike,3,8609,3644,0.49207401275634766,MSE,0.012429267168045044,0.4373423457145691,input,69.0,68,O3,False,22.0,22.0,,,
BeijingAir_Tiantan,DLinear,spike,3,8609,3644,0.49207401275634766,MSE,0.012429267168045044,0.4373423457145691,input,69.0,68,TEMP,False,-5.600000381469727,-5.600000381469727,,,
BeijingAir_Tiantan,DLinear,spike,3,8609,3644,0.49207401275634766,MSE,0.012429267168045044,0.4373423457145691,input,69.0,68,PRES,False,1028.25,1028.25,,,
BeijingAir_Tiantan,DLinear,spike,3,8609,3644,0.49207401275634766,MSE,0.012429267168045044,0.4373423457145691,input,69.0,68,DEWP,True,-22.0,-22.0,,,
BeijingAir_Tiantan,DLinear,spike,3,8609,3644,0.49207401275634766,MSE,0.012429267168045044,0.4373423457145691,input,69.0,68,RAIN,False,0.0,0.0,,,
BeijingAir_Tiantan,DLinear,spike,3,8609,3644,0.49207401275634766,MSE,0.012429267168045044,0.4373423457145691,input,69.0,68,WSPM,False,1.5,1.5,,,
BeijingAir_Tiantan,DLinear,spike,3,8609,3644,0.49207401275634766,MSE,0.012429267168045044,0.4373423457145691,input,69.0,68,wd,False,2.0,2.0,,,
BeijingAir_Tiantan,DLinear,spike,3,8609,3644,0.49207401275634766,MSE,0.012429267168045044,0.4373423457145691,input,70.0,69,PM2.5,True,14.0,14.0,,,
BeijingAir_Tiantan,DLinear,spike,3,8609,3644,0.49207401275634766,MSE,0.012429267168045044,0.4373423457145691,input,70.0,69,PM10,False,41.0,41.0,,,
BeijingAir_Tiantan,DLinear,spike,3,8609,3644,0.49207401275634766,MSE,0.012429267168045044,0.4373423457145691,input,70.0,69,SO2,True,8.0,8.0,,,
BeijingAir_Tiantan,DLinear,spike,3,8609,3644,0.49207401275634766,MSE,0.012429267168045044,0.4373423457145691,input,70.0,69,NO2,False,62.0,62.0,,,
BeijingAir_Tiantan,DLinear,spike,3,8609,3644,0.49207401275634766,MSE,0.012429267168045044,0.4373423457145691,input,70.0,69,CO,False,900.0,900.0,,,
BeijingAir_Tiantan,DLinear,spike,3,8609,3644,0.49207401275634766,MSE,0.012429267168045044,0.4373423457145691,input,70.0,69,O3,False,32.0,32.0,,,
BeijingAir_Tiantan,DLinear,spike,3,8609,3644,0.49207401275634766,MSE,0.012429267168045044,0.4373423457145691,input,70.0,69,TEMP,False,-4.80000114440918,-4.80000114440918,,,
BeijingAir_Tiantan,DLinear,spike,3,8609,3644,0.49207401275634766,MSE,0.012429267168045044,0.4373423457145691,input,70.0,69,PRES,False,1029.0,1029.0,,,
BeijingAir_Tiantan,DLinear,spike,3,8609,3644,0.49207401275634766,MSE,0.012429267168045044,0.4373423457145691,input,70.0,69,DEWP,True,-20.899999618530273,-20.899999618530273,,,
BeijingAir_Tiantan,DLinear,spike,3,8609,3644,0.49207401275634766,MSE,0.012429267168045044,0.4373423457145691,input,70.0,69,RAIN,False,0.0,0.0,,,
BeijingAir_Tiantan,DLinear,spike,3,8609,3644,0.49207401275634766,MSE,0.012429267168045044,0.4373423457145691,input,70.0,69,WSPM,False,2.9000000953674316,2.9000000953674316,,,
BeijingAir_Tiantan,DLinear,spike,3,8609,3644,0.49207401275634766,MSE,0.012429267168045044,0.4373423457145691,input,70.0,69,wd,False,2.0,2.0,,,
BeijingAir_Tiantan,DLinear,spike,3,8609,3644,0.49207401275634766,MSE,0.012429267168045044,0.4373423457145691,input,71.0,70,PM2.5,True,17.0,17.0,,,
BeijingAir_Tiantan,DLinear,spike,3,8609,3644,0.49207401275634766,MSE,0.012429267168045044,0.4373423457145691,input,71.0,70,PM10,False,30.0,30.0,,,
BeijingAir_Tiantan,DLinear,spike,3,8609,3644,0.49207401275634766,MSE,0.012429267168045044,0.4373423457145691,input,71.0,70,SO2,True,23.0,23.0,,,
BeijingAir_Tiantan,DLinear,spike,3,8609,3644,0.49207401275634766,MSE,0.012429267168045044,0.4373423457145691,input,71.0,70,NO2,False,52.0,52.0,,,
BeijingAir_Tiantan,DLinear,spike,3,8609,3644,0.49207401275634766,MSE,0.012429267168045044,0.4373423457145691,input,71.0,70,CO,False,900.0,900.0,,,
BeijingAir_Tiantan,DLinear,spike,3,8609,3644,0.49207401275634766,MSE,0.012429267168045044,0.4373423457145691,input,71.0,70,O3,False,35.0,35.0,,,
BeijingAir_Tiantan,DLinear,spike,3,8609,3644,0.49207401275634766,MSE,0.012429267168045044,0.4373423457145691,input,71.0,70,TEMP,False,-2.575000762939453,-2.575000762939453,,,
BeijingAir_Tiantan,DLinear,spike,3,8609,3644,0.49207401275634766,MSE,0.012429267168045044,0.4373423457145691,input,71.0,70,PRES,False,1030.0,1030.0,,,
BeijingAir_Tiantan,DLinear,spike,3,8609,3644,0.49207401275634766,MSE,0.012429267168045044,0.4373423457145691,input,71.0,70,DEWP,True,-21.700000762939453,-21.700000762939453,,,
BeijingAir_Tiantan,DLinear,spike,3,8609,3644,0.49207401275634766,MSE,0.012429267168045044,0.4373423457145691,input,71.0,70,RAIN,False,0.0,0.0,,,
BeijingAir_Tiantan,DLinear,spike,3,8609,3644,0.49207401275634766,MSE,0.012429267168045044,0.4373423457145691,input,71.0,70,WSPM,False,3.5999999046325684,3.5999999046325684,,,
BeijingAir_Tiantan,DLinear,spike,3,8609,3644,0.49207401275634766,MSE,0.012429267168045044,0.4373423457145691,input,71.0,70,wd,False,2.0,2.0,,,
BeijingAir_Tiantan,DLinear,spike,3,8609,3644,0.49207401275634766,MSE,0.012429267168045044,0.4373423457145691,input,72.0,71,PM2.5,True,15.0,15.0,,,
BeijingAir_Tiantan,DLinear,spike,3,8609,3644,0.49207401275634766,MSE,0.012429267168045044,0.4373423457145691,input,72.0,71,PM10,False,34.0,34.0,,,
BeijingAir_Tiantan,DLinear,spike,3,8609,3644,0.49207401275634766,MSE,0.012429267168045044,0.4373423457145691,input,72.0,71,SO2,True,14.0,14.0,,,
BeijingAir_Tiantan,DLinear,spike,3,8609,3644,0.49207401275634766,MSE,0.012429267168045044,0.4373423457145691,input,72.0,71,NO2,False,47.0,47.0,,,
BeijingAir_Tiantan,DLinear,spike,3,8609,3644,0.49207401275634766,MSE,0.012429267168045044,0.4373423457145691,input,72.0,71,CO,False,800.0,800.0,,,
BeijingAir_Tiantan,DLinear,spike,3,8609,3644,0.49207401275634766,MSE,0.012429267168045044,0.4373423457145691,input,72.0,71,O3,False,42.0,42.0,,,
BeijingAir_Tiantan,DLinear,spike,3,8609,3644,0.49207401275634766,MSE,0.012429267168045044,0.4373423457145691,input,72.0,71,TEMP,False,-1.4749994277954102,-1.4749994277954102,,,
BeijingAir_Tiantan,DLinear,spike,3,8609,3644,0.49207401275634766,MSE,0.012429267168045044,0.4373423457145691,input,72.0,71,PRES,False,1030.0,1030.0,,,
BeijingAir_Tiantan,DLinear,spike,3,8609,3644,0.49207401275634766,MSE,0.012429267168045044,0.4373423457145691,input,72.0,71,DEWP,True,-22.0,-22.0,,,
BeijingAir_Tiantan,DLinear,spike,3,8609,3644,0.49207401275634766,MSE,0.012429267168045044,0.4373423457145691,input,72.0,71,RAIN,False,0.0,0.0,,,
BeijingAir_Tiantan,DLinear,spike,3,8609,3644,0.49207401275634766,MSE,0.012429267168045044,0.4373423457145691,input,72.0,71,WSPM,False,3.0,3.0,,,
BeijingAir_Tiantan,DLinear,spike,3,8609,3644,0.49207401275634766,MSE,0.012429267168045044,0.4373423457145691,input,72.0,71,wd,False,2.0,2.0,,,
BeijingAir_Tiantan,DLinear,spike,3,8609,3644,0.49207401275634766,MSE,0.012429267168045044,0.4373423457145691,input,73.0,72,PM2.5,True,15.0,15.0,,,
BeijingAir_Tiantan,DLinear,spike,3,8609,3644,0.49207401275634766,MSE,0.012429267168045044,0.4373423457145691,input,73.0,72,PM10,False,16.0,16.0,,,
BeijingAir_Tiantan,DLinear,spike,3,8609,3644,0.49207401275634766,MSE,0.012429267168045044,0.4373423457145691,input,73.0,72,SO2,True,9.0,9.0,,,
BeijingAir_Tiantan,DLinear,spike,3,8609,3644,0.49207401275634766,MSE,0.012429267168045044,0.4373423457145691,input,73.0,72,NO2,False,39.0,39.0,,,
BeijingAir_Tiantan,DLinear,spike,3,8609,3644,0.49207401275634766,MSE,0.012429267168045044,0.4373423457145691,input,73.0,72,CO,False,600.0000610351562,600.0000610351562,,,
BeijingAir_Tiantan,DLinear,spike,3,8609,3644,0.49207401275634766,MSE,0.012429267168045044,0.4373423457145691,input,73.0,72,O3,False,56.0,56.0,,,
BeijingAir_Tiantan,DLinear,spike,3,8609,3644,0.49207401275634766,MSE,0.012429267168045044,0.4373423457145691,input,73.0,72,TEMP,False,-0.17499923706054688,-0.17499923706054688,,,
BeijingAir_Tiantan,DLinear,spike,3,8609,3644,0.49207401275634766,MSE,0.012429267168045044,0.4373423457145691,input,73.0,72,PRES,False,1029.75,1029.75,,,
BeijingAir_Tiantan,DLinear,spike,3,8609,3644,0.49207401275634766,MSE,0.012429267168045044,0.4373423457145691,input,73.0,72,DEWP,True,-22.5,-22.5,,,
BeijingAir_Tiantan,DLinear,spike,3,8609,3644,0.49207401275634766,MSE,0.012429267168045044,0.4373423457145691,input,73.0,72,RAIN,False,0.0,0.0,,,
BeijingAir_Tiantan,DLinear,spike,3,8609,3644,0.49207401275634766,MSE,0.012429267168045044,0.4373423457145691,input,73.0,72,WSPM,False,1.2999999523162842,1.2999999523162842,,,
BeijingAir_Tiantan,DLinear,spike,3,8609,3644,0.49207401275634766,MSE,0.012429267168045044,0.4373423457145691,input,73.0,72,wd,False,2.0,2.0,,,
BeijingAir_Tiantan,DLinear,spike,3,8609,3644,0.49207401275634766,MSE,0.012429267168045044,0.4373423457145691,input,74.0,73,PM2.5,True,11.0,11.0,,,
BeijingAir_Tiantan,DLinear,spike,3,8609,3644,0.49207401275634766,MSE,0.012429267168045044,0.4373423457145691,input,74.0,73,PM10,False,11.000007629394531,11.000007629394531,,,
BeijingAir_Tiantan,DLinear,spike,3,8609,3644,0.49207401275634766,MSE,0.012429267168045044,0.4373423457145691,input,74.0,73,SO2,True,3.0,3.0,,,
BeijingAir_Tiantan,DLinear,spike,3,8609,3644,0.49207401275634766,MSE,0.012429267168045044,0.4373423457145691,input,74.0,73,NO2,False,32.0,32.0,,,
BeijingAir_Tiantan,DLinear,spike,3,8609,3644,0.49207401275634766,MSE,0.012429267168045044,0.4373423457145691,input,74.0,73,CO,False,500.0,500.0,,,
BeijingAir_Tiantan,DLinear,spike,3,8609,3644,0.49207401275634766,MSE,0.012429267168045044,0.4373423457145691,input,74.0,73,O3,False,59.0,59.0,,,
BeijingAir_Tiantan,DLinear,spike,3,8609,3644,0.49207401275634766,MSE,0.012429267168045044,0.4373423457145691,input,74.0,73,TEMP,False,1.0749998092651367,1.0749998092651367,,,
BeijingAir_Tiantan,DLinear,spike,3,8609,3644,0.49207401275634766,MSE,0.012429267168045044,0.4373423457145691,input,74.0,73,PRES,False,1028.75,1028.75,,,
BeijingAir_Tiantan,DLinear,spike,3,8609,3644,0.49207401275634766,MSE,0.012429267168045044,0.4373423457145691,input,74.0,73,DEWP,True,-22.899999618530273,-22.899999618530273,,,
BeijingAir_Tiantan,DLinear,spike,3,8609,3644,0.49207401275634766,MSE,0.012429267168045044,0.4373423457145691,input,74.0,73,RAIN,False,0.0,0.0,,,
BeijingAir_Tiantan,DLinear,spike,3,8609,3644,0.49207401275634766,MSE,0.012429267168045044,0.4373423457145691,input,74.0,73,WSPM,False,1.7000000476837158,1.7000000476837158,,,
BeijingAir_Tiantan,DLinear,spike,3,8609,3644,0.49207401275634766,MSE,0.012429267168045044,0.4373423457145691,input,74.0,73,wd,False,2.0,2.0,,,
BeijingAir_Tiantan,DLinear,spike,3,8609,3644,0.49207401275634766,MSE,0.012429267168045044,0.4373423457145691,input,75.0,74,PM2.5,True,13.0,13.0,,,
BeijingAir_Tiantan,DLinear,spike,3,8609,3644,0.49207401275634766,MSE,0.012429267168045044,0.4373423457145691,input,75.0,74,PM10,False,29.0,29.0,,,
BeijingAir_Tiantan,DLinear,spike,3,8609,3644,0.49207401275634766,MSE,0.012429267168045044,0.4373423457145691,input,75.0,74,SO2,True,2.0,2.0,,,
BeijingAir_Tiantan,DLinear,spike,3,8609,3644,0.49207401275634766,MSE,0.012429267168045044,0.4373423457145691,input,75.0,74,NO2,False,27.0,27.0,,,
BeijingAir_Tiantan,DLinear,spike,3,8609,3644,0.49207401275634766,MSE,0.012429267168045044,0.4373423457145691,input,75.0,74,CO,False,500.0,500.0,,,
BeijingAir_Tiantan,DLinear,spike,3,8609,3644,0.49207401275634766,MSE,0.012429267168045044,0.4373423457145691,input,75.0,74,O3,False,66.0,66.0,,,
BeijingAir_Tiantan,DLinear,spike,3,8609,3644,0.49207401275634766,MSE,0.012429267168045044,0.4373423457145691,input,75.0,74,TEMP,False,1.9600000381469727,1.9600000381469727,,,
BeijingAir_Tiantan,DLinear,spike,3,8609,3644,0.49207401275634766,MSE,0.012429267168045044,0.4373423457145691,input,75.0,74,PRES,False,1028.0,1028.0,,,
BeijingAir_Tiantan,DLinear,spike,3,8609,3644,0.49207401275634766,MSE,0.012429267168045044,0.4373423457145691,input,75.0,74,DEWP,True,-23.5,-23.5,,,
BeijingAir_Tiantan,DLinear,spike,3,8609,3644,0.49207401275634766,MSE,0.012429267168045044,0.4373423457145691,input,75.0,74,RAIN,False,0.0,0.0,,,
BeijingAir_Tiantan,DLinear,spike,3,8609,3644,0.49207401275634766,MSE,0.012429267168045044,0.4373423457145691,input,75.0,74,WSPM,False,2.5,2.5,,,
BeijingAir_Tiantan,DLinear,spike,3,8609,3644,0.49207401275634766,MSE,0.012429267168045044,0.4373423457145691,input,75.0,74,wd,False,6.0,6.0,,,
BeijingAir_Tiantan,DLinear,spike,3,8609,3644,0.49207401275634766,MSE,0.012429267168045044,0.4373423457145691,input,76.0,75,PM2.5,True,9.0,9.0,,,
BeijingAir_Tiantan,DLinear,spike,3,8609,3644,0.49207401275634766,MSE,0.012429267168045044,0.4373423457145691,input,76.0,75,PM10,False,34.0,34.0,,,
BeijingAir_Tiantan,DLinear,spike,3,8609,3644,0.49207401275634766,MSE,0.012429267168045044,0.4373423457145691,input,76.0,75,SO2,True,2.0,2.0,,,
BeijingAir_Tiantan,DLinear,spike,3,8609,3644,0.49207401275634766,MSE,0.012429267168045044,0.4373423457145691,input,76.0,75,NO2,False,28.0,28.0,,,
BeijingAir_Tiantan,DLinear,spike,3,8609,3644,0.49207401275634766,MSE,0.012429267168045044,0.4373423457145691,input,76.0,75,CO,False,500.0,500.0,,,
BeijingAir_Tiantan,DLinear,spike,3,8609,3644,0.49207401275634766,MSE,0.012429267168045044,0.4373423457145691,input,76.0,75,O3,False,65.0,65.0,,,
BeijingAir_Tiantan,DLinear,spike,3,8609,3644,0.49207401275634766,MSE,0.012429267168045044,0.4373423457145691,input,76.0,75,TEMP,False,2.633333206176758,2.633333206176758,,,
BeijingAir_Tiantan,DLinear,spike,3,8609,3644,0.49207401275634766,MSE,0.012429267168045044,0.4373423457145691,input,76.0,75,PRES,False,1028.0,1028.0,,,
BeijingAir_Tiantan,DLinear,spike,3,8609,3644,0.49207401275634766,MSE,0.012429267168045044,0.4373423457145691,input,76.0,75,DEWP,True,-24.0,-24.0,,,
BeijingAir_Tiantan,DLinear,spike,3,8609,3644,0.49207401275634766,MSE,0.012429267168045044,0.4373423457145691,input,76.0,75,RAIN,False,0.0,0.0,,,
BeijingAir_Tiantan,DLinear,spike,3,8609,3644,0.49207401275634766,MSE,0.012429267168045044,0.4373423457145691,input,76.0,75,WSPM,False,2.0999999046325684,2.0999999046325684,,,
BeijingAir_Tiantan,DLinear,spike,3,8609,3644,0.49207401275634766,MSE,0.012429267168045044,0.4373423457145691,input,76.0,75,wd,False,6.0,6.0,,,
BeijingAir_Tiantan,DLinear,spike,3,8609,3644,0.49207401275634766,MSE,0.012429267168045044,0.4373423457145691,input,77.0,76,PM2.5,True,19.0,19.0,,,
BeijingAir_Tiantan,DLinear,spike,3,8609,3644,0.49207401275634766,MSE,0.012429267168045044,0.4373423457145691,input,77.0,76,PM10,False,49.0,49.0,,,
BeijingAir_Tiantan,DLinear,spike,3,8609,3644,0.49207401275634766,MSE,0.012429267168045044,0.4373423457145691,input,77.0,76,SO2,True,15.0,15.0,,,
BeijingAir_Tiantan,DLinear,spike,3,8609,3644,0.49207401275634766,MSE,0.012429267168045044,0.4373423457145691,input,77.0,76,NO2,False,41.0,41.0,,,
BeijingAir_Tiantan,DLinear,spike,3,8609,3644,0.49207401275634766,MSE,0.012429267168045044,0.4373423457145691,input,77.0,76,CO,False,600.0000610351562,600.0000610351562,,,
BeijingAir_Tiantan,DLinear,spike,3,8609,3644,0.49207401275634766,MSE,0.012429267168045044,0.4373423457145691,input,77.0,76,O3,False,57.0,57.0,,,
BeijingAir_Tiantan,DLinear,spike,3,8609,3644,0.49207401275634766,MSE,0.012429267168045044,0.4373423457145691,input,77.0,76,TEMP,False,2.6499996185302734,2.6499996185302734,,,
BeijingAir_Tiantan,DLinear,spike,3,8609,3644,0.49207401275634766,MSE,0.012429267168045044,0.4373423457145691,input,77.0,76,PRES,False,1028.0,1028.0,,,
BeijingAir_Tiantan,DLinear,spike,3,8609,3644,0.49207401275634766,MSE,0.012429267168045044,0.4373423457145691,input,77.0,76,DEWP,True,-22.299999237060547,-22.299999237060547,,,
BeijingAir_Tiantan,DLinear,spike,3,8609,3644,0.49207401275634766,MSE,0.012429267168045044,0.4373423457145691,input,77.0,76,RAIN,False,0.0,0.0,,,
BeijingAir_Tiantan,DLinear,spike,3,8609,3644,0.49207401275634766,MSE,0.012429267168045044,0.4373423457145691,input,77.0,76,WSPM,False,2.4000000953674316,2.4000000953674316,,,
BeijingAir_Tiantan,DLinear,spike,3,8609,3644,0.49207401275634766,MSE,0.012429267168045044,0.4373423457145691,input,77.0,76,wd,False,2.0,2.0,,,
BeijingAir_Tiantan,DLinear,spike,3,8609,3644,0.49207401275634766,MSE,0.012429267168045044,0.4373423457145691,input,78.0,77,PM2.5,True,23.0,23.0,,,
BeijingAir_Tiantan,DLinear,spike,3,8609,3644,0.49207401275634766,MSE,0.012429267168045044,0.4373423457145691,input,78.0,77,PM10,False,45.0,45.0,,,
BeijingAir_Tiantan,DLinear,spike,3,8609,3644,0.49207401275634766,MSE,0.012429267168045044,0.4373423457145691,input,78.0,77,SO2,True,5.0,5.0,,,
BeijingAir_Tiantan,DLinear,spike,3,8609,3644,0.49207401275634766,MSE,0.012429267168045044,0.4373423457145691,input,78.0,77,NO2,False,47.0,47.0,,,
BeijingAir_Tiantan,DLinear,spike,3,8609,3644,0.49207401275634766,MSE,0.012429267168045044,0.4373423457145691,input,78.0,77,CO,False,600.0000610351562,600.0000610351562,,,
BeijingAir_Tiantan,DLinear,spike,3,8609,3644,0.49207401275634766,MSE,0.012429267168045044,0.4373423457145691,input,78.0,77,O3,False,57.0,57.0,,,
BeijingAir_Tiantan,DLinear,spike,3,8609,3644,0.49207401275634766,MSE,0.012429267168045044,0.4373423457145691,input,78.0,77,TEMP,False,1.7250003814697266,1.7250003814697266,,,
BeijingAir_Tiantan,DLinear,spike,3,8609,3644,0.49207401275634766,MSE,0.012429267168045044,0.4373423457145691,input,78.0,77,PRES,False,1028.5,1028.5,,,
BeijingAir_Tiantan,DLinear,spike,3,8609,3644,0.49207401275634766,MSE,0.012429267168045044,0.4373423457145691,input,78.0,77,DEWP,True,-23.0,-23.0,,,
BeijingAir_Tiantan,DLinear,spike,3,8609,3644,0.49207401275634766,MSE,0.012429267168045044,0.4373423457145691,input,78.0,77,RAIN,False,0.0,0.0,,,
BeijingAir_Tiantan,DLinear,spike,3,8609,3644,0.49207401275634766,MSE,0.012429267168045044,0.4373423457145691,input,78.0,77,WSPM,False,1.600000023841858,1.600000023841858,,,
BeijingAir_Tiantan,DLinear,spike,3,8609,3644,0.49207401275634766,MSE,0.012429267168045044,0.4373423457145691,input,78.0,77,wd,False,6.0,6.0,,,
BeijingAir_Tiantan,DLinear,spike,3,8609,3644,0.49207401275634766,MSE,0.012429267168045044,0.4373423457145691,input,79.0,78,PM2.5,True,29.0,29.0,,,
BeijingAir_Tiantan,DLinear,spike,3,8609,3644,0.49207401275634766,MSE,0.012429267168045044,0.4373423457145691,input,79.0,78,PM10,False,52.000003814697266,52.000003814697266,,,
BeijingAir_Tiantan,DLinear,spike,3,8609,3644,0.49207401275634766,MSE,0.012429267168045044,0.4373423457145691,input,79.0,78,SO2,True,18.0,18.0,,,
BeijingAir_Tiantan,DLinear,spike,3,8609,3644,0.49207401275634766,MSE,0.012429267168045044,0.4373423457145691,input,79.0,78,NO2,False,52.0,52.0,,,
BeijingAir_Tiantan,DLinear,spike,3,8609,3644,0.49207401275634766,MSE,0.012429267168045044,0.4373423457145691,input,79.0,78,CO,False,800.0,800.0,,,
BeijingAir_Tiantan,DLinear,spike,3,8609,3644,0.49207401275634766,MSE,0.012429267168045044,0.4373423457145691,input,79.0,78,O3,False,44.0,44.0,,,
BeijingAir_Tiantan,DLinear,spike,3,8609,3644,0.49207401275634766,MSE,0.012429267168045044,0.4373423457145691,input,79.0,78,TEMP,False,0.75,0.75,,,
BeijingAir_Tiantan,DLinear,spike,3,8609,3644,0.49207401275634766,MSE,0.012429267168045044,0.4373423457145691,input,79.0,78,PRES,False,1029.25,1029.25,,,
BeijingAir_Tiantan,DLinear,spike,3,8609,3644,0.49207401275634766,MSE,0.012429267168045044,0.4373423457145691,input,79.0,78,DEWP,True,-22.100000381469727,-22.100000381469727,,,
BeijingAir_Tiantan,DLinear,spike,3,8609,3644,0.49207401275634766,MSE,0.012429267168045044,0.4373423457145691,input,79.0,78,RAIN,False,0.0,0.0,,,
BeijingAir_Tiantan,DLinear,spike,3,8609,3644,0.49207401275634766,MSE,0.012429267168045044,0.4373423457145691,input,79.0,78,WSPM,False,1.7000000476837158,1.7000000476837158,,,
BeijingAir_Tiantan,DLinear,spike,3,8609,3644,0.49207401275634766,MSE,0.012429267168045044,0.4373423457145691,input,79.0,78,wd,False,6.0,6.0,,,
BeijingAir_Tiantan,DLinear,spike,3,8609,3644,0.49207401275634766,MSE,0.012429267168045044,0.4373423457145691,input,80.0,79,PM2.5,True,33.0,33.0,,,
BeijingAir_Tiantan,DLinear,spike,3,8609,3644,0.49207401275634766,MSE,0.012429267168045044,0.4373423457145691,input,80.0,79,PM10,False,79.0,79.0,,,
BeijingAir_Tiantan,DLinear,spike,3,8609,3644,0.49207401275634766,MSE,0.012429267168045044,0.4373423457145691,input,80.0,79,SO2,True,31.0,31.0,,,
BeijingAir_Tiantan,DLinear,spike,3,8609,3644,0.49207401275634766,MSE,0.012429267168045044,0.4373423457145691,input,80.0,79,NO2,False,76.0,76.0,,,
BeijingAir_Tiantan,DLinear,spike,3,8609,3644,0.49207401275634766,MSE,0.012429267168045044,0.4373423457145691,input,80.0,79,CO,False,1500.0,1500.0,,,
BeijingAir_Tiantan,DLinear,spike,3,8609,3644,0.49207401275634766,MSE,0.012429267168045044,0.4373423457145691,input,80.0,79,O3,False,15.0,15.0,,,
BeijingAir_Tiantan,DLinear,spike,3,8609,3644,0.49207401275634766,MSE,0.012429267168045044,0.4373423457145691,input,80.0,79,TEMP,False,-0.10000038146972656,-0.10000038146972656,,,
BeijingAir_Tiantan,DLinear,spike,3,8609,3644,0.49207401275634766,MSE,0.012429267168045044,0.4373423457145691,input,80.0,79,PRES,False,1030.0,1030.0,,,
BeijingAir_Tiantan,DLinear,spike,3,8609,3644,0.49207401275634766,MSE,0.012429267168045044,0.4373423457145691,input,80.0,79,DEWP,True,-19.600000381469727,-19.600000381469727,,,
BeijingAir_Tiantan,DLinear,spike,3,8609,3644,0.49207401275634766,MSE,0.012429267168045044,0.4373423457145691,input,80.0,79,RAIN,False,0.0,0.0,,,
BeijingAir_Tiantan,DLinear,spike,3,8609,3644,0.49207401275634766,MSE,0.012429267168045044,0.4373423457145691,input,80.0,79,WSPM,False,1.399999976158142,1.399999976158142,,,
BeijingAir_Tiantan,DLinear,spike,3,8609,3644,0.49207401275634766,MSE,0.012429267168045044,0.4373423457145691,input,80.0,79,wd,False,6.0,6.0,,,
BeijingAir_Tiantan,DLinear,spike,3,8609,3644,0.49207401275634766,MSE,0.012429267168045044,0.4373423457145691,input,81.0,80,PM2.5,True,51.0,351.7958984375,,,
BeijingAir_Tiantan,DLinear,spike,3,8609,3644,0.49207401275634766,MSE,0.012429267168045044,0.4373423457145691,input,81.0,80,PM10,False,94.0,94.0,,,
BeijingAir_Tiantan,DLinear,spike,3,8609,3644,0.49207401275634766,MSE,0.012429267168045044,0.4373423457145691,input,81.0,80,SO2,True,35.0,35.0,,,
BeijingAir_Tiantan,DLinear,spike,3,8609,3644,0.49207401275634766,MSE,0.012429267168045044,0.4373423457145691,input,81.0,80,NO2,False,95.0,95.0,,,
BeijingAir_Tiantan,DLinear,spike,3,8609,3644,0.49207401275634766,MSE,0.012429267168045044,0.4373423457145691,input,81.0,80,CO,False,2300.0,2300.0,,,
BeijingAir_Tiantan,DLinear,spike,3,8609,3644,0.49207401275634766,MSE,0.012429267168045044,0.4373423457145691,input,81.0,80,O3,False,1.0,1.0,,,
BeijingAir_Tiantan,DLinear,spike,3,8609,3644,0.49207401275634766,MSE,0.012429267168045044,0.4373423457145691,input,81.0,80,TEMP,False,-0.5749998092651367,-0.5749998092651367,,,
BeijingAir_Tiantan,DLinear,spike,3,8609,3644,0.49207401275634766,MSE,0.012429267168045044,0.4373423457145691,input,81.0,80,PRES,False,1030.0,1030.0,,,
BeijingAir_Tiantan,DLinear,spike,3,8609,3644,0.49207401275634766,MSE,0.012429267168045044,0.4373423457145691,input,81.0,80,DEWP,True,-18.600000381469727,-18.600000381469727,,,
BeijingAir_Tiantan,DLinear,spike,3,8609,3644,0.49207401275634766,MSE,0.012429267168045044,0.4373423457145691,input,81.0,80,RAIN,False,0.0,0.0,,,
BeijingAir_Tiantan,DLinear,spike,3,8609,3644,0.49207401275634766,MSE,0.012429267168045044,0.4373423457145691,input,81.0,80,WSPM,False,2.299999952316284,2.299999952316284,,,
BeijingAir_Tiantan,DLinear,spike,3,8609,3644,0.49207401275634766,MSE,0.012429267168045044,0.4373423457145691,input,81.0,80,wd,False,6.0,6.0,,,
BeijingAir_Tiantan,DLinear,spike,3,8609,3644,0.49207401275634766,MSE,0.012429267168045044,0.4373423457145691,input,82.0,81,PM2.5,True,50.0,50.0,,,
BeijingAir_Tiantan,DLinear,spike,3,8609,3644,0.49207401275634766,MSE,0.012429267168045044,0.4373423457145691,input,82.0,81,PM10,False,121.0,121.0,,,
BeijingAir_Tiantan,DLinear,spike,3,8609,3644,0.49207401275634766,MSE,0.012429267168045044,0.4373423457145691,input,82.0,81,SO2,True,29.0,29.0,,,
BeijingAir_Tiantan,DLinear,spike,3,8609,3644,0.49207401275634766,MSE,0.012429267168045044,0.4373423457145691,input,82.0,81,NO2,False,91.0,91.0,,,
BeijingAir_Tiantan,DLinear,spike,3,8609,3644,0.49207401275634766,MSE,0.012429267168045044,0.4373423457145691,input,82.0,81,CO,False,1800.0,1800.0,,,
BeijingAir_Tiantan,DLinear,spike,3,8609,3644,0.49207401275634766,MSE,0.012429267168045044,0.4373423457145691,input,82.0,81,O3,False,12.0,12.0,,,
BeijingAir_Tiantan,DLinear,spike,3,8609,3644,0.49207401275634766,MSE,0.012429267168045044,0.4373423457145691,input,82.0,81,TEMP,False,-1.4000005722045898,-1.4000005722045898,,,
BeijingAir_Tiantan,DLinear,spike,3,8609,3644,0.49207401275634766,MSE,0.012429267168045044,0.4373423457145691,input,82.0,81,PRES,False,1031.0,1031.0,,,
BeijingAir_Tiantan,DLinear,spike,3,8609,3644,0.49207401275634766,MSE,0.012429267168045044,0.4373423457145691,input,82.0,81,DEWP,True,-9.600000381469727,-9.600000381469727,,,
BeijingAir_Tiantan,DLinear,spike,3,8609,3644,0.49207401275634766,MSE,0.012429267168045044,0.4373423457145691,input,82.0,81,RAIN,False,0.0,0.0,,,
BeijingAir_Tiantan,DLinear,spike,3,8609,3644,0.49207401275634766,MSE,0.012429267168045044,0.4373423457145691,input,82.0,81,WSPM,False,1.899999976158142,1.899999976158142,,,
BeijingAir_Tiantan,DLinear,spike,3,8609,3644,0.49207401275634766,MSE,0.012429267168045044,0.4373423457145691,input,82.0,81,wd,False,6.0,6.0,,,
BeijingAir_Tiantan,DLinear,spike,3,8609,3644,0.49207401275634766,MSE,0.012429267168045044,0.4373423457145691,input,83.0,82,PM2.5,True,43.0,43.0,,,
BeijingAir_Tiantan,DLinear,spike,3,8609,3644,0.49207401275634766,MSE,0.012429267168045044,0.4373423457145691,input,83.0,82,PM10,False,89.0,89.0,,,
BeijingAir_Tiantan,DLinear,spike,3,8609,3644,0.49207401275634766,MSE,0.012429267168045044,0.4373423457145691,input,83.0,82,SO2,True,13.0,13.0,,,
BeijingAir_Tiantan,DLinear,spike,3,8609,3644,0.49207401275634766,MSE,0.012429267168045044,0.4373423457145691,input,83.0,82,NO2,False,73.0,73.0,,,
BeijingAir_Tiantan,DLinear,spike,3,8609,3644,0.49207401275634766,MSE,0.012429267168045044,0.4373423457145691,input,83.0,82,CO,False,1200.0,1200.0,,,
BeijingAir_Tiantan,DLinear,spike,3,8609,3644,0.49207401275634766,MSE,0.012429267168045044,0.4373423457145691,input,83.0,82,O3,False,12.0,12.0,,,
BeijingAir_Tiantan,DLinear,spike,3,8609,3644,0.49207401275634766,MSE,0.012429267168045044,0.4373423457145691,input,83.0,82,TEMP,False,-1.9249992370605469,-1.9249992370605469,,,
BeijingAir_Tiantan,DLinear,spike,3,8609,3644,0.49207401275634766,MSE,0.012429267168045044,0.4373423457145691,input,83.0,82,PRES,False,1031.5,1031.5,,,
BeijingAir_Tiantan,DLinear,spike,3,8609,3644,0.49207401275634766,MSE,0.012429267168045044,0.4373423457145691,input,83.0,82,DEWP,True,-8.399999618530273,42.94770812988281,,,
BeijingAir_Tiantan,DLinear,spike,3,8609,3644,0.49207401275634766,MSE,0.012429267168045044,0.4373423457145691,input,83.0,82,RAIN,False,0.0,0.0,,,
BeijingAir_Tiantan,DLinear,spike,3,8609,3644,0.49207401275634766,MSE,0.012429267168045044,0.4373423457145691,input,83.0,82,WSPM,False,2.0,2.0,,,
BeijingAir_Tiantan,DLinear,spike,3,8609,3644,0.49207401275634766,MSE,0.012429267168045044,0.4373423457145691,input,83.0,82,wd,False,10.0,10.0,,,
BeijingAir_Tiantan,DLinear,spike,3,8609,3644,0.49207401275634766,MSE,0.012429267168045044,0.4373423457145691,input,84.0,83,PM2.5,True,32.0,32.0,,,
BeijingAir_Tiantan,DLinear,spike,3,8609,3644,0.49207401275634766,MSE,0.012429267168045044,0.4373423457145691,input,84.0,83,PM10,False,80.0,80.0,,,
BeijingAir_Tiantan,DLinear,spike,3,8609,3644,0.49207401275634766,MSE,0.012429267168045044,0.4373423457145691,input,84.0,83,SO2,True,17.0,17.0,,,
BeijingAir_Tiantan,DLinear,spike,3,8609,3644,0.49207401275634766,MSE,0.012429267168045044,0.4373423457145691,input,84.0,83,NO2,False,57.0,57.0,,,
BeijingAir_Tiantan,DLinear,spike,3,8609,3644,0.49207401275634766,MSE,0.012429267168045044,0.4373423457145691,input,84.0,83,CO,False,1200.0,1200.0,,,
BeijingAir_Tiantan,DLinear,spike,3,8609,3644,0.49207401275634766,MSE,0.012429267168045044,0.4373423457145691,input,84.0,83,O3,False,29.0,29.0,,,
BeijingAir_Tiantan,DLinear,spike,3,8609,3644,0.49207401275634766,MSE,0.012429267168045044,0.4373423457145691,input,84.0,83,TEMP,False,-2.6499996185302734,-2.6499996185302734,,,
BeijingAir_Tiantan,DLinear,spike,3,8609,3644,0.49207401275634766,MSE,0.012429267168045044,0.4373423457145691,input,84.0,83,PRES,False,1032.25,1032.25,,,
BeijingAir_Tiantan,DLinear,spike,3,8609,3644,0.49207401275634766,MSE,0.012429267168045044,0.4373423457145691,input,84.0,83,DEWP,True,-8.30000114440918,-8.30000114440918,,,
BeijingAir_Tiantan,DLinear,spike,3,8609,3644,0.49207401275634766,MSE,0.012429267168045044,0.4373423457145691,input,84.0,83,RAIN,False,0.0,0.0,,,
BeijingAir_Tiantan,DLinear,spike,3,8609,3644,0.49207401275634766,MSE,0.012429267168045044,0.4373423457145691,input,84.0,83,WSPM,False,2.0,2.0,,,
BeijingAir_Tiantan,DLinear,spike,3,8609,3644,0.49207401275634766,MSE,0.012429267168045044,0.4373423457145691,input,84.0,83,wd,False,10.0,10.0,,,
BeijingAir_Tiantan,DLinear,spike,3,8609,3644,0.49207401275634766,MSE,0.012429267168045044,0.4373423457145691,input,85.0,84,PM2.5,True,32.0,32.0,,,
BeijingAir_Tiantan,DLinear,spike,3,8609,3644,0.49207401275634766,MSE,0.012429267168045044,0.4373423457145691,input,85.0,84,PM10,False,62.0,62.0,,,
BeijingAir_Tiantan,DLinear,spike,3,8609,3644,0.49207401275634766,MSE,0.012429267168045044,0.4373423457145691,input,85.0,84,SO2,True,8.0,8.0,,,
BeijingAir_Tiantan,DLinear,spike,3,8609,3644,0.49207401275634766,MSE,0.012429267168045044,0.4373423457145691,input,85.0,84,NO2,False,49.0,49.0,,,
BeijingAir_Tiantan,DLinear,spike,3,8609,3644,0.49207401275634766,MSE,0.012429267168045044,0.4373423457145691,input,85.0,84,CO,False,1100.0,1100.0,,,
BeijingAir_Tiantan,DLinear,spike,3,8609,3644,0.49207401275634766,MSE,0.012429267168045044,0.4373423457145691,input,85.0,84,O3,False,20.0,20.0,,,
BeijingAir_Tiantan,DLinear,spike,3,8609,3644,0.49207401275634766,MSE,0.012429267168045044,0.4373423457145691,input,85.0,84,TEMP,False,-3.5,-3.5,,,
BeijingAir_Tiantan,DLinear,spike,3,8609,3644,0.49207401275634766,MSE,0.012429267168045044,0.4373423457145691,input,85.0,84,PRES,False,1033.0,1033.0,,,
BeijingAir_Tiantan,DLinear,spike,3,8609,3644,0.49207401275634766,MSE,0.012429267168045044,0.4373423457145691,input,85.0,84,DEWP,True,-8.30000114440918,-8.30000114440918,,,
BeijingAir_Tiantan,DLinear,spike,3,8609,3644,0.49207401275634766,MSE,0.012429267168045044,0.4373423457145691,input,85.0,84,RAIN,False,0.0,0.0,,,
BeijingAir_Tiantan,DLinear,spike,3,8609,3644,0.49207401275634766,MSE,0.012429267168045044,0.4373423457145691,input,85.0,84,WSPM,False,1.399999976158142,1.399999976158142,,,
BeijingAir_Tiantan,DLinear,spike,3,8609,3644,0.49207401275634766,MSE,0.012429267168045044,0.4373423457145691,input,85.0,84,wd,False,10.0,10.0,,,
BeijingAir_Tiantan,DLinear,spike,3,8609,3644,0.49207401275634766,MSE,0.012429267168045044,0.4373423457145691,input,86.0,85,PM2.5,True,33.0,33.0,,,
BeijingAir_Tiantan,DLinear,spike,3,8609,3644,0.49207401275634766,MSE,0.012429267168045044,0.4373423457145691,input,86.0,85,PM10,False,52.000003814697266,52.000003814697266,,,
BeijingAir_Tiantan,DLinear,spike,3,8609,3644,0.49207401275634766,MSE,0.012429267168045044,0.4373423457145691,input,86.0,85,SO2,True,2.0,2.0,,,
BeijingAir_Tiantan,DLinear,spike,3,8609,3644,0.49207401275634766,MSE,0.012429267168045044,0.4373423457145691,input,86.0,85,NO2,False,56.0,56.0,,,
BeijingAir_Tiantan,DLinear,spike,3,8609,3644,0.49207401275634766,MSE,0.012429267168045044,0.4373423457145691,input,86.0,85,CO,False,800.0,800.0,,,
BeijingAir_Tiantan,DLinear,spike,3,8609,3644,0.49207401275634766,MSE,0.012429267168045044,0.4373423457145691,input,86.0,85,O3,False,16.0,16.0,,,
BeijingAir_Tiantan,DLinear,spike,3,8609,3644,0.49207401275634766,MSE,0.012429267168045044,0.4373423457145691,input,86.0,85,TEMP,False,-4.0,-4.0,,,
BeijingAir_Tiantan,DLinear,spike,3,8609,3644,0.49207401275634766,MSE,0.012429267168045044,0.4373423457145691,input,86.0,85,PRES,False,1033.0,1033.0,,,
BeijingAir_Tiantan,DLinear,spike,3,8609,3644,0.49207401275634766,MSE,0.012429267168045044,0.4373423457145691,input,86.0,85,DEWP,True,-8.30000114440918,-8.30000114440918,,,
BeijingAir_Tiantan,DLinear,spike,3,8609,3644,0.49207401275634766,MSE,0.012429267168045044,0.4373423457145691,input,86.0,85,RAIN,False,0.0,0.0,,,
BeijingAir_Tiantan,DLinear,spike,3,8609,3644,0.49207401275634766,MSE,0.012429267168045044,0.4373423457145691,input,86.0,85,WSPM,False,0.6000000238418579,0.6000000238418579,,,
BeijingAir_Tiantan,DLinear,spike,3,8609,3644,0.49207401275634766,MSE,0.012429267168045044,0.4373423457145691,input,86.0,85,wd,False,10.0,10.0,,,
BeijingAir_Tiantan,DLinear,spike,3,8609,3644,0.49207401275634766,MSE,0.012429267168045044,0.4373423457145691,input,87.0,86,PM2.5,True,37.000003814697266,37.000003814697266,,,
BeijingAir_Tiantan,DLinear,spike,3,8609,3644,0.49207401275634766,MSE,0.012429267168045044,0.4373423457145691,input,87.0,86,PM10,False,63.0,63.0,,,
BeijingAir_Tiantan,DLinear,spike,3,8609,3644,0.49207401275634766,MSE,0.012429267168045044,0.4373423457145691,input,87.0,86,SO2,True,11.0,11.0,,,
BeijingAir_Tiantan,DLinear,spike,3,8609,3644,0.49207401275634766,MSE,0.012429267168045044,0.4373423457145691,input,87.0,86,NO2,False,67.0,67.0,,,
BeijingAir_Tiantan,DLinear,spike,3,8609,3644,0.49207401275634766,MSE,0.012429267168045044,0.4373423457145691,input,87.0,86,CO,False,1100.0,1100.0,,,
BeijingAir_Tiantan,DLinear,spike,3,8609,3644,0.49207401275634766,MSE,0.012429267168045044,0.4373423457145691,input,87.0,86,O3,False,10.0,10.0,,,
BeijingAir_Tiantan,DLinear,spike,3,8609,3644,0.49207401275634766,MSE,0.012429267168045044,0.4373423457145691,input,87.0,86,TEMP,False,-4.725000381469727,-4.725000381469727,,,
BeijingAir_Tiantan,DLinear,spike,3,8609,3644,0.49207401275634766,MSE,0.012429267168045044,0.4373423457145691,input,87.0,86,PRES,False,1033.0,1033.0,,,
BeijingAir_Tiantan,DLinear,spike,3,8609,3644,0.49207401275634766,MSE,0.012429267168045044,0.4373423457145691,input,87.0,86,DEWP,True,-8.399999618530273,-8.399999618530273,,,
BeijingAir_Tiantan,DLinear,spike,3,8609,3644,0.49207401275634766,MSE,0.012429267168045044,0.4373423457145691,input,87.0,86,RAIN,False,0.0,0.0,,,
BeijingAir_Tiantan,DLinear,spike,3,8609,3644,0.49207401275634766,MSE,0.012429267168045044,0.4373423457145691,input,87.0,86,WSPM,False,0.6999999284744263,0.6999999284744263,,,
BeijingAir_Tiantan,DLinear,spike,3,8609,3644,0.49207401275634766,MSE,0.012429267168045044,0.4373423457145691,input,87.0,86,wd,False,10.0,10.0,,,
BeijingAir_Tiantan,DLinear,spike,3,8609,3644,0.49207401275634766,MSE,0.012429267168045044,0.4373423457145691,input,88.0,87,PM2.5,True,46.0,46.0,,,
BeijingAir_Tiantan,DLinear,spike,3,8609,3644,0.49207401275634766,MSE,0.012429267168045044,0.4373423457145691,input,88.0,87,PM10,False,47.000003814697266,47.000003814697266,,,
BeijingAir_Tiantan,DLinear,spike,3,8609,3644,0.49207401275634766,MSE,0.012429267168045044,0.4373423457145691,input,88.0,87,SO2,True,15.0,15.0,,,
BeijingAir_Tiantan,DLinear,spike,3,8609,3644,0.49207401275634766,MSE,0.012429267168045044,0.4373423457145691,input,88.0,87,NO2,False,56.0,56.0,,,
BeijingAir_Tiantan,DLinear,spike,3,8609,3644,0.49207401275634766,MSE,0.012429267168045044,0.4373423457145691,input,88.0,87,CO,False,700.0,700.0,,,
BeijingAir_Tiantan,DLinear,spike,3,8609,3644,0.49207401275634766,MSE,0.012429267168045044,0.4373423457145691,input,88.0,87,O3,False,26.0,26.0,,,
BeijingAir_Tiantan,DLinear,spike,3,8609,3644,0.49207401275634766,MSE,0.012429267168045044,0.4373423457145691,input,88.0,87,TEMP,False,-4.82499885559082,-4.82499885559082,,,
BeijingAir_Tiantan,DLinear,spike,3,8609,3644,0.49207401275634766,MSE,0.012429267168045044,0.4373423457145691,input,88.0,87,PRES,False,1033.0,1033.0,,,
BeijingAir_Tiantan,DLinear,spike,3,8609,3644,0.49207401275634766,MSE,0.012429267168045044,0.4373423457145691,input,88.0,87,DEWP,True,-8.200000762939453,-8.200000762939453,,,
BeijingAir_Tiantan,DLinear,spike,3,8609,3644,0.49207401275634766,MSE,0.012429267168045044,0.4373423457145691,input,88.0,87,RAIN,False,0.0,0.0,,,
BeijingAir_Tiantan,DLinear,spike,3,8609,3644,0.49207401275634766,MSE,0.012429267168045044,0.4373423457145691,input,88.0,87,WSPM,False,1.2000000476837158,1.2000000476837158,,,
BeijingAir_Tiantan,DLinear,spike,3,8609,3644,0.49207401275634766,MSE,0.012429267168045044,0.4373423457145691,input,88.0,87,wd,False,2.0,2.0,,,
BeijingAir_Tiantan,DLinear,spike,3,8609,3644,0.49207401275634766,MSE,0.012429267168045044,0.4373423457145691,input,89.0,88,PM2.5,True,43.0,43.0,,,
BeijingAir_Tiantan,DLinear,spike,3,8609,3644,0.49207401275634766,MSE,0.012429267168045044,0.4373423457145691,input,89.0,88,PM10,False,64.0,64.0,,,
BeijingAir_Tiantan,DLinear,spike,3,8609,3644,0.49207401275634766,MSE,0.012429267168045044,0.4373423457145691,input,89.0,88,SO2,True,4.0,4.0,,,
BeijingAir_Tiantan,DLinear,spike,3,8609,3644,0.49207401275634766,MSE,0.012429267168045044,0.4373423457145691,input,89.0,88,NO2,False,52.0,52.0,,,
BeijingAir_Tiantan,DLinear,spike,3,8609,3644,0.49207401275634766,MSE,0.012429267168045044,0.4373423457145691,input,89.0,88,CO,False,700.0,700.0,,,
BeijingAir_Tiantan,DLinear,spike,3,8609,3644,0.49207401275634766,MSE,0.012429267168045044,0.4373423457145691,input,89.0,88,O3,False,56.0,56.0,,,
BeijingAir_Tiantan,DLinear,spike,3,8609,3644,0.49207401275634766,MSE,0.012429267168045044,0.4373423457145691,input,89.0,88,TEMP,False,-4.94999885559082,-4.94999885559082,,,
BeijingAir_Tiantan,DLinear,spike,3,8609,3644,0.49207401275634766,MSE,0.012429267168045044,0.4373423457145691,input,89.0,88,PRES,False,1033.0,1033.0,,,
BeijingAir_Tiantan,DLinear,spike,3,8609,3644,0.49207401275634766,MSE,0.012429267168045044,0.4373423457145691,input,89.0,88,DEWP,True,-8.100000381469727,-8.100000381469727,,,
BeijingAir_Tiantan,DLinear,spike,3,8609,3644,0.49207401275634766,MSE,0.012429267168045044,0.4373423457145691,input,89.0,88,RAIN,False,0.0,0.0,,,
BeijingAir_Tiantan,DLinear,spike,3,8609,3644,0.49207401275634766,MSE,0.012429267168045044,0.4373423457145691,input,89.0,88,WSPM,False,1.600000023841858,1.600000023841858,,,
BeijingAir_Tiantan,DLinear,spike,3,8609,3644,0.49207401275634766,MSE,0.012429267168045044,0.4373423457145691,input,89.0,88,wd,False,10.0,10.0,,,
BeijingAir_Tiantan,DLinear,spike,3,8609,3644,0.49207401275634766,MSE,0.012429267168045044,0.4373423457145691,input,90.0,89,PM2.5,True,37.000003814697266,37.000003814697266,,,
BeijingAir_Tiantan,DLinear,spike,3,8609,3644,0.49207401275634766,MSE,0.012429267168045044,0.4373423457145691,input,90.0,89,PM10,False,54.0,54.0,,,
BeijingAir_Tiantan,DLinear,spike,3,8609,3644,0.49207401275634766,MSE,0.012429267168045044,0.4373423457145691,input,90.0,89,SO2,True,5.0,5.0,,,
BeijingAir_Tiantan,DLinear,spike,3,8609,3644,0.49207401275634766,MSE,0.012429267168045044,0.4373423457145691,input,90.0,89,NO2,False,58.0,58.0,,,
BeijingAir_Tiantan,DLinear,spike,3,8609,3644,0.49207401275634766,MSE,0.012429267168045044,0.4373423457145691,input,90.0,89,CO,False,800.0,800.0,,,
BeijingAir_Tiantan,DLinear,spike,3,8609,3644,0.49207401275634766,MSE,0.012429267168045044,0.4373423457145691,input,90.0,89,O3,False,10.0,10.0,,,
BeijingAir_Tiantan,DLinear,spike,3,8609,3644,0.49207401275634766,MSE,0.012429267168045044,0.4373423457145691,input,90.0,89,TEMP,False,-4.05000114440918,-4.05000114440918,,,
BeijingAir_Tiantan,DLinear,spike,3,8609,3644,0.49207401275634766,MSE,0.012429267168045044,0.4373423457145691,input,90.0,89,PRES,False,1032.75,1032.75,,,
BeijingAir_Tiantan,DLinear,spike,3,8609,3644,0.49207401275634766,MSE,0.012429267168045044,0.4373423457145691,input,90.0,89,DEWP,True,-7.900000095367432,-7.900000095367432,,,
BeijingAir_Tiantan,DLinear,spike,3,8609,3644,0.49207401275634766,MSE,0.012429267168045044,0.4373423457145691,input,90.0,89,RAIN,False,0.0,0.0,,,
BeijingAir_Tiantan,DLinear,spike,3,8609,3644,0.49207401275634766,MSE,0.012429267168045044,0.4373423457145691,input,90.0,89,WSPM,False,1.600000023841858,1.600000023841858,,,
BeijingAir_Tiantan,DLinear,spike,3,8609,3644,0.49207401275634766,MSE,0.012429267168045044,0.4373423457145691,input,90.0,89,wd,False,10.0,10.0,,,
BeijingAir_Tiantan,DLinear,spike,3,8609,3644,0.49207401275634766,MSE,0.012429267168045044,0.4373423457145691,input,91.0,90,PM2.5,True,22.0,22.0,,,
BeijingAir_Tiantan,DLinear,spike,3,8609,3644,0.49207401275634766,MSE,0.012429267168045044,0.4373423457145691,input,91.0,90,PM10,False,47.999996185302734,47.999996185302734,,,
BeijingAir_Tiantan,DLinear,spike,3,8609,3644,0.49207401275634766,MSE,0.012429267168045044,0.4373423457145691,input,91.0,90,SO2,True,16.0,16.0,,,
BeijingAir_Tiantan,DLinear,spike,3,8609,3644,0.49207401275634766,MSE,0.012429267168045044,0.4373423457145691,input,91.0,90,NO2,False,52.0,52.0,,,
BeijingAir_Tiantan,DLinear,spike,3,8609,3644,0.49207401275634766,MSE,0.012429267168045044,0.4373423457145691,input,91.0,90,CO,False,800.0,800.0,,,
BeijingAir_Tiantan,DLinear,spike,3,8609,3644,0.49207401275634766,MSE,0.012429267168045044,0.4373423457145691,input,91.0,90,O3,False,31.0,31.0,,,
BeijingAir_Tiantan,DLinear,spike,3,8609,3644,0.49207401275634766,MSE,0.012429267168045044,0.4373423457145691,input,91.0,90,TEMP,False,-4.07499885559082,-4.07499885559082,,,
BeijingAir_Tiantan,DLinear,spike,3,8609,3644,0.49207401275634766,MSE,0.012429267168045044,0.4373423457145691,input,91.0,90,PRES,False,1032.0,1032.0,,,
BeijingAir_Tiantan,DLinear,spike,3,8609,3644,0.49207401275634766,MSE,0.012429267168045044,0.4373423457145691,input,91.0,90,DEWP,True,-8.100000381469727,-8.100000381469727,,,
BeijingAir_Tiantan,DLinear,spike,3,8609,3644,0.49207401275634766,MSE,0.012429267168045044,0.4373423457145691,input,91.0,90,RAIN,False,0.0,0.0,,,
BeijingAir_Tiantan,DLinear,spike,3,8609,3644,0.49207401275634766,MSE,0.012429267168045044,0.4373423457145691,input,91.0,90,WSPM,False,0.6999999284744263,0.6999999284744263,,,
BeijingAir_Tiantan,DLinear,spike,3,8609,3644,0.49207401275634766,MSE,0.012429267168045044,0.4373423457145691,input,91.0,90,wd,False,10.0,10.0,,,
BeijingAir_Tiantan,DLinear,spike,3,8609,3644,0.49207401275634766,MSE,0.012429267168045044,0.4373423457145691,input,92.0,91,PM2.5,True,28.0,28.0,,,
BeijingAir_Tiantan,DLinear,spike,3,8609,3644,0.49207401275634766,MSE,0.012429267168045044,0.4373423457145691,input,92.0,91,PM10,False,45.0,45.0,,,
BeijingAir_Tiantan,DLinear,spike,3,8609,3644,0.49207401275634766,MSE,0.012429267168045044,0.4373423457145691,input,92.0,91,SO2,True,10.0,10.0,,,
BeijingAir_Tiantan,DLinear,spike,3,8609,3644,0.49207401275634766,MSE,0.012429267168045044,0.4373423457145691,input,92.0,91,NO2,False,54.0,54.0,,,
BeijingAir_Tiantan,DLinear,spike,3,8609,3644,0.49207401275634766,MSE,0.012429267168045044,0.4373423457145691,input,92.0,91,CO,False,700.0,700.0,,,
BeijingAir_Tiantan,DLinear,spike,3,8609,3644,0.49207401275634766,MSE,0.012429267168045044,0.4373423457145691,input,92.0,91,O3,False,13.0,13.0,,,
BeijingAir_Tiantan,DLinear,spike,3,8609,3644,0.49207401275634766,MSE,0.012429267168045044,0.4373423457145691,input,92.0,91,TEMP,False,-4.125,-4.125,,,
BeijingAir_Tiantan,DLinear,spike,3,8609,3644,0.49207401275634766,MSE,0.012429267168045044,0.4373423457145691,input,92.0,91,PRES,False,1032.0,1032.0,,,
BeijingAir_Tiantan,DLinear,spike,3,8609,3644,0.49207401275634766,MSE,0.012429267168045044,0.4373423457145691,input,92.0,91,DEWP,True,-8.5,-8.5,,,
BeijingAir_Tiantan,DLinear,spike,3,8609,3644,0.49207401275634766,MSE,0.012429267168045044,0.4373423457145691,input,92.0,91,RAIN,False,0.0,0.0,,,
BeijingAir_Tiantan,DLinear,spike,3,8609,3644,0.49207401275634766,MSE,0.012429267168045044,0.4373423457145691,input,92.0,91,WSPM,False,1.2999999523162842,1.2999999523162842,,,
BeijingAir_Tiantan,DLinear,spike,3,8609,3644,0.49207401275634766,MSE,0.012429267168045044,0.4373423457145691,input,92.0,91,wd,False,10.0,10.0,,,
BeijingAir_Tiantan,DLinear,spike,3,8609,3644,0.49207401275634766,MSE,0.012429267168045044,0.4373423457145691,input,93.0,92,PM2.5,True,33.0,33.0,,,
BeijingAir_Tiantan,DLinear,spike,3,8609,3644,0.49207401275634766,MSE,0.012429267168045044,0.4373423457145691,input,93.0,92,PM10,False,53.0,53.0,,,
BeijingAir_Tiantan,DLinear,spike,3,8609,3644,0.49207401275634766,MSE,0.012429267168045044,0.4373423457145691,input,93.0,92,SO2,True,15.0,15.0,,,
BeijingAir_Tiantan,DLinear,spike,3,8609,3644,0.49207401275634766,MSE,0.012429267168045044,0.4373423457145691,input,93.0,92,NO2,False,48.0,48.0,,,
BeijingAir_Tiantan,DLinear,spike,3,8609,3644,0.49207401275634766,MSE,0.012429267168045044,0.4373423457145691,input,93.0,92,CO,False,700.0,700.0,,,
BeijingAir_Tiantan,DLinear,spike,3,8609,3644,0.49207401275634766,MSE,0.012429267168045044,0.4373423457145691,input,93.0,92,O3,False,15.0,15.0,,,
BeijingAir_Tiantan,DLinear,spike,3,8609,3644,0.49207401275634766,MSE,0.012429267168045044,0.4373423457145691,input,93.0,92,TEMP,False,-4.25,-4.25,,,
BeijingAir_Tiantan,DLinear,spike,3,8609,3644,0.49207401275634766,MSE,0.012429267168045044,0.4373423457145691,input,93.0,92,PRES,False,1031.5,1031.5,,,
BeijingAir_Tiantan,DLinear,spike,3,8609,3644,0.49207401275634766,MSE,0.012429267168045044,0.4373423457145691,input,93.0,92,DEWP,True,-8.700000762939453,-8.700000762939453,,,
BeijingAir_Tiantan,DLinear,spike,3,8609,3644,0.49207401275634766,MSE,0.012429267168045044,0.4373423457145691,input,93.0,92,RAIN,False,0.0,0.0,,,
BeijingAir_Tiantan,DLinear,spike,3,8609,3644,0.49207401275634766,MSE,0.012429267168045044,0.4373423457145691,input,93.0,92,WSPM,False,1.399999976158142,1.399999976158142,,,
BeijingAir_Tiantan,DLinear,spike,3,8609,3644,0.49207401275634766,MSE,0.012429267168045044,0.4373423457145691,input,93.0,92,wd,False,10.0,10.0,,,
BeijingAir_Tiantan,DLinear,spike,3,8609,3644,0.49207401275634766,MSE,0.012429267168045044,0.4373423457145691,input,94.0,93,PM2.5,True,30.0,30.0,,,
BeijingAir_Tiantan,DLinear,spike,3,8609,3644,0.49207401275634766,MSE,0.012429267168045044,0.4373423457145691,input,94.0,93,PM10,False,58.0,58.0,,,
BeijingAir_Tiantan,DLinear,spike,3,8609,3644,0.49207401275634766,MSE,0.012429267168045044,0.4373423457145691,input,94.0,93,SO2,True,12.0,12.0,,,
BeijingAir_Tiantan,DLinear,spike,3,8609,3644,0.49207401275634766,MSE,0.012429267168045044,0.4373423457145691,input,94.0,93,NO2,False,55.0,55.0,,,
BeijingAir_Tiantan,DLinear,spike,3,8609,3644,0.49207401275634766,MSE,0.012429267168045044,0.4373423457145691,input,94.0,93,CO,False,800.0,800.0,,,
BeijingAir_Tiantan,DLinear,spike,3,8609,3644,0.49207401275634766,MSE,0.012429267168045044,0.4373423457145691,input,94.0,93,O3,False,18.0,18.0,,,
BeijingAir_Tiantan,DLinear,spike,3,8609,3644,0.49207401275634766,MSE,0.012429267168045044,0.4373423457145691,input,94.0,93,TEMP,False,-4.024999618530273,-4.024999618530273,,,
BeijingAir_Tiantan,DLinear,spike,3,8609,3644,0.49207401275634766,MSE,0.012429267168045044,0.4373423457145691,input,94.0,93,PRES,False,1031.5,1031.5,,,
BeijingAir_Tiantan,DLinear,spike,3,8609,3644,0.49207401275634766,MSE,0.012429267168045044,0.4373423457145691,input,94.0,93,DEWP,True,-8.899999618530273,-8.899999618530273,,,
BeijingAir_Tiantan,DLinear,spike,3,8609,3644,0.49207401275634766,MSE,0.012429267168045044,0.4373423457145691,input,94.0,93,RAIN,False,0.0,0.0,,,
BeijingAir_Tiantan,DLinear,spike,3,8609,3644,0.49207401275634766,MSE,0.012429267168045044,0.4373423457145691,input,94.0,93,WSPM,False,2.299999952316284,2.299999952316284,,,
BeijingAir_Tiantan,DLinear,spike,3,8609,3644,0.49207401275634766,MSE,0.012429267168045044,0.4373423457145691,input,94.0,93,wd,False,10.0,10.0,,,
BeijingAir_Tiantan,DLinear,spike,3,8609,3644,0.49207401275634766,MSE,0.012429267168045044,0.4373423457145691,input,95.0,94,PM2.5,True,36.0,36.0,,,
BeijingAir_Tiantan,DLinear,spike,3,8609,3644,0.49207401275634766,MSE,0.012429267168045044,0.4373423457145691,input,95.0,94,PM10,False,58.0,58.0,,,
BeijingAir_Tiantan,DLinear,spike,3,8609,3644,0.49207401275634766,MSE,0.012429267168045044,0.4373423457145691,input,95.0,94,SO2,True,6.0,6.0,,,
BeijingAir_Tiantan,DLinear,spike,3,8609,3644,0.49207401275634766,MSE,0.012429267168045044,0.4373423457145691,input,95.0,94,NO2,False,54.0,54.0,,,
BeijingAir_Tiantan,DLinear,spike,3,8609,3644,0.49207401275634766,MSE,0.012429267168045044,0.4373423457145691,input,95.0,94,CO,False,700.0,700.0,,,
BeijingAir_Tiantan,DLinear,spike,3,8609,3644,0.49207401275634766,MSE,0.012429267168045044,0.4373423457145691,input,95.0,94,O3,False,22.0,22.0,,,
BeijingAir_Tiantan,DLinear,spike,3,8609,3644,0.49207401275634766,MSE,0.012429267168045044,0.4373423457145691,input,95.0,94,TEMP,False,-3.674999237060547,-3.674999237060547,,,
BeijingAir_Tiantan,DLinear,spike,3,8609,3644,0.49207401275634766,MSE,0.012429267168045044,0.4373423457145691,input,95.0,94,PRES,False,1031.5,1031.5,,,
BeijingAir_Tiantan,DLinear,spike,3,8609,3644,0.49207401275634766,MSE,0.012429267168045044,0.4373423457145691,input,95.0,94,DEWP,True,-8.899999618530273,-8.899999618530273,,,
BeijingAir_Tiantan,DLinear,spike,3,8609,3644,0.49207401275634766,MSE,0.012429267168045044,0.4373423457145691,input,95.0,94,RAIN,False,0.0,0.0,,,
BeijingAir_Tiantan,DLinear,spike,3,8609,3644,0.49207401275634766,MSE,0.012429267168045044,0.4373423457145691,input,95.0,94,WSPM,False,2.700000047683716,2.700000047683716,,,
BeijingAir_Tiantan,DLinear,spike,3,8609,3644,0.49207401275634766,MSE,0.012429267168045044,0.4373423457145691,input,95.0,94,wd,False,10.0,10.0,,,
BeijingAir_Tiantan,DLinear,spike,3,8609,3644,0.49207401275634766,MSE,0.012429267168045044,0.4373423457145691,input,96.0,95,PM2.5,True,33.999996185302734,33.999996185302734,,,
BeijingAir_Tiantan,DLinear,spike,3,8609,3644,0.49207401275634766,MSE,0.012429267168045044,0.4373423457145691,input,96.0,95,PM10,False,61.0,61.0,,,
BeijingAir_Tiantan,DLinear,spike,3,8609,3644,0.49207401275634766,MSE,0.012429267168045044,0.4373423457145691,input,96.0,95,SO2,True,12.0,12.0,,,
BeijingAir_Tiantan,DLinear,spike,3,8609,3644,0.49207401275634766,MSE,0.012429267168045044,0.4373423457145691,input,96.0,95,NO2,False,36.0,36.0,,,
BeijingAir_Tiantan,DLinear,spike,3,8609,3644,0.49207401275634766,MSE,0.012429267168045044,0.4373423457145691,input,96.0,95,CO,False,700.0,700.0,,,
BeijingAir_Tiantan,DLinear,spike,3,8609,3644,0.49207401275634766,MSE,0.012429267168045044,0.4373423457145691,input,96.0,95,O3,False,35.0,35.0,,,
BeijingAir_Tiantan,DLinear,spike,3,8609,3644,0.49207401275634766,MSE,0.012429267168045044,0.4373423457145691,input,96.0,95,TEMP,False,-2.6599998474121094,-2.6599998474121094,,,
BeijingAir_Tiantan,DLinear,spike,3,8609,3644,0.49207401275634766,MSE,0.012429267168045044,0.4373423457145691,input,96.0,95,PRES,False,1031.0,1031.0,,,
BeijingAir_Tiantan,DLinear,spike,3,8609,3644,0.49207401275634766,MSE,0.012429267168045044,0.4373423457145691,input,96.0,95,DEWP,True,-9.30000114440918,-9.30000114440918,,,
BeijingAir_Tiantan,DLinear,spike,3,8609,3644,0.49207401275634766,MSE,0.012429267168045044,0.4373423457145691,input,96.0,95,RAIN,False,0.0,0.0,,,
BeijingAir_Tiantan,DLinear,spike,3,8609,3644,0.49207401275634766,MSE,0.012429267168045044,0.4373423457145691,input,96.0,95,WSPM,False,1.7999999523162842,1.7999999523162842,,,
BeijingAir_Tiantan,DLinear,spike,3,8609,3644,0.49207401275634766,MSE,0.012429267168045044,0.4373423457145691,input,96.0,95,wd,False,10.0,10.0,,,
BeijingAir_Tiantan,DLinear,spike,3,8609,3644,0.49207401275634766,MSE,0.012429267168045044,0.4373423457145691,forecast,97.0,0,PM2.5,True,,,30.999996185302734,31.75986099243164,15.869461059570312
BeijingAir_Tiantan,DLinear,spike,3,8609,3644,0.49207401275634766,MSE,0.012429267168045044,0.4373423457145691,forecast,98.0,1,PM2.5,True,,,41.0,42.724178314208984,7.858856201171875
BeijingAir_Tiantan,DLinear,spike,3,8609,3644,0.49207401275634766,MSE,0.012429267168045044,0.4373423457145691,forecast,99.0,2,PM2.5,True,,,52.0,44.78444290161133,-11.545143127441406
BeijingAir_Tiantan,DLinear,spike,3,8609,3644,0.49207401275634766,MSE,0.012429267168045044,0.4373423457145691,forecast,100.0,3,PM2.5,True,,,56.0,46.67866897583008,-8.608894348144531
BeijingAir_Tiantan,DLinear,spike,3,8609,3644,0.49207401275634766,MSE,0.012429267168045044,0.4373423457145691,forecast,101.0,4,PM2.5,True,,,59.0,50.34644317626953,-3.0456619262695312
BeijingAir_Tiantan,DLinear,spike,3,8609,3644,0.49207401275634766,MSE,0.012429267168045044,0.4373423457145691,forecast,102.0,5,PM2.5,True,,,67.0,50.326194763183594,3.4216232299804688
