dataset,arch,scenario,pert_idx,sample_id,source_sample_idx,severity,score_metric,clean_sample_score,perturbed_sample_score,segment,time_index,time_step,feature,affected_feature,clean_input,perturbed_input,ground_truth,clean_prediction,perturbed_prediction
traffic,PatchTST,missing_data,7,664,2366,0.4913879036903381,MSE,0.2597235441207886,1.2421997785568235,input,1.0,0,19,True,0.0745000019669532,0.0745000019669532,,,
traffic,PatchTST,missing_data,7,664,2366,0.4913879036903381,MSE,0.2597235441207886,1.2421997785568235,input,1.0,0,188,True,0.1757999956607818,0.1757999956607818,,,
traffic,PatchTST,missing_data,7,664,2366,0.4913879036903381,MSE,0.2597235441207886,1.2421997785568235,input,1.0,0,217,True,0.1027000024914741,0.1027000024914741,,,
traffic,PatchTST,missing_data,7,664,2366,0.4913879036903381,MSE,0.2597235441207886,1.2421997785568235,input,1.0,0,251,True,0.0866999998688697,0.0866999998688697,,,
traffic,PatchTST,missing_data,7,664,2366,0.4913879036903381,MSE,0.2597235441207886,1.2421997785568235,input,1.0,0,353,True,0.0288999993354082,0.0288999993354082,,,
traffic,PatchTST,missing_data,7,664,2366,0.4913879036903381,MSE,0.2597235441207886,1.2421997785568235,input,1.0,0,364,True,0.1568000018596649,0.1568000018596649,,,
traffic,PatchTST,missing_data,7,664,2366,0.4913879036903381,MSE,0.2597235441207886,1.2421997785568235,input,1.0,0,413,True,0.4436999857425689,0.4436999857425689,,,
traffic,PatchTST,missing_data,7,664,2366,0.4913879036903381,MSE,0.2597235441207886,1.2421997785568235,input,1.0,0,693,True,0.0288999993354082,0.0288999993354082,,,
traffic,PatchTST,missing_data,7,664,2366,0.4913879036903381,MSE,0.2597235441207886,1.2421997785568235,input,1.0,0,701,True,0.3379999995231628,0.3379999995231628,,,
traffic,PatchTST,missing_data,7,664,2366,0.4913879036903381,MSE,0.2597235441207886,1.2421997785568235,input,1.0,0,722,True,0.2014999985694885,0.2014999985694885,,,
traffic,PatchTST,missing_data,7,664,2366,0.4913879036903381,MSE,0.2597235441207886,1.2421997785568235,input,1.0,0,840,True,0.5135999917984009,0.5135999917984009,,,
traffic,PatchTST,missing_data,7,664,2366,0.4913879036903381,MSE,0.2597235441207886,1.2421997785568235,input,2.0,1,19,True,0.0663999989628791,0.0663999989628791,,,
traffic,PatchTST,missing_data,7,664,2366,0.4913879036903381,MSE,0.2597235441207886,1.2421997785568235,input,2.0,1,188,True,0.0500999987125396,0.0500999987125396,,,
traffic,PatchTST,missing_data,7,664,2366,0.4913879036903381,MSE,0.2597235441207886,1.2421997785568235,input,2.0,1,217,True,0.0962999984622001,0.0962999984622001,,,
traffic,PatchTST,missing_data,7,664,2366,0.4913879036903381,MSE,0.2597235441207886,1.2421997785568235,input,2.0,1,251,True,0.0887999981641769,0.0887999981641769,,,
traffic,PatchTST,missing_data,7,664,2366,0.4913879036903381,MSE,0.2597235441207886,1.2421997785568235,input,2.0,1,353,True,0.0296000000089406,0.0296000000089406,,,
traffic,PatchTST,missing_data,7,664,2366,0.4913879036903381,MSE,0.2597235441207886,1.2421997785568235,input,2.0,1,364,True,0.1372999995946884,0.1372999995946884,,,
traffic,PatchTST,missing_data,7,664,2366,0.4913879036903381,MSE,0.2597235441207886,1.2421997785568235,input,2.0,1,413,True,0.2788000106811523,0.2788000106811523,,,
traffic,PatchTST,missing_data,7,664,2366,0.4913879036903381,MSE,0.2597235441207886,1.2421997785568235,input,2.0,1,693,True,0.0252000000327825,0.0252000000327825,,,
traffic,PatchTST,missing_data,7,664,2366,0.4913879036903381,MSE,0.2597235441207886,1.2421997785568235,input,2.0,1,701,True,0.0573999993503093,0.0573999993503093,,,
traffic,PatchTST,missing_data,7,664,2366,0.4913879036903381,MSE,0.2597235441207886,1.2421997785568235,input,2.0,1,722,True,0.0372000001370906,0.0372000001370906,,,
traffic,PatchTST,missing_data,7,664,2366,0.4913879036903381,MSE,0.2597235441207886,1.2421997785568235,input,2.0,1,840,True,0.455700010061264,0.455700010061264,,,
traffic,PatchTST,missing_data,7,664,2366,0.4913879036903381,MSE,0.2597235441207886,1.2421997785568235,input,3.0,2,19,True,0.0529999993741512,0.0529999993741512,,,
traffic,PatchTST,missing_data,7,664,2366,0.4913879036903381,MSE,0.2597235441207886,1.2421997785568235,input,3.0,2,188,True,0.0548000000417232,0.0548000000417232,,,
traffic,PatchTST,missing_data,7,664,2366,0.4913879036903381,MSE,0.2597235441207886,1.2421997785568235,input,3.0,2,217,True,0.0833000019192695,0.0833000019192695,,,
traffic,PatchTST,missing_data,7,664,2366,0.4913879036903381,MSE,0.2597235441207886,1.2421997785568235,input,3.0,2,251,True,0.0832000002264976,0.0832000002264976,,,
traffic,PatchTST,missing_data,7,664,2366,0.4913879036903381,MSE,0.2597235441207886,1.2421997785568235,input,3.0,2,353,True,0.0258000008761882,0.0258000008761882,,,
traffic,PatchTST,missing_data,7,664,2366,0.4913879036903381,MSE,0.2597235441207886,1.2421997785568235,input,3.0,2,364,True,0.1220000013709068,0.1220000013709068,,,
traffic,PatchTST,missing_data,7,664,2366,0.4913879036903381,MSE,0.2597235441207886,1.2421997785568235,input,3.0,2,413,True,0.0938000008463859,0.0938000008463859,,,
traffic,PatchTST,missing_data,7,664,2366,0.4913879036903381,MSE,0.2597235441207886,1.2421997785568235,input,3.0,2,693,True,0.0258000008761882,0.0258000008761882,,,
traffic,PatchTST,missing_data,7,664,2366,0.4913879036903381,MSE,0.2597235441207886,1.2421997785568235,input,3.0,2,701,True,0.049600001424551,0.049600001424551,,,
traffic,PatchTST,missing_data,7,664,2366,0.4913879036903381,MSE,0.2597235441207886,1.2421997785568235,input,3.0,2,722,True,0.0359000004827976,0.0359000004827976,,,
traffic,PatchTST,missing_data,7,664,2366,0.4913879036903381,MSE,0.2597235441207886,1.2421997785568235,input,3.0,2,840,True,0.423799991607666,0.423799991607666,,,
traffic,PatchTST,missing_data,7,664,2366,0.4913879036903381,MSE,0.2597235441207886,1.2421997785568235,input,4.0,3,19,True,0.0487999990582466,0.0487999990582466,,,
traffic,PatchTST,missing_data,7,664,2366,0.4913879036903381,MSE,0.2597235441207886,1.2421997785568235,input,4.0,3,188,True,0.0507999993860721,0.0507999993860721,,,
traffic,PatchTST,missing_data,7,664,2366,0.4913879036903381,MSE,0.2597235441207886,1.2421997785568235,input,4.0,3,217,True,0.0784000009298324,0.0784000009298324,,,
traffic,PatchTST,missing_data,7,664,2366,0.4913879036903381,MSE,0.2597235441207886,1.2421997785568235,input,4.0,3,251,True,0.0771000012755394,0.0771000012755394,,,
traffic,PatchTST,missing_data,7,664,2366,0.4913879036903381,MSE,0.2597235441207886,1.2421997785568235,input,4.0,3,353,True,0.0299999993294477,0.0299999993294477,,,
traffic,PatchTST,missing_data,7,664,2366,0.4913879036903381,MSE,0.2597235441207886,1.2421997785568235,input,4.0,3,364,True,0.1168000027537345,0.1168000027537345,,,
traffic,PatchTST,missing_data,7,664,2366,0.4913879036903381,MSE,0.2597235441207886,1.2421997785568235,input,4.0,3,413,True,0.0925000011920929,0.0925000011920929,,,
traffic,PatchTST,missing_data,7,664,2366,0.4913879036903381,MSE,0.2597235441207886,1.2421997785568235,input,4.0,3,693,True,0.0287999995052814,0.0287999995052814,,,
traffic,PatchTST,missing_data,7,664,2366,0.4913879036903381,MSE,0.2597235441207886,1.2421997785568235,input,4.0,3,701,True,0.0573000013828277,0.0573000013828277,,,
traffic,PatchTST,missing_data,7,664,2366,0.4913879036903381,MSE,0.2597235441207886,1.2421997785568235,input,4.0,3,722,True,0.036200001835823,0.036200001835823,,,
traffic,PatchTST,missing_data,7,664,2366,0.4913879036903381,MSE,0.2597235441207886,1.2421997785568235,input,4.0,3,840,True,0.0408999994397163,0.0408999994397163,,,
traffic,PatchTST,missing_data,7,664,2366,0.4913879036903381,MSE,0.2597235441207886,1.2421997785568235,input,5.0,4,19,True,0.0535999983549118,0.0535999983549118,,,
traffic,PatchTST,missing_data,7,664,2366,0.4913879036903381,MSE,0.2597235441207886,1.2421997785568235,input,5.0,4,188,True,0.0593000017106533,0.0593000017106533,,,
traffic,PatchTST,missing_data,7,664,2366,0.4913879036903381,MSE,0.2597235441207886,1.2421997785568235,input,5.0,4,217,True,0.0877000018954277,0.0877000018954277,,,
traffic,PatchTST,missing_data,7,664,2366,0.4913879036903381,MSE,0.2597235441207886,1.2421997785568235,input,5.0,4,251,True,0.1128000020980835,0.1128000020980835,,,
traffic,PatchTST,missing_data,7,664,2366,0.4913879036903381,MSE,0.2597235441207886,1.2421997785568235,input,5.0,4,353,True,0.0516999997198581,0.0516999997198581,,,
traffic,PatchTST,missing_data,7,664,2366,0.4913879036903381,MSE,0.2597235441207886,1.2421997785568235,input,5.0,4,364,True,0.1255999952554702,0.1255999952554702,,,
traffic,PatchTST,missing_data,7,664,2366,0.4913879036903381,MSE,0.2597235441207886,1.2421997785568235,input,5.0,4,413,True,0.0872000008821487,0.0872000008821487,,,
traffic,PatchTST,missing_data,7,664,2366,0.4913879036903381,MSE,0.2597235441207886,1.2421997785568235,input,5.0,4,693,True,0.0324999988079071,0.0324999988079071,,,
traffic,PatchTST,missing_data,7,664,2366,0.4913879036903381,MSE,0.2597235441207886,1.2421997785568235,input,5.0,4,701,True,0.065200001001358,0.065200001001358,,,
traffic,PatchTST,missing_data,7,664,2366,0.4913879036903381,MSE,0.2597235441207886,1.2421997785568235,input,5.0,4,722,True,0.0318999998271465,0.0318999998271465,,,
traffic,PatchTST,missing_data,7,664,2366,0.4913879036903381,MSE,0.2597235441207886,1.2421997785568235,input,5.0,4,840,True,0.0340999998152256,0.0340999998152256,,,
traffic,PatchTST,missing_data,7,664,2366,0.4913879036903381,MSE,0.2597235441207886,1.2421997785568235,input,6.0,5,19,True,0.0601000003516674,0.0601000003516674,,,
traffic,PatchTST,missing_data,7,664,2366,0.4913879036903381,MSE,0.2597235441207886,1.2421997785568235,input,6.0,5,188,True,0.0573000013828277,0.0573000013828277,,,
traffic,PatchTST,missing_data,7,664,2366,0.4913879036903381,MSE,0.2597235441207886,1.2421997785568235,input,6.0,5,217,True,0.0948999971151351,0.0948999971151351,,,
traffic,PatchTST,missing_data,7,664,2366,0.4913879036903381,MSE,0.2597235441207886,1.2421997785568235,input,6.0,5,251,True,0.0733999982476234,0.0733999982476234,,,
traffic,PatchTST,missing_data,7,664,2366,0.4913879036903381,MSE,0.2597235441207886,1.2421997785568235,input,6.0,5,353,True,0.0401999987661838,0.0401999987661838,,,
traffic,PatchTST,missing_data,7,664,2366,0.4913879036903381,MSE,0.2597235441207886,1.2421997785568235,input,6.0,5,364,True,0.12950000166893,0.12950000166893,,,
traffic,PatchTST,missing_data,7,664,2366,0.4913879036903381,MSE,0.2597235441207886,1.2421997785568235,input,6.0,5,413,True,0.0711999982595443,0.0711999982595443,,,
traffic,PatchTST,missing_data,7,664,2366,0.4913879036903381,MSE,0.2597235441207886,1.2421997785568235,input,6.0,5,693,True,0.0416000001132488,0.0416000001132488,,,
traffic,PatchTST,missing_data,7,664,2366,0.4913879036903381,MSE,0.2597235441207886,1.2421997785568235,input,6.0,5,701,True,0.0842999964952468,0.0842999964952468,,,
traffic,PatchTST,missing_data,7,664,2366,0.4913879036903381,MSE,0.2597235441207886,1.2421997785568235,input,6.0,5,722,True,0.0295000001788139,0.0295000001788139,,,
traffic,PatchTST,missing_data,7,664,2366,0.4913879036903381,MSE,0.2597235441207886,1.2421997785568235,input,6.0,5,840,True,0.0324999988079071,0.0324999988079071,,,
traffic,PatchTST,missing_data,7,664,2366,0.4913879036903381,MSE,0.2597235441207886,1.2421997785568235,input,7.0,6,19,True,0.0584999993443489,0.0584999993443489,,,
traffic,PatchTST,missing_data,7,664,2366,0.4913879036903381,MSE,0.2597235441207886,1.2421997785568235,input,7.0,6,188,True,0.0615999996662139,0.0615999996662139,,,
traffic,PatchTST,missing_data,7,664,2366,0.4913879036903381,MSE,0.2597235441207886,1.2421997785568235,input,7.0,6,217,True,0.1081999987363815,0.1081999987363815,,,
traffic,PatchTST,missing_data,7,664,2366,0.4913879036903381,MSE,0.2597235441207886,1.2421997785568235,input,7.0,6,251,True,0.0603000000119209,0.0603000000119209,,,
traffic,PatchTST,missing_data,7,664,2366,0.4913879036903381,MSE,0.2597235441207886,1.2421997785568235,input,7.0,6,353,True,0.0414999984204769,0.0414999984204769,,,
traffic,PatchTST,missing_data,7,664,2366,0.4913879036903381,MSE,0.2597235441207886,1.2421997785568235,input,7.0,6,364,True,0.152099996805191,0.152099996805191,,,
traffic,PatchTST,missing_data,7,664,2366,0.4913879036903381,MSE,0.2597235441207886,1.2421997785568235,input,7.0,6,413,True,0.0842999964952468,0.0842999964952468,,,
traffic,PatchTST,missing_data,7,664,2366,0.4913879036903381,MSE,0.2597235441207886,1.2421997785568235,input,7.0,6,693,True,0.0417999997735023,0.0417999997735023,,,
traffic,PatchTST,missing_data,7,664,2366,0.4913879036903381,MSE,0.2597235441207886,1.2421997785568235,input,7.0,6,701,True,0.1107999980449676,0.1107999980449676,,,
traffic,PatchTST,missing_data,7,664,2366,0.4913879036903381,MSE,0.2597235441207886,1.2421997785568235,input,7.0,6,722,True,0.0276999995112419,0.0276999995112419,,,
traffic,PatchTST,missing_data,7,664,2366,0.4913879036903381,MSE,0.2597235441207886,1.2421997785568235,input,7.0,6,840,True,0.0296999998390674,0.0296999998390674,,,
traffic,PatchTST,missing_data,7,664,2366,0.4913879036903381,MSE,0.2597235441207886,1.2421997785568235,input,8.0,7,19,True,0.0604999996721744,0.0604999996721744,,,
traffic,PatchTST,missing_data,7,664,2366,0.4913879036903381,MSE,0.2597235441207886,1.2421997785568235,input,8.0,7,188,True,0.0599999986588954,0.0599999986588954,,,
traffic,PatchTST,missing_data,7,664,2366,0.4913879036903381,MSE,0.2597235441207886,1.2421997785568235,input,8.0,7,217,True,0.1142000034451484,0.1142000034451484,,,
traffic,PatchTST,missing_data,7,664,2366,0.4913879036903381,MSE,0.2597235441207886,1.2421997785568235,input,8.0,7,251,True,0.067900002002716,0.067900002002716,,,
traffic,PatchTST,missing_data,7,664,2366,0.4913879036903381,MSE,0.2597235441207886,1.2421997785568235,input,8.0,7,353,True,0.0463000014424324,0.0463000014424324,,,
traffic,PatchTST,missing_data,7,664,2366,0.4913879036903381,MSE,0.2597235441207886,1.2421997785568235,input,8.0,7,364,True,0.1439000070095062,0.1439000070095062,,,
traffic,PatchTST,missing_data,7,664,2366,0.4913879036903381,MSE,0.2597235441207886,1.2421997785568235,input,8.0,7,413,True,0.0870999991893768,0.0870999991893768,,,
traffic,PatchTST,missing_data,7,664,2366,0.4913879036903381,MSE,0.2597235441207886,1.2421997785568235,input,8.0,7,693,True,0.034800000488758,0.034800000488758,,,
traffic,PatchTST,missing_data,7,664,2366,0.4913879036903381,MSE,0.2597235441207886,1.2421997785568235,input,8.0,7,701,True,0.092799998819828,0.092799998819828,,,
traffic,PatchTST,missing_data,7,664,2366,0.4913879036903381,MSE,0.2597235441207886,1.2421997785568235,input,8.0,7,722,True,0.0258000008761882,0.0258000008761882,,,
traffic,PatchTST,missing_data,7,664,2366,0.4913879036903381,MSE,0.2597235441207886,1.2421997785568235,input,8.0,7,840,True,0.0288999993354082,0.0288999993354082,,,
traffic,PatchTST,missing_data,7,664,2366,0.4913879036903381,MSE,0.2597235441207886,1.2421997785568235,input,9.0,8,19,True,0.070200003683567,0.070200003683567,,,
traffic,PatchTST,missing_data,7,664,2366,0.4913879036903381,MSE,0.2597235441207886,1.2421997785568235,input,9.0,8,188,True,0.0584000013768672,0.0584000013768672,,,
traffic,PatchTST,missing_data,7,664,2366,0.4913879036903381,MSE,0.2597235441207886,1.2421997785568235,input,9.0,8,217,True,0.1265999972820282,0.1265999972820282,,,
traffic,PatchTST,missing_data,7,664,2366,0.4913879036903381,MSE,0.2597235441207886,1.2421997785568235,input,9.0,8,251,True,0.0742999985814094,0.0742999985814094,,,
traffic,PatchTST,missing_data,7,664,2366,0.4913879036903381,MSE,0.2597235441207886,1.2421997785568235,input,9.0,8,353,True,0.0516000017523765,0.0516000017523765,,,
traffic,PatchTST,missing_data,7,664,2366,0.4913879036903381,MSE,0.2597235441207886,1.2421997785568235,input,9.0,8,364,True,0.1702000200748443,0.1702000200748443,,,
traffic,PatchTST,missing_data,7,664,2366,0.4913879036903381,MSE,0.2597235441207886,1.2421997785568235,input,9.0,8,413,True,0.0957999974489212,0.0957999974489212,,,
traffic,PatchTST,missing_data,7,664,2366,0.4913879036903381,MSE,0.2597235441207886,1.2421997785568235,input,9.0,8,693,True,0.0401999987661838,0.0401999987661838,,,
traffic,PatchTST,missing_data,7,664,2366,0.4913879036903381,MSE,0.2597235441207886,1.2421997785568235,input,9.0,8,701,True,0.4368000030517578,0.4368000030517578,,,
traffic,PatchTST,missing_data,7,664,2366,0.4913879036903381,MSE,0.2597235441207886,1.2421997785568235,input,9.0,8,722,True,0.0226000007241964,0.0226000007241964,,,
traffic,PatchTST,missing_data,7,664,2366,0.4913879036903381,MSE,0.2597235441207886,1.2421997785568235,input,9.0,8,840,True,0.0251000002026557,0.0251000002026557,,,
traffic,PatchTST,missing_data,7,664,2366,0.4913879036903381,MSE,0.2597235441207886,1.2421997785568235,input,10.0,9,19,True,0.0631000027060508,0.0631000027060508,,,
traffic,PatchTST,missing_data,7,664,2366,0.4913879036903381,MSE,0.2597235441207886,1.2421997785568235,input,10.0,9,188,True,0.0535999983549118,0.0535999983549118,,,
traffic,PatchTST,missing_data,7,664,2366,0.4913879036903381,MSE,0.2597235441207886,1.2421997785568235,input,10.0,9,217,True,0.1129999980330467,0.1129999980330467,,,
traffic,PatchTST,missing_data,7,664,2366,0.4913879036903381,MSE,0.2597235441207886,1.2421997785568235,input,10.0,9,251,True,0.0617999993264675,0.0617999993264675,,,
traffic,PatchTST,missing_data,7,664,2366,0.4913879036903381,MSE,0.2597235441207886,1.2421997785568235,input,10.0,9,353,True,0.0425999984145164,0.0425999984145164,,,
traffic,PatchTST,missing_data,7,664,2366,0.4913879036903381,MSE,0.2597235441207886,1.2421997785568235,input,10.0,9,364,True,0.1587000042200088,0.1587000042200088,,,
traffic,PatchTST,missing_data,7,664,2366,0.4913879036903381,MSE,0.2597235441207886,1.2421997785568235,input,10.0,9,413,True,0.0844999998807907,0.0844999998807907,,,
traffic,PatchTST,missing_data,7,664,2366,0.4913879036903381,MSE,0.2597235441207886,1.2421997785568235,input,10.0,9,693,True,0.06700000166893,0.06700000166893,,,
traffic,PatchTST,missing_data,7,664,2366,0.4913879036903381,MSE,0.2597235441207886,1.2421997785568235,input,10.0,9,701,True,0.5235000252723694,0.5235000252723694,,,
traffic,PatchTST,missing_data,7,664,2366,0.4913879036903381,MSE,0.2597235441207886,1.2421997785568235,input,10.0,9,722,True,0.0105999987572431,0.0105999987572431,,,
traffic,PatchTST,missing_data,7,664,2366,0.4913879036903381,MSE,0.2597235441207886,1.2421997785568235,input,10.0,9,840,True,0.0210999995470047,0.0210999995470047,,,
traffic,PatchTST,missing_data,7,664,2366,0.4913879036903381,MSE,0.2597235441207886,1.2421997785568235,input,11.0,10,19,True,0.0346999987959861,0.0346999987959861,,,
traffic,PatchTST,missing_data,7,664,2366,0.4913879036903381,MSE,0.2597235441207886,1.2421997785568235,input,11.0,10,188,True,0.0408000014722347,0.0408000014722347,,,
traffic,PatchTST,missing_data,7,664,2366,0.4913879036903381,MSE,0.2597235441207886,1.2421997785568235,input,11.0,10,217,True,0.0592000000178813,0.0592000000178813,,,
traffic,PatchTST,missing_data,7,664,2366,0.4913879036903381,MSE,0.2597235441207886,1.2421997785568235,input,11.0,10,251,True,0.0502000004053115,0.0502000004053115,,,
traffic,PatchTST,missing_data,7,664,2366,0.4913879036903381,MSE,0.2597235441207886,1.2421997785568235,input,11.0,10,353,True,0.0335999988019466,0.0335999988019466,,,
traffic,PatchTST,missing_data,7,664,2366,0.4913879036903381,MSE,0.2597235441207886,1.2421997785568235,input,11.0,10,364,True,0.0877000018954277,0.0877000018954277,,,
traffic,PatchTST,missing_data,7,664,2366,0.4913879036903381,MSE,0.2597235441207886,1.2421997785568235,input,11.0,10,413,True,0.0687000006437301,0.0687000006437301,,,
traffic,PatchTST,missing_data,7,664,2366,0.4913879036903381,MSE,0.2597235441207886,1.2421997785568235,input,11.0,10,693,True,0.0394000001251697,0.0394000001251697,,,
traffic,PatchTST,missing_data,7,664,2366,0.4913879036903381,MSE,0.2597235441207886,1.2421997785568235,input,11.0,10,701,True,0.1720999926328659,0.1720999926328659,,,
traffic,PatchTST,missing_data,7,664,2366,0.4913879036903381,MSE,0.2597235441207886,1.2421997785568235,input,11.0,10,722,True,0.0070000011473894,0.0070000011473894,,,
traffic,PatchTST,missing_data,7,664,2366,0.4913879036903381,MSE,0.2597235441207886,1.2421997785568235,input,11.0,10,840,True,0.0148999989032745,0.0148999989032745,,,
traffic,PatchTST,missing_data,7,664,2366,0.4913879036903381,MSE,0.2597235441207886,1.2421997785568235,input,12.0,11,19,True,0.0252000000327825,0.0252000000327825,,,
traffic,PatchTST,missing_data,7,664,2366,0.4913879036903381,MSE,0.2597235441207886,1.2421997785568235,input,12.0,11,188,True,0.0306000001728534,0.0306000001728534,,,
traffic,PatchTST,missing_data,7,664,2366,0.4913879036903381,MSE,0.2597235441207886,1.2421997785568235,input,12.0,11,217,True,0.0434000007808208,0.0434000007808208,,,
traffic,PatchTST,missing_data,7,664,2366,0.4913879036903381,MSE,0.2597235441207886,1.2421997785568235,input,12.0,11,251,True,0.0414999984204769,0.0414999984204769,,,
traffic,PatchTST,missing_data,7,664,2366,0.4913879036903381,MSE,0.2597235441207886,1.2421997785568235,input,12.0,11,353,True,0.0228000003844499,0.0228000003844499,,,
traffic,PatchTST,missing_data,7,664,2366,0.4913879036903381,MSE,0.2597235441207886,1.2421997785568235,input,12.0,11,364,True,0.0641999989748001,0.0641999989748001,,,
traffic,PatchTST,missing_data,7,664,2366,0.4913879036903381,MSE,0.2597235441207886,1.2421997785568235,input,12.0,11,413,True,0.0555000007152557,0.0555000007152557,,,
traffic,PatchTST,missing_data,7,664,2366,0.4913879036903381,MSE,0.2597235441207886,1.2421997785568235,input,12.0,11,693,True,0.0337999984622001,0.0337999984622001,,,
traffic,PatchTST,missing_data,7,664,2366,0.4913879036903381,MSE,0.2597235441207886,1.2421997785568235,input,12.0,11,701,True,0.0663999989628791,0.0663999989628791,,,
traffic,PatchTST,missing_data,7,664,2366,0.4913879036903381,MSE,0.2597235441207886,1.2421997785568235,input,12.0,11,722,True,0.0004999991506338,0.0004999991506338,,,
traffic,PatchTST,missing_data,7,664,2366,0.4913879036903381,MSE,0.2597235441207886,1.2421997785568235,input,12.0,11,840,True,0.0117000006139278,0.0117000006139278,,,
traffic,PatchTST,missing_data,7,664,2366,0.4913879036903381,MSE,0.2597235441207886,1.2421997785568235,input,13.0,12,19,True,0.0201999992132186,0.0201999992132186,,,
traffic,PatchTST,missing_data,7,664,2366,0.4913879036903381,MSE,0.2597235441207886,1.2421997785568235,input,13.0,12,188,True,0.0233999993652105,0.0233999993652105,,,
traffic,PatchTST,missing_data,7,664,2366,0.4913879036903381,MSE,0.2597235441207886,1.2421997785568235,input,13.0,12,217,True,0.0360000021755695,0.0360000021755695,,,
traffic,PatchTST,missing_data,7,664,2366,0.4913879036903381,MSE,0.2597235441207886,1.2421997785568235,input,13.0,12,251,True,0.0313999988138675,0.0313999988138675,,,
traffic,PatchTST,missing_data,7,664,2366,0.4913879036903381,MSE,0.2597235441207886,1.2421997785568235,input,13.0,12,353,True,0.0163000002503395,0.0163000002503395,,,
traffic,PatchTST,missing_data,7,664,2366,0.4913879036903381,MSE,0.2597235441207886,1.2421997785568235,input,13.0,12,364,True,0.0513000003993511,0.0513000003993511,,,
traffic,PatchTST,missing_data,7,664,2366,0.4913879036903381,MSE,0.2597235441207886,1.2421997785568235,input,13.0,12,413,True,0.0434000007808208,0.0434000007808208,,,
traffic,PatchTST,missing_data,7,664,2366,0.4913879036903381,MSE,0.2597235441207886,1.2421997785568235,input,13.0,12,693,True,0.0267999991774559,0.0267999991774559,,,
traffic,PatchTST,missing_data,7,664,2366,0.4913879036903381,MSE,0.2597235441207886,1.2421997785568235,input,13.0,12,701,True,0.0515000000596046,0.0515000000596046,,,
traffic,PatchTST,missing_data,7,664,2366,0.4913879036903381,MSE,0.2597235441207886,1.2421997785568235,input,13.0,12,722,True,-1.862645149230957e-09,-1.862645149230957e-09,,,
traffic,PatchTST,missing_data,7,664,2366,0.4913879036903381,MSE,0.2597235441207886,1.2421997785568235,input,13.0,12,840,True,0.0115999989211559,0.0115999989211559,,,
traffic,PatchTST,missing_data,7,664,2366,0.4913879036903381,MSE,0.2597235441207886,1.2421997785568235,input,14.0,13,19,True,0.0115000009536743,0.0115000009536743,,,
traffic,PatchTST,missing_data,7,664,2366,0.4913879036903381,MSE,0.2597235441207886,1.2421997785568235,input,14.0,13,188,True,0.0115000009536743,0.0115000009536743,,,
traffic,PatchTST,missing_data,7,664,2366,0.4913879036903381,MSE,0.2597235441207886,1.2421997785568235,input,14.0,13,217,True,0.0239000022411346,0.0239000022411346,,,
traffic,PatchTST,missing_data,7,664,2366,0.4913879036903381,MSE,0.2597235441207886,1.2421997785568235,input,14.0,13,251,True,0.0256999991834163,0.0256999991834163,,,
traffic,PatchTST,missing_data,7,664,2366,0.4913879036903381,MSE,0.2597235441207886,1.2421997785568235,input,14.0,13,353,True,0.0121999997645616,0.0121999997645616,,,
traffic,PatchTST,missing_data,7,664,2366,0.4913879036903381,MSE,0.2597235441207886,1.2421997785568235,input,14.0,13,364,True,0.0331999957561492,0.0331999957561492,,,
traffic,PatchTST,missing_data,7,664,2366,0.4913879036903381,MSE,0.2597235441207886,1.2421997785568235,input,14.0,13,413,True,0.0321999974548816,0.0321999974548816,,,
traffic,PatchTST,missing_data,7,664,2366,0.4913879036903381,MSE,0.2597235441207886,1.2421997785568235,input,14.0,13,693,True,0.0211999993771314,0.0211999993771314,,,
traffic,PatchTST,missing_data,7,664,2366,0.4913879036903381,MSE,0.2597235441207886,1.2421997785568235,input,14.0,13,701,True,0.0406000018119812,0.0406000018119812,,,
traffic,PatchTST,missing_data,7,664,2366,0.4913879036903381,MSE,0.2597235441207886,1.2421997785568235,input,14.0,13,722,True,0.0001000016927719,0.0001000016927719,,,
traffic,PatchTST,missing_data,7,664,2366,0.4913879036903381,MSE,0.2597235441207886,1.2421997785568235,input,14.0,13,840,True,0.0091999992728233,0.0091999992728233,,,
traffic,PatchTST,missing_data,7,664,2366,0.4913879036903381,MSE,0.2597235441207886,1.2421997785568235,input,15.0,14,19,True,0.0059999972581863,0.0059999972581863,,,
traffic,PatchTST,missing_data,7,664,2366,0.4913879036903381,MSE,0.2597235441207886,1.2421997785568235,input,15.0,14,188,True,0.0010999999940395,0.0010999999940395,,,
traffic,PatchTST,missing_data,7,664,2366,0.4913879036903381,MSE,0.2597235441207886,1.2421997785568235,input,15.0,14,217,True,0.0152000039815902,0.0152000039815902,,,
traffic,PatchTST,missing_data,7,664,2366,0.4913879036903381,MSE,0.2597235441207886,1.2421997785568235,input,15.0,14,251,True,0.0152000002562999,0.0152000002562999,,,
traffic,PatchTST,missing_data,7,664,2366,0.4913879036903381,MSE,0.2597235441207886,1.2421997785568235,input,15.0,14,353,True,0.0084000024944543,0.0084000024944543,,,
traffic,PatchTST,missing_data,7,664,2366,0.4913879036903381,MSE,0.2597235441207886,1.2421997785568235,input,15.0,14,364,True,0.0217000022530555,0.0217000022530555,,,
traffic,PatchTST,missing_data,7,664,2366,0.4913879036903381,MSE,0.2597235441207886,1.2421997785568235,input,15.0,14,413,True,0.0219999998807907,0.0219999998807907,,,
traffic,PatchTST,missing_data,7,664,2366,0.4913879036903381,MSE,0.2597235441207886,1.2421997785568235,input,15.0,14,693,True,0.017799999564886,0.017799999564886,,,
traffic,PatchTST,missing_data,7,664,2366,0.4913879036903381,MSE,0.2597235441207886,1.2421997785568235,input,15.0,14,701,True,0.0351000055670738,0.0351000055670738,,,
traffic,PatchTST,missing_data,7,664,2366,0.4913879036903381,MSE,0.2597235441207886,1.2421997785568235,input,15.0,14,722,True,0.0002000015228986,0.0002000015228986,,,
traffic,PatchTST,missing_data,7,664,2366,0.4913879036903381,MSE,0.2597235441207886,1.2421997785568235,input,15.0,14,840,True,0.0051000006496906,0.0051000006496906,,,
traffic,PatchTST,missing_data,7,664,2366,0.4913879036903381,MSE,0.2597235441207886,1.2421997785568235,input,16.0,15,19,True,0.0034000016748905,0.0034000016748905,,,
traffic,PatchTST,missing_data,7,664,2366,0.4913879036903381,MSE,0.2597235441207886,1.2421997785568235,input,16.0,15,188,True,0.0007000006735324,0.0007000006735324,,,
traffic,PatchTST,missing_data,7,664,2366,0.4913879036903381,MSE,0.2597235441207886,1.2421997785568235,input,16.0,15,217,True,0.0108999982476234,0.0108999982476234,,,
traffic,PatchTST,missing_data,7,664,2366,0.4913879036903381,MSE,0.2597235441207886,1.2421997785568235,input,16.0,15,251,True,0.0102000012993812,0.0102000012993812,,,
traffic,PatchTST,missing_data,7,664,2366,0.4913879036903381,MSE,0.2597235441207886,1.2421997785568235,input,16.0,15,353,True,0.0065000019967556,0.0065000019967556,,,
traffic,PatchTST,missing_data,7,664,2366,0.4913879036903381,MSE,0.2597235441207886,1.2421997785568235,input,16.0,15,364,True,0.0172000005841255,0.0172000005841255,,,
traffic,PatchTST,missing_data,7,664,2366,0.4913879036903381,MSE,0.2597235441207886,1.2421997785568235,input,16.0,15,413,True,0.0119000002741813,0.0119000002741813,,,
traffic,PatchTST,missing_data,7,664,2366,0.4913879036903381,MSE,0.2597235441207886,1.2421997785568235,input,16.0,15,693,True,0.0109000019729137,0.0109000019729137,,,
traffic,PatchTST,missing_data,7,664,2366,0.4913879036903381,MSE,0.2597235441207886,1.2421997785568235,input,16.0,15,701,True,0.0199000015854835,0.0199000015854835,,,
traffic,PatchTST,missing_data,7,664,2366,0.4913879036903381,MSE,0.2597235441207886,1.2421997785568235,input,16.0,15,722,True,-1.862645149230957e-09,-1.862645149230957e-09,,,
traffic,PatchTST,missing_data,7,664,2366,0.4913879036903381,MSE,0.2597235441207886,1.2421997785568235,input,16.0,15,840,True,0.0047999992966651,0.0047999992966651,,,
traffic,PatchTST,missing_data,7,664,2366,0.4913879036903381,MSE,0.2597235441207886,1.2421997785568235,input,17.0,16,19,True,0.0023000016808509,0.0023000016808509,,,
traffic,PatchTST,missing_data,7,664,2366,0.4913879036903381,MSE,0.2597235441207886,1.2421997785568235,input,17.0,16,188,True,0.0001000016927719,0.0001000016927719,,,
traffic,PatchTST,missing_data,7,664,2366,0.4913879036903381,MSE,0.2597235441207886,1.2421997785568235,input,17.0,16,217,True,0.0094999969005584,0.0094999969005584,,,
traffic,PatchTST,missing_data,7,664,2366,0.4913879036903381,MSE,0.2597235441207886,1.2421997785568235,input,17.0,16,251,True,0.0094000026583671,0.0094000026583671,,,
traffic,PatchTST,missing_data,7,664,2366,0.4913879036903381,MSE,0.2597235441207886,1.2421997785568235,input,17.0,16,353,True,0.0041000004857778,0.0041000004857778,,,
traffic,PatchTST,missing_data,7,664,2366,0.4913879036903381,MSE,0.2597235441207886,1.2421997785568235,input,17.0,16,364,True,0.0142000019550323,0.0142000019550323,,,
traffic,PatchTST,missing_data,7,664,2366,0.4913879036903381,MSE,0.2597235441207886,1.2421997785568235,input,17.0,16,413,True,0.0081999972462654,0.0081999972462654,,,
traffic,PatchTST,missing_data,7,664,2366,0.4913879036903381,MSE,0.2597235441207886,1.2421997785568235,input,17.0,16,693,True,0.0080000013113021,0.0080000013113021,,,
traffic,PatchTST,missing_data,7,664,2366,0.4913879036903381,MSE,0.2597235441207886,1.2421997785568235,input,17.0,16,701,True,0.0168999955058097,0.0168999955058097,,,
traffic,PatchTST,missing_data,7,664,2366,0.4913879036903381,MSE,0.2597235441207886,1.2421997785568235,input,17.0,16,722,True,-1.862645149230957e-09,-1.862645149230957e-09,,,
traffic,PatchTST,missing_data,7,664,2366,0.4913879036903381,MSE,0.2597235441207886,1.2421997785568235,input,17.0,16,840,True,0.0042000003159046,0.0042000003159046,,,
traffic,PatchTST,missing_data,7,664,2366,0.4913879036903381,MSE,0.2597235441207886,1.2421997785568235,input,18.0,17,19,True,0.0018999986350536,0.0018999986350536,,,
traffic,PatchTST,missing_data,7,664,2366,0.4913879036903381,MSE,0.2597235441207886,1.2421997785568235,input,18.0,17,188,True,0.0005000010132789,0.0005000010132789,,,
traffic,PatchTST,missing_data,7,664,2366,0.4913879036903381,MSE,0.2597235441207886,1.2421997785568235,input,18.0,17,217,True,0.0081999972462654,0.0081999972462654,,,
traffic,PatchTST,missing_data,7,664,2366,0.4913879036903381,MSE,0.2597235441207886,1.2421997785568235,input,18.0,17,251,True,0.0110999979078769,0.0110999979078769,,,
traffic,PatchTST,missing_data,7,664,2366,0.4913879036903381,MSE,0.2597235441207886,1.2421997785568235,input,18.0,17,353,True,0.0043000001460313,0.0043000001460313,,,
traffic,PatchTST,missing_data,7,664,2366,0.4913879036903381,MSE,0.2597235441207886,1.2421997785568235,input,18.0,17,364,True,0.0120999962091445,0.0120999962091445,,,
traffic,PatchTST,missing_data,7,664,2366,0.4913879036903381,MSE,0.2597235441207886,1.2421997785568235,input,18.0,17,413,True,0.005900003015995,0.005900003015995,,,
traffic,PatchTST,missing_data,7,664,2366,0.4913879036903381,MSE,0.2597235441207886,1.2421997785568235,input,18.0,17,693,True,0.0056000016629695,0.0056000016629695,,,
traffic,PatchTST,missing_data,7,664,2366,0.4913879036903381,MSE,0.2597235441207886,1.2421997785568235,input,18.0,17,701,True,0.0113999992609024,0.0113999992609024,,,
traffic,PatchTST,missing_data,7,664,2366,0.4913879036903381,MSE,0.2597235441207886,1.2421997785568235,input,18.0,17,722,True,-1.862645149230957e-09,-1.862645149230957e-09,,,
traffic,PatchTST,missing_data,7,664,2366,0.4913879036903381,MSE,0.2597235441207886,1.2421997785568235,input,18.0,17,840,True,0.0042000003159046,0.0042000003159046,,,
traffic,PatchTST,missing_data,7,664,2366,0.4913879036903381,MSE,0.2597235441207886,1.2421997785568235,input,19.0,18,19,True,0.0034999996423721,0.0034999996423721,,,
traffic,PatchTST,missing_data,7,664,2366,0.4913879036903381,MSE,0.2597235441207886,1.2421997785568235,input,19.0,18,188,True,0.0005000010132789,0.0005000010132789,,,
traffic,PatchTST,missing_data,7,664,2366,0.4913879036903381,MSE,0.2597235441207886,1.2421997785568235,input,19.0,18,217,True,0.0115000009536743,0.0115000009536743,,,
traffic,PatchTST,missing_data,7,664,2366,0.4913879036903381,MSE,0.2597235441207886,1.2421997785568235,input,19.0,18,251,True,0.0186999998986721,0.0186999998986721,,,
traffic,PatchTST,missing_data,7,664,2366,0.4913879036903381,MSE,0.2597235441207886,1.2421997785568235,input,19.0,18,353,True,0.0049000009894371,0.0049000009894371,,,
traffic,PatchTST,missing_data,7,664,2366,0.4913879036903381,MSE,0.2597235441207886,1.2421997785568235,input,19.0,18,364,True,0.0168000012636184,0.0168000012636184,,,
traffic,PatchTST,missing_data,7,664,2366,0.4913879036903381,MSE,0.2597235441207886,1.2421997785568235,input,19.0,18,413,True,0.0077999979257583,0.0077999979257583,,,
traffic,PatchTST,missing_data,7,664,2366,0.4913879036903381,MSE,0.2597235441207886,1.2421997785568235,input,19.0,18,693,True,0.0044999979436397,0.0044999979436397,,,
traffic,PatchTST,missing_data,7,664,2366,0.4913879036903381,MSE,0.2597235441207886,1.2421997785568235,input,19.0,18,701,True,0.0081999972462654,0.0081999972462654,,,
traffic,PatchTST,missing_data,7,664,2366,0.4913879036903381,MSE,0.2597235441207886,1.2421997785568235,input,19.0,18,722,True,0.0002000015228986,0.0002000015228986,,,
traffic,PatchTST,missing_data,7,664,2366,0.4913879036903381,MSE,0.2597235441207886,1.2421997785568235,input,19.0,18,840,True,0.0080000013113021,0.0080000013113021,,,
traffic,PatchTST,missing_data,7,664,2366,0.4913879036903381,MSE,0.2597235441207886,1.2421997785568235,input,20.0,19,19,True,0.0126999989151954,0.0126999989151954,,,
traffic,PatchTST,missing_data,7,664,2366,0.4913879036903381,MSE,0.2597235441207886,1.2421997785568235,input,20.0,19,188,True,0.0182000007480382,0.0182000007480382,,,
traffic,PatchTST,missing_data,7,664,2366,0.4913879036903381,MSE,0.2597235441207886,1.2421997785568235,input,20.0,19,217,True,0.0245999991893768,0.0245999991893768,,,
traffic,PatchTST,missing_data,7,664,2366,0.4913879036903381,MSE,0.2597235441207886,1.2421997785568235,input,20.0,19,251,True,0.0447000004351139,0.0447000004351139,,,
traffic,PatchTST,missing_data,7,664,2366,0.4913879036903381,MSE,0.2597235441207886,1.2421997785568235,input,20.0,19,353,True,0.0106000006198883,0.0106000006198883,,,
traffic,PatchTST,missing_data,7,664,2366,0.4913879036903381,MSE,0.2597235441207886,1.2421997785568235,input,20.0,19,364,True,0.0342999994754791,0.0342999994754791,,,
traffic,PatchTST,missing_data,7,664,2366,0.4913879036903381,MSE,0.2597235441207886,1.2421997785568235,input,20.0,19,413,True,0.0147999972105026,0.0147999972105026,,,
traffic,PatchTST,missing_data,7,664,2366,0.4913879036903381,MSE,0.2597235441207886,1.2421997785568235,input,20.0,19,693,True,0.0047999992966651,0.0047999992966651,,,
traffic,PatchTST,missing_data,7,664,2366,0.4913879036903381,MSE,0.2597235441207886,1.2421997785568235,input,20.0,19,701,True,0.0085000023245811,0.0085000023245811,,,
traffic,PatchTST,missing_data,7,664,2366,0.4913879036903381,MSE,0.2597235441207886,1.2421997785568235,input,20.0,19,722,True,0.0037999991327524,0.0037999991327524,,,
traffic,PatchTST,missing_data,7,664,2366,0.4913879036903381,MSE,0.2597235441207886,1.2421997785568235,input,20.0,19,840,True,0.0201999992132186,0.0201999992132186,,,
traffic,PatchTST,missing_data,7,664,2366,0.4913879036903381,MSE,0.2597235441207886,1.2421997785568235,input,21.0,20,19,True,0.0493000000715255,0.0493000000715255,,,
traffic,PatchTST,missing_data,7,664,2366,0.4913879036903381,MSE,0.2597235441207886,1.2421997785568235,input,21.0,20,188,True,0.046799998730421,0.046799998730421,,,
traffic,PatchTST,missing_data,7,664,2366,0.4913879036903381,MSE,0.2597235441207886,1.2421997785568235,input,21.0,20,217,True,0.0895000025629997,0.0895000025629997,,,
traffic,PatchTST,missing_data,7,664,2366,0.4913879036903381,MSE,0.2597235441207886,1.2421997785568235,input,21.0,20,251,True,0.1055999994277954,0.1055999994277954,,,
traffic,PatchTST,missing_data,7,664,2366,0.4913879036903381,MSE,0.2597235441207886,1.2421997785568235,input,21.0,20,353,True,0.0297999996691942,0.0297999996691942,,,
traffic,PatchTST,missing_data,7,664,2366,0.4913879036903381,MSE,0.2597235441207886,1.2421997785568235,input,21.0,20,364,True,0.1225000023841857,0.1225000023841857,,,
traffic,PatchTST,missing_data,7,664,2366,0.4913879036903381,MSE,0.2597235441207886,1.2421997785568235,input,21.0,20,413,True,0.0476000010967254,0.0476000010967254,,,
traffic,PatchTST,missing_data,7,664,2366,0.4913879036903381,MSE,0.2597235441207886,1.2421997785568235,input,21.0,20,693,True,0.0104000009596347,0.0104000009596347,,,
traffic,PatchTST,missing_data,7,664,2366,0.4913879036903381,MSE,0.2597235441207886,1.2421997785568235,input,21.0,20,701,True,0.0186000019311904,0.0186000019311904,,,
traffic,PatchTST,missing_data,7,664,2366,0.4913879036903381,MSE,0.2597235441207886,1.2421997785568235,input,21.0,20,722,True,0.209999993443489,0.209999993443489,,,
traffic,PatchTST,missing_data,7,664,2366,0.4913879036903381,MSE,0.2597235441207886,1.2421997785568235,input,21.0,20,840,True,0.4302999973297119,0.4302999973297119,,,
traffic,PatchTST,missing_data,7,664,2366,0.4913879036903381,MSE,0.2597235441207886,1.2421997785568235,input,22.0,21,19,True,0.2591999769210815,0.2591999769210815,,,
traffic,PatchTST,missing_data,7,664,2366,0.4913879036903381,MSE,0.2597235441207886,1.2421997785568235,input,22.0,21,188,True,0.1039000004529953,0.1039000004529953,,,
traffic,PatchTST,missing_data,7,664,2366,0.4913879036903381,MSE,0.2597235441207886,1.2421997785568235,input,22.0,21,217,True,0.3433000147342682,0.3433000147342682,,,
traffic,PatchTST,missing_data,7,664,2366,0.4913879036903381,MSE,0.2597235441207886,1.2421997785568235,input,22.0,21,251,True,0.2409999966621399,0.2409999966621399,,,
traffic,PatchTST,missing_data,7,664,2366,0.4913879036903381,MSE,0.2597235441207886,1.2421997785568235,input,22.0,21,353,True,0.1027000099420547,0.1027000099420547,,,
traffic,PatchTST,missing_data,7,664,2366,0.4913879036903381,MSE,0.2597235441207886,1.2421997785568235,input,22.0,21,364,True,0.3686000108718872,0.3686000108718872,,,
traffic,PatchTST,missing_data,7,664,2366,0.4913879036903381,MSE,0.2597235441207886,1.2421997785568235,input,22.0,21,413,True,0.1362999975681305,0.1362999975681305,,,
traffic,PatchTST,missing_data,7,664,2366,0.4913879036903381,MSE,0.2597235441207886,1.2421997785568235,input,22.0,21,693,True,0.0190000012516975,0.0190000012516975,,,
traffic,PatchTST,missing_data,7,664,2366,0.4913879036903381,MSE,0.2597235441207886,1.2421997785568235,input,22.0,21,701,True,0.0327999964356422,0.0327999964356422,,,
traffic,PatchTST,missing_data,7,664,2366,0.4913879036903381,MSE,0.2597235441207886,1.2421997785568235,input,22.0,21,722,True,0.3806999921798706,0.3806999921798706,,,
traffic,PatchTST,missing_data,7,664,2366,0.4913879036903381,MSE,0.2597235441207886,1.2421997785568235,input,22.0,21,840,True,0.5938000082969666,0.5938000082969666,,,
traffic,PatchTST,missing_data,7,664,2366,0.4913879036903381,MSE,0.2597235441207886,1.2421997785568235,input,23.0,22,19,True,0.4647000133991241,0.4647000133991241,,,
traffic,PatchTST,missing_data,7,664,2366,0.4913879036903381,MSE,0.2597235441207886,1.2421997785568235,input,23.0,22,188,True,0.4515000581741333,0.4515000581741333,,,
traffic,PatchTST,missing_data,7,664,2366,0.4913879036903381,MSE,0.2597235441207886,1.2421997785568235,input,23.0,22,217,True,0.5230000019073486,0.5230000019073486,,,
traffic,PatchTST,missing_data,7,664,2366,0.4913879036903381,MSE,0.2597235441207886,1.2421997785568235,input,23.0,22,251,True,0.4275000095367431,0.4275000095367431,,,
traffic,PatchTST,missing_data,7,664,2366,0.4913879036903381,MSE,0.2597235441207886,1.2421997785568235,input,23.0,22,353,True,0.4316999912261963,0.4316999912261963,,,
traffic,PatchTST,missing_data,7,664,2366,0.4913879036903381,MSE,0.2597235441207886,1.2421997785568235,input,23.0,22,364,True,0.4375999867916107,0.4375999867916107,,,
traffic,PatchTST,missing_data,7,664,2366,0.4913879036903381,MSE,0.2597235441207886,1.2421997785568235,input,23.0,22,413,True,0.4582000076770782,0.4582000076770782,,,
traffic,PatchTST,missing_data,7,664,2366,0.4913879036903381,MSE,0.2597235441207886,1.2421997785568235,input,23.0,22,693,True,0.0313999988138675,0.0313999988138675,,,
traffic,PatchTST,missing_data,7,664,2366,0.4913879036903381,MSE,0.2597235441207886,1.2421997785568235,input,23.0,22,701,True,0.0533000007271766,0.0533000007271766,,,
traffic,PatchTST,missing_data,7,664,2366,0.4913879036903381,MSE,0.2597235441207886,1.2421997785568235,input,23.0,22,722,True,0.1564999967813491,0.1564999967813491,,,
traffic,PatchTST,missing_data,7,664,2366,0.4913879036903381,MSE,0.2597235441207886,1.2421997785568235,input,23.0,22,840,True,0.6044999957084656,0.6044999957084656,,,
traffic,PatchTST,missing_data,7,664,2366,0.4913879036903381,MSE,0.2597235441207886,1.2421997785568235,input,24.0,23,19,True,0.4253000020980835,0.4253000020980835,,,
traffic,PatchTST,missing_data,7,664,2366,0.4913879036903381,MSE,0.2597235441207886,1.2421997785568235,input,24.0,23,188,True,0.5033000707626343,0.5033000707626343,,,
traffic,PatchTST,missing_data,7,664,2366,0.4913879036903381,MSE,0.2597235441207886,1.2421997785568235,input,24.0,23,217,True,0.5171999931335449,0.5171999931335449,,,
traffic,PatchTST,missing_data,7,664,2366,0.4913879036903381,MSE,0.2597235441207886,1.2421997785568235,input,24.0,23,251,True,0.4077999889850616,0.4077999889850616,,,
traffic,PatchTST,missing_data,7,664,2366,0.4913879036903381,MSE,0.2597235441207886,1.2421997785568235,input,24.0,23,353,True,0.1055999994277954,0.1055999994277954,,,
traffic,PatchTST,missing_data,7,664,2366,0.4913879036903381,MSE,0.2597235441207886,1.2421997785568235,input,24.0,23,364,True,0.5195000171661377,0.5195000171661377,,,
traffic,PatchTST,missing_data,7,664,2366,0.4913879036903381,MSE,0.2597235441207886,1.2421997785568235,input,24.0,23,413,True,0.4760000109672546,0.4760000109672546,,,
traffic,PatchTST,missing_data,7,664,2366,0.4913879036903381,MSE,0.2597235441207886,1.2421997785568235,input,24.0,23,693,True,0.033900000154972,0.033900000154972,,,
traffic,PatchTST,missing_data,7,664,2366,0.4913879036903381,MSE,0.2597235441207886,1.2421997785568235,input,24.0,23,701,True,0.0599999986588954,0.0599999986588954,,,
traffic,PatchTST,missing_data,7,664,2366,0.4913879036903381,MSE,0.2597235441207886,1.2421997785568235,input,24.0,23,722,True,0.0315000005066394,0.0315000005066394,,,
traffic,PatchTST,missing_data,7,664,2366,0.4913879036903381,MSE,0.2597235441207886,1.2421997785568235,input,24.0,23,840,True,0.5602999925613403,0.5602999925613403,,,
traffic,PatchTST,missing_data,7,664,2366,0.4913879036903381,MSE,0.2597235441207886,1.2421997785568235,input,25.0,24,19,True,0.2982999980449676,0.2982999980449676,,,
traffic,PatchTST,missing_data,7,664,2366,0.4913879036903381,MSE,0.2597235441207886,1.2421997785568235,input,25.0,24,188,True,0.1755000054836273,0.1755000054836273,,,
traffic,PatchTST,missing_data,7,664,2366,0.4913879036903381,MSE,0.2597235441207886,1.2421997785568235,input,25.0,24,217,True,0.3413000106811523,0.3413000106811523,,,
traffic,PatchTST,missing_data,7,664,2366,0.4913879036903381,MSE,0.2597235441207886,1.2421997785568235,input,25.0,24,251,True,0.1708999872207641,0.1708999872207641,,,
traffic,PatchTST,missing_data,7,664,2366,0.4913879036903381,MSE,0.2597235441207886,1.2421997785568235,input,25.0,24,353,True,0.0483999997377395,0.0483999997377395,,,
traffic,PatchTST,missing_data,7,664,2366,0.4913879036903381,MSE,0.2597235441207886,1.2421997785568235,input,25.0,24,364,True,0.3946999907493591,0.3946999907493591,,,
traffic,PatchTST,missing_data,7,664,2366,0.4913879036903381,MSE,0.2597235441207886,1.2421997785568235,input,25.0,24,413,True,0.4361000061035156,0.4361000061035156,,,
traffic,PatchTST,missing_data,7,664,2366,0.4913879036903381,MSE,0.2597235441207886,1.2421997785568235,input,25.0,24,693,True,0.0315000005066394,0.0315000005066394,,,
traffic,PatchTST,missing_data,7,664,2366,0.4913879036903381,MSE,0.2597235441207886,1.2421997785568235,input,25.0,24,701,True,0.0566000007092952,0.0566000007092952,,,
traffic,PatchTST,missing_data,7,664,2366,0.4913879036903381,MSE,0.2597235441207886,1.2421997785568235,input,25.0,24,722,True,0.0357000008225441,0.0357000008225441,,,
traffic,PatchTST,missing_data,7,664,2366,0.4913879036903381,MSE,0.2597235441207886,1.2421997785568235,input,25.0,24,840,True,0.1641999930143356,0.1641999930143356,,,
traffic,PatchTST,missing_data,7,664,2366,0.4913879036903381,MSE,0.2597235441207886,1.2421997785568235,input,26.0,25,19,True,0.0671999976038932,0.0671999976038932,,,
traffic,PatchTST,missing_data,7,664,2366,0.4913879036903381,MSE,0.2597235441207886,1.2421997785568235,input,26.0,25,188,True,0.0627000033855438,0.0627000033855438,,,
traffic,PatchTST,missing_data,7,664,2366,0.4913879036903381,MSE,0.2597235441207886,1.2421997785568235,input,26.0,25,217,True,0.1004000008106231,0.1004000008106231,,,
traffic,PatchTST,missing_data,7,664,2366,0.4913879036903381,MSE,0.2597235441207886,1.2421997785568235,input,26.0,25,251,True,0.0826999992132186,0.0826999992132186,,,
traffic,PatchTST,missing_data,7,664,2366,0.4913879036903381,MSE,0.2597235441207886,1.2421997785568235,input,26.0,25,353,True,0.0412000007927417,0.0412000007927417,,,
traffic,PatchTST,missing_data,7,664,2366,0.4913879036903381,MSE,0.2597235441207886,1.2421997785568235,input,26.0,25,364,True,0.1499000042676925,0.1499000042676925,,,
traffic,PatchTST,missing_data,7,664,2366,0.4913879036903381,MSE,0.2597235441207886,1.2421997785568235,input,26.0,25,413,True,0.3659000098705292,0.3659000098705292,,,
traffic,PatchTST,missing_data,7,664,2366,0.4913879036903381,MSE,0.2597235441207886,1.2421997785568235,input,26.0,25,693,True,0.0326999984681606,0.0326999984681606,,,
traffic,PatchTST,missing_data,7,664,2366,0.4913879036903381,MSE,0.2597235441207886,1.2421997785568235,input,26.0,25,701,True,0.0612999983131885,0.0612999983131885,,,
traffic,PatchTST,missing_data,7,664,2366,0.4913879036903381,MSE,0.2597235441207886,1.2421997785568235,input,26.0,25,722,True,0.0350000001490116,0.0350000001490116,,,
traffic,PatchTST,missing_data,7,664,2366,0.4913879036903381,MSE,0.2597235441207886,1.2421997785568235,input,26.0,25,840,True,0.0394000001251697,0.0394000001251697,,,
traffic,PatchTST,missing_data,7,664,2366,0.4913879036903381,MSE,0.2597235441207886,1.2421997785568235,input,27.0,26,19,True,0.0549999997019767,0.0549999997019767,,,
traffic,PatchTST,missing_data,7,664,2366,0.4913879036903381,MSE,0.2597235441207886,1.2421997785568235,input,27.0,26,188,True,0.0608000010251998,0.0608000010251998,,,
traffic,PatchTST,missing_data,7,664,2366,0.4913879036903381,MSE,0.2597235441207886,1.2421997785568235,input,27.0,26,217,True,0.0892999991774559,0.0892999991774559,,,
traffic,PatchTST,missing_data,7,664,2366,0.4913879036903381,MSE,0.2597235441207886,1.2421997785568235,input,27.0,26,251,True,0.0982000008225441,0.0982000008225441,,,
traffic,PatchTST,missing_data,7,664,2366,0.4913879036903381,MSE,0.2597235441207886,1.2421997785568235,input,27.0,26,353,True,0.0410000011324882,0.0410000011324882,,,
traffic,PatchTST,missing_data,7,664,2366,0.4913879036903381,MSE,0.2597235441207886,1.2421997785568235,input,27.0,26,364,True,0.1274999976158142,0.1274999976158142,,,
traffic,PatchTST,missing_data,7,664,2366,0.4913879036903381,MSE,0.2597235441207886,1.2421997785568235,input,27.0,26,413,True,0.1710000038146972,0.1710000038146972,,,
traffic,PatchTST,missing_data,7,664,2366,0.4913879036903381,MSE,0.2597235441207886,1.2421997785568235,input,27.0,26,693,True,0.0308999996632337,0.0308999996632337,,,
traffic,PatchTST,missing_data,7,664,2366,0.4913879036903381,MSE,0.2597235441207886,1.2421997785568235,input,27.0,26,701,True,0.0601000003516674,0.0601000003516674,,,
traffic,PatchTST,missing_data,7,664,2366,0.4913879036903381,MSE,0.2597235441207886,1.2421997785568235,input,27.0,26,722,True,0.0292000006884336,0.0292000006884336,,,
traffic,PatchTST,missing_data,7,664,2366,0.4913879036903381,MSE,0.2597235441207886,1.2421997785568235,input,27.0,26,840,True,0.031700000166893,0.031700000166893,,,
traffic,PatchTST,missing_data,7,664,2366,0.4913879036903381,MSE,0.2597235441207886,1.2421997785568235,input,28.0,27,19,True,0.0509999990463256,0.0509999990463256,,,
traffic,PatchTST,missing_data,7,664,2366,0.4913879036903381,MSE,0.2597235441207886,1.2421997785568235,input,28.0,27,188,True,0.0586000010371208,0.0586000010371208,,,
traffic,PatchTST,missing_data,7,664,2366,0.4913879036903381,MSE,0.2597235441207886,1.2421997785568235,input,28.0,27,217,True,0.0843999981880188,0.0843999981880188,,,
traffic,PatchTST,missing_data,7,664,2366,0.4913879036903381,MSE,0.2597235441207886,1.2421997785568235,input,28.0,27,251,True,0.0794999971985817,0.0794999971985817,,,
traffic,PatchTST,missing_data,7,664,2366,0.4913879036903381,MSE,0.2597235441207886,1.2421997785568235,input,28.0,27,353,True,0.0427000001072883,0.0427000001072883,,,
traffic,PatchTST,missing_data,7,664,2366,0.4913879036903381,MSE,0.2597235441207886,1.2421997785568235,input,28.0,27,364,True,0.121299996972084,0.121299996972084,,,
traffic,PatchTST,missing_data,7,664,2366,0.4913879036903381,MSE,0.2597235441207886,1.2421997785568235,input,28.0,27,413,True,0.0923999994993209,0.0923999994993209,,,
traffic,PatchTST,missing_data,7,664,2366,0.4913879036903381,MSE,0.2597235441207886,1.2421997785568235,input,28.0,27,693,True,0.0379999987781047,0.0379999987781047,,,
traffic,PatchTST,missing_data,7,664,2366,0.4913879036903381,MSE,0.2597235441207886,1.2421997785568235,input,28.0,27,701,True,0.0742999985814094,0.0742999985814094,,,
traffic,PatchTST,missing_data,7,664,2366,0.4913879036903381,MSE,0.2597235441207886,1.2421997785568235,input,28.0,27,722,True,0.0328000001609325,0.0328000001609325,,,
traffic,PatchTST,missing_data,7,664,2366,0.4913879036903381,MSE,0.2597235441207886,1.2421997785568235,input,28.0,27,840,True,0.0297999996691942,0.0297999996691942,,,
traffic,PatchTST,missing_data,7,664,2366,0.4913879036903381,MSE,0.2597235441207886,1.2421997785568235,input,29.0,28,19,True,0.0531999990344047,0.0531999990344047,,,
traffic,PatchTST,missing_data,7,664,2366,0.4913879036903381,MSE,0.2597235441207886,1.2421997785568235,input,29.0,28,188,True,0.0649999976158142,0.0649999976158142,,,
traffic,PatchTST,missing_data,7,664,2366,0.4913879036903381,MSE,0.2597235441207886,1.2421997785568235,input,29.0,28,217,True,0.0894000008702278,0.0894000008702278,,,
traffic,PatchTST,missing_data,7,664,2366,0.4913879036903381,MSE,0.2597235441207886,1.2421997785568235,input,29.0,28,251,True,0.0750999972224235,0.0750999972224235,,,
traffic,PatchTST,missing_data,7,664,2366,0.4913879036903381,MSE,0.2597235441207886,1.2421997785568235,input,29.0,28,353,True,0.0375999994575977,0.0375999994575977,,,
traffic,PatchTST,missing_data,7,664,2366,0.4913879036903381,MSE,0.2597235441207886,1.2421997785568235,input,29.0,28,364,True,0.1264999955892563,0.1264999955892563,,,
traffic,PatchTST,missing_data,7,664,2366,0.4913879036903381,MSE,0.2597235441207886,1.2421997785568235,input,29.0,28,413,True,0.0839999988675117,0.0839999988675117,,,
traffic,PatchTST,missing_data,7,664,2366,0.4913879036903381,MSE,0.2597235441207886,1.2421997785568235,input,29.0,28,693,True,0.0359000004827976,0.0359000004827976,,,
traffic,PatchTST,missing_data,7,664,2366,0.4913879036903381,MSE,0.2597235441207886,1.2421997785568235,input,29.0,28,701,True,0.0703999996185302,0.0703999996185302,,,
traffic,PatchTST,missing_data,7,664,2366,0.4913879036903381,MSE,0.2597235441207886,1.2421997785568235,input,29.0,28,722,True,0.0308999996632337,0.0308999996632337,,,
traffic,PatchTST,missing_data,7,664,2366,0.4913879036903381,MSE,0.2597235441207886,1.2421997785568235,input,29.0,28,840,True,0.0328000001609325,0.0328000001609325,,,
traffic,PatchTST,missing_data,7,664,2366,0.4913879036903381,MSE,0.2597235441207886,1.2421997785568235,input,30.0,29,19,True,0.0599999986588954,0.0599999986588954,,,
traffic,PatchTST,missing_data,7,664,2366,0.4913879036903381,MSE,0.2597235441207886,1.2421997785568235,input,30.0,29,188,True,0.0570000000298023,0.0570000000298023,,,
traffic,PatchTST,missing_data,7,664,2366,0.4913879036903381,MSE,0.2597235441207886,1.2421997785568235,input,30.0,29,217,True,0.0945999994874,0.0945999994874,,,
traffic,PatchTST,missing_data,7,664,2366,0.4913879036903381,MSE,0.2597235441207886,1.2421997785568235,input,30.0,29,251,True,0.0753000006079673,0.0753000006079673,,,
traffic,PatchTST,missing_data,7,664,2366,0.4913879036903381,MSE,0.2597235441207886,1.2421997785568235,input,30.0,29,353,True,0.0403000004589557,0.0403000004589557,,,
traffic,PatchTST,missing_data,7,664,2366,0.4913879036903381,MSE,0.2597235441207886,1.2421997785568235,input,30.0,29,364,True,0.1272000074386596,0.1272000074386596,,,
traffic,PatchTST,missing_data,7,664,2366,0.4913879036903381,MSE,0.2597235441207886,1.2421997785568235,input,30.0,29,413,True,0.0852999985218048,0.0852999985218048,,,
traffic,PatchTST,missing_data,7,664,2366,0.4913879036903381,MSE,0.2597235441207886,1.2421997785568235,input,30.0,29,693,True,0.0421000011265277,0.0421000011265277,,,
traffic,PatchTST,missing_data,7,664,2366,0.4913879036903381,MSE,0.2597235441207886,1.2421997785568235,input,30.0,29,701,True,0.3323999941349029,0.3323999941349029,,,
traffic,PatchTST,missing_data,7,664,2366,0.4913879036903381,MSE,0.2597235441207886,1.2421997785568235,input,30.0,29,722,True,0.0287999995052814,0.0287999995052814,,,
traffic,PatchTST,missing_data,7,664,2366,0.4913879036903381,MSE,0.2597235441207886,1.2421997785568235,input,30.0,29,840,True,0.0305000003427267,0.0305000003427267,,,
traffic,PatchTST,missing_data,7,664,2366,0.4913879036903381,MSE,0.2597235441207886,1.2421997785568235,input,31.0,30,19,True,0.0632999986410141,0.0632999986410141,,,
traffic,PatchTST,missing_data,7,664,2366,0.4913879036903381,MSE,0.2597235441207886,1.2421997785568235,input,31.0,30,188,True,0.0658000037074089,0.0658000037074089,,,
traffic,PatchTST,missing_data,7,664,2366,0.4913879036903381,MSE,0.2597235441207886,1.2421997785568235,input,31.0,30,217,True,0.1189000010490417,0.1189000010490417,,,
traffic,PatchTST,missing_data,7,664,2366,0.4913879036903381,MSE,0.2597235441207886,1.2421997785568235,input,31.0,30,251,True,0.0692000016570091,0.0692000016570091,,,
traffic,PatchTST,missing_data,7,664,2366,0.4913879036903381,MSE,0.2597235441207886,1.2421997785568235,input,31.0,30,353,True,0.0436000004410743,0.0436000004410743,,,
traffic,PatchTST,missing_data,7,664,2366,0.4913879036903381,MSE,0.2597235441207886,1.2421997785568235,input,31.0,30,364,True,0.155699998140335,0.155699998140335,,,
traffic,PatchTST,missing_data,7,664,2366,0.4913879036903381,MSE,0.2597235441207886,1.2421997785568235,input,31.0,30,413,True,0.0885000005364418,0.0885000005364418,,,
traffic,PatchTST,missing_data,7,664,2366,0.4913879036903381,MSE,0.2597235441207886,1.2421997785568235,input,31.0,30,693,True,0.0436999984085559,0.0436999984085559,,,
traffic,PatchTST,missing_data,7,664,2366,0.4913879036903381,MSE,0.2597235441207886,1.2421997785568235,input,31.0,30,701,True,0.3849999904632568,0.3849999904632568,,,
traffic,PatchTST,missing_data,7,664,2366,0.4913879036903381,MSE,0.2597235441207886,1.2421997785568235,input,31.0,30,722,True,0.0282000005245208,0.0282000005245208,,,
traffic,PatchTST,missing_data,7,664,2366,0.4913879036903381,MSE,0.2597235441207886,1.2421997785568235,input,31.0,30,840,True,0.0296000000089406,0.0296000000089406,,,
traffic,PatchTST,missing_data,7,664,2366,0.4913879036903381,MSE,0.2597235441207886,1.2421997785568235,input,32.0,31,19,True,0.062399998307228,0.062399998307228,,,
traffic,PatchTST,missing_data,7,664,2366,0.4913879036903381,MSE,0.2597235441207886,1.2421997785568235,input,32.0,31,188,True,0.0604000017046928,0.0604000017046928,,,
traffic,PatchTST,missing_data,7,664,2366,0.4913879036903381,MSE,0.2597235441207886,1.2421997785568235,input,32.0,31,217,True,0.1145000010728836,0.1145000010728836,,,
traffic,PatchTST,missing_data,7,664,2366,0.4913879036903381,MSE,0.2597235441207886,1.2421997785568235,input,32.0,31,251,True,0.0700000002980232,0.0700000002980232,,,
traffic,PatchTST,missing_data,7,664,2366,0.4913879036903381,MSE,0.2597235441207886,1.2421997785568235,input,32.0,31,353,True,0.0505999997258186,0.0505999997258186,,,
traffic,PatchTST,missing_data,7,664,2366,0.4913879036903381,MSE,0.2597235441207886,1.2421997785568235,input,32.0,31,364,True,0.1611000001430511,0.1611000001430511,,,
traffic,PatchTST,missing_data,7,664,2366,0.4913879036903381,MSE,0.2597235441207886,1.2421997785568235,input,32.0,31,413,True,0.0940999984741211,0.0940999984741211,,,
traffic,PatchTST,missing_data,7,664,2366,0.4913879036903381,MSE,0.2597235441207886,1.2421997785568235,input,32.0,31,693,True,0.3206999897956848,0.3206999897956848,,,
traffic,PatchTST,missing_data,7,664,2366,0.4913879036903381,MSE,0.2597235441207886,1.2421997785568235,input,32.0,31,701,True,0.5580999851226807,0.5580999851226807,,,
traffic,PatchTST,missing_data,7,664,2366,0.4913879036903381,MSE,0.2597235441207886,1.2421997785568235,input,32.0,31,722,True,0.0201999992132186,0.0201999992132186,,,
traffic,PatchTST,missing_data,7,664,2366,0.4913879036903381,MSE,0.2597235441207886,1.2421997785568235,input,32.0,31,840,True,0.0280000008642673,0.0280000008642673,,,
traffic,PatchTST,missing_data,7,664,2366,0.4913879036903381,MSE,0.2597235441207886,1.2421997785568235,input,33.0,32,19,True,0.0784000009298324,0.0784000009298324,,,
traffic,PatchTST,missing_data,7,664,2366,0.4913879036903381,MSE,0.2597235441207886,1.2421997785568235,input,33.0,32,188,True,0.0582000017166137,0.0582000017166137,,,
traffic,PatchTST,missing_data,7,664,2366,0.4913879036903381,MSE,0.2597235441207886,1.2421997785568235,input,33.0,32,217,True,0.1429000049829483,0.1429000049829483,,,
traffic,PatchTST,missing_data,7,664,2366,0.4913879036903381,MSE,0.2597235441207886,1.2421997785568235,input,33.0,32,251,True,0.0715999975800514,0.0715999975800514,,,
traffic,PatchTST,missing_data,7,664,2366,0.4913879036903381,MSE,0.2597235441207886,1.2421997785568235,input,33.0,32,353,True,0.0529000014066696,0.0529000014066696,,,
traffic,PatchTST,missing_data,7,664,2366,0.4913879036903381,MSE,0.2597235441207886,1.2421997785568235,input,33.0,32,364,True,0.1922000050544738,0.1922000050544738,,,
traffic,PatchTST,missing_data,7,664,2366,0.4913879036903381,MSE,0.2597235441207886,1.2421997785568235,input,33.0,32,413,True,0.1420000046491623,0.1420000046491623,,,
traffic,PatchTST,missing_data,7,664,2366,0.4913879036903381,MSE,0.2597235441207886,1.2421997785568235,input,33.0,32,693,True,0.4266000092029571,0.4266000092029571,,,
traffic,PatchTST,missing_data,7,664,2366,0.4913879036903381,MSE,0.2597235441207886,1.2421997785568235,input,33.0,32,701,True,0.5814999938011169,0.5814999938011169,,,
traffic,PatchTST,missing_data,7,664,2366,0.4913879036903381,MSE,0.2597235441207886,1.2421997785568235,input,33.0,32,722,True,0.02449999935925,0.02449999935925,,,
traffic,PatchTST,missing_data,7,664,2366,0.4913879036903381,MSE,0.2597235441207886,1.2421997785568235,input,33.0,32,840,True,0.0254999995231628,0.0254999995231628,,,
traffic,PatchTST,missing_data,7,664,2366,0.4913879036903381,MSE,0.2597235441207886,1.2421997785568235,input,34.0,33,19,True,0.0599999986588954,0.0599999986588954,,,
traffic,PatchTST,missing_data,7,664,2366,0.4913879036903381,MSE,0.2597235441207886,1.2421997785568235,input,34.0,33,188,True,0.0520999990403652,0.0520999990403652,,,
traffic,PatchTST,missing_data,7,664,2366,0.4913879036903381,MSE,0.2597235441207886,1.2421997785568235,input,34.0,33,217,True,0.1072999984025955,0.1072999984025955,,,
traffic,PatchTST,missing_data,7,664,2366,0.4913879036903381,MSE,0.2597235441207886,1.2421997785568235,input,34.0,33,251,True,0.0593999996781349,0.0593999996781349,,,
traffic,PatchTST,missing_data,7,664,2366,0.4913879036903381,MSE,0.2597235441207886,1.2421997785568235,input,34.0,33,353,True,0.0493000000715255,0.0493000000715255,,,
traffic,PatchTST,missing_data,7,664,2366,0.4913879036903381,MSE,0.2597235441207886,1.2421997785568235,input,34.0,33,364,True,0.1430999934673309,0.1430999934673309,,,
traffic,PatchTST,missing_data,7,664,2366,0.4913879036903381,MSE,0.2597235441207886,1.2421997785568235,input,34.0,33,413,True,0.1158000007271766,0.1158000007271766,,,
traffic,PatchTST,missing_data,7,664,2366,0.4913879036903381,MSE,0.2597235441207886,1.2421997785568235,input,34.0,33,693,True,0.4460999965667724,0.4460999965667724,,,
traffic,PatchTST,missing_data,7,664,2366,0.4913879036903381,MSE,0.2597235441207886,1.2421997785568235,input,34.0,33,701,True,0.5982999801635742,0.5982999801635742,,,
traffic,PatchTST,missing_data,7,664,2366,0.4913879036903381,MSE,0.2597235441207886,1.2421997785568235,input,34.0,33,722,True,0.0208000000566244,0.0208000000566244,,,
traffic,PatchTST,missing_data,7,664,2366,0.4913879036903381,MSE,0.2597235441207886,1.2421997785568235,input,34.0,33,840,True,0.0222999993711709,0.0222999993711709,,,
traffic,PatchTST,missing_data,7,664,2366,0.4913879036903381,MSE,0.2597235441207886,1.2421997785568235,input,35.0,34,19,True,0.0379000008106231,0.0379000008106231,,,
traffic,PatchTST,missing_data,7,664,2366,0.4913879036903381,MSE,0.2597235441207886,1.2421997785568235,input,35.0,34,188,True,0.0355999991297721,0.0355999991297721,,,
traffic,PatchTST,missing_data,7,664,2366,0.4913879036903381,MSE,0.2597235441207886,1.2421997785568235,input,35.0,34,217,True,0.0617999993264675,0.0617999993264675,,,
traffic,PatchTST,missing_data,7,664,2366,0.4913879036903381,MSE,0.2597235441207886,1.2421997785568235,input,35.0,34,251,True,0.0520999990403652,0.0520999990403652,,,
traffic,PatchTST,missing_data,7,664,2366,0.4913879036903381,MSE,0.2597235441207886,1.2421997785568235,input,35.0,34,353,True,0.0350000001490116,0.0350000001490116,,,
traffic,PatchTST,missing_data,7,664,2366,0.4913879036903381,MSE,0.2597235441207886,1.2421997785568235,input,35.0,34,364,True,0.0891000032424926,0.0891000032424926,,,
traffic,PatchTST,missing_data,7,664,2366,0.4913879036903381,MSE,0.2597235441207886,1.2421997785568235,input,35.0,34,413,True,0.0687000006437301,0.0687000006437301,,,
traffic,PatchTST,missing_data,7,664,2366,0.4913879036903381,MSE,0.2597235441207886,1.2421997785568235,input,35.0,34,693,True,0.258899986743927,0.258899986743927,,,
traffic,PatchTST,missing_data,7,664,2366,0.4913879036903381,MSE,0.2597235441207886,1.2421997785568235,input,35.0,34,701,True,0.3291000127792358,0.3291000127792358,,,
traffic,PatchTST,missing_data,7,664,2366,0.4913879036903381,MSE,0.2597235441207886,1.2421997785568235,input,35.0,34,722,True,0.0109999999403953,0.0109999999403953,,,
traffic,PatchTST,missing_data,7,664,2366,0.4913879036903381,MSE,0.2597235441207886,1.2421997785568235,input,35.0,34,840,True,0.014699999243021,0.014699999243021,,,
traffic,PatchTST,missing_data,7,664,2366,0.4913879036903381,MSE,0.2597235441207886,1.2421997785568235,input,36.0,35,19,True,0.025900000706315,0.025900000706315,,,
traffic,PatchTST,missing_data,7,664,2366,0.4913879036903381,MSE,0.2597235441207886,1.2421997785568235,input,36.0,35,188,True,0.0271000005304813,0.0271000005304813,,,
traffic,PatchTST,missing_data,7,664,2366,0.4913879036903381,MSE,0.2597235441207886,1.2421997785568235,input,36.0,35,217,True,0.0438000001013278,0.0438000001013278,,,
traffic,PatchTST,missing_data,7,664,2366,0.4913879036903381,MSE,0.2597235441207886,1.2421997785568235,input,36.0,35,251,True,0.0403999984264373,0.0403999984264373,,,
traffic,PatchTST,missing_data,7,664,2366,0.4913879036903381,MSE,0.2597235441207886,1.2421997785568235,input,36.0,35,353,True,0.0237000007182359,0.0237000007182359,,,
traffic,PatchTST,missing_data,7,664,2366,0.4913879036903381,MSE,0.2597235441207886,1.2421997785568235,input,36.0,35,364,True,0.063799999654293,0.063799999654293,,,
traffic,PatchTST,missing_data,7,664,2366,0.4913879036903381,MSE,0.2597235441207886,1.2421997785568235,input,36.0,35,413,True,0.0579999983310699,0.0579999983310699,,,
traffic,PatchTST,missing_data,7,664,2366,0.4913879036903381,MSE,0.2597235441207886,1.2421997785568235,input,36.0,35,693,True,0.0350000001490116,0.0350000001490116,,,
traffic,PatchTST,missing_data,7,664,2366,0.4913879036903381,MSE,0.2597235441207886,1.2421997785568235,input,36.0,35,701,True,0.0684999972581863,0.0684999972581863,,,
traffic,PatchTST,missing_data,7,664,2366,0.4913879036903381,MSE,0.2597235441207886,1.2421997785568235,input,36.0,35,722,True,0.0023999996483325,0.0023999996483325,,,
traffic,PatchTST,missing_data,7,664,2366,0.4913879036903381,MSE,0.2597235441207886,1.2421997785568235,input,36.0,35,840,True,0.0119000002741813,0.0119000002741813,,,
traffic,PatchTST,missing_data,7,664,2366,0.4913879036903381,MSE,0.2597235441207886,1.2421997785568235,input,37.0,36,19,True,0.0220999978482723,0.0220999978482723,,,
traffic,PatchTST,missing_data,7,664,2366,0.4913879036903381,MSE,0.2597235441207886,1.2421997785568235,input,37.0,36,188,True,0.0252999998629093,0.0252999998629093,,,
traffic,PatchTST,missing_data,7,664,2366,0.4913879036903381,MSE,0.2597235441207886,1.2421997785568235,input,37.0,36,217,True,0.0379000008106231,0.0379000008106231,,,
traffic,PatchTST,missing_data,7,664,2366,0.4913879036903381,MSE,0.2597235441207886,1.2421997785568235,input,37.0,36,251,True,0.036200001835823,0.036200001835823,,,
traffic,PatchTST,missing_data,7,664,2366,0.4913879036903381,MSE,0.2597235441207886,1.2421997785568235,input,37.0,36,353,True,0.0215000007301569,0.0215000007301569,,,
traffic,PatchTST,missing_data,7,664,2366,0.4913879036903381,MSE,0.2597235441207886,1.2421997785568235,input,37.0,36,364,True,0.0546999983489513,0.0546999983489513,,,
traffic,PatchTST,missing_data,7,664,2366,0.4913879036903381,MSE,0.2597235441207886,1.2421997785568235,input,37.0,36,413,True,0.0524999983608722,0.0524999983608722,,,
traffic,PatchTST,missing_data,7,664,2366,0.4913879036903381,MSE,0.2597235441207886,1.2421997785568235,input,37.0,36,693,True,0.0355000011622905,0.0355000011622905,,,
traffic,PatchTST,missing_data,7,664,2366,0.4913879036903381,MSE,0.2597235441207886,1.2421997785568235,input,37.0,36,701,True,0.0687000006437301,0.0687000006437301,,,
traffic,PatchTST,missing_data,7,664,2366,0.4913879036903381,MSE,0.2597235441207886,1.2421997785568235,input,37.0,36,722,True,0.0008000005036592,0.0008000005036592,,,
traffic,PatchTST,missing_data,7,664,2366,0.4913879036903381,MSE,0.2597235441207886,1.2421997785568235,input,37.0,36,840,True,0.0109000001102685,0.0109000001102685,,,
traffic,PatchTST,missing_data,7,664,2366,0.4913879036903381,MSE,0.2597235441207886,1.2421997785568235,input,38.0,37,19,True,0.0157999992370605,0.0157999992370605,,,
traffic,PatchTST,missing_data,7,664,2366,0.4913879036903381,MSE,0.2597235441207886,1.2421997785568235,input,38.0,37,188,True,0.0121999979019165,0.0121999979019165,,,
traffic,PatchTST,missing_data,7,664,2366,0.4913879036903381,MSE,0.2597235441207886,1.2421997785568235,input,38.0,37,217,True,0.0274000018835067,0.0274000018835067,,,
traffic,PatchTST,missing_data,7,664,2366,0.4913879036903381,MSE,0.2597235441207886,1.2421997785568235,input,38.0,37,251,True,0.0296000018715858,0.0296000018715858,,,
traffic,PatchTST,missing_data,7,664,2366,0.4913879036903381,MSE,0.2597235441207886,1.2421997785568235,input,38.0,37,353,True,0.0165999997407197,0.0165999997407197,,,
traffic,PatchTST,missing_data,7,664,2366,0.4913879036903381,MSE,0.2597235441207886,1.2421997785568235,input,38.0,37,364,True,0.0392000004649162,0.0392000004649162,,,
traffic,PatchTST,missing_data,7,664,2366,0.4913879036903381,MSE,0.2597235441207886,1.2421997785568235,input,38.0,37,413,True,0.0419000014662742,0.0419000014662742,,,
traffic,PatchTST,missing_data,7,664,2366,0.4913879036903381,MSE,0.2597235441207886,1.2421997785568235,input,38.0,37,693,True,0.0299999993294477,0.0299999993294477,,,
traffic,PatchTST,missing_data,7,664,2366,0.4913879036903381,MSE,0.2597235441207886,1.2421997785568235,input,38.0,37,701,True,0.0562000013887882,0.0562000013887882,,,
traffic,PatchTST,missing_data,7,664,2366,0.4913879036903381,MSE,0.2597235441207886,1.2421997785568235,input,38.0,37,722,True,0.0007000006735324,0.0007000006735324,,,
traffic,PatchTST,missing_data,7,664,2366,0.4913879036903381,MSE,0.2597235441207886,1.2421997785568235,input,38.0,37,840,True,0.0091000013053417,0.0091000013053417,,,
traffic,PatchTST,missing_data,7,664,2366,0.4913879036903381,MSE,0.2597235441207886,1.2421997785568235,input,39.0,38,19,True,0.0066999979317188,0.0066999979317188,,,
traffic,PatchTST,missing_data,7,664,2366,0.4913879036903381,MSE,0.2597235441207886,1.2421997785568235,input,39.0,38,188,True,0.0009999983012676,0.0009999983012676,,,
traffic,PatchTST,missing_data,7,664,2366,0.4913879036903381,MSE,0.2597235441207886,1.2421997785568235,input,39.0,38,217,True,0.0151000022888183,0.0151000022888183,,,
traffic,PatchTST,missing_data,7,664,2366,0.4913879036903381,MSE,0.2597235441207886,1.2421997785568235,input,39.0,38,251,True,0.0187999978661537,0.0187999978661537,,,
traffic,PatchTST,missing_data,7,664,2366,0.4913879036903381,MSE,0.2597235441207886,1.2421997785568235,input,39.0,38,353,True,0.0114999990910291,0.0114999990910291,,,
traffic,PatchTST,missing_data,7,664,2366,0.4913879036903381,MSE,0.2597235441207886,1.2421997785568235,input,39.0,38,364,True,0.0230999998748302,0.0230999998748302,,,
traffic,PatchTST,missing_data,7,664,2366,0.4913879036903381,MSE,0.2597235441207886,1.2421997785568235,input,39.0,38,413,True,0.0256000012159347,0.0256000012159347,,,
traffic,PatchTST,missing_data,7,664,2366,0.4913879036903381,MSE,0.2597235441207886,1.2421997785568235,input,39.0,38,693,True,0.0227000005543231,0.0227000005543231,,,
traffic,PatchTST,missing_data,7,664,2366,0.4913879036903381,MSE,0.2597235441207886,1.2421997785568235,input,39.0,38,701,True,0.0445999987423419,0.0445999987423419,,,
traffic,PatchTST,missing_data,7,664,2366,0.4913879036903381,MSE,0.2597235441207886,1.2421997785568235,input,39.0,38,722,True,0.000399999320507,0.000399999320507,,,
traffic,PatchTST,missing_data,7,664,2366,0.4913879036903381,MSE,0.2597235441207886,1.2421997785568235,input,39.0,38,840,True,0.0065999999642372,0.0065999999642372,,,
traffic,PatchTST,missing_data,7,664,2366,0.4913879036903381,MSE,0.2597235441207886,1.2421997785568235,input,40.0,39,19,True,0.0043000020086765,0.0043000020086765,,,
traffic,PatchTST,missing_data,7,664,2366,0.4913879036903381,MSE,0.2597235441207886,1.2421997785568235,input,40.0,39,188,True,0.0003000013530254,0.0003000013530254,,,
traffic,PatchTST,missing_data,7,664,2366,0.4913879036903381,MSE,0.2597235441207886,1.2421997785568235,input,40.0,39,217,True,0.011300005018711,0.011300005018711,,,
traffic,PatchTST,missing_data,7,664,2366,0.4913879036903381,MSE,0.2597235441207886,1.2421997785568235,input,40.0,39,251,True,0.0124000012874603,0.0124000012874603,,,
traffic,PatchTST,missing_data,7,664,2366,0.4913879036903381,MSE,0.2597235441207886,1.2421997785568235,input,40.0,39,353,True,0.0069999992847442,0.0069999992847442,,,
traffic,PatchTST,missing_data,7,664,2366,0.4913879036903381,MSE,0.2597235441207886,1.2421997785568235,input,40.0,39,364,True,0.0168000012636184,0.0168000012636184,,,
traffic,PatchTST,missing_data,7,664,2366,0.4913879036903381,MSE,0.2597235441207886,1.2421997785568235,input,40.0,39,413,True,0.0159000009298324,0.0159000009298324,,,
traffic,PatchTST,missing_data,7,664,2366,0.4913879036903381,MSE,0.2597235441207886,1.2421997785568235,input,40.0,39,693,True,0.014699999243021,0.014699999243021,,,
traffic,PatchTST,missing_data,7,664,2366,0.4913879036903381,MSE,0.2597235441207886,1.2421997785568235,input,40.0,39,701,True,0.0278000012040138,0.0278000012040138,,,
traffic,PatchTST,missing_data,7,664,2366,0.4913879036903381,MSE,0.2597235441207886,1.2421997785568235,input,40.0,39,722,True,-1.862645149230957e-09,-1.862645149230957e-09,,,
traffic,PatchTST,missing_data,7,664,2366,0.4913879036903381,MSE,0.2597235441207886,1.2421997785568235,input,40.0,39,840,True,0.0038999989628791,0.0038999989628791,,,
traffic,PatchTST,missing_data,7,664,2366,0.4913879036903381,MSE,0.2597235441207886,1.2421997785568235,input,41.0,40,19,True,0.0027999989688396,0.0027999989688396,,,
traffic,PatchTST,missing_data,7,664,2366,0.4913879036903381,MSE,0.2597235441207886,1.2421997785568235,input,41.0,40,188,True,0.0001999996602535,0.0001999996602535,,,
traffic,PatchTST,missing_data,7,664,2366,0.4913879036903381,MSE,0.2597235441207886,1.2421997785568235,input,41.0,40,217,True,0.0089999958872795,0.0089999958872795,,,
traffic,PatchTST,missing_data,7,664,2366,0.4913879036903381,MSE,0.2597235441207886,1.2421997785568235,input,41.0,40,251,True,0.0102000012993812,0.0102000012993812,,,
traffic,PatchTST,missing_data,7,664,2366,0.4913879036903381,MSE,0.2597235441207886,1.2421997785568235,input,41.0,40,353,True,0.0053000003099441,0.0053000003099441,,,
traffic,PatchTST,missing_data,7,664,2366,0.4913879036903381,MSE,0.2597235441207886,1.2421997785568235,input,41.0,40,364,True,0.0142000019550323,0.0142000019550323,,,
traffic,PatchTST,missing_data,7,664,2366,0.4913879036903381,MSE,0.2597235441207886,1.2421997785568235,input,41.0,40,413,True,0.0094999969005584,0.0094999969005584,,,
traffic,PatchTST,missing_data,7,664,2366,0.4913879036903381,MSE,0.2597235441207886,1.2421997785568235,input,41.0,40,693,True,0.0104999989271163,0.0104999989271163,,,
traffic,PatchTST,missing_data,7,664,2366,0.4913879036903381,MSE,0.2597235441207886,1.2421997785568235,input,41.0,40,701,True,0.0191000029444694,0.0191000029444694,,,
traffic,PatchTST,missing_data,7,664,2366,0.4913879036903381,MSE,0.2597235441207886,1.2421997785568235,input,41.0,40,722,True,-1.862645149230957e-09,-1.862645149230957e-09,,,
traffic,PatchTST,missing_data,7,664,2366,0.4913879036903381,MSE,0.2597235441207886,1.2421997785568235,input,41.0,40,840,True,0.0035999994724988,0.0035999994724988,,,
traffic,PatchTST,missing_data,7,664,2366,0.4913879036903381,MSE,0.2597235441207886,1.2421997785568235,input,42.0,41,19,True,0.0020999982953071,0.0020999982953071,,,
traffic,PatchTST,missing_data,7,664,2366,0.4913879036903381,MSE,0.2597235441207886,1.2421997785568235,input,42.0,41,188,True,0.0003000013530254,0.0003000013530254,,,
traffic,PatchTST,missing_data,7,664,2366,0.4913879036903381,MSE,0.2597235441207886,1.2421997785568235,input,42.0,41,217,True,0.0090999975800514,0.0090999975800514,,,
traffic,PatchTST,missing_data,7,664,2366,0.4913879036903381,MSE,0.2597235441207886,1.2421997785568235,input,42.0,41,251,True,0.0133999995887279,0.0133999995887279,,,
traffic,PatchTST,missing_data,7,664,2366,0.4913879036903381,MSE,0.2597235441207886,1.2421997785568235,input,42.0,41,353,True,0.0049000009894371,0.0049000009894371,,,
traffic,PatchTST,missing_data,7,664,2366,0.4913879036903381,MSE,0.2597235441207886,1.2421997785568235,input,42.0,41,364,True,0.0129999965429306,0.0129999965429306,,,
traffic,PatchTST,missing_data,7,664,2366,0.4913879036903381,MSE,0.2597235441207886,1.2421997785568235,input,42.0,41,413,True,0.0069999992847442,0.0069999992847442,,,
traffic,PatchTST,missing_data,7,664,2366,0.4913879036903381,MSE,0.2597235441207886,1.2421997785568235,input,42.0,41,693,True,0.0073000006377696,0.0073000006377696,,,
traffic,PatchTST,missing_data,7,664,2366,0.4913879036903381,MSE,0.2597235441207886,1.2421997785568235,input,42.0,41,701,True,0.0142000019550323,0.0142000019550323,,,
traffic,PatchTST,missing_data,7,664,2366,0.4913879036903381,MSE,0.2597235441207886,1.2421997785568235,input,42.0,41,722,True,0.0001000016927719,0.0001000016927719,,,
traffic,PatchTST,missing_data,7,664,2366,0.4913879036903381,MSE,0.2597235441207886,1.2421997785568235,input,42.0,41,840,True,0.0046999994665384,0.0046999994665384,,,
traffic,PatchTST,missing_data,7,664,2366,0.4913879036903381,MSE,0.2597235441207886,1.2421997785568235,input,43.0,42,19,True,0.0034000016748905,0.0034000016748905,,,
traffic,PatchTST,missing_data,7,664,2366,0.4913879036903381,MSE,0.2597235441207886,1.2421997785568235,input,43.0,42,188,True,0.0005000010132789,0.0005000010132789,,,
traffic,PatchTST,missing_data,7,664,2366,0.4913879036903381,MSE,0.2597235441207886,1.2421997785568235,input,43.0,42,217,True,0.0111999996006488,0.0111999996006488,,,
traffic,PatchTST,missing_data,7,664,2366,0.4913879036903381,MSE,0.2597235441207886,1.2421997785568235,input,43.0,42,251,True,0.0209999978542327,0.0209999978542327,,,
traffic,PatchTST,missing_data,7,664,2366,0.4913879036903381,MSE,0.2597235441207886,1.2421997785568235,input,43.0,42,353,True,0.0064000003039836,0.0064000003039836,,,
traffic,PatchTST,missing_data,7,664,2366,0.4913879036903381,MSE,0.2597235441207886,1.2421997785568235,input,43.0,42,364,True,0.0170000009238719,0.0170000009238719,,,
traffic,PatchTST,missing_data,7,664,2366,0.4913879036903381,MSE,0.2597235441207886,1.2421997785568235,input,43.0,42,413,True,0.0099000036716461,0.0099000036716461,,,
traffic,PatchTST,missing_data,7,664,2366,0.4913879036903381,MSE,0.2597235441207886,1.2421997785568235,input,43.0,42,693,True,0.0053000003099441,0.0053000003099441,,,
traffic,PatchTST,missing_data,7,664,2366,0.4913879036903381,MSE,0.2597235441207886,1.2421997785568235,input,43.0,42,701,True,0.0098000019788742,0.0098000019788742,,,
traffic,PatchTST,missing_data,7,664,2366,0.4913879036903381,MSE,0.2597235441207886,1.2421997785568235,input,43.0,42,722,True,0.0002000015228986,0.0002000015228986,,,
traffic,PatchTST,missing_data,7,664,2366,0.4913879036903381,MSE,0.2597235441207886,1.2421997785568235,input,43.0,42,840,True,0.0082000009715557,0.0082000009715557,,,
traffic,PatchTST,missing_data,7,664,2366,0.4913879036903381,MSE,0.2597235441207886,1.2421997785568235,input,44.0,43,19,True,0.013799998909235,0.013799998909235,,,
traffic,PatchTST,missing_data,7,664,2366,0.4913879036903381,MSE,0.2597235441207886,1.2421997785568235,input,44.0,43,188,True,0.0230000000447034,0.0230000000447034,,,
traffic,PatchTST,missing_data,7,664,2366,0.4913879036903381,MSE,0.2597235441207886,1.2421997785568235,input,44.0,43,217,True,0.0252000018954277,0.0252000018954277,,,
traffic,PatchTST,missing_data,7,664,2366,0.4913879036903381,MSE,0.2597235441207886,1.2421997785568235,input,44.0,43,251,True,0.0540000014007091,0.0540000014007091,,,
traffic,PatchTST,missing_data,7,664,2366,0.4913879036903381,MSE,0.2597235441207886,1.2421997785568235,input,44.0,43,353,True,0.0132999997586011,0.0132999997586011,,,
traffic,PatchTST,missing_data,7,664,2366,0.4913879036903381,MSE,0.2597235441207886,1.2421997785568235,input,44.0,43,364,True,0.0373000055551528,0.0373000055551528,,,
traffic,PatchTST,missing_data,7,664,2366,0.4913879036903381,MSE,0.2597235441207886,1.2421997785568235,input,44.0,43,413,True,0.0179999992251396,0.0179999992251396,,,
traffic,PatchTST,missing_data,7,664,2366,0.4913879036903381,MSE,0.2597235441207886,1.2421997785568235,input,44.0,43,693,True,0.0071999989449977,0.0071999989449977,,,
traffic,PatchTST,missing_data,7,664,2366,0.4913879036903381,MSE,0.2597235441207886,1.2421997785568235,input,44.0,43,701,True,0.0130000039935112,0.0130000039935112,,,
traffic,PatchTST,missing_data,7,664,2366,0.4913879036903381,MSE,0.2597235441207886,1.2421997785568235,input,44.0,43,722,True,0.0062000006437301,0.0062000006437301,,,
traffic,PatchTST,missing_data,7,664,2366,0.4913879036903381,MSE,0.2597235441207886,1.2421997785568235,input,44.0,43,840,True,0.0195000004023313,0.0195000004023313,,,
traffic,PatchTST,missing_data,7,664,2366,0.4913879036903381,MSE,0.2597235441207886,1.2421997785568235,input,45.0,44,19,True,0.0524000003933906,0.0524000003933906,,,
traffic,PatchTST,missing_data,7,664,2366,0.4913879036903381,MSE,0.2597235441207886,1.2421997785568235,input,45.0,44,188,True,0.0456000007688999,0.0456000007688999,,,
traffic,PatchTST,missing_data,7,664,2366,0.4913879036903381,MSE,0.2597235441207886,1.2421997785568235,input,45.0,44,217,True,0.0895000025629997,0.0895000025629997,,,
traffic,PatchTST,missing_data,7,664,2366,0.4913879036903381,MSE,0.2597235441207886,1.2421997785568235,input,45.0,44,251,True,0.1089000031352043,0.1089000031352043,,,
traffic,PatchTST,missing_data,7,664,2366,0.4913879036903381,MSE,0.2597235441207886,1.2421997785568235,input,45.0,44,353,True,0.0292000006884336,0.0292000006884336,,,
traffic,PatchTST,missing_data,7,664,2366,0.4913879036903381,MSE,0.2597235441207886,1.2421997785568235,input,45.0,44,364,True,0.1234000027179718,0.1234000027179718,,,
traffic,PatchTST,missing_data,7,664,2366,0.4913879036903381,MSE,0.2597235441207886,1.2421997785568235,input,45.0,44,413,True,0.0507000014185905,0.0507000014185905,,,
traffic,PatchTST,missing_data,7,664,2366,0.4913879036903381,MSE,0.2597235441207886,1.2421997785568235,input,45.0,44,693,True,0.0104999989271163,0.0104999989271163,,,
traffic,PatchTST,missing_data,7,664,2366,0.4913879036903381,MSE,0.2597235441207886,1.2421997785568235,input,45.0,44,701,True,0.0174999982118606,0.0174999982118606,,,
traffic,PatchTST,missing_data,7,664,2366,0.4913879036903381,MSE,0.2597235441207886,1.2421997785568235,input,45.0,44,722,True,0.1437000036239624,0.1437000036239624,,,
traffic,PatchTST,missing_data,7,664,2366,0.4913879036903381,MSE,0.2597235441207886,1.2421997785568235,input,45.0,44,840,True,0.3835999965667724,0.3835999965667724,,,
traffic,PatchTST,missing_data,7,664,2366,0.4913879036903381,MSE,0.2597235441207886,1.2421997785568235,input,46.0,45,19,True,0.255400002002716,0.255400002002716,,,
traffic,PatchTST,missing_data,7,664,2366,0.4913879036903381,MSE,0.2597235441207886,1.2421997785568235,input,46.0,45,188,True,0.0728999972343444,0.0728999972343444,,,
traffic,PatchTST,missing_data,7,664,2366,0.4913879036903381,MSE,0.2597235441207886,1.2421997785568235,input,46.0,45,217,True,0.3443000018596649,0.3443000018596649,,,
traffic,PatchTST,missing_data,7,664,2366,0.4913879036903381,MSE,0.2597235441207886,1.2421997785568235,input,46.0,45,251,True,0.2005999982357025,0.2005999982357025,,,
traffic,PatchTST,missing_data,7,664,2366,0.4913879036903381,MSE,0.2597235441207886,1.2421997785568235,input,46.0,45,353,True,0.091899998486042,0.091899998486042,,,
traffic,PatchTST,missing_data,7,664,2366,0.4913879036903381,MSE,0.2597235441207886,1.2421997785568235,input,46.0,45,364,True,0.2883999943733215,0.2883999943733215,,,
traffic,PatchTST,missing_data,7,664,2366,0.4913879036903381,MSE,0.2597235441207886,1.2421997785568235,input,46.0,45,413,True,0.159400001168251,0.159400001168251,,,
traffic,PatchTST,missing_data,7,664,2366,0.4913879036903381,MSE,0.2597235441207886,1.2421997785568235,input,46.0,45,693,True,0.0198999978601932,0.0198999978601932,,,
traffic,PatchTST,missing_data,7,664,2366,0.4913879036903381,MSE,0.2597235441207886,1.2421997785568235,input,46.0,45,701,True,0.035300001502037,0.035300001502037,,,
traffic,PatchTST,missing_data,7,664,2366,0.4913879036903381,MSE,0.2597235441207886,1.2421997785568235,input,46.0,45,722,True,0.3052999973297119,0.3052999973297119,,,
traffic,PatchTST,missing_data,7,664,2366,0.4913879036903381,MSE,0.2597235441207886,1.2421997785568235,input,46.0,45,840,True,0.6162999868392944,0.6162999868392944,,,
traffic,PatchTST,missing_data,7,664,2366,0.4913879036903381,MSE,0.2597235441207886,1.2421997785568235,input,47.0,46,19,True,0.4532000124454498,0.4532000124454498,,,
traffic,PatchTST,missing_data,7,664,2366,0.4913879036903381,MSE,0.2597235441207886,1.2421997785568235,input,47.0,46,188,True,0.4269999861717224,0.4269999861717224,,,
traffic,PatchTST,missing_data,7,664,2366,0.4913879036903381,MSE,0.2597235441207886,1.2421997785568235,input,47.0,46,217,True,0.5199000239372253,0.5199000239372253,,,
traffic,PatchTST,missing_data,7,664,2366,0.4913879036903381,MSE,0.2597235441207886,1.2421997785568235,input,47.0,46,251,True,0.4422000050544739,0.4422000050544739,,,
traffic,PatchTST,missing_data,7,664,2366,0.4913879036903381,MSE,0.2597235441207886,1.2421997785568235,input,47.0,46,353,True,0.4600000083446502,0.4600000083446502,,,
traffic,PatchTST,missing_data,7,664,2366,0.4913879036903381,MSE,0.2597235441207886,1.2421997785568235,input,47.0,46,364,True,0.5264999866485596,0.5264999866485596,,,
traffic,PatchTST,missing_data,7,664,2366,0.4913879036903381,MSE,0.2597235441207886,1.2421997785568235,input,47.0,46,413,True,0.4683000147342682,0.4683000147342682,,,
traffic,PatchTST,missing_data,7,664,2366,0.4913879036903381,MSE,0.2597235441207886,1.2421997785568235,input,47.0,46,693,True,0.0280000008642673,0.0280000008642673,,,
traffic,PatchTST,missing_data,7,664,2366,0.4913879036903381,MSE,0.2597235441207886,1.2421997785568235,input,47.0,46,701,True,0.0458000004291534,0.0458000004291534,,,
traffic,PatchTST,missing_data,7,664,2366,0.4913879036903381,MSE,0.2597235441207886,1.2421997785568235,input,47.0,46,722,True,0.0450999997556209,0.0450999997556209,,,
traffic,PatchTST,missing_data,7,664,2366,0.4913879036903381,MSE,0.2597235441207886,1.2421997785568235,input,47.0,46,840,True,0.6151999831199646,0.6151999831199646,,,
traffic,PatchTST,missing_data,7,664,2366,0.4913879036903381,MSE,0.2597235441207886,1.2421997785568235,input,48.0,47,19,True,0.413100004196167,0.4532000124454498,,,
traffic,PatchTST,missing_data,7,664,2366,0.4913879036903381,MSE,0.2597235441207886,1.2421997785568235,input,48.0,47,188,True,0.5051000118255615,0.4269999861717224,,,
traffic,PatchTST,missing_data,7,664,2366,0.4913879036903381,MSE,0.2597235441207886,1.2421997785568235,input,48.0,47,217,True,0.5139999985694885,0.5199000239372253,,,
traffic,PatchTST,missing_data,7,664,2366,0.4913879036903381,MSE,0.2597235441207886,1.2421997785568235,input,48.0,47,251,True,0.2971000075340271,0.4422000050544739,,,
traffic,PatchTST,missing_data,7,664,2366,0.4913879036903381,MSE,0.2597235441207886,1.2421997785568235,input,48.0,47,353,True,0.4383999705314636,0.4600000083446502,,,
traffic,PatchTST,missing_data,7,664,2366,0.4913879036903381,MSE,0.2597235441207886,1.2421997785568235,input,48.0,47,364,True,0.5411999821662903,0.5264999866485596,,,
traffic,PatchTST,missing_data,7,664,2366,0.4913879036903381,MSE,0.2597235441207886,1.2421997785568235,input,48.0,47,413,True,0.4656000137329101,0.4683000147342682,,,
traffic,PatchTST,missing_data,7,664,2366,0.4913879036903381,MSE,0.2597235441207886,1.2421997785568235,input,48.0,47,693,True,0.0351999998092651,0.0280000008642673,,,
traffic,PatchTST,missing_data,7,664,2366,0.4913879036903381,MSE,0.2597235441207886,1.2421997785568235,input,48.0,47,701,True,0.0648000016808509,0.0458000004291534,,,
traffic,PatchTST,missing_data,7,664,2366,0.4913879036903381,MSE,0.2597235441207886,1.2421997785568235,input,48.0,47,722,True,0.0328000001609325,0.0450999997556209,,,
traffic,PatchTST,missing_data,7,664,2366,0.4913879036903381,MSE,0.2597235441207886,1.2421997785568235,input,48.0,47,840,True,0.5953999757766724,0.6151999831199646,,,
traffic,PatchTST,missing_data,7,664,2366,0.4913879036903381,MSE,0.2597235441207886,1.2421997785568235,input,49.0,48,19,True,0.0734999999403953,0.4532000124454498,,,
traffic,PatchTST,missing_data,7,664,2366,0.4913879036903381,MSE,0.2597235441207886,1.2421997785568235,input,49.0,48,188,True,0.124499998986721,0.4269999861717224,,,
traffic,PatchTST,missing_data,7,664,2366,0.4913879036903381,MSE,0.2597235441207886,1.2421997785568235,input,49.0,48,217,True,0.110600009560585,0.5199000239372253,,,
traffic,PatchTST,missing_data,7,664,2366,0.4913879036903381,MSE,0.2597235441207886,1.2421997785568235,input,49.0,48,251,True,0.0961000025272369,0.4422000050544739,,,
traffic,PatchTST,missing_data,7,664,2366,0.4913879036903381,MSE,0.2597235441207886,1.2421997785568235,input,49.0,48,353,True,0.1987999975681305,0.4600000083446502,,,
traffic,PatchTST,missing_data,7,664,2366,0.4913879036903381,MSE,0.2597235441207886,1.2421997785568235,input,49.0,48,364,True,0.1862999945878982,0.5264999866485596,,,
traffic,PatchTST,missing_data,7,664,2366,0.4913879036903381,MSE,0.2597235441207886,1.2421997785568235,input,49.0,48,413,True,0.4350000023841858,0.4683000147342682,,,
traffic,PatchTST,missing_data,7,664,2366,0.4913879036903381,MSE,0.2597235441207886,1.2421997785568235,input,49.0,48,693,True,0.0320000015199184,0.0280000008642673,,,
traffic,PatchTST,missing_data,7,664,2366,0.4913879036903381,MSE,0.2597235441207886,1.2421997785568235,input,49.0,48,701,True,0.0592000000178813,0.0458000004291534,,,
traffic,PatchTST,missing_data,7,664,2366,0.4913879036903381,MSE,0.2597235441207886,1.2421997785568235,input,49.0,48,722,True,0.0326999984681606,0.0450999997556209,,,
traffic,PatchTST,missing_data,7,664,2366,0.4913879036903381,MSE,0.2597235441207886,1.2421997785568235,input,49.0,48,840,True,0.5666999816894531,0.6151999831199646,,,
traffic,PatchTST,missing_data,7,664,2366,0.4913879036903381,MSE,0.2597235441207886,1.2421997785568235,input,50.0,49,19,True,0.0703999996185302,0.4532000124454498,,,
traffic,PatchTST,missing_data,7,664,2366,0.4913879036903381,MSE,0.2597235441207886,1.2421997785568235,input,50.0,49,188,True,0.0617999993264675,0.4269999861717224,,,
traffic,PatchTST,missing_data,7,664,2366,0.4913879036903381,MSE,0.2597235441207886,1.2421997785568235,input,50.0,49,217,True,0.1023999974131584,0.5199000239372253,,,
traffic,PatchTST,missing_data,7,664,2366,0.4913879036903381,MSE,0.2597235441207886,1.2421997785568235,input,50.0,49,251,True,0.0833000019192695,0.4422000050544739,,,
traffic,PatchTST,missing_data,7,664,2366,0.4913879036903381,MSE,0.2597235441207886,1.2421997785568235,input,50.0,49,353,True,0.0452999994158744,0.4600000083446502,,,
traffic,PatchTST,missing_data,7,664,2366,0.4913879036903381,MSE,0.2597235441207886,1.2421997785568235,input,50.0,49,364,True,0.1508000046014785,0.5264999866485596,,,
traffic,PatchTST,missing_data,7,664,2366,0.4913879036903381,MSE,0.2597235441207886,1.2421997785568235,input,50.0,49,413,True,0.3846000134944916,0.4683000147342682,,,
traffic,PatchTST,missing_data,7,664,2366,0.4913879036903381,MSE,0.2597235441207886,1.2421997785568235,input,50.0,49,693,True,0.0318999998271465,0.0280000008642673,,,
traffic,PatchTST,missing_data,7,664,2366,0.4913879036903381,MSE,0.2597235441207886,1.2421997785568235,input,50.0,49,701,True,0.0582000017166137,0.0458000004291534,,,
traffic,PatchTST,missing_data,7,664,2366,0.4913879036903381,MSE,0.2597235441207886,1.2421997785568235,input,50.0,49,722,True,0.0344999991357326,0.0450999997556209,,,
traffic,PatchTST,missing_data,7,664,2366,0.4913879036903381,MSE,0.2597235441207886,1.2421997785568235,input,50.0,49,840,True,0.0461999997496604,0.6151999831199646,,,
traffic,PatchTST,missing_data,7,664,2366,0.4913879036903381,MSE,0.2597235441207886,1.2421997785568235,input,51.0,50,19,True,0.0590999983251094,0.4532000124454498,,,
traffic,PatchTST,missing_data,7,664,2366,0.4913879036903381,MSE,0.2597235441207886,1.2421997785568235,input,51.0,50,188,True,0.0566000007092952,0.4269999861717224,,,
traffic,PatchTST,missing_data,7,664,2366,0.4913879036903381,MSE,0.2597235441207886,1.2421997785568235,input,51.0,50,217,True,0.089599996805191,0.5199000239372253,,,
traffic,PatchTST,missing_data,7,664,2366,0.4913879036903381,MSE,0.2597235441207886,1.2421997785568235,input,51.0,50,251,True,0.092299997806549,0.4422000050544739,,,
traffic,PatchTST,missing_data,7,664,2366,0.4913879036903381,MSE,0.2597235441207886,1.2421997785568235,input,51.0,50,353,True,0.0419999994337558,0.4600000083446502,,,
traffic,PatchTST,missing_data,7,664,2366,0.4913879036903381,MSE,0.2597235441207886,1.2421997785568235,input,51.0,50,364,True,0.1272999942302703,0.5264999866485596,,,
traffic,PatchTST,missing_data,7,664,2366,0.4913879036903381,MSE,0.2597235441207886,1.2421997785568235,input,51.0,50,413,True,0.1168999969959259,0.4683000147342682,,,
traffic,PatchTST,missing_data,7,664,2366,0.4913879036903381,MSE,0.2597235441207886,1.2421997785568235,input,51.0,50,693,True,0.0353999994695186,0.0280000008642673,,,
traffic,PatchTST,missing_data,7,664,2366,0.4913879036903381,MSE,0.2597235441207886,1.2421997785568235,input,51.0,50,701,True,0.065700002014637,0.0458000004291534,,,
traffic,PatchTST,missing_data,7,664,2366,0.4913879036903381,MSE,0.2597235441207886,1.2421997785568235,input,51.0,50,722,True,0.0296999998390674,0.0450999997556209,,,
traffic,PatchTST,missing_data,7,664,2366,0.4913879036903381,MSE,0.2597235441207886,1.2421997785568235,input,51.0,50,840,True,0.032999999821186,0.6151999831199646,,,
traffic,PatchTST,missing_data,7,664,2366,0.4913879036903381,MSE,0.2597235441207886,1.2421997785568235,input,52.0,51,19,True,0.0566000007092952,0.4532000124454498,,,
traffic,PatchTST,missing_data,7,664,2366,0.4913879036903381,MSE,0.2597235441207886,1.2421997785568235,input,52.0,51,188,True,0.0571000017225742,0.4269999861717224,,,
traffic,PatchTST,missing_data,7,664,2366,0.4913879036903381,MSE,0.2597235441207886,1.2421997785568235,input,52.0,51,217,True,0.0776999965310096,0.5199000239372253,,,
traffic,PatchTST,missing_data,7,664,2366,0.4913879036903381,MSE,0.2597235441207886,1.2421997785568235,input,52.0,51,251,True,0.0762000009417533,0.4422000050544739,,,
traffic,PatchTST,missing_data,7,664,2366,0.4913879036903381,MSE,0.2597235441207886,1.2421997785568235,input,52.0,51,353,True,0.0416000001132488,0.4600000083446502,,,
traffic,PatchTST,missing_data,7,664,2366,0.4913879036903381,MSE,0.2597235441207886,1.2421997785568235,input,52.0,51,364,True,0.099600002169609,0.5264999866485596,,,
traffic,PatchTST,missing_data,7,664,2366,0.4913879036903381,MSE,0.2597235441207886,1.2421997785568235,input,52.0,51,413,True,0.0910999998450279,0.4683000147342682,,,
traffic,PatchTST,missing_data,7,664,2366,0.4913879036903381,MSE,0.2597235441207886,1.2421997785568235,input,52.0,51,693,True,0.0359999984502792,0.0280000008642673,,,
traffic,PatchTST,missing_data,7,664,2366,0.4913879036903381,MSE,0.2597235441207886,1.2421997785568235,input,52.0,51,701,True,0.0685999989509582,0.0458000004291534,,,
traffic,PatchTST,missing_data,7,664,2366,0.4913879036903381,MSE,0.2597235441207886,1.2421997785568235,input,52.0,51,722,True,0.0303000006824731,0.0450999997556209,,,
traffic,PatchTST,missing_data,7,664,2366,0.4913879036903381,MSE,0.2597235441207886,1.2421997785568235,input,52.0,51,840,True,0.0309999994933605,0.6151999831199646,,,
traffic,PatchTST,missing_data,7,664,2366,0.4913879036903381,MSE,0.2597235441207886,1.2421997785568235,input,53.0,52,19,True,0.0570000000298023,0.4532000124454498,,,
traffic,PatchTST,missing_data,7,664,2366,0.4913879036903381,MSE,0.2597235441207886,1.2421997785568235,input,53.0,52,188,True,0.0595999993383884,0.4269999861717224,,,
traffic,PatchTST,missing_data,7,664,2366,0.4913879036903381,MSE,0.2597235441207886,1.2421997785568235,input,53.0,52,217,True,0.0935999974608421,0.5199000239372253,,,
traffic,PatchTST,missing_data,7,664,2366,0.4913879036903381,MSE,0.2597235441207886,1.2421997785568235,input,53.0,52,251,True,0.0797000005841255,0.4422000050544739,,,
traffic,PatchTST,missing_data,7,664,2366,0.4913879036903381,MSE,0.2597235441207886,1.2421997785568235,input,53.0,52,353,True,0.0427000001072883,0.4600000083446502,,,
traffic,PatchTST,missing_data,7,664,2366,0.4913879036903381,MSE,0.2597235441207886,1.2421997785568235,input,53.0,52,364,True,0.1354999989271164,0.5264999866485596,,,
traffic,PatchTST,missing_data,7,664,2366,0.4913879036903381,MSE,0.2597235441207886,1.2421997785568235,input,53.0,52,413,True,0.0910999998450279,0.4683000147342682,,,
traffic,PatchTST,missing_data,7,664,2366,0.4913879036903381,MSE,0.2597235441207886,1.2421997785568235,input,53.0,52,693,True,0.0417999997735023,0.0280000008642673,,,
traffic,PatchTST,missing_data,7,664,2366,0.4913879036903381,MSE,0.2597235441207886,1.2421997785568235,input,53.0,52,701,True,0.0807000026106834,0.0458000004291534,,,
traffic,PatchTST,missing_data,7,664,2366,0.4913879036903381,MSE,0.2597235441207886,1.2421997785568235,input,53.0,52,722,True,0.0296999998390674,0.0450999997556209,,,
traffic,PatchTST,missing_data,7,664,2366,0.4913879036903381,MSE,0.2597235441207886,1.2421997785568235,input,53.0,52,840,True,0.0313000008463859,0.6151999831199646,,,
traffic,PatchTST,missing_data,7,664,2366,0.4913879036903381,MSE,0.2597235441207886,1.2421997785568235,input,54.0,53,19,True,0.0608000010251998,0.4532000124454498,,,
traffic,PatchTST,missing_data,7,664,2366,0.4913879036903381,MSE,0.2597235441207886,1.2421997785568235,input,54.0,53,188,True,0.0599999986588954,0.4269999861717224,,,
traffic,PatchTST,missing_data,7,664,2366,0.4913879036903381,MSE,0.2597235441207886,1.2421997785568235,input,54.0,53,217,True,0.0957999974489212,0.5199000239372253,,,
traffic,PatchTST,missing_data,7,664,2366,0.4913879036903381,MSE,0.2597235441207886,1.2421997785568235,input,54.0,53,251,True,0.0747999995946884,0.4422000050544739,,,
traffic,PatchTST,missing_data,7,664,2366,0.4913879036903381,MSE,0.2597235441207886,1.2421997785568235,input,54.0,53,353,True,0.0421999990940094,0.4600000083446502,,,
traffic,PatchTST,missing_data,7,664,2366,0.4913879036903381,MSE,0.2597235441207886,1.2421997785568235,input,54.0,53,364,True,0.1348000019788742,0.5264999866485596,,,
traffic,PatchTST,missing_data,7,664,2366,0.4913879036903381,MSE,0.2597235441207886,1.2421997785568235,input,54.0,53,413,True,0.090999998152256,0.4683000147342682,,,
traffic,PatchTST,missing_data,7,664,2366,0.4913879036903381,MSE,0.2597235441207886,1.2421997785568235,input,54.0,53,693,True,0.0425999984145164,0.0280000008642673,,,
traffic,PatchTST,missing_data,7,664,2366,0.4913879036903381,MSE,0.2597235441207886,1.2421997785568235,input,54.0,53,701,True,0.0826999992132186,0.0458000004291534,,,
traffic,PatchTST,missing_data,7,664,2366,0.4913879036903381,MSE,0.2597235441207886,1.2421997785568235,input,54.0,53,722,True,0.031599998474121,0.0450999997556209,,,
traffic,PatchTST,missing_data,7,664,2366,0.4913879036903381,MSE,0.2597235441207886,1.2421997785568235,input,54.0,53,840,True,0.0337000004947185,0.6151999831199646,,,
traffic,PatchTST,missing_data,7,664,2366,0.4913879036903381,MSE,0.2597235441207886,1.2421997785568235,input,55.0,54,19,True,0.06700000166893,0.4532000124454498,,,
traffic,PatchTST,missing_data,7,664,2366,0.4913879036903381,MSE,0.2597235441207886,1.2421997785568235,input,55.0,54,188,True,0.0522000007331371,0.4269999861717224,,,
traffic,PatchTST,missing_data,7,664,2366,0.4913879036903381,MSE,0.2597235441207886,1.2421997785568235,input,55.0,54,217,True,0.1211000010371208,0.5199000239372253,,,
traffic,PatchTST,missing_data,7,664,2366,0.4913879036903381,MSE,0.2597235441207886,1.2421997785568235,input,55.0,54,251,True,0.0706000030040741,0.4422000050544739,,,
traffic,PatchTST,missing_data,7,664,2366,0.4913879036903381,MSE,0.2597235441207886,1.2421997785568235,input,55.0,54,353,True,0.0445000007748603,0.4600000083446502,,,
traffic,PatchTST,missing_data,7,664,2366,0.4913879036903381,MSE,0.2597235441207886,1.2421997785568235,input,55.0,54,364,True,0.1600999981164932,0.5264999866485596,,,
traffic,PatchTST,missing_data,7,664,2366,0.4913879036903381,MSE,0.2597235441207886,1.2421997785568235,input,55.0,54,413,True,0.0797000005841255,0.4683000147342682,,,
traffic,PatchTST,missing_data,7,664,2366,0.4913879036903381,MSE,0.2597235441207886,1.2421997785568235,input,55.0,54,693,True,0.0432999990880489,0.0280000008642673,,,
traffic,PatchTST,missing_data,7,664,2366,0.4913879036903381,MSE,0.2597235441207886,1.2421997785568235,input,55.0,54,701,True,0.2851999998092651,0.0458000004291534,,,
traffic,PatchTST,missing_data,7,664,2366,0.4913879036903381,MSE,0.2597235441207886,1.2421997785568235,input,55.0,54,722,True,0.0270000007003545,0.0450999997556209,,,
traffic,PatchTST,missing_data,7,664,2366,0.4913879036903381,MSE,0.2597235441207886,1.2421997785568235,input,55.0,54,840,True,0.0305000003427267,0.6151999831199646,,,
traffic,PatchTST,missing_data,7,664,2366,0.4913879036903381,MSE,0.2597235441207886,1.2421997785568235,input,56.0,55,19,True,0.0644000023603439,0.4532000124454498,,,
traffic,PatchTST,missing_data,7,664,2366,0.4913879036903381,MSE,0.2597235441207886,1.2421997785568235,input,56.0,55,188,True,0.062399998307228,0.4269999861717224,,,
traffic,PatchTST,missing_data,7,664,2366,0.4913879036903381,MSE,0.2597235441207886,1.2421997785568235,input,56.0,55,217,True,0.1204999983310699,0.5199000239372253,,,
traffic,PatchTST,missing_data,7,664,2366,0.4913879036903381,MSE,0.2597235441207886,1.2421997785568235,input,56.0,55,251,True,0.0738999992609024,0.4422000050544739,,,
traffic,PatchTST,missing_data,7,664,2366,0.4913879036903381,MSE,0.2597235441207886,1.2421997785568235,input,56.0,55,353,True,0.0460000000894069,0.4600000083446502,,,
traffic,PatchTST,missing_data,7,664,2366,0.4913879036903381,MSE,0.2597235441207886,1.2421997785568235,input,56.0,55,364,True,0.1616999953985214,0.5264999866485596,,,
traffic,PatchTST,missing_data,7,664,2366,0.4913879036903381,MSE,0.2597235441207886,1.2421997785568235,input,56.0,55,413,True,0.0824000015854835,0.4683000147342682,,,
traffic,PatchTST,missing_data,7,664,2366,0.4913879036903381,MSE,0.2597235441207886,1.2421997785568235,input,56.0,55,693,True,0.2448000013828277,0.0280000008642673,,,
traffic,PatchTST,missing_data,7,664,2366,0.4913879036903381,MSE,0.2597235441207886,1.2421997785568235,input,56.0,55,701,True,0.5609999895095825,0.0458000004291534,,,
traffic,PatchTST,missing_data,7,664,2366,0.4913879036903381,MSE,0.2597235441207886,1.2421997785568235,input,56.0,55,722,True,0.0286999996751546,0.0450999997556209,,,
traffic,PatchTST,missing_data,7,664,2366,0.4913879036903381,MSE,0.2597235441207886,1.2421997785568235,input,56.0,55,840,True,0.0307000000029802,0.6151999831199646,,,
traffic,PatchTST,missing_data,7,664,2366,0.4913879036903381,MSE,0.2597235441207886,1.2421997785568235,input,57.0,56,19,True,0.0806000009179115,0.4532000124454498,,,
traffic,PatchTST,missing_data,7,664,2366,0.4913879036903381,MSE,0.2597235441207886,1.2421997785568235,input,57.0,56,188,True,0.0599999986588954,0.4269999861717224,,,
traffic,PatchTST,missing_data,7,664,2366,0.4913879036903381,MSE,0.2597235441207886,1.2421997785568235,input,57.0,56,217,True,0.1415999978780746,0.5199000239372253,,,
traffic,PatchTST,missing_data,7,664,2366,0.4913879036903381,MSE,0.2597235441207886,1.2421997785568235,input,57.0,56,251,True,0.0741999968886375,0.4422000050544739,,,
traffic,PatchTST,missing_data,7,664,2366,0.4913879036903381,MSE,0.2597235441207886,1.2421997785568235,input,57.0,56,353,True,0.0555999986827373,0.4600000083446502,,,
traffic,PatchTST,missing_data,7,664,2366,0.4913879036903381,MSE,0.2597235441207886,1.2421997785568235,input,57.0,56,364,True,0.1912000030279159,0.5264999866485596,,,
traffic,PatchTST,missing_data,7,664,2366,0.4913879036903381,MSE,0.2597235441207886,1.2421997785568235,input,57.0,56,413,True,0.1739999949932098,0.4683000147342682,,,
traffic,PatchTST,missing_data,7,664,2366,0.4913879036903381,MSE,0.2597235441207886,1.2421997785568235,input,57.0,56,693,True,0.4760999977588653,0.0280000008642673,,,
traffic,PatchTST,missing_data,7,664,2366,0.4913879036903381,MSE,0.2597235441207886,1.2421997785568235,input,57.0,56,701,True,0.6075000166893005,0.0458000004291534,,,
traffic,PatchTST,missing_data,7,664,2366,0.4913879036903381,MSE,0.2597235441207886,1.2421997785568235,input,57.0,56,722,True,0.0258000008761882,0.0450999997556209,,,
traffic,PatchTST,missing_data,7,664,2366,0.4913879036903381,MSE,0.2597235441207886,1.2421997785568235,input,57.0,56,840,True,0.0295000001788139,0.6151999831199646,,,
traffic,PatchTST,missing_data,7,664,2366,0.4913879036903381,MSE,0.2597235441207886,1.2421997785568235,input,58.0,57,19,True,0.0603000000119209,0.4532000124454498,,,
traffic,PatchTST,missing_data,7,664,2366,0.4913879036903381,MSE,0.2597235441207886,1.2421997785568235,input,58.0,57,188,True,0.0522999987006187,0.4269999861717224,,,
traffic,PatchTST,missing_data,7,664,2366,0.4913879036903381,MSE,0.2597235441207886,1.2421997785568235,input,58.0,57,217,True,0.1077999994158744,0.5199000239372253,,,
traffic,PatchTST,missing_data,7,664,2366,0.4913879036903381,MSE,0.2597235441207886,1.2421997785568235,input,58.0,57,251,True,0.0625,0.4422000050544739,,,
traffic,PatchTST,missing_data,7,664,2366,0.4913879036903381,MSE,0.2597235441207886,1.2421997785568235,input,58.0,57,353,True,0.0421000011265277,0.4600000083446502,,,
traffic,PatchTST,missing_data,7,664,2366,0.4913879036903381,MSE,0.2597235441207886,1.2421997785568235,input,58.0,57,364,True,0.1626999974250793,0.5264999866485596,,,
traffic,PatchTST,missing_data,7,664,2366,0.4913879036903381,MSE,0.2597235441207886,1.2421997785568235,input,58.0,57,413,True,0.1412999927997589,0.4683000147342682,,,
traffic,PatchTST,missing_data,7,664,2366,0.4913879036903381,MSE,0.2597235441207886,1.2421997785568235,input,58.0,57,693,True,0.4728000164031982,0.0280000008642673,,,
traffic,PatchTST,missing_data,7,664,2366,0.4913879036903381,MSE,0.2597235441207886,1.2421997785568235,input,58.0,57,701,True,0.590499997138977,0.0458000004291534,,,
traffic,PatchTST,missing_data,7,664,2366,0.4913879036903381,MSE,0.2597235441207886,1.2421997785568235,input,58.0,57,722,True,0.0196000002324581,0.0450999997556209,,,
traffic,PatchTST,missing_data,7,664,2366,0.4913879036903381,MSE,0.2597235441207886,1.2421997785568235,input,58.0,57,840,True,0.0210999995470047,0.6151999831199646,,,
traffic,PatchTST,missing_data,7,664,2366,0.4913879036903381,MSE,0.2597235441207886,1.2421997785568235,input,59.0,58,19,True,0.0357999987900257,0.4532000124454498,,,
traffic,PatchTST,missing_data,7,664,2366,0.4913879036903381,MSE,0.2597235441207886,1.2421997785568235,input,59.0,58,188,True,0.0496999993920326,0.4269999861717224,,,
traffic,PatchTST,missing_data,7,664,2366,0.4913879036903381,MSE,0.2597235441207886,1.2421997785568235,input,59.0,58,217,True,0.0610000006854534,0.5199000239372253,,,
traffic,PatchTST,missing_data,7,664,2366,0.4913879036903381,MSE,0.2597235441207886,1.2421997785568235,input,59.0,58,251,True,0.0535000003874301,0.4422000050544739,,,
traffic,PatchTST,missing_data,7,664,2366,0.4913879036903381,MSE,0.2597235441207886,1.2421997785568235,input,59.0,58,353,True,0.0350000001490116,0.4600000083446502,,,
traffic,PatchTST,missing_data,7,664,2366,0.4913879036903381,MSE,0.2597235441207886,1.2421997785568235,input,59.0,58,364,True,0.0844999998807907,0.5264999866485596,,,
traffic,PatchTST,missing_data,7,664,2366,0.4913879036903381,MSE,0.2597235441207886,1.2421997785568235,input,59.0,58,413,True,0.0829999968409538,0.4683000147342682,,,
traffic,PatchTST,missing_data,7,664,2366,0.4913879036903381,MSE,0.2597235441207886,1.2421997785568235,input,59.0,58,693,True,0.2935999929904938,0.0280000008642673,,,
traffic,PatchTST,missing_data,7,664,2366,0.4913879036903381,MSE,0.2597235441207886,1.2421997785568235,input,59.0,58,701,True,0.4684999883174896,0.0458000004291534,,,
traffic,PatchTST,missing_data,7,664,2366,0.4913879036903381,MSE,0.2597235441207886,1.2421997785568235,input,59.0,58,722,True,0.0026999991387128,0.0450999997556209,,,
traffic,PatchTST,missing_data,7,664,2366,0.4913879036903381,MSE,0.2597235441207886,1.2421997785568235,input,59.0,58,840,True,0.0142999999225139,0.6151999831199646,,,
traffic,PatchTST,missing_data,7,664,2366,0.4913879036903381,MSE,0.2597235441207886,1.2421997785568235,input,60.0,59,19,True,0.0277999993413686,0.4532000124454498,,,
traffic,PatchTST,missing_data,7,664,2366,0.4913879036903381,MSE,0.2597235441207886,1.2421997785568235,input,60.0,59,188,True,0.0322000011801719,0.4269999861717224,,,
traffic,PatchTST,missing_data,7,664,2366,0.4913879036903381,MSE,0.2597235441207886,1.2421997785568235,input,60.0,59,217,True,0.0478000007569789,0.5199000239372253,,,
traffic,PatchTST,missing_data,7,664,2366,0.4913879036903381,MSE,0.2597235441207886,1.2421997785568235,input,60.0,59,251,True,0.0416000001132488,0.4422000050544739,,,
traffic,PatchTST,missing_data,7,664,2366,0.4913879036903381,MSE,0.2597235441207886,1.2421997785568235,input,60.0,59,353,True,0.0251000002026557,0.4600000083446502,,,
traffic,PatchTST,missing_data,7,664,2366,0.4913879036903381,MSE,0.2597235441207886,1.2421997785568235,input,60.0,59,364,True,0.0684999972581863,0.5264999866485596,,,
traffic,PatchTST,missing_data,7,664,2366,0.4913879036903381,MSE,0.2597235441207886,1.2421997785568235,input,60.0,59,413,True,0.0593000017106533,0.4683000147342682,,,
traffic,PatchTST,missing_data,7,664,2366,0.4913879036903381,MSE,0.2597235441207886,1.2421997785568235,input,60.0,59,693,True,0.0386999994516372,0.0280000008642673,,,
traffic,PatchTST,missing_data,7,664,2366,0.4913879036903381,MSE,0.2597235441207886,1.2421997785568235,input,60.0,59,701,True,0.0737999975681305,0.0458000004291534,,,
traffic,PatchTST,missing_data,7,664,2366,0.4913879036903381,MSE,0.2597235441207886,1.2421997785568235,input,60.0,59,722,True,0.0007000006735324,0.0450999997556209,,,
traffic,PatchTST,missing_data,7,664,2366,0.4913879036903381,MSE,0.2597235441207886,1.2421997785568235,input,60.0,59,840,True,0.0131999999284744,0.6151999831199646,,,
traffic,PatchTST,missing_data,7,664,2366,0.4913879036903381,MSE,0.2597235441207886,1.2421997785568235,input,61.0,60,19,True,0.0204000025987625,0.4532000124454498,,,
traffic,PatchTST,missing_data,7,664,2366,0.4913879036903381,MSE,0.2597235441207886,1.2421997785568235,input,61.0,60,188,True,0.0242999996989965,0.4269999861717224,,,
traffic,PatchTST,missing_data,7,664,2366,0.4913879036903381,MSE,0.2597235441207886,1.2421997785568235,input,61.0,60,217,True,0.0357000008225441,0.5199000239372253,,,
traffic,PatchTST,missing_data,7,664,2366,0.4913879036903381,MSE,0.2597235441207886,1.2421997785568235,input,61.0,60,251,True,0.037600003182888,0.4422000050544739,,,
traffic,PatchTST,missing_data,7,664,2366,0.4913879036903381,MSE,0.2597235441207886,1.2421997785568235,input,61.0,60,353,True,0.0219000000506639,0.4600000083446502,,,
traffic,PatchTST,missing_data,7,664,2366,0.4913879036903381,MSE,0.2597235441207886,1.2421997785568235,input,61.0,60,364,True,0.0507000014185905,0.5264999866485596,,,
traffic,PatchTST,missing_data,7,664,2366,0.4913879036903381,MSE,0.2597235441207886,1.2421997785568235,input,61.0,60,413,True,0.0562000013887882,0.4683000147342682,,,
traffic,PatchTST,missing_data,7,664,2366,0.4913879036903381,MSE,0.2597235441207886,1.2421997785568235,input,61.0,60,693,True,0.0368000008165836,0.0280000008642673,,,
traffic,PatchTST,missing_data,7,664,2366,0.4913879036903381,MSE,0.2597235441207886,1.2421997785568235,input,61.0,60,701,True,0.068400003015995,0.0458000004291534,,,
traffic,PatchTST,missing_data,7,664,2366,0.4913879036903381,MSE,0.2597235441207886,1.2421997785568235,input,61.0,60,722,True,0.0033999998122453,0.0450999997556209,,,
traffic,PatchTST,missing_data,7,664,2366,0.4913879036903381,MSE,0.2597235441207886,1.2421997785568235,input,61.0,60,840,True,0.0128000006079673,0.6151999831199646,,,
traffic,PatchTST,missing_data,7,664,2366,0.4913879036903381,MSE,0.2597235441207886,1.2421997785568235,input,62.0,61,19,True,0.0162000022828578,0.4532000124454498,,,
traffic,PatchTST,missing_data,7,664,2366,0.4913879036903381,MSE,0.2597235441207886,1.2421997785568235,input,62.0,61,188,True,0.0171000007539987,0.4269999861717224,,,
traffic,PatchTST,missing_data,7,664,2366,0.4913879036903381,MSE,0.2597235441207886,1.2421997785568235,input,62.0,61,217,True,0.029399998486042,0.5199000239372253,,,
traffic,PatchTST,missing_data,7,664,2366,0.4913879036903381,MSE,0.2597235441207886,1.2421997785568235,input,62.0,61,251,True,0.0324000008404254,0.4422000050544739,,,
traffic,PatchTST,missing_data,7,664,2366,0.4913879036903381,MSE,0.2597235441207886,1.2421997785568235,input,62.0,61,353,True,0.0172000005841255,0.4600000083446502,,,
traffic,PatchTST,missing_data,7,664,2366,0.4913879036903381,MSE,0.2597235441207886,1.2421997785568235,input,62.0,61,364,True,0.0379000008106231,0.5264999866485596,,,
traffic,PatchTST,missing_data,7,664,2366,0.4913879036903381,MSE,0.2597235441207886,1.2421997785568235,input,62.0,61,413,True,0.0447999984025955,0.4683000147342682,,,
traffic,PatchTST,missing_data,7,664,2366,0.4913879036903381,MSE,0.2597235441207886,1.2421997785568235,input,62.0,61,693,True,0.0285999998450279,0.0280000008642673,,,
traffic,PatchTST,missing_data,7,664,2366,0.4913879036903381,MSE,0.2597235441207886,1.2421997785568235,input,62.0,61,701,True,0.0555000007152557,0.0458000004291534,,,
traffic,PatchTST,missing_data,7,664,2366,0.4913879036903381,MSE,0.2597235441207886,1.2421997785568235,input,62.0,61,722,True,0.0002000015228986,0.0450999997556209,,,
traffic,PatchTST,missing_data,7,664,2366,0.4913879036903381,MSE,0.2597235441207886,1.2421997785568235,input,62.0,61,840,True,0.0095000006258487,0.6151999831199646,,,
traffic,PatchTST,missing_data,7,664,2366,0.4913879036903381,MSE,0.2597235441207886,1.2421997785568235,input,63.0,62,19,True,0.0056999996304512,0.4532000124454498,,,
traffic,PatchTST,missing_data,7,664,2366,0.4913879036903381,MSE,0.2597235441207886,1.2421997785568235,input,63.0,62,188,True,0.000900000333786,0.4269999861717224,,,
traffic,PatchTST,missing_data,7,664,2366,0.4913879036903381,MSE,0.2597235441207886,1.2421997785568235,input,63.0,62,217,True,0.0139999985694885,0.5199000239372253,,,
traffic,PatchTST,missing_data,7,664,2366,0.4913879036903381,MSE,0.2597235441207886,1.2421997785568235,input,63.0,62,251,True,0.0186000019311904,0.4422000050544739,,,
traffic,PatchTST,missing_data,7,664,2366,0.4913879036903381,MSE,0.2597235441207886,1.2421997785568235,input,63.0,62,353,True,0.0106000006198883,0.4600000083446502,,,
traffic,PatchTST,missing_data,7,664,2366,0.4913879036903381,MSE,0.2597235441207886,1.2421997785568235,input,63.0,62,364,True,0.0200999937951564,0.5264999866485596,,,
traffic,PatchTST,missing_data,7,664,2366,0.4913879036903381,MSE,0.2597235441207886,1.2421997785568235,input,63.0,62,413,True,0.0274000018835067,0.4683000147342682,,,
traffic,PatchTST,missing_data,7,664,2366,0.4913879036903381,MSE,0.2597235441207886,1.2421997785568235,input,63.0,62,693,True,0.0251000002026557,0.0280000008642673,,,
traffic,PatchTST,missing_data,7,664,2366,0.4913879036903381,MSE,0.2597235441207886,1.2421997785568235,input,63.0,62,701,True,0.0486000031232833,0.0458000004291534,,,
traffic,PatchTST,missing_data,7,664,2366,0.4913879036903381,MSE,0.2597235441207886,1.2421997785568235,input,63.0,62,722,True,-1.862645149230957e-09,0.0450999997556209,,,
traffic,PatchTST,missing_data,7,664,2366,0.4913879036903381,MSE,0.2597235441207886,1.2421997785568235,input,63.0,62,840,True,0.0067999996244907,0.6151999831199646,,,
traffic,PatchTST,missing_data,7,664,2366,0.4913879036903381,MSE,0.2597235441207886,1.2421997785568235,input,64.0,63,19,True,0.0029000006616115,0.4532000124454498,,,
traffic,PatchTST,missing_data,7,664,2366,0.4913879036903381,MSE,0.2597235441207886,1.2421997785568235,input,64.0,63,188,True,0.0003000013530254,0.4269999861717224,,,
traffic,PatchTST,missing_data,7,664,2366,0.4913879036903381,MSE,0.2597235441207886,1.2421997785568235,input,64.0,63,217,True,0.0106000006198883,0.5199000239372253,,,
traffic,PatchTST,missing_data,7,664,2366,0.4913879036903381,MSE,0.2597235441207886,1.2421997785568235,input,64.0,63,251,True,0.0129000023007392,0.4422000050544739,,,
traffic,PatchTST,missing_data,7,664,2366,0.4913879036903381,MSE,0.2597235441207886,1.2421997785568235,input,64.0,63,353,True,0.0076000001281499,0.4600000083446502,,,
traffic,PatchTST,missing_data,7,664,2366,0.4913879036903381,MSE,0.2597235441207886,1.2421997785568235,input,64.0,63,364,True,0.0155000016093254,0.5264999866485596,,,
traffic,PatchTST,missing_data,7,664,2366,0.4913879036903381,MSE,0.2597235441207886,1.2421997785568235,input,64.0,63,413,True,0.0173999965190887,0.4683000147342682,,,
traffic,PatchTST,missing_data,7,664,2366,0.4913879036903381,MSE,0.2597235441207886,1.2421997785568235,input,64.0,63,693,True,0.0164000000804662,0.0280000008642673,,,
traffic,PatchTST,missing_data,7,664,2366,0.4913879036903381,MSE,0.2597235441207886,1.2421997785568235,input,64.0,63,701,True,0.030299998819828,0.0458000004291534,,,
traffic,PatchTST,missing_data,7,664,2366,0.4913879036903381,MSE,0.2597235441207886,1.2421997785568235,input,64.0,63,722,True,0.0002999994903802,0.0450999997556209,,,
traffic,PatchTST,missing_data,7,664,2366,0.4913879036903381,MSE,0.2597235441207886,1.2421997785568235,input,64.0,63,840,True,0.0047999992966651,0.6151999831199646,,,
traffic,PatchTST,missing_data,7,664,2366,0.4913879036903381,MSE,0.2597235441207886,1.2421997785568235,input,65.0,64,19,True,0.0025999993085861,0.4532000124454498,,,
traffic,PatchTST,missing_data,7,664,2366,0.4913879036903381,MSE,0.2597235441207886,1.2421997785568235,input,65.0,64,188,True,0.0005000010132789,0.4269999861717224,,,
traffic,PatchTST,missing_data,7,664,2366,0.4913879036903381,MSE,0.2597235441207886,1.2421997785568235,input,65.0,64,217,True,0.0104999989271163,0.5199000239372253,,,
traffic,PatchTST,missing_data,7,664,2366,0.4913879036903381,MSE,0.2597235441207886,1.2421997785568235,input,65.0,64,251,True,0.0109999999403953,0.4422000050544739,,,
traffic,PatchTST,missing_data,7,664,2366,0.4913879036903381,MSE,0.2597235441207886,1.2421997785568235,input,65.0,64,353,True,0.0044999998062849,0.4600000083446502,,,
traffic,PatchTST,missing_data,7,664,2366,0.4913879036903381,MSE,0.2597235441207886,1.2421997785568235,input,65.0,64,364,True,0.0150000043213367,0.5264999866485596,,,
traffic,PatchTST,missing_data,7,664,2366,0.4913879036903381,MSE,0.2597235441207886,1.2421997785568235,input,65.0,64,413,True,0.0099999979138374,0.4683000147342682,,,
traffic,PatchTST,missing_data,7,664,2366,0.4913879036903381,MSE,0.2597235441207886,1.2421997785568235,input,65.0,64,693,True,0.0113999992609024,0.0280000008642673,,,
traffic,PatchTST,missing_data,7,664,2366,0.4913879036903381,MSE,0.2597235441207886,1.2421997785568235,input,65.0,64,701,True,0.0200000032782554,0.0458000004291534,,,
traffic,PatchTST,missing_data,7,664,2366,0.4913879036903381,MSE,0.2597235441207886,1.2421997785568235,input,65.0,64,722,True,0.0001000016927719,0.0450999997556209,,,
traffic,PatchTST,missing_data,7,664,2366,0.4913879036903381,MSE,0.2597235441207886,1.2421997785568235,input,65.0,64,840,True,0.0041000004857778,0.6151999831199646,,,
traffic,PatchTST,missing_data,7,664,2366,0.4913879036903381,MSE,0.2597235441207886,1.2421997785568235,input,66.0,65,19,True,0.0020000003278255,0.4532000124454498,,,
traffic,PatchTST,missing_data,7,664,2366,0.4913879036903381,MSE,0.2597235441207886,1.2421997785568235,input,66.0,65,188,True,0.0005000010132789,0.4269999861717224,,,
traffic,PatchTST,missing_data,7,664,2366,0.4913879036903381,MSE,0.2597235441207886,1.2421997785568235,input,66.0,65,217,True,0.0085000023245811,0.5199000239372253,,,
traffic,PatchTST,missing_data,7,664,2366,0.4913879036903381,MSE,0.2597235441207886,1.2421997785568235,input,66.0,65,251,True,0.0124999992549419,0.4422000050544739,,,
traffic,PatchTST,missing_data,7,664,2366,0.4913879036903381,MSE,0.2597235441207886,1.2421997785568235,input,66.0,65,353,True,0.0046999994665384,0.4600000083446502,,,
traffic,PatchTST,missing_data,7,664,2366,0.4913879036903381,MSE,0.2597235441207886,1.2421997785568235,input,66.0,65,364,True,0.0125000029802322,0.5264999866485596,,,
traffic,PatchTST,missing_data,7,664,2366,0.4913879036903381,MSE,0.2597235441207886,1.2421997785568235,input,66.0,65,413,True,0.0069999992847442,0.4683000147342682,,,
traffic,PatchTST,missing_data,7,664,2366,0.4913879036903381,MSE,0.2597235441207886,1.2421997785568235,input,66.0,65,693,True,0.0075999982655048,0.0280000008642673,,,
traffic,PatchTST,missing_data,7,664,2366,0.4913879036903381,MSE,0.2597235441207886,1.2421997785568235,input,66.0,65,701,True,0.0142000019550323,0.0458000004291534,,,
traffic,PatchTST,missing_data,7,664,2366,0.4913879036903381,MSE,0.2597235441207886,1.2421997785568235,input,66.0,65,722,True,-1.862645149230957e-09,0.0450999997556209,,,
traffic,PatchTST,missing_data,7,664,2366,0.4913879036903381,MSE,0.2597235441207886,1.2421997785568235,input,66.0,65,840,True,0.0045999996364116,0.6151999831199646,,,
traffic,PatchTST,missing_data,7,664,2366,0.4913879036903381,MSE,0.2597235441207886,1.2421997785568235,input,67.0,66,19,True,0.0038000009953975,0.4532000124454498,,,
traffic,PatchTST,missing_data,7,664,2366,0.4913879036903381,MSE,0.2597235441207886,1.2421997785568235,input,67.0,66,188,True,0.0003000013530254,0.4269999861717224,,,
traffic,PatchTST,missing_data,7,664,2366,0.4913879036903381,MSE,0.2597235441207886,1.2421997785568235,input,67.0,66,217,True,0.0117000006139278,0.5199000239372253,,,
traffic,PatchTST,missing_data,7,664,2366,0.4913879036903381,MSE,0.2597235441207886,1.2421997785568235,input,67.0,66,251,True,0.0218000002205371,0.4422000050544739,,,
traffic,PatchTST,missing_data,7,664,2366,0.4913879036903381,MSE,0.2597235441207886,1.2421997785568235,input,67.0,66,353,True,0.0065999999642372,0.4600000083446502,,,
traffic,PatchTST,missing_data,7,664,2366,0.4913879036903381,MSE,0.2597235441207886,1.2421997785568235,input,67.0,66,364,True,0.0173000022768974,0.5264999866485596,,,
traffic,PatchTST,missing_data,7,664,2366,0.4913879036903381,MSE,0.2597235441207886,1.2421997785568235,input,67.0,66,413,True,0.0090000033378601,0.4683000147342682,,,
traffic,PatchTST,missing_data,7,664,2366,0.4913879036903381,MSE,0.2597235441207886,1.2421997785568235,input,67.0,66,693,True,0.0053000003099441,0.0280000008642673,,,
traffic,PatchTST,missing_data,7,664,2366,0.4913879036903381,MSE,0.2597235441207886,1.2421997785568235,input,67.0,66,701,True,0.0095999985933303,0.0458000004291534,,,
traffic,PatchTST,missing_data,7,664,2366,0.4913879036903381,MSE,0.2597235441207886,1.2421997785568235,input,67.0,66,722,True,-1.862645149230957e-09,0.0450999997556209,,,
traffic,PatchTST,missing_data,7,664,2366,0.4913879036903381,MSE,0.2597235441207886,1.2421997785568235,input,67.0,66,840,True,0.0080000013113021,0.6151999831199646,,,
traffic,PatchTST,missing_data,7,664,2366,0.4913879036903381,MSE,0.2597235441207886,1.2421997785568235,input,68.0,67,19,True,0.0133999995887279,0.4532000124454498,,,
traffic,PatchTST,missing_data,7,664,2366,0.4913879036903381,MSE,0.2597235441207886,1.2421997785568235,input,68.0,67,188,True,0.0196000002324581,0.4269999861717224,,,
traffic,PatchTST,missing_data,7,664,2366,0.4913879036903381,MSE,0.2597235441207886,1.2421997785568235,input,68.0,67,217,True,0.0244999974966049,0.5199000239372253,,,
traffic,PatchTST,missing_data,7,664,2366,0.4913879036903381,MSE,0.2597235441207886,1.2421997785568235,input,68.0,67,251,True,0.0546999983489513,0.4422000050544739,,,
traffic,PatchTST,missing_data,7,664,2366,0.4913879036903381,MSE,0.2597235441207886,1.2421997785568235,input,68.0,67,353,True,0.0132999997586011,0.4600000083446502,,,
traffic,PatchTST,missing_data,7,664,2366,0.4913879036903381,MSE,0.2597235441207886,1.2421997785568235,input,68.0,67,364,True,0.0331999957561492,0.5264999866485596,,,
traffic,PatchTST,missing_data,7,664,2366,0.4913879036903381,MSE,0.2597235441207886,1.2421997785568235,input,68.0,67,413,True,0.0186000019311904,0.4683000147342682,,,
traffic,PatchTST,missing_data,7,664,2366,0.4913879036903381,MSE,0.2597235441207886,1.2421997785568235,input,68.0,67,693,True,0.0065999999642372,0.0280000008642673,,,
traffic,PatchTST,missing_data,7,664,2366,0.4913879036903381,MSE,0.2597235441207886,1.2421997785568235,input,68.0,67,701,True,0.0121999979019165,0.0458000004291534,,,
traffic,PatchTST,missing_data,7,664,2366,0.4913879036903381,MSE,0.2597235441207886,1.2421997785568235,input,68.0,67,722,True,0.0077999997884035,0.0450999997556209,,,
traffic,PatchTST,missing_data,7,664,2366,0.4913879036903381,MSE,0.2597235441207886,1.2421997785568235,input,68.0,67,840,True,0.0196000002324581,0.6151999831199646,,,
traffic,PatchTST,missing_data,7,664,2366,0.4913879036903381,MSE,0.2597235441207886,1.2421997785568235,input,69.0,68,19,True,0.0540999993681907,0.4532000124454498,,,
traffic,PatchTST,missing_data,7,664,2366,0.4913879036903381,MSE,0.2597235441207886,1.2421997785568235,input,69.0,68,188,True,0.0449000000953674,0.4269999861717224,,,
traffic,PatchTST,missing_data,7,664,2366,0.4913879036903381,MSE,0.2597235441207886,1.2421997785568235,input,69.0,68,217,True,0.0935000032186508,0.5199000239372253,,,
traffic,PatchTST,missing_data,7,664,2366,0.4913879036903381,MSE,0.2597235441207886,1.2421997785568235,input,69.0,68,251,True,0.1084000021219253,0.4422000050544739,,,
traffic,PatchTST,missing_data,7,664,2366,0.4913879036903381,MSE,0.2597235441207886,1.2421997785568235,input,69.0,68,353,True,0.0303000006824731,0.4600000083446502,,,
traffic,PatchTST,missing_data,7,664,2366,0.4913879036903381,MSE,0.2597235441207886,1.2421997785568235,input,69.0,68,364,True,0.1253000050783157,0.5264999866485596,,,
traffic,PatchTST,missing_data,7,664,2366,0.4913879036903381,MSE,0.2597235441207886,1.2421997785568235,input,69.0,68,413,True,0.0483000017702579,0.4683000147342682,,,
traffic,PatchTST,missing_data,7,664,2366,0.4913879036903381,MSE,0.2597235441207886,1.2421997785568235,input,69.0,68,693,True,0.0104999989271163,0.0280000008642673,,,
traffic,PatchTST,missing_data,7,664,2366,0.4913879036903381,MSE,0.2597235441207886,1.2421997785568235,input,69.0,68,701,True,0.0181000009179115,0.0458000004291534,,,
traffic,PatchTST,missing_data,7,664,2366,0.4913879036903381,MSE,0.2597235441207886,1.2421997785568235,input,69.0,68,722,True,0.1757999956607818,0.0450999997556209,,,
traffic,PatchTST,missing_data,7,664,2366,0.4913879036903381,MSE,0.2597235441207886,1.2421997785568235,input,69.0,68,840,True,0.3986000120639801,0.6151999831199646,,,
traffic,PatchTST,missing_data,7,664,2366,0.4913879036903381,MSE,0.2597235441207886,1.2421997785568235,input,70.0,69,19,True,0.2346999943256378,0.4532000124454498,,,
traffic,PatchTST,missing_data,7,664,2366,0.4913879036903381,MSE,0.2597235441207886,1.2421997785568235,input,70.0,69,188,True,0.0676999986171722,0.4269999861717224,,,
traffic,PatchTST,missing_data,7,664,2366,0.4913879036903381,MSE,0.2597235441207886,1.2421997785568235,input,70.0,69,217,True,0.3294000029563904,0.5199000239372253,,,
traffic,PatchTST,missing_data,7,664,2366,0.4913879036903381,MSE,0.2597235441207886,1.2421997785568235,input,70.0,69,251,True,0.2608000040054321,0.4422000050544739,,,
traffic,PatchTST,missing_data,7,664,2366,0.4913879036903381,MSE,0.2597235441207886,1.2421997785568235,input,70.0,69,353,True,0.1799000054597854,0.4600000083446502,,,
traffic,PatchTST,missing_data,7,664,2366,0.4913879036903381,MSE,0.2597235441207886,1.2421997785568235,input,70.0,69,364,True,0.3080999851226806,0.5264999866485596,,,
traffic,PatchTST,missing_data,7,664,2366,0.4913879036903381,MSE,0.2597235441207886,1.2421997785568235,input,70.0,69,413,True,0.1562999933958053,0.4683000147342682,,,
traffic,PatchTST,missing_data,7,664,2366,0.4913879036903381,MSE,0.2597235441207886,1.2421997785568235,input,70.0,69,693,True,0.0192999988794326,0.0280000008642673,,,
traffic,PatchTST,missing_data,7,664,2366,0.4913879036903381,MSE,0.2597235441207886,1.2421997785568235,input,70.0,69,701,True,0.0335999950766563,0.0458000004291534,,,
traffic,PatchTST,missing_data,7,664,2366,0.4913879036903381,MSE,0.2597235441207886,1.2421997785568235,input,70.0,69,722,True,0.4772000312805176,0.0450999997556209,,,
traffic,PatchTST,missing_data,7,664,2366,0.4913879036903381,MSE,0.2597235441207886,1.2421997785568235,input,70.0,69,840,True,0.6154000163078308,0.6151999831199646,,,
traffic,PatchTST,missing_data,7,664,2366,0.4913879036903381,MSE,0.2597235441207886,1.2421997785568235,input,71.0,70,19,True,0.4456999897956848,0.4532000124454498,,,
traffic,PatchTST,missing_data,7,664,2366,0.4913879036903381,MSE,0.2597235441207886,1.2421997785568235,input,71.0,70,188,True,0.3596000075340271,0.4269999861717224,,,
traffic,PatchTST,missing_data,7,664,2366,0.4913879036903381,MSE,0.2597235441207886,1.2421997785568235,input,71.0,70,217,True,0.5,0.5199000239372253,,,
traffic,PatchTST,missing_data,7,664,2366,0.4913879036903381,MSE,0.2597235441207886,1.2421997785568235,input,71.0,70,251,True,0.3695000112056732,0.4422000050544739,,,
traffic,PatchTST,missing_data,7,664,2366,0.4913879036903381,MSE,0.2597235441207886,1.2421997785568235,input,71.0,70,353,True,0.461499959230423,0.4600000083446502,,,
traffic,PatchTST,missing_data,7,664,2366,0.4913879036903381,MSE,0.2597235441207886,1.2421997785568235,input,71.0,70,364,True,0.4511999785900116,0.5264999866485596,,,
traffic,PatchTST,missing_data,7,664,2366,0.4913879036903381,MSE,0.2597235441207886,1.2421997785568235,input,71.0,70,413,True,0.4555999934673309,0.4683000147342682,,,
traffic,PatchTST,missing_data,7,664,2366,0.4913879036903381,MSE,0.2597235441207886,1.2421997785568235,input,71.0,70,693,True,0.0351000018417835,0.0280000008642673,,,
traffic,PatchTST,missing_data,7,664,2366,0.4913879036903381,MSE,0.2597235441207886,1.2421997785568235,input,71.0,70,701,True,0.0714000016450882,0.0458000004291534,,,
traffic,PatchTST,missing_data,7,664,2366,0.4913879036903381,MSE,0.2597235441207886,1.2421997785568235,input,71.0,70,722,True,0.1138999983668327,0.0450999997556209,,,
traffic,PatchTST,missing_data,7,664,2366,0.4913879036903381,MSE,0.2597235441207886,1.2421997785568235,input,71.0,70,840,True,0.6237000226974487,0.6151999831199646,,,
traffic,PatchTST,missing_data,7,664,2366,0.4913879036903381,MSE,0.2597235441207886,1.2421997785568235,input,72.0,71,19,True,0.4043999910354614,0.4043999910354614,,,
traffic,PatchTST,missing_data,7,664,2366,0.4913879036903381,MSE,0.2597235441207886,1.2421997785568235,input,72.0,71,188,True,0.4339999556541443,0.4339999556541443,,,
traffic,PatchTST,missing_data,7,664,2366,0.4913879036903381,MSE,0.2597235441207886,1.2421997785568235,input,72.0,71,217,True,0.508899986743927,0.508899986743927,,,
traffic,PatchTST,missing_data,7,664,2366,0.4913879036903381,MSE,0.2597235441207886,1.2421997785568235,input,72.0,71,251,True,0.2640999853610992,0.2640999853610992,,,
traffic,PatchTST,missing_data,7,664,2366,0.4913879036903381,MSE,0.2597235441207886,1.2421997785568235,input,72.0,71,353,True,0.3677000105381012,0.3677000105381012,,,
traffic,PatchTST,missing_data,7,664,2366,0.4913879036903381,MSE,0.2597235441207886,1.2421997785568235,input,72.0,71,364,True,0.5159000158309937,0.5159000158309937,,,
traffic,PatchTST,missing_data,7,664,2366,0.4913879036903381,MSE,0.2597235441207886,1.2421997785568235,input,72.0,71,413,True,0.4535999894142151,0.4535999894142151,,,
traffic,PatchTST,missing_data,7,664,2366,0.4913879036903381,MSE,0.2597235441207886,1.2421997785568235,input,72.0,71,693,True,0.0326999984681606,0.0326999984681606,,,
traffic,PatchTST,missing_data,7,664,2366,0.4913879036903381,MSE,0.2597235441207886,1.2421997785568235,input,72.0,71,701,True,0.0588000006973743,0.0588000006973743,,,
traffic,PatchTST,missing_data,7,664,2366,0.4913879036903381,MSE,0.2597235441207886,1.2421997785568235,input,72.0,71,722,True,0.0640000030398368,0.0640000030398368,,,
traffic,PatchTST,missing_data,7,664,2366,0.4913879036903381,MSE,0.2597235441207886,1.2421997785568235,input,72.0,71,840,True,0.618399977684021,0.618399977684021,,,
traffic,PatchTST,missing_data,7,664,2366,0.4913879036903381,MSE,0.2597235441207886,1.2421997785568235,input,73.0,72,19,True,0.1867000013589859,0.1867000013589859,,,
traffic,PatchTST,missing_data,7,664,2366,0.4913879036903381,MSE,0.2597235441207886,1.2421997785568235,input,73.0,72,188,True,0.0612999983131885,0.0612999983131885,,,
traffic,PatchTST,missing_data,7,664,2366,0.4913879036903381,MSE,0.2597235441207886,1.2421997785568235,input,73.0,72,217,True,0.2440000176429748,0.2440000176429748,,,
traffic,PatchTST,missing_data,7,664,2366,0.4913879036903381,MSE,0.2597235441207886,1.2421997785568235,input,73.0,72,251,True,0.0833000019192695,0.0833000019192695,,,
traffic,PatchTST,missing_data,7,664,2366,0.4913879036903381,MSE,0.2597235441207886,1.2421997785568235,input,73.0,72,353,True,0.0461000017821788,0.0461000017821788,,,
traffic,PatchTST,missing_data,7,664,2366,0.4913879036903381,MSE,0.2597235441207886,1.2421997785568235,input,73.0,72,364,True,0.3481000065803528,0.3481000065803528,,,
traffic,PatchTST,missing_data,7,664,2366,0.4913879036903381,MSE,0.2597235441207886,1.2421997785568235,input,73.0,72,413,True,0.4061000049114227,0.4061000049114227,,,
traffic,PatchTST,missing_data,7,664,2366,0.4913879036903381,MSE,0.2597235441207886,1.2421997785568235,input,73.0,72,693,True,0.033500000834465,0.033500000834465,,,
traffic,PatchTST,missing_data,7,664,2366,0.4913879036903381,MSE,0.2597235441207886,1.2421997785568235,input,73.0,72,701,True,0.0626000016927719,0.0626000016927719,,,
traffic,PatchTST,missing_data,7,664,2366,0.4913879036903381,MSE,0.2597235441207886,1.2421997785568235,input,73.0,72,722,True,0.0326999984681606,0.0326999984681606,,,
traffic,PatchTST,missing_data,7,664,2366,0.4913879036903381,MSE,0.2597235441207886,1.2421997785568235,input,73.0,72,840,True,0.3188000023365021,0.3188000023365021,,,
traffic,PatchTST,missing_data,7,664,2366,0.4913879036903381,MSE,0.2597235441207886,1.2421997785568235,input,74.0,73,19,True,0.0714000016450882,0.0714000016450882,,,
traffic,PatchTST,missing_data,7,664,2366,0.4913879036903381,MSE,0.2597235441207886,1.2421997785568235,input,74.0,73,188,True,0.0584999993443489,0.0584999993443489,,,
traffic,PatchTST,missing_data,7,664,2366,0.4913879036903381,MSE,0.2597235441207886,1.2421997785568235,input,74.0,73,217,True,0.1061000004410743,0.1061000004410743,,,
traffic,PatchTST,missing_data,7,664,2366,0.4913879036903381,MSE,0.2597235441207886,1.2421997785568235,input,74.0,73,251,True,0.0876000002026557,0.0876000002026557,,,
traffic,PatchTST,missing_data,7,664,2366,0.4913879036903381,MSE,0.2597235441207886,1.2421997785568235,input,74.0,73,353,True,0.0491999983787536,0.0491999983787536,,,
traffic,PatchTST,missing_data,7,664,2366,0.4913879036903381,MSE,0.2597235441207886,1.2421997785568235,input,74.0,73,364,True,0.1702000200748443,0.1702000200748443,,,
traffic,PatchTST,missing_data,7,664,2366,0.4913879036903381,MSE,0.2597235441207886,1.2421997785568235,input,74.0,73,413,True,0.3648000061511993,0.3648000061511993,,,
traffic,PatchTST,missing_data,7,664,2366,0.4913879036903381,MSE,0.2597235441207886,1.2421997785568235,input,74.0,73,693,True,0.0337999984622001,0.0337999984622001,,,
traffic,PatchTST,missing_data,7,664,2366,0.4913879036903381,MSE,0.2597235441207886,1.2421997785568235,input,74.0,73,701,True,0.0630000010132789,0.0630000010132789,,,
traffic,PatchTST,missing_data,7,664,2366,0.4913879036903381,MSE,0.2597235441207886,1.2421997785568235,input,74.0,73,722,True,0.0359000004827976,0.0359000004827976,,,
traffic,PatchTST,missing_data,7,664,2366,0.4913879036903381,MSE,0.2597235441207886,1.2421997785568235,input,74.0,73,840,True,0.1140000075101852,0.1140000075101852,,,
traffic,PatchTST,missing_data,7,664,2366,0.4913879036903381,MSE,0.2597235441207886,1.2421997785568235,input,75.0,74,19,True,0.0590000003576278,0.0590000003576278,,,
traffic,PatchTST,missing_data,7,664,2366,0.4913879036903381,MSE,0.2597235441207886,1.2421997785568235,input,75.0,74,188,True,0.0599000006914138,0.0599000006914138,,,
traffic,PatchTST,missing_data,7,664,2366,0.4913879036903381,MSE,0.2597235441207886,1.2421997785568235,input,75.0,74,217,True,0.093299999833107,0.093299999833107,,,
traffic,PatchTST,missing_data,7,664,2366,0.4913879036903381,MSE,0.2597235441207886,1.2421997785568235,input,75.0,74,251,True,0.0780000016093254,0.0780000016093254,,,
traffic,PatchTST,missing_data,7,664,2366,0.4913879036903381,MSE,0.2597235441207886,1.2421997785568235,input,75.0,74,353,True,0.0469000004231929,0.0469000004231929,,,
traffic,PatchTST,missing_data,7,664,2366,0.4913879036903381,MSE,0.2597235441207886,1.2421997785568235,input,75.0,74,364,True,0.1453000009059906,0.1453000009059906,,,
traffic,PatchTST,missing_data,7,664,2366,0.4913879036903381,MSE,0.2597235441207886,1.2421997785568235,input,75.0,74,413,True,0.1270000040531158,0.1270000040531158,,,
traffic,PatchTST,missing_data,7,664,2366,0.4913879036903381,MSE,0.2597235441207886,1.2421997785568235,input,75.0,74,693,True,0.034400001168251,0.034400001168251,,,
traffic,PatchTST,missing_data,7,664,2366,0.4913879036903381,MSE,0.2597235441207886,1.2421997785568235,input,75.0,74,701,True,0.066500000655651,0.066500000655651,,,
traffic,PatchTST,missing_data,7,664,2366,0.4913879036903381,MSE,0.2597235441207886,1.2421997785568235,input,75.0,74,722,True,0.0292000006884336,0.0292000006884336,,,
traffic,PatchTST,missing_data,7,664,2366,0.4913879036903381,MSE,0.2597235441207886,1.2421997785568235,input,75.0,74,840,True,0.0322000011801719,0.0322000011801719,,,
traffic,PatchTST,missing_data,7,664,2366,0.4913879036903381,MSE,0.2597235441207886,1.2421997785568235,input,76.0,75,19,True,0.0549000017344951,0.0549000017344951,,,
traffic,PatchTST,missing_data,7,664,2366,0.4913879036903381,MSE,0.2597235441207886,1.2421997785568235,input,76.0,75,188,True,0.062399998307228,0.062399998307228,,,
traffic,PatchTST,missing_data,7,664,2366,0.4913879036903381,MSE,0.2597235441207886,1.2421997785568235,input,76.0,75,217,True,0.088699996471405,0.088699996471405,,,
traffic,PatchTST,missing_data,7,664,2366,0.4913879036903381,MSE,0.2597235441207886,1.2421997785568235,input,76.0,75,251,True,0.0722000002861023,0.0722000002861023,,,
traffic,PatchTST,missing_data,7,664,2366,0.4913879036903381,MSE,0.2597235441207886,1.2421997785568235,input,76.0,75,353,True,0.0443999990820884,0.0443999990820884,,,
traffic,PatchTST,missing_data,7,664,2366,0.4913879036903381,MSE,0.2597235441207886,1.2421997785568235,input,76.0,75,364,True,0.1279000043869018,0.1279000043869018,,,
traffic,PatchTST,missing_data,7,664,2366,0.4913879036903381,MSE,0.2597235441207886,1.2421997785568235,input,76.0,75,413,True,0.100500002503395,0.100500002503395,,,
traffic,PatchTST,missing_data,7,664,2366,0.4913879036903381,MSE,0.2597235441207886,1.2421997785568235,input,76.0,75,693,True,0.0355000011622905,0.0355000011622905,,,
traffic,PatchTST,missing_data,7,664,2366,0.4913879036903381,MSE,0.2597235441207886,1.2421997785568235,input,76.0,75,701,True,0.0671000033617019,0.0671000033617019,,,
traffic,PatchTST,missing_data,7,664,2366,0.4913879036903381,MSE,0.2597235441207886,1.2421997785568235,input,76.0,75,722,True,0.0313000008463859,0.0313000008463859,,,
traffic,PatchTST,missing_data,7,664,2366,0.4913879036903381,MSE,0.2597235441207886,1.2421997785568235,input,76.0,75,840,True,0.0337000004947185,0.0337000004947185,,,
traffic,PatchTST,missing_data,7,664,2366,0.4913879036903381,MSE,0.2597235441207886,1.2421997785568235,input,77.0,76,19,True,0.0577999986708164,0.0577999986708164,,,
traffic,PatchTST,missing_data,7,664,2366,0.4913879036903381,MSE,0.2597235441207886,1.2421997785568235,input,77.0,76,188,True,0.0631000027060508,0.0631000027060508,,,
traffic,PatchTST,missing_data,7,664,2366,0.4913879036903381,MSE,0.2597235441207886,1.2421997785568235,input,77.0,76,217,True,0.0935000032186508,0.0935000032186508,,,
traffic,PatchTST,missing_data,7,664,2366,0.4913879036903381,MSE,0.2597235441207886,1.2421997785568235,input,77.0,76,251,True,0.0777999982237815,0.0777999982237815,,,
traffic,PatchTST,missing_data,7,664,2366,0.4913879036903381,MSE,0.2597235441207886,1.2421997785568235,input,77.0,76,353,True,0.0425000004470348,0.0425000004470348,,,
traffic,PatchTST,missing_data,7,664,2366,0.4913879036903381,MSE,0.2597235441207886,1.2421997785568235,input,77.0,76,364,True,0.1324000060558319,0.1324000060558319,,,
traffic,PatchTST,missing_data,7,664,2366,0.4913879036903381,MSE,0.2597235441207886,1.2421997785568235,input,77.0,76,413,True,0.0879999995231628,0.0879999995231628,,,
traffic,PatchTST,missing_data,7,664,2366,0.4913879036903381,MSE,0.2597235441207886,1.2421997785568235,input,77.0,76,693,True,0.0368999987840652,0.0368999987840652,,,
traffic,PatchTST,missing_data,7,664,2366,0.4913879036903381,MSE,0.2597235441207886,1.2421997785568235,input,77.0,76,701,True,0.0725999996066093,0.0725999996066093,,,
traffic,PatchTST,missing_data,7,664,2366,0.4913879036903381,MSE,0.2597235441207886,1.2421997785568235,input,77.0,76,722,True,0.0331000015139579,0.0331000015139579,,,
traffic,PatchTST,missing_data,7,664,2366,0.4913879036903381,MSE,0.2597235441207886,1.2421997785568235,input,77.0,76,840,True,0.0355000011622905,0.0355000011622905,,,
traffic,PatchTST,missing_data,7,664,2366,0.4913879036903381,MSE,0.2597235441207886,1.2421997785568235,input,78.0,77,19,True,0.0621000006794929,0.0621000006794929,,,
traffic,PatchTST,missing_data,7,664,2366,0.4913879036903381,MSE,0.2597235441207886,1.2421997785568235,input,78.0,77,188,True,0.0631999969482421,0.0631999969482421,,,
traffic,PatchTST,missing_data,7,664,2366,0.4913879036903381,MSE,0.2597235441207886,1.2421997785568235,input,78.0,77,217,True,0.1014999970793724,0.1014999970793724,,,
traffic,PatchTST,missing_data,7,664,2366,0.4913879036903381,MSE,0.2597235441207886,1.2421997785568235,input,78.0,77,251,True,0.0703999996185302,0.0703999996185302,,,
traffic,PatchTST,missing_data,7,664,2366,0.4913879036903381,MSE,0.2597235441207886,1.2421997785568235,input,78.0,77,353,True,0.048200000077486,0.048200000077486,,,
traffic,PatchTST,missing_data,7,664,2366,0.4913879036903381,MSE,0.2597235441207886,1.2421997785568235,input,78.0,77,364,True,0.1447000056505203,0.1447000056505203,,,
traffic,PatchTST,missing_data,7,664,2366,0.4913879036903381,MSE,0.2597235441207886,1.2421997785568235,input,78.0,77,413,True,0.0842000022530555,0.0842000022530555,,,
traffic,PatchTST,missing_data,7,664,2366,0.4913879036903381,MSE,0.2597235441207886,1.2421997785568235,input,78.0,77,693,True,0.0439000017940998,0.0439000017940998,,,
traffic,PatchTST,missing_data,7,664,2366,0.4913879036903381,MSE,0.2597235441207886,1.2421997785568235,input,78.0,77,701,True,0.2011999934911728,0.2011999934911728,,,
traffic,PatchTST,missing_data,7,664,2366,0.4913879036903381,MSE,0.2597235441207886,1.2421997785568235,input,78.0,77,722,True,0.0318999998271465,0.0318999998271465,,,
traffic,PatchTST,missing_data,7,664,2366,0.4913879036903381,MSE,0.2597235441207886,1.2421997785568235,input,78.0,77,840,True,0.0346000008285045,0.0346000008285045,,,
traffic,PatchTST,missing_data,7,664,2366,0.4913879036903381,MSE,0.2597235441207886,1.2421997785568235,input,79.0,78,19,True,0.06700000166893,0.06700000166893,,,
traffic,PatchTST,missing_data,7,664,2366,0.4913879036903381,MSE,0.2597235441207886,1.2421997785568235,input,79.0,78,188,True,0.0597999989986419,0.0597999989986419,,,
traffic,PatchTST,missing_data,7,664,2366,0.4913879036903381,MSE,0.2597235441207886,1.2421997785568235,input,79.0,78,217,True,0.1243999972939491,0.1243999972939491,,,
traffic,PatchTST,missing_data,7,664,2366,0.4913879036903381,MSE,0.2597235441207886,1.2421997785568235,input,79.0,78,251,True,0.0710000023245811,0.0710000023245811,,,
traffic,PatchTST,missing_data,7,664,2366,0.4913879036903381,MSE,0.2597235441207886,1.2421997785568235,input,79.0,78,353,True,0.045499999076128,0.045499999076128,,,
traffic,PatchTST,missing_data,7,664,2366,0.4913879036903381,MSE,0.2597235441207886,1.2421997785568235,input,79.0,78,364,True,0.1763000041246414,0.1763000041246414,,,
traffic,PatchTST,missing_data,7,664,2366,0.4913879036903381,MSE,0.2597235441207886,1.2421997785568235,input,79.0,78,413,True,0.0888999998569488,0.0888999998569488,,,
traffic,PatchTST,missing_data,7,664,2366,0.4913879036903381,MSE,0.2597235441207886,1.2421997785568235,input,79.0,78,693,True,0.0443999990820884,0.0443999990820884,,,
traffic,PatchTST,missing_data,7,664,2366,0.4913879036903381,MSE,0.2597235441207886,1.2421997785568235,input,79.0,78,701,True,0.3043999969959259,0.3043999969959259,,,
traffic,PatchTST,missing_data,7,664,2366,0.4913879036903381,MSE,0.2597235441207886,1.2421997785568235,input,79.0,78,722,True,0.025399999693036,0.025399999693036,,,
traffic,PatchTST,missing_data,7,664,2366,0.4913879036903381,MSE,0.2597235441207886,1.2421997785568235,input,79.0,78,840,True,0.0271000005304813,0.0271000005304813,,,
traffic,PatchTST,missing_data,7,664,2366,0.4913879036903381,MSE,0.2597235441207886,1.2421997785568235,input,80.0,79,19,True,0.06700000166893,0.06700000166893,,,
traffic,PatchTST,missing_data,7,664,2366,0.4913879036903381,MSE,0.2597235441207886,1.2421997785568235,input,80.0,79,188,True,0.062399998307228,0.062399998307228,,,
traffic,PatchTST,missing_data,7,664,2366,0.4913879036903381,MSE,0.2597235441207886,1.2421997785568235,input,80.0,79,217,True,0.1238999962806701,0.1238999962806701,,,
traffic,PatchTST,missing_data,7,664,2366,0.4913879036903381,MSE,0.2597235441207886,1.2421997785568235,input,80.0,79,251,True,0.0754999965429306,0.0754999965429306,,,
traffic,PatchTST,missing_data,7,664,2366,0.4913879036903381,MSE,0.2597235441207886,1.2421997785568235,input,80.0,79,353,True,0.047699999064207,0.047699999064207,,,
traffic,PatchTST,missing_data,7,664,2366,0.4913879036903381,MSE,0.2597235441207886,1.2421997785568235,input,80.0,79,364,True,0.1800999939441681,0.1800999939441681,,,
traffic,PatchTST,missing_data,7,664,2366,0.4913879036903381,MSE,0.2597235441207886,1.2421997785568235,input,80.0,79,413,True,0.0846000015735626,0.0846000015735626,,,
traffic,PatchTST,missing_data,7,664,2366,0.4913879036903381,MSE,0.2597235441207886,1.2421997785568235,input,80.0,79,693,True,0.3226000070571899,0.3226000070571899,,,
traffic,PatchTST,missing_data,7,664,2366,0.4913879036903381,MSE,0.2597235441207886,1.2421997785568235,input,80.0,79,701,True,0.5270000100135803,0.5270000100135803,,,
traffic,PatchTST,missing_data,7,664,2366,0.4913879036903381,MSE,0.2597235441207886,1.2421997785568235,input,80.0,79,722,True,0.0270000007003545,0.0270000007003545,,,
traffic,PatchTST,missing_data,7,664,2366,0.4913879036903381,MSE,0.2597235441207886,1.2421997785568235,input,80.0,79,840,True,0.0286999996751546,0.0286999996751546,,,
traffic,PatchTST,missing_data,7,664,2366,0.4913879036903381,MSE,0.2597235441207886,1.2421997785568235,input,81.0,80,19,True,0.0785000026226043,0.0785000026226043,,,
traffic,PatchTST,missing_data,7,664,2366,0.4913879036903381,MSE,0.2597235441207886,1.2421997785568235,input,81.0,80,188,True,0.0575999990105629,0.0575999990105629,,,
traffic,PatchTST,missing_data,7,664,2366,0.4913879036903381,MSE,0.2597235441207886,1.2421997785568235,input,81.0,80,217,True,0.1448000073432922,0.1448000073432922,,,
traffic,PatchTST,missing_data,7,664,2366,0.4913879036903381,MSE,0.2597235441207886,1.2421997785568235,input,81.0,80,251,True,0.0746999979019165,0.0746999979019165,,,
traffic,PatchTST,missing_data,7,664,2366,0.4913879036903381,MSE,0.2597235441207886,1.2421997785568235,input,81.0,80,353,True,0.0542999990284442,0.0542999990284442,,,
traffic,PatchTST,missing_data,7,664,2366,0.4913879036903381,MSE,0.2597235441207886,1.2421997785568235,input,81.0,80,364,True,0.19200000166893,0.19200000166893,,,
traffic,PatchTST,missing_data,7,664,2366,0.4913879036903381,MSE,0.2597235441207886,1.2421997785568235,input,81.0,80,413,True,0.1506000012159347,0.1506000012159347,,,
traffic,PatchTST,missing_data,7,664,2366,0.4913879036903381,MSE,0.2597235441207886,1.2421997785568235,input,81.0,80,693,True,0.4546000063419342,0.4546000063419342,,,
traffic,PatchTST,missing_data,7,664,2366,0.4913879036903381,MSE,0.2597235441207886,1.2421997785568235,input,81.0,80,701,True,0.5946000218391418,0.5946000218391418,,,
traffic,PatchTST,missing_data,7,664,2366,0.4913879036903381,MSE,0.2597235441207886,1.2421997785568235,input,81.0,80,722,True,0.0225000008940696,0.0225000008940696,,,
traffic,PatchTST,missing_data,7,664,2366,0.4913879036903381,MSE,0.2597235441207886,1.2421997785568235,input,81.0,80,840,True,0.024100000038743,0.024100000038743,,,
traffic,PatchTST,missing_data,7,664,2366,0.4913879036903381,MSE,0.2597235441207886,1.2421997785568235,input,82.0,81,19,True,0.0621000006794929,0.0621000006794929,,,
traffic,PatchTST,missing_data,7,664,2366,0.4913879036903381,MSE,0.2597235441207886,1.2421997785568235,input,82.0,81,188,True,0.048700001090765,0.048700001090765,,,
traffic,PatchTST,missing_data,7,664,2366,0.4913879036903381,MSE,0.2597235441207886,1.2421997785568235,input,82.0,81,217,True,0.1086999997496604,0.1086999997496604,,,
traffic,PatchTST,missing_data,7,664,2366,0.4913879036903381,MSE,0.2597235441207886,1.2421997785568235,input,82.0,81,251,True,0.065200001001358,0.065200001001358,,,
traffic,PatchTST,missing_data,7,664,2366,0.4913879036903381,MSE,0.2597235441207886,1.2421997785568235,input,82.0,81,353,True,0.0474000014364719,0.0474000014364719,,,
traffic,PatchTST,missing_data,7,664,2366,0.4913879036903381,MSE,0.2597235441207886,1.2421997785568235,input,82.0,81,364,True,0.1553000062704086,0.1553000062704086,,,
traffic,PatchTST,missing_data,7,664,2366,0.4913879036903381,MSE,0.2597235441207886,1.2421997785568235,input,82.0,81,413,True,0.0885000005364418,0.0885000005364418,,,
traffic,PatchTST,missing_data,7,664,2366,0.4913879036903381,MSE,0.2597235441207886,1.2421997785568235,input,82.0,81,693,True,0.4415000081062317,0.4415000081062317,,,
traffic,PatchTST,missing_data,7,664,2366,0.4913879036903381,MSE,0.2597235441207886,1.2421997785568235,input,82.0,81,701,True,0.5916000008583069,0.5916000008583069,,,
traffic,PatchTST,missing_data,7,664,2366,0.4913879036903381,MSE,0.2597235441207886,1.2421997785568235,input,82.0,81,722,True,0.0221999995410442,0.0221999995410442,,,
traffic,PatchTST,missing_data,7,664,2366,0.4913879036903381,MSE,0.2597235441207886,1.2421997785568235,input,82.0,81,840,True,0.0220999997109174,0.0220999997109174,,,
traffic,PatchTST,missing_data,7,664,2366,0.4913879036903381,MSE,0.2597235441207886,1.2421997785568235,input,83.0,82,19,True,0.0414999984204769,0.0414999984204769,,,
traffic,PatchTST,missing_data,7,664,2366,0.4913879036903381,MSE,0.2597235441207886,1.2421997785568235,input,83.0,82,188,True,0.0493000000715255,0.0493000000715255,,,
traffic,PatchTST,missing_data,7,664,2366,0.4913879036903381,MSE,0.2597235441207886,1.2421997785568235,input,83.0,82,217,True,0.0698999986052513,0.0698999986052513,,,
traffic,PatchTST,missing_data,7,664,2366,0.4913879036903381,MSE,0.2597235441207886,1.2421997785568235,input,83.0,82,251,True,0.0542000010609626,0.0542000010609626,,,
traffic,PatchTST,missing_data,7,664,2366,0.4913879036903381,MSE,0.2597235441207886,1.2421997785568235,input,83.0,82,353,True,0.0397999994456768,0.0397999994456768,,,
traffic,PatchTST,missing_data,7,664,2366,0.4913879036903381,MSE,0.2597235441207886,1.2421997785568235,input,83.0,82,364,True,0.0965000018477439,0.0965000018477439,,,
traffic,PatchTST,missing_data,7,664,2366,0.4913879036903381,MSE,0.2597235441207886,1.2421997785568235,input,83.0,82,413,True,0.0763000026345253,0.0763000026345253,,,
traffic,PatchTST,missing_data,7,664,2366,0.4913879036903381,MSE,0.2597235441207886,1.2421997785568235,input,83.0,82,693,True,0.3761999905109405,0.3761999905109405,,,
traffic,PatchTST,missing_data,7,664,2366,0.4913879036903381,MSE,0.2597235441207886,1.2421997785568235,input,83.0,82,701,True,0.5103999972343445,0.5103999972343445,,,
traffic,PatchTST,missing_data,7,664,2366,0.4913879036903381,MSE,0.2597235441207886,1.2421997785568235,input,83.0,82,722,True,0.0048000011593103,0.0048000011593103,,,
traffic,PatchTST,missing_data,7,664,2366,0.4913879036903381,MSE,0.2597235441207886,1.2421997785568235,input,83.0,82,840,True,0.0171000007539987,0.0171000007539987,,,
traffic,PatchTST,missing_data,7,664,2366,0.4913879036903381,MSE,0.2597235441207886,1.2421997785568235,input,84.0,83,19,True,0.0271000005304813,0.0271000005304813,,,
traffic,PatchTST,missing_data,7,664,2366,0.4913879036903381,MSE,0.2597235441207886,1.2421997785568235,input,84.0,83,188,True,0.0350000001490116,0.0350000001490116,,,
traffic,PatchTST,missing_data,7,664,2366,0.4913879036903381,MSE,0.2597235441207886,1.2421997785568235,input,84.0,83,217,True,0.0483999997377395,0.0483999997377395,,,
traffic,PatchTST,missing_data,7,664,2366,0.4913879036903381,MSE,0.2597235441207886,1.2421997785568235,input,84.0,83,251,True,0.0425000004470348,0.0425000004470348,,,
traffic,PatchTST,missing_data,7,664,2366,0.4913879036903381,MSE,0.2597235441207886,1.2421997785568235,input,84.0,83,353,True,0.0277999993413686,0.0277999993413686,,,
traffic,PatchTST,missing_data,7,664,2366,0.4913879036903381,MSE,0.2597235441207886,1.2421997785568235,input,84.0,83,364,True,0.0658999979496002,0.0658999979496002,,,
traffic,PatchTST,missing_data,7,664,2366,0.4913879036903381,MSE,0.2597235441207886,1.2421997785568235,input,84.0,83,413,True,0.0593000017106533,0.0593000017106533,,,
traffic,PatchTST,missing_data,7,664,2366,0.4913879036903381,MSE,0.2597235441207886,1.2421997785568235,input,84.0,83,693,True,0.0403999984264373,0.0403999984264373,,,
traffic,PatchTST,missing_data,7,664,2366,0.4913879036903381,MSE,0.2597235441207886,1.2421997785568235,input,84.0,83,701,True,0.1151999980211258,0.1151999980211258,,,
traffic,PatchTST,missing_data,7,664,2366,0.4913879036903381,MSE,0.2597235441207886,1.2421997785568235,input,84.0,83,722,True,0.0013999994844198,0.0013999994844198,,,
traffic,PatchTST,missing_data,7,664,2366,0.4913879036903381,MSE,0.2597235441207886,1.2421997785568235,input,84.0,83,840,True,0.0132999997586011,0.0132999997586011,,,
traffic,PatchTST,missing_data,7,664,2366,0.4913879036903381,MSE,0.2597235441207886,1.2421997785568235,input,85.0,84,19,True,0.0249000005424022,0.0249000005424022,,,
traffic,PatchTST,missing_data,7,664,2366,0.4913879036903381,MSE,0.2597235441207886,1.2421997785568235,input,85.0,84,188,True,0.0278999991714954,0.0278999991714954,,,
traffic,PatchTST,missing_data,7,664,2366,0.4913879036903381,MSE,0.2597235441207886,1.2421997785568235,input,85.0,84,217,True,0.0427000001072883,0.0427000001072883,,,
traffic,PatchTST,missing_data,7,664,2366,0.4913879036903381,MSE,0.2597235441207886,1.2421997785568235,input,85.0,84,251,True,0.0430000014603138,0.0430000014603138,,,
traffic,PatchTST,missing_data,7,664,2366,0.4913879036903381,MSE,0.2597235441207886,1.2421997785568235,input,85.0,84,353,True,0.0242999996989965,0.0242999996989965,,,
traffic,PatchTST,missing_data,7,664,2366,0.4913879036903381,MSE,0.2597235441207886,1.2421997785568235,input,85.0,84,364,True,0.0533999986946582,0.0533999986946582,,,
traffic,PatchTST,missing_data,7,664,2366,0.4913879036903381,MSE,0.2597235441207886,1.2421997785568235,input,85.0,84,413,True,0.0575000010430812,0.0575000010430812,,,
traffic,PatchTST,missing_data,7,664,2366,0.4913879036903381,MSE,0.2597235441207886,1.2421997785568235,input,85.0,84,693,True,0.0359999984502792,0.0359999984502792,,,
traffic,PatchTST,missing_data,7,664,2366,0.4913879036903381,MSE,0.2597235441207886,1.2421997785568235,input,85.0,84,701,True,0.0706000030040741,0.0706000030040741,,,
traffic,PatchTST,missing_data,7,664,2366,0.4913879036903381,MSE,0.2597235441207886,1.2421997785568235,input,85.0,84,722,True,0.0006000008434057,0.0006000008434057,,,
traffic,PatchTST,missing_data,7,664,2366,0.4913879036903381,MSE,0.2597235441207886,1.2421997785568235,input,85.0,84,840,True,0.0126000009477138,0.0126000009477138,,,
traffic,PatchTST,missing_data,7,664,2366,0.4913879036903381,MSE,0.2597235441207886,1.2421997785568235,input,86.0,85,19,True,0.0130000002682209,0.0130000002682209,,,
traffic,PatchTST,missing_data,7,664,2366,0.4913879036903381,MSE,0.2597235441207886,1.2421997785568235,input,86.0,85,188,True,0.0216000005602836,0.0216000005602836,,,
traffic,PatchTST,missing_data,7,664,2366,0.4913879036903381,MSE,0.2597235441207886,1.2421997785568235,input,86.0,85,217,True,0.0249999947845935,0.0249999947845935,,,
traffic,PatchTST,missing_data,7,664,2366,0.4913879036903381,MSE,0.2597235441207886,1.2421997785568235,input,86.0,85,251,True,0.0331000015139579,0.0331000015139579,,,
traffic,PatchTST,missing_data,7,664,2366,0.4913879036903381,MSE,0.2597235441207886,1.2421997785568235,input,86.0,85,353,True,0.0172000005841255,0.0172000005841255,,,
traffic,PatchTST,missing_data,7,664,2366,0.4913879036903381,MSE,0.2597235441207886,1.2421997785568235,input,86.0,85,364,True,0.033900000154972,0.033900000154972,,,
traffic,PatchTST,missing_data,7,664,2366,0.4913879036903381,MSE,0.2597235441207886,1.2421997785568235,input,86.0,85,413,True,0.0500999987125396,0.0500999987125396,,,
traffic,PatchTST,missing_data,7,664,2366,0.4913879036903381,MSE,0.2597235441207886,1.2421997785568235,input,86.0,85,693,True,0.0344999991357326,0.0344999991357326,,,
traffic,PatchTST,missing_data,7,664,2366,0.4913879036903381,MSE,0.2597235441207886,1.2421997785568235,input,86.0,85,701,True,0.0662999972701072,0.0662999972701072,,,
traffic,PatchTST,missing_data,7,664,2366,0.4913879036903381,MSE,0.2597235441207886,1.2421997785568235,input,86.0,85,722,True,0.0012000016868114,0.0012000016868114,,,
traffic,PatchTST,missing_data,7,664,2366,0.4913879036903381,MSE,0.2597235441207886,1.2421997785568235,input,86.0,85,840,True,0.0108000002801418,0.0108000002801418,,,
traffic,PatchTST,missing_data,7,664,2366,0.4913879036903381,MSE,0.2597235441207886,1.2421997785568235,input,87.0,86,19,True,0.0066999979317188,0.0066999979317188,,,
traffic,PatchTST,missing_data,7,664,2366,0.4913879036903381,MSE,0.2597235441207886,1.2421997785568235,input,87.0,86,188,True,0.0029999986290931,0.0029999986290931,,,
traffic,PatchTST,missing_data,7,664,2366,0.4913879036903381,MSE,0.2597235441207886,1.2421997785568235,input,87.0,86,217,True,0.0150000005960464,0.0150000005960464,,,
traffic,PatchTST,missing_data,7,664,2366,0.4913879036903381,MSE,0.2597235441207886,1.2421997785568235,input,87.0,86,251,True,0.0200999975204467,0.0200999975204467,,,
traffic,PatchTST,missing_data,7,664,2366,0.4913879036903381,MSE,0.2597235441207886,1.2421997785568235,input,87.0,86,353,True,0.0126000009477138,0.0126000009477138,,,
traffic,PatchTST,missing_data,7,664,2366,0.4913879036903381,MSE,0.2597235441207886,1.2421997785568235,input,87.0,86,364,True,0.0218000002205371,0.0218000002205371,,,
traffic,PatchTST,missing_data,7,664,2366,0.4913879036903381,MSE,0.2597235441207886,1.2421997785568235,input,87.0,86,413,True,0.0331999957561492,0.0331999957561492,,,
traffic,PatchTST,missing_data,7,664,2366,0.4913879036903381,MSE,0.2597235441207886,1.2421997785568235,input,87.0,86,693,True,0.0275999996811151,0.0275999996811151,,,
traffic,PatchTST,missing_data,7,664,2366,0.4913879036903381,MSE,0.2597235441207886,1.2421997785568235,input,87.0,86,701,True,0.0533999986946582,0.0533999986946582,,,
traffic,PatchTST,missing_data,7,664,2366,0.4913879036903381,MSE,0.2597235441207886,1.2421997785568235,input,87.0,86,722,True,0.0002999994903802,0.0002999994903802,,,
traffic,PatchTST,missing_data,7,664,2366,0.4913879036903381,MSE,0.2597235441207886,1.2421997785568235,input,87.0,86,840,True,0.0056999996304512,0.0056999996304512,,,
traffic,PatchTST,missing_data,7,664,2366,0.4913879036903381,MSE,0.2597235441207886,1.2421997785568235,input,88.0,87,19,True,0.0040999986231327,0.0040999986231327,,,
traffic,PatchTST,missing_data,7,664,2366,0.4913879036903381,MSE,0.2597235441207886,1.2421997785568235,input,88.0,87,188,True,0.0007000006735324,0.0007000006735324,,,
traffic,PatchTST,missing_data,7,664,2366,0.4913879036903381,MSE,0.2597235441207886,1.2421997785568235,input,88.0,87,217,True,0.0111999996006488,0.0111999996006488,,,
traffic,PatchTST,missing_data,7,664,2366,0.4913879036903381,MSE,0.2597235441207886,1.2421997785568235,input,88.0,87,251,True,0.0139999985694885,0.0139999985694885,,,
traffic,PatchTST,missing_data,7,664,2366,0.4913879036903381,MSE,0.2597235441207886,1.2421997785568235,input,88.0,87,353,True,0.0091000013053417,0.0091000013053417,,,
traffic,PatchTST,missing_data,7,664,2366,0.4913879036903381,MSE,0.2597235441207886,1.2421997785568235,input,88.0,87,364,True,0.0170000009238719,0.0170000009238719,,,
traffic,PatchTST,missing_data,7,664,2366,0.4913879036903381,MSE,0.2597235441207886,1.2421997785568235,input,88.0,87,413,True,0.0194000005722045,0.0194000005722045,,,
traffic,PatchTST,missing_data,7,664,2366,0.4913879036903381,MSE,0.2597235441207886,1.2421997785568235,input,88.0,87,693,True,0.0184000022709369,0.0184000022709369,,,
traffic,PatchTST,missing_data,7,664,2366,0.4913879036903381,MSE,0.2597235441207886,1.2421997785568235,input,88.0,87,701,True,0.0351000055670738,0.0351000055670738,,,
traffic,PatchTST,missing_data,7,664,2366,0.4913879036903381,MSE,0.2597235441207886,1.2421997785568235,input,88.0,87,722,True,-1.862645149230957e-09,-1.862645149230957e-09,,,
traffic,PatchTST,missing_data,7,664,2366,0.4913879036903381,MSE,0.2597235441207886,1.2421997785568235,input,88.0,87,840,True,0.0033999998122453,0.0033999998122453,,,
traffic,PatchTST,missing_data,7,664,2366,0.4913879036903381,MSE,0.2597235441207886,1.2421997785568235,input,89.0,88,19,True,0.004000000655651,0.004000000655651,,,
traffic,PatchTST,missing_data,7,664,2366,0.4913879036903381,MSE,0.2597235441207886,1.2421997785568235,input,89.0,88,188,True,0.0007000006735324,0.0007000006735324,,,
traffic,PatchTST,missing_data,7,664,2366,0.4913879036903381,MSE,0.2597235441207886,1.2421997785568235,input,89.0,88,217,True,0.0102000012993812,0.0102000012993812,,,
traffic,PatchTST,missing_data,7,664,2366,0.4913879036903381,MSE,0.2597235441207886,1.2421997785568235,input,89.0,88,251,True,0.0111999958753585,0.0111999958753585,,,
traffic,PatchTST,missing_data,7,664,2366,0.4913879036903381,MSE,0.2597235441207886,1.2421997785568235,input,89.0,88,353,True,0.0076000001281499,0.0076000001281499,,,
traffic,PatchTST,missing_data,7,664,2366,0.4913879036903381,MSE,0.2597235441207886,1.2421997785568235,input,89.0,88,364,True,0.0155000016093254,0.0155000016093254,,,
traffic,PatchTST,missing_data,7,664,2366,0.4913879036903381,MSE,0.2597235441207886,1.2421997785568235,input,89.0,88,413,True,0.0108999982476234,0.0108999982476234,,,
traffic,PatchTST,missing_data,7,664,2366,0.4913879036903381,MSE,0.2597235441207886,1.2421997785568235,input,89.0,88,693,True,0.0124000012874603,0.0124000012874603,,,
traffic,PatchTST,missing_data,7,664,2366,0.4913879036903381,MSE,0.2597235441207886,1.2421997785568235,input,89.0,88,701,True,0.0232999995350837,0.0232999995350837,,,
traffic,PatchTST,missing_data,7,664,2366,0.4913879036903381,MSE,0.2597235441207886,1.2421997785568235,input,89.0,88,722,True,-1.862645149230957e-09,-1.862645149230957e-09,,,
traffic,PatchTST,missing_data,7,664,2366,0.4913879036903381,MSE,0.2597235441207886,1.2421997785568235,input,89.0,88,840,True,0.0042000003159046,0.0042000003159046,,,
traffic,PatchTST,missing_data,7,664,2366,0.4913879036903381,MSE,0.2597235441207886,1.2421997785568235,input,90.0,89,19,True,0.0032999999821186,0.0032999999821186,,,
traffic,PatchTST,missing_data,7,664,2366,0.4913879036903381,MSE,0.2597235441207886,1.2421997785568235,input,90.0,89,188,True,0.0005000010132789,0.0005000010132789,,,
traffic,PatchTST,missing_data,7,664,2366,0.4913879036903381,MSE,0.2597235441207886,1.2421997785568235,input,90.0,89,217,True,0.0102999992668628,0.0102999992668628,,,
traffic,PatchTST,missing_data,7,664,2366,0.4913879036903381,MSE,0.2597235441207886,1.2421997785568235,input,90.0,89,251,True,0.0124000012874603,0.0124000012874603,,,
traffic,PatchTST,missing_data,7,664,2366,0.4913879036903381,MSE,0.2597235441207886,1.2421997785568235,input,90.0,89,353,True,0.0049000009894371,0.0049000009894371,,,
traffic,PatchTST,missing_data,7,664,2366,0.4913879036903381,MSE,0.2597235441207886,1.2421997785568235,input,90.0,89,364,True,0.0156999975442886,0.0156999975442886,,,
traffic,PatchTST,missing_data,7,664,2366,0.4913879036903381,MSE,0.2597235441207886,1.2421997785568235,input,90.0,89,413,True,0.0085999965667724,0.0085999965667724,,,
traffic,PatchTST,missing_data,7,664,2366,0.4913879036903381,MSE,0.2597235441207886,1.2421997785568235,input,90.0,89,693,True,0.0086000002920627,0.0086000002920627,,,
traffic,PatchTST,missing_data,7,664,2366,0.4913879036903381,MSE,0.2597235441207886,1.2421997785568235,input,90.0,89,701,True,0.0169999971985816,0.0169999971985816,,,
traffic,PatchTST,missing_data,7,664,2366,0.4913879036903381,MSE,0.2597235441207886,1.2421997785568235,input,90.0,89,722,True,-1.862645149230957e-09,-1.862645149230957e-09,,,
traffic,PatchTST,missing_data,7,664,2366,0.4913879036903381,MSE,0.2597235441207886,1.2421997785568235,input,90.0,89,840,True,0.0049999989569187,0.0049999989569187,,,
traffic,PatchTST,missing_data,7,664,2366,0.4913879036903381,MSE,0.2597235441207886,1.2421997785568235,input,91.0,90,19,True,0.0038000009953975,0.0038000009953975,,,
traffic,PatchTST,missing_data,7,664,2366,0.4913879036903381,MSE,0.2597235441207886,1.2421997785568235,input,91.0,90,188,True,0.0012000016868114,0.0012000016868114,,,
traffic,PatchTST,missing_data,7,664,2366,0.4913879036903381,MSE,0.2597235441207886,1.2421997785568235,input,91.0,90,217,True,0.0123000033199787,0.0123000033199787,,,
traffic,PatchTST,missing_data,7,664,2366,0.4913879036903381,MSE,0.2597235441207886,1.2421997785568235,input,91.0,90,251,True,0.0196999981999397,0.0196999981999397,,,
traffic,PatchTST,missing_data,7,664,2366,0.4913879036903381,MSE,0.2597235441207886,1.2421997785568235,input,91.0,90,353,True,0.0071999989449977,0.0071999989449977,,,
traffic,PatchTST,missing_data,7,664,2366,0.4913879036903381,MSE,0.2597235441207886,1.2421997785568235,input,91.0,90,364,True,0.0178999975323677,0.0178999975323677,,,
traffic,PatchTST,missing_data,7,664,2366,0.4913879036903381,MSE,0.2597235441207886,1.2421997785568235,input,91.0,90,413,True,0.0099999979138374,0.0099999979138374,,,
traffic,PatchTST,missing_data,7,664,2366,0.4913879036903381,MSE,0.2597235441207886,1.2421997785568235,input,91.0,90,693,True,0.0073999986052513,0.0073999986052513,,,
traffic,PatchTST,missing_data,7,664,2366,0.4913879036903381,MSE,0.2597235441207886,1.2421997785568235,input,91.0,90,701,True,0.0128000006079673,0.0128000006079673,,,
traffic,PatchTST,missing_data,7,664,2366,0.4913879036903381,MSE,0.2597235441207886,1.2421997785568235,input,91.0,90,722,True,0.0002000015228986,0.0002000015228986,,,
traffic,PatchTST,missing_data,7,664,2366,0.4913879036903381,MSE,0.2597235441207886,1.2421997785568235,input,91.0,90,840,True,0.0087999999523162,0.0087999999523162,,,
traffic,PatchTST,missing_data,7,664,2366,0.4913879036903381,MSE,0.2597235441207886,1.2421997785568235,input,92.0,91,19,True,0.013299997895956,0.013299997895956,,,
traffic,PatchTST,missing_data,7,664,2366,0.4913879036903381,MSE,0.2597235441207886,1.2421997785568235,input,92.0,91,188,True,0.0161000005900859,0.0161000005900859,,,
traffic,PatchTST,missing_data,7,664,2366,0.4913879036903381,MSE,0.2597235441207886,1.2421997785568235,input,92.0,91,217,True,0.0247000008821487,0.0247000008821487,,,
traffic,PatchTST,missing_data,7,664,2366,0.4913879036903381,MSE,0.2597235441207886,1.2421997785568235,input,92.0,91,251,True,0.0535000003874301,0.0535000003874301,,,
traffic,PatchTST,missing_data,7,664,2366,0.4913879036903381,MSE,0.2597235441207886,1.2421997785568235,input,92.0,91,353,True,0.0106000006198883,0.0106000006198883,,,
traffic,PatchTST,missing_data,7,664,2366,0.4913879036903381,MSE,0.2597235441207886,1.2421997785568235,input,92.0,91,364,True,0.032999999821186,0.032999999821186,,,
traffic,PatchTST,missing_data,7,664,2366,0.4913879036903381,MSE,0.2597235441207886,1.2421997785568235,input,92.0,91,413,True,0.0190999954938888,0.0190999954938888,,,
traffic,PatchTST,missing_data,7,664,2366,0.4913879036903381,MSE,0.2597235441207886,1.2421997785568235,input,92.0,91,693,True,0.0073000006377696,0.0073000006377696,,,
traffic,PatchTST,missing_data,7,664,2366,0.4913879036903381,MSE,0.2597235441207886,1.2421997785568235,input,92.0,91,701,True,0.0129000023007392,0.0129000023007392,,,
traffic,PatchTST,missing_data,7,664,2366,0.4913879036903381,MSE,0.2597235441207886,1.2421997785568235,input,92.0,91,722,True,0.0125000001862645,0.0125000001862645,,,
traffic,PatchTST,missing_data,7,664,2366,0.4913879036903381,MSE,0.2597235441207886,1.2421997785568235,input,92.0,91,840,True,0.0178999993950128,0.0178999993950128,,,
traffic,PatchTST,missing_data,7,664,2366,0.4913879036903381,MSE,0.2597235441207886,1.2421997785568235,input,93.0,92,19,True,0.0487999990582466,0.0487999990582466,,,
traffic,PatchTST,missing_data,7,664,2366,0.4913879036903381,MSE,0.2597235441207886,1.2421997785568235,input,93.0,92,188,True,0.0465999990701675,0.0465999990701675,,,
traffic,PatchTST,missing_data,7,664,2366,0.4913879036903381,MSE,0.2597235441207886,1.2421997785568235,input,93.0,92,217,True,0.0833000019192695,0.0833000019192695,,,
traffic,PatchTST,missing_data,7,664,2366,0.4913879036903381,MSE,0.2597235441207886,1.2421997785568235,input,93.0,92,251,True,0.1125999987125396,0.1125999987125396,,,
traffic,PatchTST,missing_data,7,664,2366,0.4913879036903381,MSE,0.2597235441207886,1.2421997785568235,input,93.0,92,353,True,0.0322000011801719,0.0322000011801719,,,
traffic,PatchTST,missing_data,7,664,2366,0.4913879036903381,MSE,0.2597235441207886,1.2421997785568235,input,93.0,92,364,True,0.1118000000715255,0.1118000000715255,,,
traffic,PatchTST,missing_data,7,664,2366,0.4913879036903381,MSE,0.2597235441207886,1.2421997785568235,input,93.0,92,413,True,0.0474999994039535,0.0474999994039535,,,
traffic,PatchTST,missing_data,7,664,2366,0.4913879036903381,MSE,0.2597235441207886,1.2421997785568235,input,93.0,92,693,True,0.0115999989211559,0.0115999989211559,,,
traffic,PatchTST,missing_data,7,664,2366,0.4913879036903381,MSE,0.2597235441207886,1.2421997785568235,input,93.0,92,701,True,0.0200999975204467,0.0200999975204467,,,
traffic,PatchTST,missing_data,7,664,2366,0.4913879036903381,MSE,0.2597235441207886,1.2421997785568235,input,93.0,92,722,True,0.0478000007569789,0.0478000007569789,,,
traffic,PatchTST,missing_data,7,664,2366,0.4913879036903381,MSE,0.2597235441207886,1.2421997785568235,input,93.0,92,840,True,0.3506999909877777,0.3506999909877777,,,
traffic,PatchTST,missing_data,7,664,2366,0.4913879036903381,MSE,0.2597235441207886,1.2421997785568235,input,94.0,93,19,True,0.1523000001907348,0.1523000001907348,,,
traffic,PatchTST,missing_data,7,664,2366,0.4913879036903381,MSE,0.2597235441207886,1.2421997785568235,input,94.0,93,188,True,0.064699999988079,0.064699999988079,,,
traffic,PatchTST,missing_data,7,664,2366,0.4913879036903381,MSE,0.2597235441207886,1.2421997785568235,input,94.0,93,217,True,0.213699996471405,0.213699996471405,,,
traffic,PatchTST,missing_data,7,664,2366,0.4913879036903381,MSE,0.2597235441207886,1.2421997785568235,input,94.0,93,251,True,0.1513999998569488,0.1513999998569488,,,
traffic,PatchTST,missing_data,7,664,2366,0.4913879036903381,MSE,0.2597235441207886,1.2421997785568235,input,94.0,93,353,True,0.048700001090765,0.048700001090765,,,
traffic,PatchTST,missing_data,7,664,2366,0.4913879036903381,MSE,0.2597235441207886,1.2421997785568235,input,94.0,93,364,True,0.2336000055074691,0.2336000055074691,,,
traffic,PatchTST,missing_data,7,664,2366,0.4913879036903381,MSE,0.2597235441207886,1.2421997785568235,input,94.0,93,413,True,0.1278000026941299,0.1278000026941299,,,
traffic,PatchTST,missing_data,7,664,2366,0.4913879036903381,MSE,0.2597235441207886,1.2421997785568235,input,94.0,93,693,True,0.0191000010818243,0.0191000010818243,,,
traffic,PatchTST,missing_data,7,664,2366,0.4913879036903381,MSE,0.2597235441207886,1.2421997785568235,input,94.0,93,701,True,0.0324999988079071,0.0324999988079071,,,
traffic,PatchTST,missing_data,7,664,2366,0.4913879036903381,MSE,0.2597235441207886,1.2421997785568235,input,94.0,93,722,True,0.0335999988019466,0.0335999988019466,,,
traffic,PatchTST,missing_data,7,664,2366,0.4913879036903381,MSE,0.2597235441207886,1.2421997785568235,input,94.0,93,840,True,0.5997999906539917,0.5997999906539917,,,
traffic,PatchTST,missing_data,7,664,2366,0.4913879036903381,MSE,0.2597235441207886,1.2421997785568235,input,95.0,94,19,True,0.3244999945163727,0.3244999945163727,,,
traffic,PatchTST,missing_data,7,664,2366,0.4913879036903381,MSE,0.2597235441207886,1.2421997785568235,input,95.0,94,188,True,0.1967999935150146,0.1967999935150146,,,
traffic,PatchTST,missing_data,7,664,2366,0.4913879036903381,MSE,0.2597235441207886,1.2421997785568235,input,95.0,94,217,True,0.436599999666214,0.436599999666214,,,
traffic,PatchTST,missing_data,7,664,2366,0.4913879036903381,MSE,0.2597235441207886,1.2421997785568235,input,95.0,94,251,True,0.3199000060558319,0.3199000060558319,,,
traffic,PatchTST,missing_data,7,664,2366,0.4913879036903381,MSE,0.2597235441207886,1.2421997785568235,input,95.0,94,353,True,0.3043000102043152,0.3043000102043152,,,
traffic,PatchTST,missing_data,7,664,2366,0.4913879036903381,MSE,0.2597235441207886,1.2421997785568235,input,95.0,94,364,True,0.3370999991893768,0.3370999991893768,,,
traffic,PatchTST,missing_data,7,664,2366,0.4913879036903381,MSE,0.2597235441207886,1.2421997785568235,input,95.0,94,413,True,0.4375999867916107,0.4375999867916107,,,
traffic,PatchTST,missing_data,7,664,2366,0.4913879036903381,MSE,0.2597235441207886,1.2421997785568235,input,95.0,94,693,True,0.0308999996632337,0.0308999996632337,,,
traffic,PatchTST,missing_data,7,664,2366,0.4913879036903381,MSE,0.2597235441207886,1.2421997785568235,input,95.0,94,701,True,0.0542000010609626,0.0542000010609626,,,
traffic,PatchTST,missing_data,7,664,2366,0.4913879036903381,MSE,0.2597235441207886,1.2421997785568235,input,95.0,94,722,True,0.0309999994933605,0.0309999994933605,,,
traffic,PatchTST,missing_data,7,664,2366,0.4913879036903381,MSE,0.2597235441207886,1.2421997785568235,input,95.0,94,840,True,0.5728999972343445,0.5728999972343445,,,
traffic,PatchTST,missing_data,7,664,2366,0.4913879036903381,MSE,0.2597235441207886,1.2421997785568235,input,96.0,95,19,True,0.2885000109672546,0.2885000109672546,,,
traffic,PatchTST,missing_data,7,664,2366,0.4913879036903381,MSE,0.2597235441207886,1.2421997785568235,input,96.0,95,188,True,0.0872000008821487,0.0872000008821487,,,
traffic,PatchTST,missing_data,7,664,2366,0.4913879036903381,MSE,0.2597235441207886,1.2421997785568235,input,96.0,95,217,True,0.425199955701828,0.425199955701828,,,
traffic,PatchTST,missing_data,7,664,2366,0.4913879036903381,MSE,0.2597235441207886,1.2421997785568235,input,96.0,95,251,True,0.3515999913215637,0.3515999913215637,,,
traffic,PatchTST,missing_data,7,664,2366,0.4913879036903381,MSE,0.2597235441207886,1.2421997785568235,input,96.0,95,353,True,0.0441000014543533,0.0441000014543533,,,
traffic,PatchTST,missing_data,7,664,2366,0.4913879036903381,MSE,0.2597235441207886,1.2421997785568235,input,96.0,95,364,True,0.3605999946594238,0.3605999946594238,,,
traffic,PatchTST,missing_data,7,664,2366,0.4913879036903381,MSE,0.2597235441207886,1.2421997785568235,input,96.0,95,413,True,0.4163999855518341,0.4163999855518341,,,
traffic,PatchTST,missing_data,7,664,2366,0.4913879036903381,MSE,0.2597235441207886,1.2421997785568235,input,96.0,95,693,True,0.036200001835823,0.036200001835823,,,
traffic,PatchTST,missing_data,7,664,2366,0.4913879036903381,MSE,0.2597235441207886,1.2421997785568235,input,96.0,95,701,True,0.066500000655651,0.066500000655651,,,
traffic,PatchTST,missing_data,7,664,2366,0.4913879036903381,MSE,0.2597235441207886,1.2421997785568235,input,96.0,95,722,True,0.0337999984622001,0.0337999984622001,,,
traffic,PatchTST,missing_data,7,664,2366,0.4913879036903381,MSE,0.2597235441207886,1.2421997785568235,input,96.0,95,840,True,0.2260999977588653,0.2260999977588653,,,
traffic,PatchTST,missing_data,7,664,2366,0.4913879036903381,MSE,0.2597235441207886,1.2421997785568235,forecast,97.0,0,19,True,,,0.0728000029921531,0.118235096335411,0.2288043946027755
traffic,PatchTST,missing_data,7,664,2366,0.4913879036903381,MSE,0.2597235441207886,1.2421997785568235,forecast,97.0,0,188,True,,,0.0566000007092952,0.0427483543753623,0.0790538415312767
traffic,PatchTST,missing_data,7,664,2366,0.4913879036903381,MSE,0.2597235441207886,1.2421997785568235,forecast,97.0,0,217,True,,,0.1081999987363815,0.1844132840633392,0.3368363380432129
traffic,PatchTST,missing_data,7,664,2366,0.4913879036903381,MSE,0.2597235441207886,1.2421997785568235,forecast,97.0,0,251,True,,,0.0834000036120414,0.1337982416152954,0.2349554002285003
traffic,PatchTST,missing_data,7,664,2366,0.4913879036903381,MSE,0.2597235441207886,1.2421997785568235,forecast,97.0,0,353,True,,,0.0505999997258186,0.0110601298511028,0.0494307056069374
traffic,PatchTST,missing_data,7,664,2366,0.4913879036903381,MSE,0.2597235441207886,1.2421997785568235,forecast,97.0,0,364,True,,,0.1687999963760376,0.2056016027927398,0.3311710059642792
traffic,PatchTST,missing_data,7,664,2366,0.4913879036903381,MSE,0.2597235441207886,1.2421997785568235,forecast,97.0,0,413,True,,,0.1319999992847442,0.2984205484390259,0.3636794984340668
traffic,PatchTST,missing_data,7,664,2366,0.4913879036903381,MSE,0.2597235441207886,1.2421997785568235,forecast,97.0,0,693,True,,,0.0390999987721443,0.0314347259700298,0.0306653790175914
traffic,PatchTST,missing_data,7,664,2366,0.4913879036903381,MSE,0.2597235441207886,1.2421997785568235,forecast,97.0,0,701,True,,,0.0747999995946884,0.0632641464471817,0.0625140145421028
traffic,PatchTST,missing_data,7,664,2366,0.4913879036903381,MSE,0.2597235441207886,1.2421997785568235,forecast,97.0,0,722,True,,,0.0337000004947185,0.0254834592342376,0.0328513160347938
traffic,PatchTST,missing_data,7,664,2366,0.4913879036903381,MSE,0.2597235441207886,1.2421997785568235,forecast,97.0,0,840,True,,,0.0351999998092651,0.1303329169750213,0.2210065573453903
traffic,PatchTST,missing_data,7,664,2366,0.4913879036903381,MSE,0.2597235441207886,1.2421997785568235,forecast,98.0,1,19,True,,,0.0654999986290931,0.0759564191102981,0.1882615387439727
traffic,PatchTST,missing_data,7,664,2366,0.4913879036903381,MSE,0.2597235441207886,1.2421997785568235,forecast,98.0,1,188,True,,,0.0621000006794929,0.0557941906154155,0.0760246366262435
traffic,PatchTST,missing_data,7,664,2366,0.4913879036903381,MSE,0.2597235441207886,1.2421997785568235,forecast,98.0,1,217,True,,,0.0984999984502792,0.1169664338231086,0.2775116264820099
traffic,PatchTST,missing_data,7,664,2366,0.4913879036903381,MSE,0.2597235441207886,1.2421997785568235,forecast,98.0,1,251,True,,,0.0982000008225441,0.0878586322069168,0.181640088558197
traffic,PatchTST,missing_data,7,664,2366,0.4913879036903381,MSE,0.2597235441207886,1.2421997785568235,forecast,98.0,1,353,True,,,0.0505999997258186,0.0374623872339725,0.0706465542316436
traffic,PatchTST,missing_data,7,664,2366,0.4913879036903381,MSE,0.2597235441207886,1.2421997785568235,forecast,98.0,1,364,True,,,0.1486999988555908,0.1503340005874633,0.2949965000152588
traffic,PatchTST,missing_data,7,664,2366,0.4913879036903381,MSE,0.2597235441207886,1.2421997785568235,forecast,98.0,1,413,True,,,0.3025999963283539,0.2189886718988418,0.3364633619785309
traffic,PatchTST,missing_data,7,664,2366,0.4913879036903381,MSE,0.2597235441207886,1.2421997785568235,forecast,98.0,1,693,True,,,0.0373000018298625,0.0352621413767337,0.032806821167469
traffic,PatchTST,missing_data,7,664,2366,0.4913879036903381,MSE,0.2597235441207886,1.2421997785568235,forecast,98.0,1,701,True,,,0.0727000012993812,0.0669482499361038,0.0558912828564643
traffic,PatchTST,missing_data,7,664,2366,0.4913879036903381,MSE,0.2597235441207886,1.2421997785568235,forecast,98.0,1,722,True,,,0.0351000018417835,0.0309577714651823,0.0344072468578815
traffic,PatchTST,missing_data,7,664,2366,0.4913879036903381,MSE,0.2597235441207886,1.2421997785568235,forecast,98.0,1,840,True,,,0.0383000001311302,0.0697938650846481,0.2020834684371948
traffic,PatchTST,missing_data,7,664,2366,0.4913879036903381,MSE,0.2597235441207886,1.2421997785568235,forecast,99.0,2,19,True,,,0.0623000003397464,0.0628126710653305,0.1724422127008438
traffic,PatchTST,missing_data,7,664,2366,0.4913879036903381,MSE,0.2597235441207886,1.2421997785568235,forecast,99.0,2,188,True,,,0.0610000006854534,0.0624803714454174,0.0939958915114402
traffic,PatchTST,missing_data,7,664,2366,0.4913879036903381,MSE,0.2597235441207886,1.2421997785568235,forecast,99.0,2,217,True,,,0.0970999971032142,0.0987790375947952,0.2590395510196686
traffic,PatchTST,missing_data,7,664,2366,0.4913879036903381,MSE,0.2597235441207886,1.2421997785568235,forecast,99.0,2,251,True,,,0.0794000029563903,0.0807541385293006,0.1624169051647186
traffic,PatchTST,missing_data,7,664,2366,0.4913879036903381,MSE,0.2597235441207886,1.2421997785568235,forecast,99.0,2,353,True,,,0.0467000007629394,0.0514303259551525,0.0819071978330612
traffic,PatchTST,missing_data,7,664,2366,0.4913879036903381,MSE,0.2597235441207886,1.2421997785568235,forecast,99.0,2,364,True,,,0.1372999995946884,0.1351633220911026,0.2871218919754028
traffic,PatchTST,missing_data,7,664,2366,0.4913879036903381,MSE,0.2597235441207886,1.2421997785568235,forecast,99.0,2,413,True,,,0.1216000020503997,0.1168390735983848,0.2763770818710327
traffic,PatchTST,missing_data,7,664,2366,0.4913879036903381,MSE,0.2597235441207886,1.2421997785568235,forecast,99.0,2,693,True,,,0.0386000014841556,0.0435190834105014,0.0388014465570449
traffic,PatchTST,missing_data,7,664,2366,0.4913879036903381,MSE,0.2597235441207886,1.2421997785568235,forecast,99.0,2,701,True,,,0.0749000012874603,0.0845270231366157,0.0641419291496276
traffic,PatchTST,missing_data,7,664,2366,0.4913879036903381,MSE,0.2597235441207886,1.2421997785568235,forecast,99.0,2,722,True,,,0.0362999998033046,0.0325125306844711,0.0401885174214839
traffic,PatchTST,missing_data,7,664,2366,0.4913879036903381,MSE,0.2597235441207886,1.2421997785568235,forecast,99.0,2,840,True,,,0.0381999984383583,0.0490418523550033,0.2118180692195892
traffic,PatchTST,missing_data,7,664,2366,0.4913879036903381,MSE,0.2597235441207886,1.2421997785568235,forecast,100.0,3,19,True,,,0.0562000013887882,0.0538269095122814,0.1713517010211944
traffic,PatchTST,missing_data,7,664,2366,0.4913879036903381,MSE,0.2597235441207886,1.2421997785568235,forecast,100.0,3,188,True,,,0.0650999993085861,0.0644981190562248,0.1089659854769706
traffic,PatchTST,missing_data,7,664,2366,0.4913879036903381,MSE,0.2597235441207886,1.2421997785568235,forecast,100.0,3,217,True,,,0.0892999991774559,0.0846670195460319,0.2552434206008911
traffic,PatchTST,missing_data,7,664,2366,0.4913879036903381,MSE,0.2597235441207886,1.2421997785568235,forecast,100.0,3,251,True,,,0.0790999978780746,0.0748213306069374,0.1675122082233429
traffic,PatchTST,missing_data,7,664,2366,0.4913879036903381,MSE,0.2597235441207886,1.2421997785568235,forecast,100.0,3,353,True,,,0.0447000004351139,0.0461540073156356,0.0895149707794189
traffic,PatchTST,missing_data,7,664,2366,0.4913879036903381,MSE,0.2597235441207886,1.2421997785568235,forecast,100.0,3,364,True,,,0.1283999979496002,0.122469276189804,0.2854711413383484
traffic,PatchTST,missing_data,7,664,2366,0.4913879036903381,MSE,0.2597235441207886,1.2421997785568235,forecast,100.0,3,413,True,,,0.0970000028610229,0.0831689685583114,0.2731384634971618
traffic,PatchTST,missing_data,7,664,2366,0.4913879036903381,MSE,0.2597235441207886,1.2421997785568235,forecast,100.0,3,693,True,,,0.0428999997675418,0.0483845695853233,0.0418320149183273
traffic,PatchTST,missing_data,7,664,2366,0.4913879036903381,MSE,0.2597235441207886,1.2421997785568235,forecast,100.0,3,701,True,,,0.0847000032663345,0.0958277732133865,0.0704688653349876
traffic,PatchTST,missing_data,7,664,2366,0.4913879036903381,MSE,0.2597235441207886,1.2421997785568235,forecast,100.0,3,722,True,,,0.0342000015079975,0.0362512953579425,0.0447829514741897
traffic,PatchTST,missing_data,7,664,2366,0.4913879036903381,MSE,0.2597235441207886,1.2421997785568235,forecast,100.0,3,840,True,,,0.0350000001490116,0.0309520587325096,0.2004915028810501
traffic,PatchTST,missing_data,7,664,2366,0.4913879036903381,MSE,0.2597235441207886,1.2421997785568235,forecast,101.0,4,19,True,,,0.0571000017225742,0.052544679492712,0.1620528697967529
traffic,PatchTST,missing_data,7,664,2366,0.4913879036903381,MSE,0.2597235441207886,1.2421997785568235,forecast,101.0,4,188,True,,,0.060199998319149,0.0661157220602035,0.104062795639038
traffic,PatchTST,missing_data,7,664,2366,0.4913879036903381,MSE,0.2597235441207886,1.2421997785568235,forecast,101.0,4,217,True,,,0.0912000015377998,0.0858835950493812,0.2364265322685241
traffic,PatchTST,missing_data,7,664,2366,0.4913879036903381,MSE,0.2597235441207886,1.2421997785568235,forecast,101.0,4,251,True,,,0.0777999982237815,0.0754744037985801,0.1524963974952697
traffic,PatchTST,missing_data,7,664,2366,0.4913879036903381,MSE,0.2597235441207886,1.2421997785568235,forecast,101.0,4,353,True,,,0.0434999987483024,0.0427775979042053,0.0791657119989395
traffic,PatchTST,missing_data,7,664,2366,0.4913879036903381,MSE,0.2597235441207886,1.2421997785568235,forecast,101.0,4,364,True,,,0.1272000074386596,0.1253688335418701,0.2672280669212341
traffic,PatchTST,missing_data,7,664,2366,0.4913879036903381,MSE,0.2597235441207886,1.2421997785568235,forecast,101.0,4,413,True,,,0.0896999984979629,0.0864207223057746,0.2747666835784912
traffic,PatchTST,missing_data,7,664,2366,0.4913879036903381,MSE,0.2597235441207886,1.2421997785568235,forecast,101.0,4,693,True,,,0.0445000007748603,0.0542293190956115,0.048799879848957
traffic,PatchTST,missing_data,7,664,2366,0.4913879036903381,MSE,0.2597235441207886,1.2421997785568235,forecast,101.0,4,701,True,,,0.1820000112056732,0.138193592429161,0.0968974977731704
traffic,PatchTST,missing_data,7,664,2366,0.4913879036903381,MSE,0.2597235441207886,1.2421997785568235,forecast,101.0,4,722,True,,,0.0355999991297721,0.0349184088408947,0.04560087621212
traffic,PatchTST,missing_data,7,664,2366,0.4913879036903381,MSE,0.2597235441207886,1.2421997785568235,forecast,101.0,4,840,True,,,0.0346000008285045,0.0223249718546867,0.1897766441106796
traffic,PatchTST,missing_data,7,664,2366,0.4913879036903381,MSE,0.2597235441207886,1.2421997785568235,forecast,102.0,5,19,True,,,0.0666999965906143,0.0625835359096527,0.1841040998697281
traffic,PatchTST,missing_data,7,664,2366,0.4913879036903381,MSE,0.2597235441207886,1.2421997785568235,forecast,102.0,5,188,True,,,0.0636999979615211,0.0701390206813812,0.125755175948143
traffic,PatchTST,missing_data,7,664,2366,0.4913879036903381,MSE,0.2597235441207886,1.2421997785568235,forecast,102.0,5,217,True,,,0.1028999984264373,0.1051032766699791,0.2510605752468109
traffic,PatchTST,missing_data,7,664,2366,0.4913879036903381,MSE,0.2597235441207886,1.2421997785568235,forecast,102.0,5,251,True,,,0.0784000009298324,0.0777618810534477,0.1434859931468963
traffic,PatchTST,missing_data,7,664,2366,0.4913879036903381,MSE,0.2597235441207886,1.2421997785568235,forecast,102.0,5,353,True,,,0.0447000004351139,0.0502679757773876,0.0960123687982559
traffic,PatchTST,missing_data,7,664,2366,0.4913879036903381,MSE,0.2597235441207886,1.2421997785568235,forecast,102.0,5,364,True,,,0.1420000046491623,0.1443335115909576,0.2718056142330169
traffic,PatchTST,missing_data,7,664,2366,0.4913879036903381,MSE,0.2597235441207886,1.2421997785568235,forecast,102.0,5,413,True,,,0.0879999995231628,0.0966269224882125,0.2925437986850738
traffic,PatchTST,missing_data,7,664,2366,0.4913879036903381,MSE,0.2597235441207886,1.2421997785568235,forecast,102.0,5,693,True,,,0.0953999981284141,0.0657864660024643,0.056399792432785
traffic,PatchTST,missing_data,7,664,2366,0.4913879036903381,MSE,0.2597235441207886,1.2421997785568235,forecast,102.0,5,701,True,,,0.5148000121116638,0.2554863691329956,0.197571724653244
traffic,PatchTST,missing_data,7,664,2366,0.4913879036903381,MSE,0.2597235441207886,1.2421997785568235,forecast,102.0,5,722,True,,,0.034800000488758,0.0320359542965889,0.0443575605750083
traffic,PatchTST,missing_data,7,664,2366,0.4913879036903381,MSE,0.2597235441207886,1.2421997785568235,forecast,102.0,5,840,True,,,0.0384000018239021,0.0281009580940008,0.2286543250083923
traffic,PatchTST,missing_data,7,664,2366,0.4913879036903381,MSE,0.2597235441207886,1.2421997785568235,forecast,103.0,6,19,True,,,0.0685999989509582,0.0691261738538742,0.2054708302021026
traffic,PatchTST,missing_data,7,664,2366,0.4913879036903381,MSE,0.2597235441207886,1.2421997785568235,forecast,103.0,6,188,True,,,0.0566000007092952,0.0719848126173019,0.1400622725486755
traffic,PatchTST,missing_data,7,664,2366,0.4913879036903381,MSE,0.2597235441207886,1.2421997785568235,forecast,103.0,6,217,True,,,0.1237000003457069,0.1245550513267517,0.2810624539852142
traffic,PatchTST,missing_data,7,664,2366,0.4913879036903381,MSE,0.2597235441207886,1.2421997785568235,forecast,103.0,6,251,True,,,0.0820000022649765,0.0764423608779907,0.1512890458106994
traffic,PatchTST,missing_data,7,664,2366,0.4913879036903381,MSE,0.2597235441207886,1.2421997785568235,forecast,103.0,6,353,True,,,0.0480000004172325,0.0514576956629753,0.1061804145574569
traffic,PatchTST,missing_data,7,664,2366,0.4913879036903381,MSE,0.2597235441207886,1.2421997785568235,forecast,103.0,6,364,True,,,0.164000004529953,0.1634517908096313,0.2952973246574402
traffic,PatchTST,missing_data,7,664,2366,0.4913879036903381,MSE,0.2597235441207886,1.2421997785568235,forecast,103.0,6,413,True,,,0.0850000008940696,0.1020974814891815,0.2964009642601013
traffic,PatchTST,missing_data,7,664,2366,0.4913879036903381,MSE,0.2597235441207886,1.2421997785568235,forecast,103.0,6,693,True,,,0.3885000050067901,0.1168228536844253,0.0882359594106674
traffic,PatchTST,missing_data,7,664,2366,0.4913879036903381,MSE,0.2597235441207886,1.2421997785568235,forecast,103.0,6,701,True,,,0.4674000144004822,0.3909382224082947,0.3178786933422088
traffic,PatchTST,missing_data,7,664,2366,0.4913879036903381,MSE,0.2597235441207886,1.2421997785568235,forecast,103.0,6,722,True,,,0.0320999994874,0.0334179885685443,0.0454160757362842
traffic,PatchTST,missing_data,7,664,2366,0.4913879036903381,MSE,0.2597235441207886,1.2421997785568235,forecast,103.0,6,840,True,,,0.0320999994874,0.0384295880794525,0.2523648738861084
traffic,PatchTST,missing_data,7,664,2366,0.4913879036903381,MSE,0.2597235441207886,1.2421997785568235,forecast,104.0,7,19,True,,,0.0672999992966651,0.0770206302404403,0.1991511434316635
traffic,PatchTST,missing_data,7,664,2366,0.4913879036903381,MSE,0.2597235441207886,1.2421997785568235,forecast,104.0,7,188,True,,,0.0597000010311603,0.0736751481890678,0.1315091252326965
traffic,PatchTST,missing_data,7,664,2366,0.4913879036903381,MSE,0.2597235441207886,1.2421997785568235,forecast,104.0,7,217,True,,,0.1141000017523765,0.1401974707841873,0.2705011069774627
traffic,PatchTST,missing_data,7,664,2366,0.4913879036903381,MSE,0.2597235441207886,1.2421997785568235,forecast,104.0,7,251,True,,,0.0791999995708465,0.0809323638677597,0.1517420709133148
traffic,PatchTST,missing_data,7,664,2366,0.4913879036903381,MSE,0.2597235441207886,1.2421997785568235,forecast,104.0,7,353,True,,,0.0491999983787536,0.0560792908072471,0.096401996910572
traffic,PatchTST,missing_data,7,664,2366,0.4913879036903381,MSE,0.2597235441207886,1.2421997785568235,forecast,104.0,7,364,True,,,0.1425999999046325,0.1767185479402542,0.2926044762134552
traffic,PatchTST,missing_data,7,664,2366,0.4913879036903381,MSE,0.2597235441207886,1.2421997785568235,forecast,104.0,7,413,True,,,0.0930999964475631,0.1169137060642242,0.2901549339294433
traffic,PatchTST,missing_data,7,664,2366,0.4913879036903381,MSE,0.2597235441207886,1.2421997785568235,forecast,104.0,7,693,True,,,0.3619999885559082,0.2860555946826935,0.1915985494852066
traffic,PatchTST,missing_data,7,664,2366,0.4913879036903381,MSE,0.2597235441207886,1.2421997785568235,forecast,104.0,7,701,True,,,0.5697000026702881,0.5110798478126526,0.4293988645076751
traffic,PatchTST,missing_data,7,664,2366,0.4913879036903381,MSE,0.2597235441207886,1.2421997785568235,forecast,104.0,7,722,True,,,0.0264999996870756,0.0315527245402336,0.0416272729635238
traffic,PatchTST,missing_data,7,664,2366,0.4913879036903381,MSE,0.2597235441207886,1.2421997785568235,forecast,104.0,7,840,True,,,0.0296000000089406,0.0374950058758258,0.238725796341896
traffic,PatchTST,missing_data,7,664,2366,0.4913879036903381,MSE,0.2597235441207886,1.2421997785568235,forecast,105.0,8,19,True,,,0.0804999992251396,0.0819770470261573,0.1764018088579177
traffic,PatchTST,missing_data,7,664,2366,0.4913879036903381,MSE,0.2597235441207886,1.2421997785568235,forecast,105.0,8,188,True,,,0.0533000007271766,0.0672298818826675,0.1012875884771347
traffic,PatchTST,missing_data,7,664,2366,0.4913879036903381,MSE,0.2597235441207886,1.2421997785568235,forecast,105.0,8,217,True,,,0.1411000043153762,0.1443100571632385,0.2446875274181366
traffic,PatchTST,missing_data,7,664,2366,0.4913879036903381,MSE,0.2597235441207886,1.2421997785568235,forecast,105.0,8,251,True,,,0.0804999992251396,0.0830688849091529,0.1306540817022323
traffic,PatchTST,missing_data,7,664,2366,0.4913879036903381,MSE,0.2597235441207886,1.2421997785568235,forecast,105.0,8,353,True,,,0.0529999993741512,0.0542404577136039,0.0789305940270423
traffic,PatchTST,missing_data,7,664,2366,0.4913879036903381,MSE,0.2597235441207886,1.2421997785568235,forecast,105.0,8,364,True,,,0.2012999951839447,0.1829267293214798,0.2756484746932983
traffic,PatchTST,missing_data,7,664,2366,0.4913879036903381,MSE,0.2597235441207886,1.2421997785568235,forecast,105.0,8,413,True,,,0.0970999971032142,0.1350363194942474,0.2738875150680542
traffic,PatchTST,missing_data,7,664,2366,0.4913879036903381,MSE,0.2597235441207886,1.2421997785568235,forecast,105.0,8,693,True,,,0.1958000063896179,0.4065804779529571,0.2643474638462066
traffic,PatchTST,missing_data,7,664,2366,0.4913879036903381,MSE,0.2597235441207886,1.2421997785568235,forecast,105.0,8,701,True,,,0.5947999954223633,0.54524827003479,0.4715543389320373
traffic,PatchTST,missing_data,7,664,2366,0.4913879036903381,MSE,0.2597235441207886,1.2421997785568235,forecast,105.0,8,722,True,,,0.0299999993294477,0.0304470658302307,0.0367005914449691
traffic,PatchTST,missing_data,7,664,2366,0.4913879036903381,MSE,0.2597235441207886,1.2421997785568235,forecast,105.0,8,840,True,,,0.0293000005185604,0.029887618497014,0.2114043980836868
traffic,PatchTST,missing_data,7,664,2366,0.4913879036903381,MSE,0.2597235441207886,1.2421997785568235,forecast,106.0,9,19,True,,,0.0625,0.0698176398873329,0.1573905050754547
traffic,PatchTST,missing_data,7,664,2366,0.4913879036903381,MSE,0.2597235441207886,1.2421997785568235,forecast,106.0,9,188,True,,,0.0507999993860721,0.0597306117415428,0.0901374071836471
traffic,PatchTST,missing_data,7,664,2366,0.4913879036903381,MSE,0.2597235441207886,1.2421997785568235,forecast,106.0,9,217,True,,,0.1085999980568885,0.118466705083847,0.2210538983345031
traffic,PatchTST,missing_data,7,664,2366,0.4913879036903381,MSE,0.2597235441207886,1.2421997785568235,forecast,106.0,9,251,True,,,0.0724000036716461,0.0769339278340339,0.1079295650124549
traffic,PatchTST,missing_data,7,664,2366,0.4913879036903381,MSE,0.2597235441207886,1.2421997785568235,forecast,106.0,9,353,True,,,0.0478999987244606,0.0434550270438194,0.0785945951938629
traffic,PatchTST,missing_data,7,664,2366,0.4913879036903381,MSE,0.2597235441207886,1.2421997785568235,forecast,106.0,9,364,True,,,0.1668000072240829,0.1578541398048401,0.2514026761054992
traffic,PatchTST,missing_data,7,664,2366,0.4913879036903381,MSE,0.2597235441207886,1.2421997785568235,forecast,106.0,9,413,True,,,0.0860999971628189,0.1185667067766189,0.2445487082004547
traffic,PatchTST,missing_data,7,664,2366,0.4913879036903381,MSE,0.2597235441207886,1.2421997785568235,forecast,106.0,9,693,True,,,0.393200010061264,0.3910650312900543,0.2593663334846496
traffic,PatchTST,missing_data,7,664,2366,0.4913879036903381,MSE,0.2597235441207886,1.2421997785568235,forecast,106.0,9,701,True,,,0.569599986076355,0.4828362762928009,0.4230325222015381
traffic,PatchTST,missing_data,7,664,2366,0.4913879036903381,MSE,0.2597235441207886,1.2421997785568235,forecast,106.0,9,722,True,,,0.0274000000208616,0.0221747364848852,0.0290220398455858
traffic,PatchTST,missing_data,7,664,2366,0.4913879036903381,MSE,0.2597235441207886,1.2421997785568235,forecast,106.0,9,840,True,,,0.0283000003546476,0.030121399089694,0.2131804376840591
traffic,PatchTST,missing_data,7,664,2366,0.4913879036903381,MSE,0.2597235441207886,1.2421997785568235,forecast,107.0,10,19,True,,,0.0430999994277954,0.0468066819012165,0.1453900784254074
traffic,PatchTST,missing_data,7,664,2366,0.4913879036903381,MSE,0.2597235441207886,1.2421997785568235,forecast,107.0,10,188,True,,,0.0483999997377395,0.0519382953643798,0.0871793925762176
traffic,PatchTST,missing_data,7,664,2366,0.4913879036903381,MSE,0.2597235441207886,1.2421997785568235,forecast,107.0,10,217,True,,,0.0693999975919723,0.0782374963164329,0.1989219486713409
traffic,PatchTST,missing_data,7,664,2366,0.4913879036903381,MSE,0.2597235441207886,1.2421997785568235,forecast,107.0,10,251,True,,,0.0631999969482421,0.0668821781873703,0.1029354929924011
traffic,PatchTST,missing_data,7,664,2366,0.4913879036903381,MSE,0.2597235441207886,1.2421997785568235,forecast,107.0,10,353,True,,,0.0359999984502792,0.0330810882151126,0.0770456194877624
traffic,PatchTST,missing_data,7,664,2366,0.4913879036903381,MSE,0.2597235441207886,1.2421997785568235,forecast,107.0,10,364,True,,,0.1071999967098236,0.1074569821357727,0.2169850468635559
traffic,PatchTST,missing_data,7,664,2366,0.4913879036903381,MSE,0.2597235441207886,1.2421997785568235,forecast,107.0,10,413,True,,,0.065700002014637,0.0899451076984405,0.2162254750728607
traffic,PatchTST,missing_data,7,664,2366,0.4913879036903381,MSE,0.2597235441207886,1.2421997785568235,forecast,107.0,10,693,True,,,0.1063999980688095,0.2474843710660934,0.170270562171936
traffic,PatchTST,missing_data,7,664,2366,0.4913879036903381,MSE,0.2597235441207886,1.2421997785568235,forecast,107.0,10,701,True,,,0.2511000037193298,0.3028286397457123,0.2668817341327667
traffic,PatchTST,missing_data,7,664,2366,0.4913879036903381,MSE,0.2597235441207886,1.2421997785568235,forecast,107.0,10,722,True,,,0.0223999992012977,0.0089360140264034,0.0224288254976272
traffic,PatchTST,missing_data,7,664,2366,0.4913879036903381,MSE,0.2597235441207886,1.2421997785568235,forecast,107.0,10,840,True,,,0.0223999992012977,0.0256124008446931,0.2132123857736587
traffic,PatchTST,missing_data,7,664,2366,0.4913879036903381,MSE,0.2597235441207886,1.2421997785568235,forecast,108.0,11,19,True,,,0.0305000003427267,0.0308585874736309,0.1319133341312408
traffic,PatchTST,missing_data,7,664,2366,0.4913879036903381,MSE,0.2597235441207886,1.2421997785568235,forecast,108.0,11,188,True,,,0.0359000004827976,0.0401693768799304,0.0833456516265869
traffic,PatchTST,missing_data,7,664,2366,0.4913879036903381,MSE,0.2597235441207886,1.2421997785568235,forecast,108.0,11,217,True,,,0.0535000003874301,0.0540588833391666,0.1830154806375503
traffic,PatchTST,missing_data,7,664,2366,0.4913879036903381,MSE,0.2597235441207886,1.2421997785568235,forecast,108.0,11,251,True,,,0.0511999987065792,0.0576781779527664,0.1020493656396865
traffic,PatchTST,missing_data,7,664,2366,0.4913879036903381,MSE,0.2597235441207886,1.2421997785568235,forecast,108.0,11,353,True,,,0.0272000003606081,0.0220560133457183,0.0676658228039741
traffic,PatchTST,missing_data,7,664,2366,0.4913879036903381,MSE,0.2597235441207886,1.2421997785568235,forecast,108.0,11,364,True,,,0.0795999988913536,0.0769693255424499,0.1974001228809356
traffic,PatchTST,missing_data,7,664,2366,0.4913879036903381,MSE,0.2597235441207886,1.2421997785568235,forecast,108.0,11,413,True,,,0.062399998307228,0.068802572786808,0.1954121887683868
traffic,PatchTST,missing_data,7,664,2366,0.4913879036903381,MSE,0.2597235441207886,1.2421997785568235,forecast,108.0,11,693,True,,,0.0434999987483024,0.0738557279109954,0.052768588066101
traffic,PatchTST,missing_data,7,664,2366,0.4913879036903381,MSE,0.2597235441207886,1.2421997785568235,forecast,108.0,11,701,True,,,0.0856999978423118,0.1073585972189903,0.0995401814579963
traffic,PatchTST,missing_data,7,664,2366,0.4913879036903381,MSE,0.2597235441207886,1.2421997785568235,forecast,108.0,11,722,True,,,0.0132999988272786,0.0029839426279067,0.0204725787043571
traffic,PatchTST,missing_data,7,664,2366,0.4913879036903381,MSE,0.2597235441207886,1.2421997785568235,forecast,108.0,11,840,True,,,0.0167999994009733,0.0199786387383937,0.2120720893144607
traffic,PatchTST,missing_data,7,664,2366,0.4913879036903381,MSE,0.2597235441207886,1.2421997785568235,forecast,109.0,12,19,True,,,0.0287999995052814,0.0267008058726787,0.1130394339561462
traffic,PatchTST,missing_data,7,664,2366,0.4913879036903381,MSE,0.2597235441207886,1.2421997785568235,forecast,109.0,12,188,True,,,0.0278999991714954,0.0325508713722229,0.0688704252243042
traffic,PatchTST,missing_data,7,664,2366,0.4913879036903381,MSE,0.2597235441207886,1.2421997785568235,forecast,109.0,12,217,True,,,0.048700001090765,0.049048900604248,0.1590166389942169
traffic,PatchTST,missing_data,7,664,2366,0.4913879036903381,MSE,0.2597235441207886,1.2421997785568235,forecast,109.0,12,251,True,,,0.0443999990820884,0.0524864196777343,0.0823919177055358
traffic,PatchTST,missing_data,7,664,2366,0.4913879036903381,MSE,0.2597235441207886,1.2421997785568235,forecast,109.0,12,353,True,,,0.0232999995350837,0.0209638252854347,0.0501199588179588
traffic,PatchTST,missing_data,7,664,2366,0.4913879036903381,MSE,0.2597235441207886,1.2421997785568235,forecast,109.0,12,364,True,,,0.066500000655651,0.067086137831211,0.1750939637422561
traffic,PatchTST,missing_data,7,664,2366,0.4913879036903381,MSE,0.2597235441207886,1.2421997785568235,forecast,109.0,12,413,True,,,0.052700001746416,0.0650514513254165,0.1738797724246978
traffic,PatchTST,missing_data,7,664,2366,0.4913879036903381,MSE,0.2597235441207886,1.2421997785568235,forecast,109.0,12,693,True,,,0.0395000018179416,0.0434655845165252,0.0401631295680999
traffic,PatchTST,missing_data,7,664,2366,0.4913879036903381,MSE,0.2597235441207886,1.2421997785568235,forecast,109.0,12,701,True,,,0.0768000036478042,0.061458520591259,0.0629197657108306
traffic,PatchTST,missing_data,7,664,2366,0.4913879036903381,MSE,0.2597235441207886,1.2421997785568235,forecast,109.0,12,722,True,,,0.0032000001519918,-0.0005694739520549,0.0166074484586715
traffic,PatchTST,missing_data,7,664,2366,0.4913879036903381,MSE,0.2597235441207886,1.2421997785568235,forecast,109.0,12,840,True,,,0.0144999995827674,0.025275819003582,0.1986463367938995
traffic,PatchTST,missing_data,7,664,2366,0.4913879036903381,MSE,0.2597235441207886,1.2421997785568235,forecast,110.0,13,19,True,,,0.0229000002145767,0.0233628321439027,0.1038974672555923
traffic,PatchTST,missing_data,7,664,2366,0.4913879036903381,MSE,0.2597235441207886,1.2421997785568235,forecast,110.0,13,188,True,,,0.0248000007122755,0.0224695540964603,0.0656041204929351
traffic,PatchTST,missing_data,7,664,2366,0.4913879036903381,MSE,0.2597235441207886,1.2421997785568235,forecast,110.0,13,217,True,,,0.0395000018179416,0.0422622896730899,0.1382867097854614
traffic,PatchTST,missing_data,7,664,2366,0.4913879036903381,MSE,0.2597235441207886,1.2421997785568235,forecast,110.0,13,251,True,,,0.0355000048875808,0.0423877760767936,0.0631853342056274
traffic,PatchTST,missing_data,7,664,2366,0.4913879036903381,MSE,0.2597235441207886,1.2421997785568235,forecast,110.0,13,353,True,,,0.0205000005662441,0.0193816572427749,0.0580882653594017
traffic,PatchTST,missing_data,7,664,2366,0.4913879036903381,MSE,0.2597235441207886,1.2421997785568235,forecast,110.0,13,364,True,,,0.0544000007212162,0.0555469319224357,0.1512326896190643
traffic,PatchTST,missing_data,7,664,2366,0.4913879036903381,MSE,0.2597235441207886,1.2421997785568235,forecast,110.0,13,413,True,,,0.0504000000655651,0.0568843074142932,0.1613429188728332
traffic,PatchTST,missing_data,7,664,2366,0.4913879036903381,MSE,0.2597235441207886,1.2421997785568235,forecast,110.0,13,693,True,,,0.0361000001430511,0.046592678874731,0.0401974320411682
traffic,PatchTST,missing_data,7,664,2366,0.4913879036903381,MSE,0.2597235441207886,1.2421997785568235,forecast,110.0,13,701,True,,,0.0703999996185302,0.0683814659714698,0.0632138848304748
traffic,PatchTST,missing_data,7,664,2366,0.4913879036903381,MSE,0.2597235441207886,1.2421997785568235,forecast,110.0,13,722,True,,,0.0010999981313943,-0.0017246156930923,0.0149861713871359
traffic,PatchTST,missing_data,7,664,2366,0.4913879036903381,MSE,0.2597235441207886,1.2421997785568235,forecast,110.0,13,840,True,,,0.0109000001102685,0.0236865989863872,0.2109765708446502
traffic,PatchTST,missing_data,7,664,2366,0.4913879036903381,MSE,0.2597235441207886,1.2421997785568235,forecast,111.0,14,19,True,,,0.0137000009417533,0.018591035157442,0.102995827794075
traffic,PatchTST,missing_data,7,664,2366,0.4913879036903381,MSE,0.2597235441207886,1.2421997785568235,forecast,111.0,14,188,True,,,0.0124000012874603,0.0106664225459098,0.0709847062826156
traffic,PatchTST,missing_data,7,664,2366,0.4913879036903381,MSE,0.2597235441207886,1.2421997785568235,forecast,111.0,14,217,True,,,0.0252000018954277,0.0325888879597187,0.1301633417606353
traffic,PatchTST,missing_data,7,664,2366,0.4913879036903381,MSE,0.2597235441207886,1.2421997785568235,forecast,111.0,14,251,True,,,0.0262000001966953,0.033174343407154,0.0654111728072166
traffic,PatchTST,missing_data,7,664,2366,0.4913879036903381,MSE,0.2597235441207886,1.2421997785568235,forecast,111.0,14,353,True,,,0.0153000000864267,0.0144448578357696,0.0604955703020095
traffic,PatchTST,missing_data,7,664,2366,0.4913879036903381,MSE,0.2597235441207886,1.2421997785568235,forecast,111.0,14,364,True,,,0.0377000011503696,0.0393202900886535,0.1356830596923828
traffic,PatchTST,missing_data,7,664,2366,0.4913879036903381,MSE,0.2597235441207886,1.2421997785568235,forecast,111.0,14,413,True,,,0.0421000011265277,0.0432957001030445,0.1496007293462753
traffic,PatchTST,missing_data,7,664,2366,0.4913879036903381,MSE,0.2597235441207886,1.2421997785568235,forecast,111.0,14,693,True,,,0.0344999991357326,0.039888858795166,0.0346331559121608
traffic,PatchTST,missing_data,7,664,2366,0.4913879036903381,MSE,0.2597235441207886,1.2421997785568235,forecast,111.0,14,701,True,,,0.066100001335144,0.0693966224789619,0.0569360814988613
traffic,PatchTST,missing_data,7,664,2366,0.4913879036903381,MSE,0.2597235441207886,1.2421997785568235,forecast,111.0,14,722,True,,,0.0001000016927719,0.001568904146552,0.0164975374937057
traffic,PatchTST,missing_data,7,664,2366,0.4913879036903381,MSE,0.2597235441207886,1.2421997785568235,forecast,111.0,14,840,True,,,0.0078999996185302,0.0249783881008625,0.2070615589618683
traffic,PatchTST,missing_data,7,664,2366,0.4913879036903381,MSE,0.2597235441207886,1.2421997785568235,forecast,112.0,15,19,True,,,0.0080000013113021,0.0155082717537879,0.098768413066864
traffic,PatchTST,missing_data,7,664,2366,0.4913879036903381,MSE,0.2597235441207886,1.2421997785568235,forecast,112.0,15,188,True,,,0.0012000016868114,0.0073029622435569,0.0669961497187614
traffic,PatchTST,missing_data,7,664,2366,0.4913879036903381,MSE,0.2597235441207886,1.2421997785568235,forecast,112.0,15,217,True,,,0.0165999978780746,0.026466004550457,0.1219853460788726
traffic,PatchTST,missing_data,7,664,2366,0.4913879036903381,MSE,0.2597235441207886,1.2421997785568235,forecast,112.0,15,251,True,,,0.0170000009238719,0.0244530066847801,0.0709984824061393
traffic,PatchTST,missing_data,7,664,2366,0.4913879036903381,MSE,0.2597235441207886,1.2421997785568235,forecast,112.0,15,353,True,,,0.0104000009596347,0.0129262339323759,0.0590057447552681
traffic,PatchTST,missing_data,7,664,2366,0.4913879036903381,MSE,0.2597235441207886,1.2421997785568235,forecast,112.0,15,364,True,,,0.0238000005483627,0.0296901352703571,0.1240694224834442
traffic,PatchTST,missing_data,7,664,2366,0.4913879036903381,MSE,0.2597235441207886,1.2421997785568235,forecast,112.0,15,413,True,,,0.0324000008404254,0.0349311120808124,0.1451806724071502
traffic,PatchTST,missing_data,7,664,2366,0.4913879036903381,MSE,0.2597235441207886,1.2421997785568235,forecast,112.0,15,693,True,,,0.0281000006943941,0.0273082815110683,0.0274048838764429
traffic,PatchTST,missing_data,7,664,2366,0.4913879036903381,MSE,0.2597235441207886,1.2421997785568235,forecast,112.0,15,701,True,,,0.0535000003874301,0.0613574497401714,0.0514007583260536
traffic,PatchTST,missing_data,7,664,2366,0.4913879036903381,MSE,0.2597235441207886,1.2421997785568235,forecast,112.0,15,722,True,,,0.0001000016927719,0.0049535706639289,0.0182508267462253
traffic,PatchTST,missing_data,7,664,2366,0.4913879036903381,MSE,0.2597235441207886,1.2421997785568235,forecast,112.0,15,840,True,,,0.0049999989569187,0.0314573012292385,0.2088789045810699
traffic,PatchTST,missing_data,7,664,2366,0.4913879036903381,MSE,0.2597235441207886,1.2421997785568235,forecast,113.0,16,19,True,,,0.0056000016629695,0.0153013542294502,0.0914689004421234
traffic,PatchTST,missing_data,7,664,2366,0.4913879036903381,MSE,0.2597235441207886,1.2421997785568235,forecast,113.0,16,188,True,,,0.0001999996602535,0.0066292509436607,0.0619398914277553
traffic,PatchTST,missing_data,7,664,2366,0.4913879036903381,MSE,0.2597235441207886,1.2421997785568235,forecast,113.0,16,217,True,,,0.0142999999225139,0.0229098983108997,0.1108415126800537
traffic,PatchTST,missing_data,7,664,2366,0.4913879036903381,MSE,0.2597235441207886,1.2421997785568235,forecast,113.0,16,251,True,,,0.0133000016212463,0.0181399993598461,0.0757555961608886
traffic,PatchTST,missing_data,7,664,2366,0.4913879036903381,MSE,0.2597235441207886,1.2421997785568235,forecast,113.0,16,353,True,,,0.0067999996244907,0.0124145466834306,0.0503465645015239
traffic,PatchTST,missing_data,7,664,2366,0.4913879036903381,MSE,0.2597235441207886,1.2421997785568235,forecast,113.0,16,364,True,,,0.0219999998807907,0.0277977623045444,0.1097866520285606
traffic,PatchTST,missing_data,7,664,2366,0.4913879036903381,MSE,0.2597235441207886,1.2421997785568235,forecast,113.0,16,413,True,,,0.0214000046253204,0.0282661169767379,0.1398841142654419
traffic,PatchTST,missing_data,7,664,2366,0.4913879036903381,MSE,0.2597235441207886,1.2421997785568235,forecast,113.0,16,693,True,,,0.0201999973505735,0.0180556382983922,0.0235907174646854
traffic,PatchTST,missing_data,7,664,2366,0.4913879036903381,MSE,0.2597235441207886,1.2421997785568235,forecast,113.0,16,701,True,,,0.0379000008106231,0.0462886840105056,0.0426146872341632
traffic,PatchTST,missing_data,7,664,2366,0.4913879036903381,MSE,0.2597235441207886,1.2421997785568235,forecast,113.0,16,722,True,,,-1.862645149230957e-09,0.0061149876564741,0.0198584217578172
traffic,PatchTST,missing_data,7,664,2366,0.4913879036903381,MSE,0.2597235441207886,1.2421997785568235,forecast,113.0,16,840,True,,,0.0032000001519918,0.0345791466534137,0.2253461182117462
traffic,PatchTST,missing_data,7,664,2366,0.4913879036903381,MSE,0.2597235441207886,1.2421997785568235,forecast,114.0,17,19,True,,,0.003600001335144,0.0119718238711357,0.0955940335988998
traffic,PatchTST,missing_data,7,664,2366,0.4913879036903381,MSE,0.2597235441207886,1.2421997785568235,forecast,114.0,17,188,True,,,0.0001000016927719,0.0065977722406387,0.0807403251528739
traffic,PatchTST,missing_data,7,664,2366,0.4913879036903381,MSE,0.2597235441207886,1.2421997785568235,forecast,114.0,17,217,True,,,0.0100999996066093,0.0174254663288593,0.1092182695865631
traffic,PatchTST,missing_data,7,664,2366,0.4913879036903381,MSE,0.2597235441207886,1.2421997785568235,forecast,114.0,17,251,True,,,0.0113000012934207,0.017322976142168,0.0843429714441299
traffic,PatchTST,missing_data,7,664,2366,0.4913879036903381,MSE,0.2597235441207886,1.2421997785568235,forecast,114.0,17,353,True,,,0.0055999998003244,0.0128649324178695,0.0558393821120262
traffic,PatchTST,missing_data,7,664,2366,0.4913879036903381,MSE,0.2597235441207886,1.2421997785568235,forecast,114.0,17,364,True,,,0.0164000019431114,0.0201590955257415,0.1094151437282562
traffic,PatchTST,missing_data,7,664,2366,0.4913879036903381,MSE,0.2597235441207886,1.2421997785568235,forecast,114.0,17,413,True,,,0.0151000022888183,0.022925965487957,0.1359125524759292
traffic,PatchTST,missing_data,7,664,2366,0.4913879036903381,MSE,0.2597235441207886,1.2421997785568235,forecast,114.0,17,693,True,,,0.0173000004142522,0.0125869438052177,0.0219980124384164
traffic,PatchTST,missing_data,7,664,2366,0.4913879036903381,MSE,0.2597235441207886,1.2421997785568235,forecast,114.0,17,701,True,,,0.0322000011801719,0.0374267101287841,0.0413208678364753
traffic,PatchTST,missing_data,7,664,2366,0.4913879036903381,MSE,0.2597235441207886,1.2421997785568235,forecast,114.0,17,722,True,,,-1.862645149230957e-09,0.0052939504384994,0.0200389847159385
traffic,PatchTST,missing_data,7,664,2366,0.4913879036903381,MSE,0.2597235441207886,1.2421997785568235,forecast,114.0,17,840,True,,,0.0034999996423721,0.0198204517364501,0.2384247928857803
traffic,PatchTST,missing_data,7,664,2366,0.4913879036903381,MSE,0.2597235441207886,1.2421997785568235,forecast,115.0,18,19,True,,,0.0034999996423721,0.0101255513727664,0.0939647778868675
traffic,PatchTST,missing_data,7,664,2366,0.4913879036903381,MSE,0.2597235441207886,1.2421997785568235,forecast,115.0,18,188,True,,,0.0005000010132789,0.0087657533586025,0.092046819627285
traffic,PatchTST,missing_data,7,664,2366,0.4913879036903381,MSE,0.2597235441207886,1.2421997785568235,forecast,115.0,18,217,True,,,0.011300005018711,0.0131311900913715,0.1101659536361694
traffic,PatchTST,missing_data,7,664,2366,0.4913879036903381,MSE,0.2597235441207886,1.2421997785568235,forecast,115.0,18,251,True,,,0.0130000002682209,0.0204300321638584,0.0929488390684127
traffic,PatchTST,missing_data,7,664,2366,0.4913879036903381,MSE,0.2597235441207886,1.2421997785568235,forecast,115.0,18,353,True,,,0.0054000001400709,0.0156042836606502,0.052625760436058
traffic,PatchTST,missing_data,7,664,2366,0.4913879036903381,MSE,0.2597235441207886,1.2421997785568235,forecast,115.0,18,364,True,,,0.0173000022768974,0.0158106982707977,0.1163799911737442
traffic,PatchTST,missing_data,7,664,2366,0.4913879036903381,MSE,0.2597235441207886,1.2421997785568235,forecast,115.0,18,413,True,,,0.0107000023126602,0.0199538245797157,0.132193848490715
traffic,PatchTST,missing_data,7,664,2366,0.4913879036903381,MSE,0.2597235441207886,1.2421997785568235,forecast,115.0,18,693,True,,,0.0118000023066997,0.0116952508687973,0.0180924329906702
traffic,PatchTST,missing_data,7,664,2366,0.4913879036903381,MSE,0.2597235441207886,1.2421997785568235,forecast,115.0,18,701,True,,,0.0219999998807907,0.0330123975872993,0.0393326580524444
traffic,PatchTST,missing_data,7,664,2366,0.4913879036903381,MSE,0.2597235441207886,1.2421997785568235,forecast,115.0,18,722,True,,,0.0001000016927719,0.0091151632368564,0.0225102752447128
traffic,PatchTST,missing_data,7,664,2366,0.4913879036903381,MSE,0.2597235441207886,1.2421997785568235,forecast,115.0,18,840,True,,,0.0045999996364116,0.0208435654640197,0.2671351134777069
traffic,PatchTST,missing_data,7,664,2366,0.4913879036903381,MSE,0.2597235441207886,1.2421997785568235,forecast,116.0,19,19,True,,,0.0051000006496906,0.00925287976861,0.0953504741191864
traffic,PatchTST,missing_data,7,664,2366,0.4913879036903381,MSE,0.2597235441207886,1.2421997785568235,forecast,116.0,19,188,True,,,0.002199999988079,0.0118467807769775,0.107406198978424
traffic,PatchTST,missing_data,7,664,2366,0.4913879036903381,MSE,0.2597235441207886,1.2421997785568235,forecast,116.0,19,217,True,,,0.0137000009417533,0.012662835419178,0.1176533997058868
traffic,PatchTST,missing_data,7,664,2366,0.4913879036903381,MSE,0.2597235441207886,1.2421997785568235,forecast,116.0,19,251,True,,,0.0205999985337257,0.0286071300506591,0.1135412007570266
traffic,PatchTST,missing_data,7,664,2366,0.4913879036903381,MSE,0.2597235441207886,1.2421997785568235,forecast,116.0,19,353,True,,,0.0084000024944543,0.0153641235083341,0.0608105957508087
traffic,PatchTST,missing_data,7,664,2366,0.4913879036903381,MSE,0.2597235441207886,1.2421997785568235,forecast,116.0,19,364,True,,,0.0202000029385089,0.0139678865671157,0.1284417659044265
traffic,PatchTST,missing_data,7,664,2366,0.4913879036903381,MSE,0.2597235441207886,1.2421997785568235,forecast,116.0,19,413,True,,,0.0119000002741813,0.0214325413107872,0.1421517133712768
traffic,PatchTST,missing_data,7,664,2366,0.4913879036903381,MSE,0.2597235441207886,1.2421997785568235,forecast,116.0,19,693,True,,,0.0082000009715557,0.0135884918272495,0.0170341432094573
traffic,PatchTST,missing_data,7,664,2366,0.4913879036903381,MSE,0.2597235441207886,1.2421997785568235,forecast,116.0,19,701,True,,,0.0150000005960464,0.0331185907125473,0.0406456142663955
traffic,PatchTST,missing_data,7,664,2366,0.4913879036903381,MSE,0.2597235441207886,1.2421997785568235,forecast,116.0,19,722,True,,,0.0002999994903802,0.0082333162426948,0.0216466188430786
traffic,PatchTST,missing_data,7,664,2366,0.4913879036903381,MSE,0.2597235441207886,1.2421997785568235,forecast,116.0,19,840,True,,,0.0075000002980232,0.0311235450208187,0.2856848239898681
traffic,PatchTST,missing_data,7,664,2366,0.4913879036903381,MSE,0.2597235441207886,1.2421997785568235,forecast,117.0,20,19,True,,,0.0131999962031841,0.0119742080569267,0.1150949448347091
traffic,PatchTST,missing_data,7,664,2366,0.4913879036903381,MSE,0.2597235441207886,1.2421997785568235,forecast,117.0,20,188,True,,,0.0172000005841255,0.0134206041693687,0.1132324710488319
traffic,PatchTST,missing_data,7,664,2366,0.4913879036903381,MSE,0.2597235441207886,1.2421997785568235,forecast,117.0,20,217,True,,,0.0240999981760978,0.0211550816893577,0.1445474922657013
traffic,PatchTST,missing_data,7,664,2366,0.4913879036903381,MSE,0.2597235441207886,1.2421997785568235,forecast,117.0,20,251,True,,,0.0313000008463859,0.0395126119256019,0.1342293918132782
traffic,PatchTST,missing_data,7,664,2366,0.4913879036903381,MSE,0.2597235441207886,1.2421997785568235,forecast,117.0,20,353,True,,,0.0109999999403953,0.0158330872654914,0.0704203993082046
traffic,PatchTST,missing_data,7,664,2366,0.4913879036903381,MSE,0.2597235441207886,1.2421997785568235,forecast,117.0,20,364,True,,,0.0357999950647354,0.0252841711044311,0.1628970503807068
traffic,PatchTST,missing_data,7,664,2366,0.4913879036903381,MSE,0.2597235441207886,1.2421997785568235,forecast,117.0,20,413,True,,,0.0187999978661537,0.0275243520736694,0.1544099897146225
traffic,PatchTST,missing_data,7,664,2366,0.4913879036903381,MSE,0.2597235441207886,1.2421997785568235,forecast,117.0,20,693,True,,,0.0089999996125698,0.0093652233481407,0.0156904216855764
traffic,PatchTST,missing_data,7,664,2366,0.4913879036903381,MSE,0.2597235441207886,1.2421997785568235,forecast,117.0,20,701,True,,,0.0148999989032745,0.0242561101913452,0.0382804796099662
traffic,PatchTST,missing_data,7,664,2366,0.4913879036903381,MSE,0.2597235441207886,1.2421997785568235,forecast,117.0,20,722,True,,,0.0002000015228986,0.0080917663872241,0.0275049619376659
traffic,PatchTST,missing_data,7,664,2366,0.4913879036903381,MSE,0.2597235441207886,1.2421997785568235,forecast,117.0,20,840,True,,,0.0131999999284744,0.1101655513048172,0.438474953174591
traffic,PatchTST,missing_data,7,664,2366,0.4913879036903381,MSE,0.2597235441207886,1.2421997785568235,forecast,118.0,21,19,True,,,0.021500002592802,0.0372259840369224,0.1757506877183914
traffic,PatchTST,missing_data,7,664,2366,0.4913879036903381,MSE,0.2597235441207886,1.2421997785568235,forecast,118.0,21,188,True,,,0.0295000001788139,0.0131769366562366,0.1336387693881988
traffic,PatchTST,missing_data,7,664,2366,0.4913879036903381,MSE,0.2597235441207886,1.2421997785568235,forecast,118.0,21,217,True,,,0.0370000004768371,0.0660024136304855,0.2217200994491577
traffic,PatchTST,missing_data,7,664,2366,0.4913879036903381,MSE,0.2597235441207886,1.2421997785568235,forecast,118.0,21,251,True,,,0.0417999997735023,0.0559280924499034,0.1735593974590301
traffic,PatchTST,missing_data,7,664,2366,0.4913879036903381,MSE,0.2597235441207886,1.2421997785568235,forecast,118.0,21,353,True,,,0.015599999576807,0.0275584310293197,0.1084509789943695
traffic,PatchTST,missing_data,7,664,2366,0.4913879036903381,MSE,0.2597235441207886,1.2421997785568235,forecast,118.0,21,364,True,,,0.0507999993860721,0.052157886326313,0.2283871173858642
traffic,PatchTST,missing_data,7,664,2366,0.4913879036903381,MSE,0.2597235441207886,1.2421997785568235,forecast,118.0,21,413,True,,,0.0301000028848648,0.0522699058055877,0.2018101066350937
traffic,PatchTST,missing_data,7,664,2366,0.4913879036903381,MSE,0.2597235441207886,1.2421997785568235,forecast,118.0,21,693,True,,,0.013299997895956,0.0129215866327285,0.0179292503744363
traffic,PatchTST,missing_data,7,664,2366,0.4913879036903381,MSE,0.2597235441207886,1.2421997785568235,forecast,118.0,21,701,True,,,0.0201999992132186,0.023389495909214,0.0389391481876373
traffic,PatchTST,missing_data,7,664,2366,0.4913879036903381,MSE,0.2597235441207886,1.2421997785568235,forecast,118.0,21,722,True,,,0.012199998833239,0.0106057561933994,0.0294849816709756
traffic,PatchTST,missing_data,7,664,2366,0.4913879036903381,MSE,0.2597235441207886,1.2421997785568235,forecast,118.0,21,840,True,,,0.0184000004082918,0.1456073224544525,0.5441883206367493
traffic,PatchTST,missing_data,7,664,2366,0.4913879036903381,MSE,0.2597235441207886,1.2421997785568235,forecast,119.0,22,19,True,,,0.0335999988019466,0.0614562630653381,0.2331395149230957
traffic,PatchTST,missing_data,7,664,2366,0.4913879036903381,MSE,0.2597235441207886,1.2421997785568235,forecast,119.0,22,188,True,,,0.0388000011444091,0.0194317512214183,0.1587521433830261
traffic,PatchTST,missing_data,7,664,2366,0.4913879036903381,MSE,0.2597235441207886,1.2421997785568235,forecast,119.0,22,217,True,,,0.0557000003755092,0.1085947453975677,0.2976799607276916
traffic,PatchTST,missing_data,7,664,2366,0.4913879036903381,MSE,0.2597235441207886,1.2421997785568235,forecast,119.0,22,251,True,,,0.0496999993920326,0.0834092199802398,0.2220128178596496
traffic,PatchTST,missing_data,7,664,2366,0.4913879036903381,MSE,0.2597235441207886,1.2421997785568235,forecast,119.0,22,353,True,,,0.0230999998748302,0.0913718789815902,0.1439352929592132
traffic,PatchTST,missing_data,7,664,2366,0.4913879036903381,MSE,0.2597235441207886,1.2421997785568235,forecast,119.0,22,364,True,,,0.0746000036597251,0.0786406993865966,0.2762864828109741
traffic,PatchTST,missing_data,7,664,2366,0.4913879036903381,MSE,0.2597235441207886,1.2421997785568235,forecast,119.0,22,413,True,,,0.0450999997556209,0.1189136207103729,0.3049152791500091
traffic,PatchTST,missing_data,7,664,2366,0.4913879036903381,MSE,0.2597235441207886,1.2421997785568235,forecast,119.0,22,693,True,,,0.0233999993652105,0.0257581155747175,0.0259566362947225
traffic,PatchTST,missing_data,7,664,2366,0.4913879036903381,MSE,0.2597235441207886,1.2421997785568235,forecast,119.0,22,701,True,,,0.0417000018060207,0.0382023863494396,0.0512319579720497
traffic,PatchTST,missing_data,7,664,2366,0.4913879036903381,MSE,0.2597235441207886,1.2421997785568235,forecast,119.0,22,722,True,,,0.0154999997466802,0.0144257433712482,0.0367859676480293
traffic,PatchTST,missing_data,7,664,2366,0.4913879036903381,MSE,0.2597235441207886,1.2421997785568235,forecast,119.0,22,840,True,,,0.0212999992072582,0.1126671135425567,0.5592355132102966
traffic,PatchTST,missing_data,7,664,2366,0.4913879036903381,MSE,0.2597235441207886,1.2421997785568235,forecast,120.0,23,19,True,,,0.0540999993681907,0.0663206502795219,0.221738651394844
traffic,PatchTST,missing_data,7,664,2366,0.4913879036903381,MSE,0.2597235441207886,1.2421997785568235,forecast,120.0,23,188,True,,,0.0493000000715255,0.0215111095458269,0.1550151705741882
traffic,PatchTST,missing_data,7,664,2366,0.4913879036903381,MSE,0.2597235441207886,1.2421997785568235,forecast,120.0,23,217,True,,,0.0807999968528747,0.1153159439563751,0.2964215576648712
traffic,PatchTST,missing_data,7,664,2366,0.4913879036903381,MSE,0.2597235441207886,1.2421997785568235,forecast,120.0,23,251,True,,,0.0697999969124794,0.0870637446641922,0.2155706882476806
traffic,PatchTST,missing_data,7,664,2366,0.4913879036903381,MSE,0.2597235441207886,1.2421997785568235,forecast,120.0,23,353,True,,,0.0333999991416931,0.0500473715364933,0.1113831400871276
traffic,PatchTST,missing_data,7,664,2366,0.4913879036903381,MSE,0.2597235441207886,1.2421997785568235,forecast,120.0,23,364,True,,,0.1118000000715255,0.1026255637407302,0.2966048121452331
traffic,PatchTST,missing_data,7,664,2366,0.4913879036903381,MSE,0.2597235441207886,1.2421997785568235,forecast,120.0,23,413,True,,,0.061099998652935,0.1343325674533844,0.3246244192123413
traffic,PatchTST,missing_data,7,664,2366,0.4913879036903381,MSE,0.2597235441207886,1.2421997785568235,forecast,120.0,23,693,True,,,0.0285999998450279,0.0304039008915424,0.0294690001755952
traffic,PatchTST,missing_data,7,664,2366,0.4913879036903381,MSE,0.2597235441207886,1.2421997785568235,forecast,120.0,23,701,True,,,0.0513000003993511,0.0440692007541656,0.0620791651308536
traffic,PatchTST,missing_data,7,664,2366,0.4913879036903381,MSE,0.2597235441207886,1.2421997785568235,forecast,120.0,23,722,True,,,0.0225000008940696,0.0421046018600463,0.0538094043731689
traffic,PatchTST,missing_data,7,664,2366,0.4913879036903381,MSE,0.2597235441207886,1.2421997785568235,forecast,120.0,23,840,True,,,0.0242999996989965,0.0887787640094757,0.5230369567871094
traffic,PatchTST,missing_data,7,664,2366,0.4913879036903381,MSE,0.2597235441207886,1.2421997785568235,forecast,121.0,24,19,True,,,0.0570000000298023,0.0597480945289135,0.1884694248437881
traffic,PatchTST,missing_data,7,664,2366,0.4913879036903381,MSE,0.2597235441207886,1.2421997785568235,forecast,121.0,24,188,True,,,0.061099998652935,0.0382794700562953,0.1260603070259094
traffic,PatchTST,missing_data,7,664,2366,0.4913879036903381,MSE,0.2597235441207886,1.2421997785568235,forecast,121.0,24,217,True,,,0.0888999998569488,0.0958420485258102,0.2608549892902374
traffic,PatchTST,missing_data,7,664,2366,0.4913879036903381,MSE,0.2597235441207886,1.2421997785568235,forecast,121.0,24,251,True,,,0.0856999978423118,0.0769091844558715,0.1656568497419357
traffic,PatchTST,missing_data,7,664,2366,0.4913879036903381,MSE,0.2597235441207886,1.2421997785568235,forecast,121.0,24,353,True,,,0.0381000004708766,0.0319382697343826,0.0903712958097457
traffic,PatchTST,missing_data,7,664,2366,0.4913879036903381,MSE,0.2597235441207886,1.2421997785568235,forecast,121.0,24,364,True,,,0.1215000003576278,0.1124136075377464,0.2955121397972107
traffic,PatchTST,missing_data,7,664,2366,0.4913879036903381,MSE,0.2597235441207886,1.2421997785568235,forecast,121.0,24,413,True,,,0.0756999999284744,0.1352939754724502,0.3350454568862915
traffic,PatchTST,missing_data,7,664,2366,0.4913879036903381,MSE,0.2597235441207886,1.2421997785568235,forecast,121.0,24,693,True,,,0.0522000007331371,0.0346174724400043,0.0349891930818557
traffic,PatchTST,missing_data,7,664,2366,0.4913879036903381,MSE,0.2597235441207886,1.2421997785568235,forecast,121.0,24,701,True,,,0.1143999993801117,0.0498070530593395,0.0649245232343673
traffic,PatchTST,missing_data,7,664,2366,0.4913879036903381,MSE,0.2597235441207886,1.2421997785568235,forecast,121.0,24,722,True,,,0.0285000000149011,0.0366681963205337,0.0505194440484046
traffic,PatchTST,missing_data,7,664,2366,0.4913879036903381,MSE,0.2597235441207886,1.2421997785568235,forecast,121.0,24,840,True,,,0.031199999153614,0.0660996586084365,0.4138609766960144
traffic,PatchTST,missing_data,7,664,2366,0.4913879036903381,MSE,0.2597235441207886,1.2421997785568235,forecast,122.0,25,19,True,,,0.0566000007092952,0.0663854330778122,0.174263596534729
traffic,PatchTST,missing_data,7,664,2366,0.4913879036903381,MSE,0.2597235441207886,1.2421997785568235,forecast,122.0,25,188,True,,,0.0626000016927719,0.0625201538205146,0.1223655045032501
traffic,PatchTST,missing_data,7,664,2366,0.4913879036903381,MSE,0.2597235441207886,1.2421997785568235,forecast,122.0,25,217,True,,,0.0869999974966049,0.1036992073059082,0.2460680305957794
traffic,PatchTST,missing_data,7,664,2366,0.4913879036903381,MSE,0.2597235441207886,1.2421997785568235,forecast,122.0,25,251,True,,,0.0856000036001205,0.0834617167711258,0.1445917785167694
traffic,PatchTST,missing_data,7,664,2366,0.4913879036903381,MSE,0.2597235441207886,1.2421997785568235,forecast,122.0,25,353,True,,,0.0379999987781047,0.0524380952119827,0.1038455963134765
traffic,PatchTST,missing_data,7,664,2366,0.4913879036903381,MSE,0.2597235441207886,1.2421997785568235,forecast,122.0,25,364,True,,,0.1184000000357627,0.1288847774267196,0.2893464863300323
traffic,PatchTST,missing_data,7,664,2366,0.4913879036903381,MSE,0.2597235441207886,1.2421997785568235,forecast,122.0,25,413,True,,,0.0847999975085258,0.1236302331089973,0.34770268201828
traffic,PatchTST,missing_data,7,664,2366,0.4913879036903381,MSE,0.2597235441207886,1.2421997785568235,forecast,122.0,25,693,True,,,0.0441000014543533,0.0418652817606925,0.0409265011548996
traffic,PatchTST,missing_data,7,664,2366,0.4913879036903381,MSE,0.2597235441207886,1.2421997785568235,forecast,122.0,25,701,True,,,0.066600002348423,0.0664569288492202,0.0649440288543701
traffic,PatchTST,missing_data,7,664,2366,0.4913879036903381,MSE,0.2597235441207886,1.2421997785568235,forecast,122.0,25,722,True,,,0.0287999995052814,0.0435037240386009,0.0492287017405033
traffic,PatchTST,missing_data,7,664,2366,0.4913879036903381,MSE,0.2597235441207886,1.2421997785568235,forecast,122.0,25,840,True,,,0.0313999988138675,0.0584997236728668,0.3379355669021606
traffic,PatchTST,missing_data,7,664,2366,0.4913879036903381,MSE,0.2597235441207886,1.2421997785568235,forecast,123.0,26,19,True,,,0.0608000010251998,0.0664683282375335,0.1745336949825287
traffic,PatchTST,missing_data,7,664,2366,0.4913879036903381,MSE,0.2597235441207886,1.2421997785568235,forecast,123.0,26,188,True,,,0.0568000003695488,0.0698107331991195,0.1323262155055999
traffic,PatchTST,missing_data,7,664,2366,0.4913879036903381,MSE,0.2597235441207886,1.2421997785568235,forecast,123.0,26,217,True,,,0.0940999984741211,0.1042401567101478,0.2541233897209167
traffic,PatchTST,missing_data,7,664,2366,0.4913879036903381,MSE,0.2597235441207886,1.2421997785568235,forecast,123.0,26,251,True,,,0.0865999981760978,0.0864590182900428,0.1390584707260131
traffic,PatchTST,missing_data,7,664,2366,0.4913879036903381,MSE,0.2597235441207886,1.2421997785568235,forecast,123.0,26,353,True,,,0.0456000007688999,0.0635918453335762,0.0982666015625
traffic,PatchTST,missing_data,7,664,2366,0.4913879036903381,MSE,0.2597235441207886,1.2421997785568235,forecast,123.0,26,364,True,,,0.1344999969005584,0.1328213810920715,0.2960773706436157
traffic,PatchTST,missing_data,7,664,2366,0.4913879036903381,MSE,0.2597235441207886,1.2421997785568235,forecast,123.0,26,413,True,,,0.0873000025749206,0.1008421927690506,0.3281683027744293
traffic,PatchTST,missing_data,7,664,2366,0.4913879036903381,MSE,0.2597235441207886,1.2421997785568235,forecast,123.0,26,693,True,,,0.0445000007748603,0.0490025505423545,0.0453820116817951
traffic,PatchTST,missing_data,7,664,2366,0.4913879036903381,MSE,0.2597235441207886,1.2421997785568235,forecast,123.0,26,701,True,,,0.0815000012516975,0.0844474583864212,0.072989322245121
traffic,PatchTST,missing_data,7,664,2366,0.4913879036903381,MSE,0.2597235441207886,1.2421997785568235,forecast,123.0,26,722,True,,,0.0287999995052814,0.0511185191571712,0.0528702959418296
traffic,PatchTST,missing_data,7,664,2366,0.4913879036903381,MSE,0.2597235441207886,1.2421997785568235,forecast,123.0,26,840,True,,,0.0353999994695186,0.0593680292367935,0.3132192194461822
traffic,PatchTST,missing_data,7,664,2366,0.4913879036903381,MSE,0.2597235441207886,1.2421997785568235,forecast,124.0,27,19,True,,,0.0612000003457069,0.0656119659543037,0.1778877526521682
traffic,PatchTST,missing_data,7,664,2366,0.4913879036903381,MSE,0.2597235441207886,1.2421997785568235,forecast,124.0,27,188,True,,,0.0575999990105629,0.0773510634899139,0.135877639055252
traffic,PatchTST,missing_data,7,664,2366,0.4913879036903381,MSE,0.2597235441207886,1.2421997785568235,forecast,124.0,27,217,True,,,0.0938000008463859,0.10093954205513,0.2599904239177704
traffic,PatchTST,missing_data,7,664,2366,0.4913879036903381,MSE,0.2597235441207886,1.2421997785568235,forecast,124.0,27,251,True,,,0.0781999975442886,0.0862940698862075,0.1419149935245514
traffic,PatchTST,missing_data,7,664,2366,0.4913879036903381,MSE,0.2597235441207886,1.2421997785568235,forecast,124.0,27,353,True,,,0.045899998396635,0.063346043229103,0.0972770527005195
traffic,PatchTST,missing_data,7,664,2366,0.4913879036903381,MSE,0.2597235441207886,1.2421997785568235,forecast,124.0,27,364,True,,,0.134100005030632,0.1336870342493057,0.2984825372695923
traffic,PatchTST,missing_data,7,664,2366,0.4913879036903381,MSE,0.2597235441207886,1.2421997785568235,forecast,124.0,27,413,True,,,0.09009999781847,0.1017994657158851,0.3334727883338928
traffic,PatchTST,missing_data,7,664,2366,0.4913879036903381,MSE,0.2597235441207886,1.2421997785568235,forecast,124.0,27,693,True,,,0.0359999984502792,0.0545778460800647,0.0465992949903011
traffic,PatchTST,missing_data,7,664,2366,0.4913879036903381,MSE,0.2597235441207886,1.2421997785568235,forecast,124.0,27,701,True,,,0.0680999979376792,0.0923881530761718,0.0703549459576606
traffic,PatchTST,missing_data,7,664,2366,0.4913879036903381,MSE,0.2597235441207886,1.2421997785568235,forecast,124.0,27,722,True,,,0.0305000003427267,0.0540633872151374,0.0539876818656921
traffic,PatchTST,missing_data,7,664,2366,0.4913879036903381,MSE,0.2597235441207886,1.2421997785568235,forecast,124.0,27,840,True,,,0.0540000014007091,0.0585654340684413,0.2745789587497711
traffic,PatchTST,missing_data,7,664,2366,0.4913879036903381,MSE,0.2597235441207886,1.2421997785568235,forecast,125.0,28,19,True,,,0.0615999996662139,0.0628317147493362,0.170264333486557
traffic,PatchTST,missing_data,7,664,2366,0.4913879036903381,MSE,0.2597235441207886,1.2421997785568235,forecast,125.0,28,188,True,,,0.0546999983489513,0.0759230777621269,0.1265839040279388
traffic,PatchTST,missing_data,7,664,2366,0.4913879036903381,MSE,0.2597235441207886,1.2421997785568235,forecast,125.0,28,217,True,,,0.092799998819828,0.0979838594794273,0.239488422870636
traffic,PatchTST,missing_data,7,664,2366,0.4913879036903381,MSE,0.2597235441207886,1.2421997785568235,forecast,125.0,28,251,True,,,0.0768000036478042,0.0842163264751434,0.1303817331790924
traffic,PatchTST,missing_data,7,664,2366,0.4913879036903381,MSE,0.2597235441207886,1.2421997785568235,forecast,125.0,28,353,True,,,0.0392000004649162,0.0582107454538345,0.0900781378149986
traffic,PatchTST,missing_data,7,664,2366,0.4913879036903381,MSE,0.2597235441207886,1.2421997785568235,forecast,125.0,28,364,True,,,0.1335999965667724,0.131454199552536,0.2706095576286316
traffic,PatchTST,missing_data,7,664,2366,0.4913879036903381,MSE,0.2597235441207886,1.2421997785568235,forecast,125.0,28,413,True,,,0.0860999971628189,0.1032973825931549,0.3216021060943603
traffic,PatchTST,missing_data,7,664,2366,0.4913879036903381,MSE,0.2597235441207886,1.2421997785568235,forecast,125.0,28,693,True,,,0.050900001078844,0.0596393905580043,0.0464926734566688
traffic,PatchTST,missing_data,7,664,2366,0.4913879036903381,MSE,0.2597235441207886,1.2421997785568235,forecast,125.0,28,701,True,,,0.1403000056743621,0.092891052365303,0.0711344331502914
traffic,PatchTST,missing_data,7,664,2366,0.4913879036903381,MSE,0.2597235441207886,1.2421997785568235,forecast,125.0,28,722,True,,,0.0315000005066394,0.0503887087106704,0.0511251762509346
traffic,PatchTST,missing_data,7,664,2366,0.4913879036903381,MSE,0.2597235441207886,1.2421997785568235,forecast,125.0,28,840,True,,,0.0615000016987323,0.0545585006475448,0.2559090852737427
traffic,PatchTST,missing_data,7,664,2366,0.4913879036903381,MSE,0.2597235441207886,1.2421997785568235,forecast,126.0,29,19,True,,,0.061999998986721,0.0628526732325553,0.1806132346391677
traffic,PatchTST,missing_data,7,664,2366,0.4913879036903381,MSE,0.2597235441207886,1.2421997785568235,forecast,126.0,29,188,True,,,0.0540000014007091,0.0720287784934043,0.1303680539131164
traffic,PatchTST,missing_data,7,664,2366,0.4913879036903381,MSE,0.2597235441207886,1.2421997785568235,forecast,126.0,29,217,True,,,0.093699999153614,0.0977379158139228,0.2427420020103454
traffic,PatchTST,missing_data,7,664,2366,0.4913879036903381,MSE,0.2597235441207886,1.2421997785568235,forecast,126.0,29,251,True,,,0.0724000036716461,0.0785175040364265,0.1170662119984626
traffic,PatchTST,missing_data,7,664,2366,0.4913879036903381,MSE,0.2597235441207886,1.2421997785568235,forecast,126.0,29,353,True,,,0.0390999987721443,0.056634597480297,0.100817322731018
traffic,PatchTST,missing_data,7,664,2366,0.4913879036903381,MSE,0.2597235441207886,1.2421997785568235,forecast,126.0,29,364,True,,,0.1419000029563903,0.1287183910608291,0.2632825970649719
traffic,PatchTST,missing_data,7,664,2366,0.4913879036903381,MSE,0.2597235441207886,1.2421997785568235,forecast,126.0,29,413,True,,,0.0842999964952468,0.1022650822997093,0.3138718903064728
traffic,PatchTST,missing_data,7,664,2366,0.4913879036903381,MSE,0.2597235441207886,1.2421997785568235,forecast,126.0,29,693,True,,,0.090499997138977,0.0684206411242485,0.049715057015419
traffic,PatchTST,missing_data,7,664,2366,0.4913879036903381,MSE,0.2597235441207886,1.2421997785568235,forecast,126.0,29,701,True,,,0.1152999997138977,0.1048383563756942,0.1075873896479606
traffic,PatchTST,missing_data,7,664,2366,0.4913879036903381,MSE,0.2597235441207886,1.2421997785568235,forecast,126.0,29,722,True,,,0.0276999995112419,0.0450502596795558,0.0462595224380493
traffic,PatchTST,missing_data,7,664,2366,0.4913879036903381,MSE,0.2597235441207886,1.2421997785568235,forecast,126.0,29,840,True,,,0.0964000076055526,0.0469966121017932,0.2845899760723114
traffic,PatchTST,missing_data,7,664,2366,0.4913879036903381,MSE,0.2597235441207886,1.2421997785568235,forecast,127.0,30,19,True,,,0.0604999996721744,0.0640004649758338,0.1739377826452255
traffic,PatchTST,missing_data,7,664,2366,0.4913879036903381,MSE,0.2597235441207886,1.2421997785568235,forecast,127.0,30,188,True,,,0.0513999983668327,0.0706177204847335,0.1243333742022514
traffic,PatchTST,missing_data,7,664,2366,0.4913879036903381,MSE,0.2597235441207886,1.2421997785568235,forecast,127.0,30,217,True,,,0.0892999991774559,0.1005600467324256,0.2399531602859497
traffic,PatchTST,missing_data,7,664,2366,0.4913879036903381,MSE,0.2597235441207886,1.2421997785568235,forecast,127.0,30,251,True,,,0.0712999999523162,0.0736797153949737,0.1170118749141693
traffic,PatchTST,missing_data,7,664,2366,0.4913879036903381,MSE,0.2597235441207886,1.2421997785568235,forecast,127.0,30,353,True,,,0.0408999994397163,0.0554379224777221,0.0914306491613388
traffic,PatchTST,missing_data,7,664,2366,0.4913879036903381,MSE,0.2597235441207886,1.2421997785568235,forecast,127.0,30,364,True,,,0.1328999996185302,0.1304946988821029,0.2579433917999267
traffic,PatchTST,missing_data,7,664,2366,0.4913879036903381,MSE,0.2597235441207886,1.2421997785568235,forecast,127.0,30,413,True,,,0.0829000025987625,0.098794586956501,0.2876463234424591
traffic,PatchTST,missing_data,7,664,2366,0.4913879036903381,MSE,0.2597235441207886,1.2421997785568235,forecast,127.0,30,693,True,,,0.0406999997794628,0.1098837256431579,0.0745397061109542
traffic,PatchTST,missing_data,7,664,2366,0.4913879036903381,MSE,0.2597235441207886,1.2421997785568235,forecast,127.0,30,701,True,,,0.2790000140666961,0.1077047511935234,0.145999938249588
traffic,PatchTST,missing_data,7,664,2366,0.4913879036903381,MSE,0.2597235441207886,1.2421997785568235,forecast,127.0,30,722,True,,,0.0329000018537044,0.041916187852621,0.042381677776575
traffic,PatchTST,missing_data,7,664,2366,0.4913879036903381,MSE,0.2597235441207886,1.2421997785568235,forecast,127.0,30,840,True,,,0.0313000008463859,0.0473947115242481,0.2899067401885986
traffic,PatchTST,missing_data,7,664,2366,0.4913879036903381,MSE,0.2597235441207886,1.2421997785568235,forecast,128.0,31,19,True,,,0.0590999983251094,0.0662023425102233,0.1581173986196518
traffic,PatchTST,missing_data,7,664,2366,0.4913879036903381,MSE,0.2597235441207886,1.2421997785568235,forecast,128.0,31,188,True,,,0.0573000013828277,0.071386694908142,0.1121401861310005
traffic,PatchTST,missing_data,7,664,2366,0.4913879036903381,MSE,0.2597235441207886,1.2421997785568235,forecast,128.0,31,217,True,,,0.0865999981760978,0.1010813266038894,0.2212657034397125
traffic,PatchTST,missing_data,7,664,2366,0.4913879036903381,MSE,0.2597235441207886,1.2421997785568235,forecast,128.0,31,251,True,,,0.0785999968647956,0.075794368982315,0.1156864315271377
traffic,PatchTST,missing_data,7,664,2366,0.4913879036903381,MSE,0.2597235441207886,1.2421997785568235,forecast,128.0,31,353,True,,,0.0461000017821788,0.0581711381673812,0.0776818990707397
traffic,PatchTST,missing_data,7,664,2366,0.4913879036903381,MSE,0.2597235441207886,1.2421997785568235,forecast,128.0,31,364,True,,,0.1211000010371208,0.1276546120643615,0.2472948431968689
traffic,PatchTST,missing_data,7,664,2366,0.4913879036903381,MSE,0.2597235441207886,1.2421997785568235,forecast,128.0,31,413,True,,,0.0791999995708465,0.1036935001611709,0.2644802033901214
traffic,PatchTST,missing_data,7,664,2366,0.4913879036903381,MSE,0.2597235441207886,1.2421997785568235,forecast,128.0,31,693,True,,,0.0384999997913837,0.2001095116138458,0.1252304464578628
traffic,PatchTST,missing_data,7,664,2366,0.4913879036903381,MSE,0.2597235441207886,1.2421997785568235,forecast,128.0,31,701,True,,,0.0758000016212463,0.1160958781838417,0.1726668328046798
traffic,PatchTST,missing_data,7,664,2366,0.4913879036903381,MSE,0.2597235441207886,1.2421997785568235,forecast,128.0,31,722,True,,,0.0302000008523464,0.0414003878831863,0.0404156148433685
traffic,PatchTST,missing_data,7,664,2366,0.4913879036903381,MSE,0.2597235441207886,1.2421997785568235,forecast,128.0,31,840,True,,,0.0310999993234872,0.0539231523871421,0.2786235213279724
traffic,PatchTST,missing_data,7,664,2366,0.4913879036903381,MSE,0.2597235441207886,1.2421997785568235,forecast,129.0,32,19,True,,,0.0560000017285347,0.0700585469603538,0.14653842151165
traffic,PatchTST,missing_data,7,664,2366,0.4913879036903381,MSE,0.2597235441207886,1.2421997785568235,forecast,129.0,32,188,True,,,0.0599000006914138,0.0669169425964355,0.1020973473787307
traffic,PatchTST,missing_data,7,664,2366,0.4913879036903381,MSE,0.2597235441207886,1.2421997785568235,forecast,129.0,32,217,True,,,0.088699996471405,0.1013001799583435,0.2130507528781891
traffic,PatchTST,missing_data,7,664,2366,0.4913879036903381,MSE,0.2597235441207886,1.2421997785568235,forecast,129.0,32,251,True,,,0.0754999965429306,0.0799800455570221,0.1035670265555381
traffic,PatchTST,missing_data,7,664,2366,0.4913879036903381,MSE,0.2597235441207886,1.2421997785568235,forecast,129.0,32,353,True,,,0.046399999409914,0.0595931485295295,0.0794651955366134
traffic,PatchTST,missing_data,7,664,2366,0.4913879036903381,MSE,0.2597235441207886,1.2421997785568235,forecast,129.0,32,364,True,,,0.126800000667572,0.1287562251091003,0.2460335046052932
traffic,PatchTST,missing_data,7,664,2366,0.4913879036903381,MSE,0.2597235441207886,1.2421997785568235,forecast,129.0,32,413,True,,,0.0839999988675117,0.1171316727995872,0.2528281211853027
traffic,PatchTST,missing_data,7,664,2366,0.4913879036903381,MSE,0.2597235441207886,1.2421997785568235,forecast,129.0,32,693,True,,,0.0364000014960765,0.2548733055591583,0.1598343253135681
traffic,PatchTST,missing_data,7,664,2366,0.4913879036903381,MSE,0.2597235441207886,1.2421997785568235,forecast,129.0,32,701,True,,,0.0716999992728233,0.1063696518540382,0.1719090938568115
traffic,PatchTST,missing_data,7,664,2366,0.4913879036903381,MSE,0.2597235441207886,1.2421997785568235,forecast,129.0,32,722,True,,,0.0296000000089406,0.0389039255678653,0.0375282131135463
traffic,PatchTST,missing_data,7,664,2366,0.4913879036903381,MSE,0.2597235441207886,1.2421997785568235,forecast,129.0,32,840,True,,,0.0304000005125999,0.0548240281641483,0.2816584408283233
traffic,PatchTST,missing_data,7,664,2366,0.4913879036903381,MSE,0.2597235441207886,1.2421997785568235,forecast,130.0,33,19,True,,,0.0452000014483928,0.0625572353601455,0.1498358249664306
traffic,PatchTST,missing_data,7,664,2366,0.4913879036903381,MSE,0.2597235441207886,1.2421997785568235,forecast,130.0,33,188,True,,,0.0388999991118907,0.0621248930692672,0.1050686910748481
traffic,PatchTST,missing_data,7,664,2366,0.4913879036903381,MSE,0.2597235441207886,1.2421997785568235,forecast,130.0,33,217,True,,,0.0764999985694885,0.0855636745691299,0.2174965739250183
traffic,PatchTST,missing_data,7,664,2366,0.4913879036903381,MSE,0.2597235441207886,1.2421997785568235,forecast,130.0,33,251,True,,,0.0680000036954879,0.0753859728574752,0.0975590348243713
traffic,PatchTST,missing_data,7,664,2366,0.4913879036903381,MSE,0.2597235441207886,1.2421997785568235,forecast,130.0,33,353,True,,,0.0405000001192092,0.0521486327052116,0.0915137529373169
traffic,PatchTST,missing_data,7,664,2366,0.4913879036903381,MSE,0.2597235441207886,1.2421997785568235,forecast,130.0,33,364,True,,,0.1147999987006187,0.114531859755516,0.251666247844696
traffic,PatchTST,missing_data,7,664,2366,0.4913879036903381,MSE,0.2597235441207886,1.2421997785568235,forecast,130.0,33,413,True,,,0.0768000036478042,0.1115428358316421,0.2416047304868698
traffic,PatchTST,missing_data,7,664,2366,0.4913879036903381,MSE,0.2597235441207886,1.2421997785568235,forecast,130.0,33,693,True,,,0.0410000011324882,0.2287176698446273,0.1536800563335418
traffic,PatchTST,missing_data,7,664,2366,0.4913879036903381,MSE,0.2597235441207886,1.2421997785568235,forecast,130.0,33,701,True,,,0.0859000012278556,0.0937726199626922,0.1550948172807693
traffic,PatchTST,missing_data,7,664,2366,0.4913879036903381,MSE,0.2597235441207886,1.2421997785568235,forecast,130.0,33,722,True,,,0.0200999993830919,0.0253908243030309,0.0287083536386489
traffic,PatchTST,missing_data,7,664,2366,0.4913879036903381,MSE,0.2597235441207886,1.2421997785568235,forecast,130.0,33,840,True,,,0.0239000003784894,0.0473800674080848,0.2819628119468689
traffic,PatchTST,missing_data,7,664,2366,0.4913879036903381,MSE,0.2597235441207886,1.2421997785568235,forecast,131.0,34,19,True,,,0.0324000008404254,0.0443272143602371,0.1334816664457321
traffic,PatchTST,missing_data,7,664,2366,0.4913879036903381,MSE,0.2597235441207886,1.2421997785568235,forecast,131.0,34,188,True,,,0.0366000011563301,0.0544445179402828,0.098125047981739
traffic,PatchTST,missing_data,7,664,2366,0.4913879036903381,MSE,0.2597235441207886,1.2421997785568235,forecast,131.0,34,217,True,,,0.0549000017344951,0.0600436441600322,0.1902401149272918
traffic,PatchTST,missing_data,7,664,2366,0.4913879036903381,MSE,0.2597235441207886,1.2421997785568235,forecast,131.0,34,251,True,,,0.0557000003755092,0.0639733523130416,0.0909833163022995
traffic,PatchTST,missing_data,7,664,2366,0.4913879036903381,MSE,0.2597235441207886,1.2421997785568235,forecast,131.0,34,353,True,,,0.0274000000208616,0.0393442139029502,0.0793884471058845
traffic,PatchTST,missing_data,7,664,2366,0.4913879036903381,MSE,0.2597235441207886,1.2421997785568235,forecast,131.0,34,364,True,,,0.0852999985218048,0.083288237452507,0.2230022102594375
traffic,PatchTST,missing_data,7,664,2366,0.4913879036903381,MSE,0.2597235441207886,1.2421997785568235,forecast,131.0,34,413,True,,,0.0630000010132789,0.0900247618556022,0.2193686962127685
traffic,PatchTST,missing_data,7,664,2366,0.4913879036903381,MSE,0.2597235441207886,1.2421997785568235,forecast,131.0,34,693,True,,,0.0408999994397163,0.1387519687414169,0.0994034558534622
traffic,PatchTST,missing_data,7,664,2366,0.4913879036903381,MSE,0.2597235441207886,1.2421997785568235,forecast,131.0,34,701,True,,,0.0785000026226043,0.0704687684774398,0.1040756106376648
traffic,PatchTST,missing_data,7,664,2366,0.4913879036903381,MSE,0.2597235441207886,1.2421997785568235,forecast,131.0,34,722,True,,,-1.862645149230957e-09,0.0157801732420921,0.0240770746022462
traffic,PatchTST,missing_data,7,664,2366,0.4913879036903381,MSE,0.2597235441207886,1.2421997785568235,forecast,131.0,34,840,True,,,0.0186000000685453,0.0366947427392005,0.2863610088825226
traffic,PatchTST,missing_data,7,664,2366,0.4913879036903381,MSE,0.2597235441207886,1.2421997785568235,forecast,132.0,35,19,True,,,0.0307000000029802,0.0330532491207122,0.1183384209871292
traffic,PatchTST,missing_data,7,664,2366,0.4913879036903381,MSE,0.2597235441207886,1.2421997785568235,forecast,132.0,35,188,True,,,0.0320000015199184,0.0458070673048496,0.0890110433101654
traffic,PatchTST,missing_data,7,664,2366,0.4913879036903381,MSE,0.2597235441207886,1.2421997785568235,forecast,132.0,35,217,True,,,0.052700001746416,0.0471396744251251,0.1654623597860336
traffic,PatchTST,missing_data,7,664,2366,0.4913879036903381,MSE,0.2597235441207886,1.2421997785568235,forecast,132.0,35,251,True,,,0.048599999397993,0.0592452362179756,0.0867878049612045
traffic,PatchTST,missing_data,7,664,2366,0.4913879036903381,MSE,0.2597235441207886,1.2421997785568235,forecast,132.0,35,353,True,,,0.025900000706315,0.028638606891036,0.0639307126402854
traffic,PatchTST,missing_data,7,664,2366,0.4913879036903381,MSE,0.2597235441207886,1.2421997785568235,forecast,132.0,35,364,True,,,0.0755999982357025,0.0661446377635002,0.1980014741420745
traffic,PatchTST,missing_data,7,664,2366,0.4913879036903381,MSE,0.2597235441207886,1.2421997785568235,forecast,132.0,35,413,True,,,0.0590000003576278,0.0753417089581489,0.203656792640686
traffic,PatchTST,missing_data,7,664,2366,0.4913879036903381,MSE,0.2597235441207886,1.2421997785568235,forecast,132.0,35,693,True,,,0.031700000166893,0.0519781485199928,0.0367685109376907
traffic,PatchTST,missing_data,7,664,2366,0.4913879036903381,MSE,0.2597235441207886,1.2421997785568235,forecast,132.0,35,701,True,,,0.0625,0.0512268431484699,0.0529148578643798
traffic,PatchTST,missing_data,7,664,2366,0.4913879036903381,MSE,0.2597235441207886,1.2421997785568235,forecast,132.0,35,722,True,,,0.0043000001460313,0.0104324426501989,0.0223053880035877
traffic,PatchTST,missing_data,7,664,2366,0.4913879036903381,MSE,0.2597235441207886,1.2421997785568235,forecast,132.0,35,840,True,,,0.0156999994069337,0.0305207092314958,0.2986224889755249
traffic,PatchTST,missing_data,7,664,2366,0.4913879036903381,MSE,0.2597235441207886,1.2421997785568235,forecast,133.0,36,19,True,,,0.0271000005304813,0.0309872534126043,0.101362407207489
traffic,PatchTST,missing_data,7,664,2366,0.4913879036903381,MSE,0.2597235441207886,1.2421997785568235,forecast,133.0,36,188,True,,,0.0295000001788139,0.0398909151554107,0.0720898211002349
traffic,PatchTST,missing_data,7,664,2366,0.4913879036903381,MSE,0.2597235441207886,1.2421997785568235,forecast,133.0,36,217,True,,,0.0483999997377395,0.0487658195197582,0.1431963741779327
traffic,PatchTST,missing_data,7,664,2366,0.4913879036903381,MSE,0.2597235441207886,1.2421997785568235,forecast,133.0,36,251,True,,,0.0496999993920326,0.0584343262016773,0.0744772180914878
traffic,PatchTST,missing_data,7,664,2366,0.4913879036903381,MSE,0.2597235441207886,1.2421997785568235,forecast,133.0,36,353,True,,,0.0225000008940696,0.0260201320052146,0.0443081930279731
traffic,PatchTST,missing_data,7,664,2366,0.4913879036903381,MSE,0.2597235441207886,1.2421997785568235,forecast,133.0,36,364,True,,,0.0678000003099441,0.0653611943125724,0.1756752133369445
traffic,PatchTST,missing_data,7,664,2366,0.4913879036903381,MSE,0.2597235441207886,1.2421997785568235,forecast,133.0,36,413,True,,,0.0540999993681907,0.0738607943058013,0.1864911317825317
traffic,PatchTST,missing_data,7,664,2366,0.4913879036903381,MSE,0.2597235441207886,1.2421997785568235,forecast,133.0,36,693,True,,,0.0324999988079071,0.0370666161179542,0.03469805046916
traffic,PatchTST,missing_data,7,664,2366,0.4913879036903381,MSE,0.2597235441207886,1.2421997785568235,forecast,133.0,36,701,True,,,0.0636000037193298,0.0540770329535007,0.0499389544129371
traffic,PatchTST,missing_data,7,664,2366,0.4913879036903381,MSE,0.2597235441207886,1.2421997785568235,forecast,133.0,36,722,True,,,0.0030000004917383,0.0068664457648992,0.0202033352106809
traffic,PatchTST,missing_data,7,664,2366,0.4913879036903381,MSE,0.2597235441207886,1.2421997785568235,forecast,133.0,36,840,True,,,0.0131999999284744,0.0391672290861606,0.3054319322109222
traffic,PatchTST,missing_data,7,664,2366,0.4913879036903381,MSE,0.2597235441207886,1.2421997785568235,forecast,134.0,37,19,True,,,0.024100000038743,0.0310730673372745,0.1039008870720863
traffic,PatchTST,missing_data,7,664,2366,0.4913879036903381,MSE,0.2597235441207886,1.2421997785568235,forecast,134.0,37,188,True,,,0.0280000008642673,0.0330372788012027,0.0653676092624664
traffic,PatchTST,missing_data,7,664,2366,0.4913879036903381,MSE,0.2597235441207886,1.2421997785568235,forecast,134.0,37,217,True,,,0.0419000014662742,0.0453588552772998,0.135003387928009
traffic,PatchTST,missing_data,7,664,2366,0.4913879036903381,MSE,0.2597235441207886,1.2421997785568235,forecast,134.0,37,251,True,,,0.0449000000953674,0.0500830486416816,0.0674726814031601
traffic,PatchTST,missing_data,7,664,2366,0.4913879036903381,MSE,0.2597235441207886,1.2421997785568235,forecast,134.0,37,353,True,,,0.0201999992132186,0.0244092755019664,0.0516227819025516
traffic,PatchTST,missing_data,7,664,2366,0.4913879036903381,MSE,0.2597235441207886,1.2421997785568235,forecast,134.0,37,364,True,,,0.0588999986648559,0.0595759004354476,0.1561425030231475
traffic,PatchTST,missing_data,7,664,2366,0.4913879036903381,MSE,0.2597235441207886,1.2421997785568235,forecast,134.0,37,413,True,,,0.0513000003993511,0.0663034915924072,0.1752547323703766
traffic,PatchTST,missing_data,7,664,2366,0.4913879036903381,MSE,0.2597235441207886,1.2421997785568235,forecast,134.0,37,693,True,,,0.1330000013113021,0.0368600226938724,0.0377518087625503
traffic,PatchTST,missing_data,7,664,2366,0.4913879036903381,MSE,0.2597235441207886,1.2421997785568235,forecast,134.0,37,701,True,,,0.0750999972224235,0.0591614879667758,0.0563025623559951
traffic,PatchTST,missing_data,7,664,2366,0.4913879036903381,MSE,0.2597235441207886,1.2421997785568235,forecast,134.0,37,722,True,,,0.0013000015169382,0.0056285709142684,0.0184346251189708
traffic,PatchTST,missing_data,7,664,2366,0.4913879036903381,MSE,0.2597235441207886,1.2421997785568235,forecast,134.0,37,840,True,,,0.0120000001043081,0.0429411455988884,0.3192721605300903
traffic,PatchTST,missing_data,7,664,2366,0.4913879036903381,MSE,0.2597235441207886,1.2421997785568235,forecast,135.0,38,19,True,,,0.0153999999165534,0.0263669583946466,0.1131831258535385
traffic,PatchTST,missing_data,7,664,2366,0.4913879036903381,MSE,0.2597235441207886,1.2421997785568235,forecast,135.0,38,188,True,,,0.0178999993950128,0.0222865398973226,0.0655680820345878
traffic,PatchTST,missing_data,7,664,2366,0.4913879036903381,MSE,0.2597235441207886,1.2421997785568235,forecast,135.0,38,217,True,,,0.0285999998450279,0.0364084281027317,0.1428423225879669
traffic,PatchTST,missing_data,7,664,2366,0.4913879036903381,MSE,0.2597235441207886,1.2421997785568235,forecast,135.0,38,251,True,,,0.0285999998450279,0.0378420278429985,0.0745307505130767
traffic,PatchTST,missing_data,7,664,2366,0.4913879036903381,MSE,0.2597235441207886,1.2421997785568235,forecast,135.0,38,353,True,,,0.0160000007599592,0.0215115062892436,0.0541255921125412
traffic,PatchTST,missing_data,7,664,2366,0.4913879036903381,MSE,0.2597235441207886,1.2421997785568235,forecast,135.0,38,364,True,,,0.0416000001132488,0.0463521033525466,0.1529209017753601
traffic,PatchTST,missing_data,7,664,2366,0.4913879036903381,MSE,0.2597235441207886,1.2421997785568235,forecast,135.0,38,413,True,,,0.0441000014543533,0.0533848814666271,0.1657518446445465
traffic,PatchTST,missing_data,7,664,2366,0.4913879036903381,MSE,0.2597235441207886,1.2421997785568235,forecast,135.0,38,693,True,,,0.0286999996751546,0.0318296365439891,0.0358678698539733
traffic,PatchTST,missing_data,7,664,2366,0.4913879036903381,MSE,0.2597235441207886,1.2421997785568235,forecast,135.0,38,701,True,,,0.0555999986827373,0.0603237450122833,0.0552107952535152
traffic,PatchTST,missing_data,7,664,2366,0.4913879036903381,MSE,0.2597235441207886,1.2421997785568235,forecast,135.0,38,722,True,,,0.0001000016927719,0.0045670326799154,0.0181255787611007
traffic,PatchTST,missing_data,7,664,2366,0.4913879036903381,MSE,0.2597235441207886,1.2421997785568235,forecast,135.0,38,840,True,,,0.0074000004678964,0.0414908081293106,0.3004303872585296
traffic,PatchTST,missing_data,7,664,2366,0.4913879036903381,MSE,0.2597235441207886,1.2421997785568235,forecast,136.0,39,19,True,,,0.0082000009715557,0.0162516869604587,0.1037586778402328
traffic,PatchTST,missing_data,7,664,2366,0.4913879036903381,MSE,0.2597235441207886,1.2421997785568235,forecast,136.0,39,188,True,,,0.0020999982953071,0.011431485414505,0.0542890317738056
traffic,PatchTST,missing_data,7,664,2366,0.4913879036903381,MSE,0.2597235441207886,1.2421997785568235,forecast,136.0,39,217,True,,,0.017400000244379,0.0246814601123332,0.1299771219491958
traffic,PatchTST,missing_data,7,664,2366,0.4913879036903381,MSE,0.2597235441207886,1.2421997785568235,forecast,136.0,39,251,True,,,0.0196000002324581,0.0270706750452518,0.0756109431385994
traffic,PatchTST,missing_data,7,664,2366,0.4913879036903381,MSE,0.2597235441207886,1.2421997785568235,forecast,136.0,39,353,True,,,0.0098999999463558,0.0156728569418191,0.0412068702280521
traffic,PatchTST,missing_data,7,664,2366,0.4913879036903381,MSE,0.2597235441207886,1.2421997785568235,forecast,136.0,39,364,True,,,0.0256999991834163,0.0321305803954601,0.1393904089927673
traffic,PatchTST,missing_data,7,664,2366,0.4913879036903381,MSE,0.2597235441207886,1.2421997785568235,forecast,136.0,39,413,True,,,0.026199996471405,0.038777507841587,0.1535454839468002
traffic,PatchTST,missing_data,7,664,2366,0.4913879036903381,MSE,0.2597235441207886,1.2421997785568235,forecast,136.0,39,693,True,,,0.0210999995470047,0.0205297823995351,0.0303469765931367
traffic,PatchTST,missing_data,7,664,2366,0.4913879036903381,MSE,0.2597235441207886,1.2421997785568235,forecast,136.0,39,701,True,,,0.0399999991059303,0.0467925108969211,0.0472216047346591
traffic,PatchTST,missing_data,7,664,2366,0.4913879036903381,MSE,0.2597235441207886,1.2421997785568235,forecast,136.0,39,722,True,,,-1.862645149230957e-09,0.0045937690883874,0.0189397670328617
traffic,PatchTST,missing_data,7,664,2366,0.4913879036903381,MSE,0.2597235441207886,1.2421997785568235,forecast,136.0,39,840,True,,,0.0049000009894371,0.0382832512259483,0.2994752526283264
traffic,PatchTST,missing_data,7,664,2366,0.4913879036903381,MSE,0.2597235441207886,1.2421997785568235,forecast,137.0,40,19,True,,,0.0054999999701976,0.010991271585226,0.0946514308452606
traffic,PatchTST,missing_data,7,664,2366,0.4913879036903381,MSE,0.2597235441207886,1.2421997785568235,forecast,137.0,40,188,True,,,0.0001999996602535,0.0039383545517921,0.0488208830356597
traffic,PatchTST,missing_data,7,664,2366,0.4913879036903381,MSE,0.2597235441207886,1.2421997785568235,forecast,137.0,40,217,True,,,0.0129000023007392,0.0185581780970096,0.1105881929397583
traffic,PatchTST,missing_data,7,664,2366,0.4913879036903381,MSE,0.2597235441207886,1.2421997785568235,forecast,137.0,40,251,True,,,0.0128000006079673,0.0208805948495864,0.0702223107218742
traffic,PatchTST,missing_data,7,664,2366,0.4913879036903381,MSE,0.2597235441207886,1.2421997785568235,forecast,137.0,40,353,True,,,0.0054000001400709,0.0100993439555168,0.0317708738148212
traffic,PatchTST,missing_data,7,664,2366,0.4913879036903381,MSE,0.2597235441207886,1.2421997785568235,forecast,137.0,40,364,True,,,0.0208000019192695,0.0242569707334041,0.1113699078559875
traffic,PatchTST,missing_data,7,664,2366,0.4913879036903381,MSE,0.2597235441207886,1.2421997785568235,forecast,137.0,40,413,True,,,0.0164999961853027,0.0287056788802146,0.1344837397336959
traffic,PatchTST,missing_data,7,664,2366,0.4913879036903381,MSE,0.2597235441207886,1.2421997785568235,forecast,137.0,40,693,True,,,0.0150000005960464,0.0151061471551656,0.025584153831005
traffic,PatchTST,missing_data,7,664,2366,0.4913879036903381,MSE,0.2597235441207886,1.2421997785568235,forecast,137.0,40,701,True,,,0.0310999974608421,0.032750092446804,0.0383630730211734
traffic,PatchTST,missing_data,7,664,2366,0.4913879036903381,MSE,0.2597235441207886,1.2421997785568235,forecast,137.0,40,722,True,,,-1.862645149230957e-09,0.0044512338936328,0.0202252268791198
traffic,PatchTST,missing_data,7,664,2366,0.4913879036903381,MSE,0.2597235441207886,1.2421997785568235,forecast,137.0,40,840,True,,,0.004000000655651,0.0351528078317642,0.3272368013858795
traffic,PatchTST,missing_data,7,664,2366,0.4913879036903381,MSE,0.2597235441207886,1.2421997785568235,forecast,138.0,41,19,True,,,0.0032999999821186,0.0083130300045013,0.1098415032029151
traffic,PatchTST,missing_data,7,664,2366,0.4913879036903381,MSE,0.2597235441207886,1.2421997785568235,forecast,138.0,41,188,True,,,0.0,-0.0006636716425418,0.0706066042184829
traffic,PatchTST,missing_data,7,664,2366,0.4913879036903381,MSE,0.2597235441207886,1.2421997785568235,forecast,138.0,41,217,True,,,0.0108000002801418,0.0145387016236782,0.1176082342863082
traffic,PatchTST,missing_data,7,664,2366,0.4913879036903381,MSE,0.2597235441207886,1.2421997785568235,forecast,138.0,41,251,True,,,0.0102999992668628,0.0182165876030921,0.0874150171875953
traffic,PatchTST,missing_data,7,664,2366,0.4913879036903381,MSE,0.2597235441207886,1.2421997785568235,forecast,138.0,41,353,True,,,0.0045999977737665,0.0082013383507728,0.0462756380438804
traffic,PatchTST,missing_data,7,664,2366,0.4913879036903381,MSE,0.2597235441207886,1.2421997785568235,forecast,138.0,41,364,True,,,0.0168999992311,0.0165271982550621,0.1133109331130981
traffic,PatchTST,missing_data,7,664,2366,0.4913879036903381,MSE,0.2597235441207886,1.2421997785568235,forecast,138.0,41,413,True,,,0.0134999975562095,0.0220618844032287,0.1284513771533966
traffic,PatchTST,missing_data,7,664,2366,0.4913879036903381,MSE,0.2597235441207886,1.2421997785568235,forecast,138.0,41,693,True,,,0.0150000005960464,0.0138209499418735,0.0224315579980611
traffic,PatchTST,missing_data,7,664,2366,0.4913879036903381,MSE,0.2597235441207886,1.2421997785568235,forecast,138.0,41,701,True,,,0.0344999954104423,0.0290187820792198,0.0359267145395278
traffic,PatchTST,missing_data,7,664,2366,0.4913879036903381,MSE,0.2597235441207886,1.2421997785568235,forecast,138.0,41,722,True,,,-1.862645149230957e-09,0.0054345931857824,0.0208742842078208
traffic,PatchTST,missing_data,7,664,2366,0.4913879036903381,MSE,0.2597235441207886,1.2421997785568235,forecast,138.0,41,840,True,,,0.0032000001519918,0.0133619662374258,0.3402358591556549
traffic,PatchTST,missing_data,7,664,2366,0.4913879036903381,MSE,0.2597235441207886,1.2421997785568235,forecast,139.0,42,19,True,,,0.003100000321865,0.0047060772776603,0.1238466799259185
traffic,PatchTST,missing_data,7,664,2366,0.4913879036903381,MSE,0.2597235441207886,1.2421997785568235,forecast,139.0,42,188,True,,,0.0001999996602535,-0.0006315782666206,0.0916658565402031
traffic,PatchTST,missing_data,7,664,2366,0.4913879036903381,MSE,0.2597235441207886,1.2421997785568235,forecast,139.0,42,217,True,,,0.0104000009596347,0.0104914791882038,0.1322680711746215
traffic,PatchTST,missing_data,7,664,2366,0.4913879036903381,MSE,0.2597235441207886,1.2421997785568235,forecast,139.0,42,251,True,,,0.0089999996125698,0.0193661525845527,0.1082079261541366
traffic,PatchTST,missing_data,7,664,2366,0.4913879036903381,MSE,0.2597235441207886,1.2421997785568235,forecast,139.0,42,353,True,,,0.0044999998062849,0.0103230159729719,0.0584158077836036
traffic,PatchTST,missing_data,7,664,2366,0.4913879036903381,MSE,0.2597235441207886,1.2421997785568235,forecast,139.0,42,364,True,,,0.0156999975442886,0.0133083015680313,0.1305265128612518
traffic,PatchTST,missing_data,7,664,2366,0.4913879036903381,MSE,0.2597235441207886,1.2421997785568235,forecast,139.0,42,413,True,,,0.0098000019788742,0.0216570645570755,0.1446602344512939
traffic,PatchTST,missing_data,7,664,2366,0.4913879036903381,MSE,0.2597235441207886,1.2421997785568235,forecast,139.0,42,693,True,,,0.0027999952435493,0.015915947034955,0.0190979093313217
traffic,PatchTST,missing_data,7,664,2366,0.4913879036903381,MSE,0.2597235441207886,1.2421997785568235,forecast,139.0,42,701,True,,,0.0151999965310096,0.0294230878353118,0.0348695069551467
traffic,PatchTST,missing_data,7,664,2366,0.4913879036903381,MSE,0.2597235441207886,1.2421997785568235,forecast,139.0,42,722,True,,,-1.862645149230957e-09,0.0075928475707769,0.019973948597908
traffic,PatchTST,missing_data,7,664,2366,0.4913879036903381,MSE,0.2597235441207886,1.2421997785568235,forecast,139.0,42,840,True,,,0.003100000321865,0.002847883850336,0.3808945119380951
traffic,PatchTST,missing_data,7,664,2366,0.4913879036903381,MSE,0.2597235441207886,1.2421997785568235,forecast,140.0,43,19,True,,,0.0034999996423721,0.0053096152842044,0.1214097887277603
traffic,PatchTST,missing_data,7,664,2366,0.4913879036903381,MSE,0.2597235441207886,1.2421997785568235,forecast,140.0,43,188,True,,,0.0001999996602535,0.0064138025045394,0.1020224094390869
traffic,PatchTST,missing_data,7,664,2366,0.4913879036903381,MSE,0.2597235441207886,1.2421997785568235,forecast,140.0,43,217,True,,,0.0110000036656856,0.0079611986875534,0.1392495483160019
traffic,PatchTST,missing_data,7,664,2366,0.4913879036903381,MSE,0.2597235441207886,1.2421997785568235,forecast,140.0,43,251,True,,,0.0130000002682209,0.0197901912033557,0.1207298636436462
traffic,PatchTST,missing_data,7,664,2366,0.4913879036903381,MSE,0.2597235441207886,1.2421997785568235,forecast,140.0,43,353,True,,,0.0045999977737665,0.0117820501327514,0.0628604590892791
traffic,PatchTST,missing_data,7,664,2366,0.4913879036903381,MSE,0.2597235441207886,1.2421997785568235,forecast,140.0,43,364,True,,,0.0165999978780746,0.0092551633715629,0.1469749212265014
traffic,PatchTST,missing_data,7,664,2366,0.4913879036903381,MSE,0.2597235441207886,1.2421997785568235,forecast,140.0,43,413,True,,,0.0081999972462654,0.0210548564791679,0.1637113392353058
traffic,PatchTST,missing_data,7,664,2366,0.4913879036903381,MSE,0.2597235441207886,1.2421997785568235,forecast,140.0,43,693,True,,,0.0067999996244907,0.0131795406341552,0.0181334316730499
traffic,PatchTST,missing_data,7,664,2366,0.4913879036903381,MSE,0.2597235441207886,1.2421997785568235,forecast,140.0,43,701,True,,,0.0111000016331672,0.0225505679845809,0.0301834866404533
traffic,PatchTST,missing_data,7,664,2366,0.4913879036903381,MSE,0.2597235441207886,1.2421997785568235,forecast,140.0,43,722,True,,,-1.862645149230957e-09,0.0042193681001663,0.0187160782516002
traffic,PatchTST,missing_data,7,664,2366,0.4913879036903381,MSE,0.2597235441207886,1.2421997785568235,forecast,140.0,43,840,True,,,0.0049999989569187,-0.01344496011734,0.3937526345252991
traffic,PatchTST,missing_data,7,664,2366,0.4913879036903381,MSE,0.2597235441207886,1.2421997785568235,forecast,141.0,44,19,True,,,0.0078000016510486,0.0026596635580062,0.1130426749587059
traffic,PatchTST,missing_data,7,664,2366,0.4913879036903381,MSE,0.2597235441207886,1.2421997785568235,forecast,141.0,44,188,True,,,0.0016999989748001,0.0048501379787921,0.1034810617566108
traffic,PatchTST,missing_data,7,664,2366,0.4913879036903381,MSE,0.2597235441207886,1.2421997785568235,forecast,141.0,44,217,True,,,0.0177000015974044,0.0033574178814888,0.1370642632246017
traffic,PatchTST,missing_data,7,664,2366,0.4913879036903381,MSE,0.2597235441207886,1.2421997785568235,forecast,141.0,44,251,True,,,0.0187999978661537,0.0229624062776565,0.1204480975866317
traffic,PatchTST,missing_data,7,664,2366,0.4913879036903381,MSE,0.2597235441207886,1.2421997785568235,forecast,141.0,44,353,True,,,0.0097000002861022,0.0115709397941827,0.0667433589696884
traffic,PatchTST,missing_data,7,664,2366,0.4913879036903381,MSE,0.2597235441207886,1.2421997785568235,forecast,141.0,44,364,True,,,0.0256000012159347,0.0076014697551727,0.1591396927833557
traffic,PatchTST,missing_data,7,664,2366,0.4913879036903381,MSE,0.2597235441207886,1.2421997785568235,forecast,141.0,44,413,True,,,0.0109999999403953,0.0239761099219322,0.179146260023117
traffic,PatchTST,missing_data,7,664,2366,0.4913879036903381,MSE,0.2597235441207886,1.2421997785568235,forecast,141.0,44,693,True,,,0.0073000006377696,0.0087132975459098,0.0177390966564416
traffic,PatchTST,missing_data,7,664,2366,0.4913879036903381,MSE,0.2597235441207886,1.2421997785568235,forecast,141.0,44,701,True,,,0.0133000016212463,0.0179692134261131,0.0285515338182449
traffic,PatchTST,missing_data,7,664,2366,0.4913879036903381,MSE,0.2597235441207886,1.2421997785568235,forecast,141.0,44,722,True,,,-1.862645149230957e-09,0.0086415968835353,0.0305933039635419
traffic,PatchTST,missing_data,7,664,2366,0.4913879036903381,MSE,0.2597235441207886,1.2421997785568235,forecast,141.0,44,840,True,,,0.0095000006258487,0.0114766061305999,0.5077505111694336
traffic,PatchTST,missing_data,7,664,2366,0.4913879036903381,MSE,0.2597235441207886,1.2421997785568235,forecast,142.0,45,19,True,,,0.013299997895956,0.0058365799486637,0.1383666843175888
traffic,PatchTST,missing_data,7,664,2366,0.4913879036903381,MSE,0.2597235441207886,1.2421997785568235,forecast,142.0,45,188,True,,,0.0117999985814094,0.0076016820967197,0.1187584400177002
traffic,PatchTST,missing_data,7,664,2366,0.4913879036903381,MSE,0.2597235441207886,1.2421997785568235,forecast,142.0,45,217,True,,,0.0248000025749206,0.01565508171916,0.1771274209022522
traffic,PatchTST,missing_data,7,664,2366,0.4913879036903381,MSE,0.2597235441207886,1.2421997785568235,forecast,142.0,45,251,True,,,0.0270000025629997,0.0352281145751476,0.1338699609041214
traffic,PatchTST,missing_data,7,664,2366,0.4913879036903381,MSE,0.2597235441207886,1.2421997785568235,forecast,142.0,45,353,True,,,0.0086000021547079,-0.0056803300976753,0.0865392088890075
traffic,PatchTST,missing_data,7,664,2366,0.4913879036903381,MSE,0.2597235441207886,1.2421997785568235,forecast,142.0,45,364,True,,,0.0348999984562397,0.022027563303709,0.2098533064126968
traffic,PatchTST,missing_data,7,664,2366,0.4913879036903381,MSE,0.2597235441207886,1.2421997785568235,forecast,142.0,45,413,True,,,0.0165999978780746,0.0227201506495475,0.2131590694189071
traffic,PatchTST,missing_data,7,664,2366,0.4913879036903381,MSE,0.2597235441207886,1.2421997785568235,forecast,142.0,45,693,True,,,0.0124000012874603,0.0118525959551334,0.0190735924988985
traffic,PatchTST,missing_data,7,664,2366,0.4913879036903381,MSE,0.2597235441207886,1.2421997785568235,forecast,142.0,45,701,True,,,0.0232999995350837,0.0258676409721374,0.0367739349603652
traffic,PatchTST,missing_data,7,664,2366,0.4913879036903381,MSE,0.2597235441207886,1.2421997785568235,forecast,142.0,45,722,True,,,0.001800000667572,0.0240421127527952,0.0411414057016372
traffic,PatchTST,missing_data,7,664,2366,0.4913879036903381,MSE,0.2597235441207886,1.2421997785568235,forecast,142.0,45,840,True,,,0.0111999996006488,0.0268833935260772,0.6068288087844849
traffic,PatchTST,missing_data,7,664,2366,0.4913879036903381,MSE,0.2597235441207886,1.2421997785568235,forecast,143.0,46,19,True,,,0.0168999992311,0.0089422017335891,0.1527079045772552
traffic,PatchTST,missing_data,7,664,2366,0.4913879036903381,MSE,0.2597235441207886,1.2421997785568235,forecast,143.0,46,188,True,,,0.0233999993652105,0.0373998880386352,0.1387211382389068
traffic,PatchTST,missing_data,7,664,2366,0.4913879036903381,MSE,0.2597235441207886,1.2421997785568235,forecast,143.0,46,217,True,,,0.0309000015258789,0.028052769601345,0.2024026811122894
traffic,PatchTST,missing_data,7,664,2366,0.4913879036903381,MSE,0.2597235441207886,1.2421997785568235,forecast,143.0,46,251,True,,,0.031700000166893,0.0577662885189056,0.1612017750740051
traffic,PatchTST,missing_data,7,664,2366,0.4913879036903381,MSE,0.2597235441207886,1.2421997785568235,forecast,143.0,46,353,True,,,0.0128000006079673,0.004606693983078,0.1089401245117187
traffic,PatchTST,missing_data,7,664,2366,0.4913879036903381,MSE,0.2597235441207886,1.2421997785568235,forecast,143.0,46,364,True,,,0.0430000014603138,0.0338646918535232,0.2388950735330581
traffic,PatchTST,missing_data,7,664,2366,0.4913879036903381,MSE,0.2597235441207886,1.2421997785568235,forecast,143.0,46,413,True,,,0.0248000025749206,0.0449189841747283,0.2778414785861969
traffic,PatchTST,missing_data,7,664,2366,0.4913879036903381,MSE,0.2597235441207886,1.2421997785568235,forecast,143.0,46,693,True,,,0.0198999978601932,0.0203795619308948,0.024871414527297
traffic,PatchTST,missing_data,7,664,2366,0.4913879036903381,MSE,0.2597235441207886,1.2421997785568235,forecast,143.0,46,701,True,,,0.0362999960780143,0.0377751924097538,0.0527854412794113
traffic,PatchTST,missing_data,7,664,2366,0.4913879036903381,MSE,0.2597235441207886,1.2421997785568235,forecast,143.0,46,722,True,,,0.0004999991506338,0.0263996850699186,0.0359004810452461
traffic,PatchTST,missing_data,7,664,2366,0.4913879036903381,MSE,0.2597235441207886,1.2421997785568235,forecast,143.0,46,840,True,,,0.0118000004440546,0.0210327580571174,0.628311276435852
traffic,PatchTST,missing_data,7,664,2366,0.4913879036903381,MSE,0.2597235441207886,1.2421997785568235,forecast,144.0,47,19,True,,,0.0304000005125999,0.0187653005123138,0.1440575122833252
traffic,PatchTST,missing_data,7,664,2366,0.4913879036903381,MSE,0.2597235441207886,1.2421997785568235,forecast,144.0,47,188,True,,,0.0310999974608421,0.0479682832956314,0.1394427120685577
traffic,PatchTST,missing_data,7,664,2366,0.4913879036903381,MSE,0.2597235441207886,1.2421997785568235,forecast,144.0,47,217,True,,,0.0546000003814697,0.0437387749552726,0.1827997267246246
traffic,PatchTST,missing_data,7,664,2366,0.4913879036903381,MSE,0.2597235441207886,1.2421997785568235,forecast,144.0,47,251,True,,,0.0447000004351139,0.0605112239718437,0.1528927981853485
traffic,PatchTST,missing_data,7,664,2366,0.4913879036903381,MSE,0.2597235441207886,1.2421997785568235,forecast,144.0,47,353,True,,,0.0200999993830919,0.0014670342206954,0.1009931415319442
traffic,PatchTST,missing_data,7,664,2366,0.4913879036903381,MSE,0.2597235441207886,1.2421997785568235,forecast,144.0,47,364,True,,,0.0716999992728233,0.0482002757489681,0.2248319089412689
traffic,PatchTST,missing_data,7,664,2366,0.4913879036903381,MSE,0.2597235441207886,1.2421997785568235,forecast,144.0,47,413,True,,,0.0388999991118907,0.0620038621127605,0.2931674420833587
traffic,PatchTST,missing_data,7,664,2366,0.4913879036903381,MSE,0.2597235441207886,1.2421997785568235,forecast,144.0,47,693,True,,,0.0215000007301569,0.025422740727663,0.0289735198020935
traffic,PatchTST,missing_data,7,664,2366,0.4913879036903381,MSE,0.2597235441207886,1.2421997785568235,forecast,144.0,47,701,True,,,0.0397000014781951,0.0453212969005107,0.0630359351634979
traffic,PatchTST,missing_data,7,664,2366,0.4913879036903381,MSE,0.2597235441207886,1.2421997785568235,forecast,144.0,47,722,True,,,0.000900000333786,0.0461761131882667,0.0488496199250221
traffic,PatchTST,missing_data,7,664,2366,0.4913879036903381,MSE,0.2597235441207886,1.2421997785568235,forecast,144.0,47,840,True,,,0.0164000000804662,0.0393207296729087,0.5889433026313782
traffic,PatchTST,missing_data,7,664,2366,0.4913879036903381,MSE,0.2597235441207886,1.2421997785568235,forecast,145.0,48,19,True,,,0.0449000000953674,0.0313416197896003,0.1358847469091415
traffic,PatchTST,missing_data,7,664,2366,0.4913879036903381,MSE,0.2597235441207886,1.2421997785568235,forecast,145.0,48,188,True,,,0.0445999987423419,0.0409437678754329,0.1192506700754165
traffic,PatchTST,missing_data,7,664,2366,0.4913879036903381,MSE,0.2597235441207886,1.2421997785568235,forecast,145.0,48,217,True,,,0.0733999982476234,0.0624024346470832,0.1646829545497894
traffic,PatchTST,missing_data,7,664,2366,0.4913879036903381,MSE,0.2597235441207886,1.2421997785568235,forecast,145.0,48,251,True,,,0.0675999969244003,0.0584797747433185,0.1330865621566772
traffic,PatchTST,missing_data,7,664,2366,0.4913879036903381,MSE,0.2597235441207886,1.2421997785568235,forecast,145.0,48,353,True,,,0.0289999991655349,0.0315511859953403,0.0923545062541961
traffic,PatchTST,missing_data,7,664,2366,0.4913879036903381,MSE,0.2597235441207886,1.2421997785568235,forecast,145.0,48,364,True,,,0.1011999994516372,0.0700652003288269,0.2101702988147735
traffic,PatchTST,missing_data,7,664,2366,0.4913879036903381,MSE,0.2597235441207886,1.2421997785568235,forecast,145.0,48,413,True,,,0.0630000010132789,0.0822099894285202,0.3107323348522186
traffic,PatchTST,missing_data,7,664,2366,0.4913879036903381,MSE,0.2597235441207886,1.2421997785568235,forecast,145.0,48,693,True,,,0.0291000008583068,0.0309600159525871,0.0320001505315303
traffic,PatchTST,missing_data,7,664,2366,0.4913879036903381,MSE,0.2597235441207886,1.2421997785568235,forecast,145.0,48,701,True,,,0.1040999963879585,0.0472684390842914,0.0639864951372146
traffic,PatchTST,missing_data,7,664,2366,0.4913879036903381,MSE,0.2597235441207886,1.2421997785568235,forecast,145.0,48,722,True,,,0.0211999993771314,0.0473995096981525,0.0571373850107193
traffic,PatchTST,missing_data,7,664,2366,0.4913879036903381,MSE,0.2597235441207886,1.2421997785568235,forecast,145.0,48,840,True,,,0.0252999998629093,0.0546180978417396,0.4816195666790008
traffic,PatchTST,missing_data,7,664,2366,0.4913879036903381,MSE,0.2597235441207886,1.2421997785568235,forecast,146.0,49,19,True,,,0.0469000004231929,0.0458433777093887,0.1301822960376739
traffic,PatchTST,missing_data,7,664,2366,0.4913879036903381,MSE,0.2597235441207886,1.2421997785568235,forecast,146.0,49,188,True,,,0.0538000017404556,0.0520628057420253,0.1068098694086074
traffic,PatchTST,missing_data,7,664,2366,0.4913879036903381,MSE,0.2597235441207886,1.2421997785568235,forecast,146.0,49,217,True,,,0.0784000009298324,0.0798014849424362,0.1605976521968841
traffic,PatchTST,missing_data,7,664,2366,0.4913879036903381,MSE,0.2597235441207886,1.2421997785568235,forecast,146.0,49,251,True,,,0.0738999992609024,0.0732099786400795,0.1220933645963668
traffic,PatchTST,missing_data,7,664,2366,0.4913879036903381,MSE,0.2597235441207886,1.2421997785568235,forecast,146.0,49,353,True,,,0.0364000014960765,0.0438825786113739,0.1011322140693664
traffic,PatchTST,missing_data,7,664,2366,0.4913879036903381,MSE,0.2597235441207886,1.2421997785568235,forecast,146.0,49,364,True,,,0.1116999983787536,0.0988053157925605,0.2056208103895187
traffic,PatchTST,missing_data,7,664,2366,0.4913879036903381,MSE,0.2597235441207886,1.2421997785568235,forecast,146.0,49,413,True,,,0.0798000022768974,0.082169234752655,0.3139626383781433
traffic,PatchTST,missing_data,7,664,2366,0.4913879036903381,MSE,0.2597235441207886,1.2421997785568235,forecast,146.0,49,693,True,,,0.0383000001311302,0.0366574935615062,0.0347233228385448
traffic,PatchTST,missing_data,7,664,2366,0.4913879036903381,MSE,0.2597235441207886,1.2421997785568235,forecast,146.0,49,701,True,,,0.0662000030279159,0.0517367459833622,0.058177538216114
traffic,PatchTST,missing_data,7,664,2366,0.4913879036903381,MSE,0.2597235441207886,1.2421997785568235,forecast,146.0,49,722,True,,,0.0236000008881092,0.0495058931410312,0.0573776736855506
traffic,PatchTST,missing_data,7,664,2366,0.4913879036903381,MSE,0.2597235441207886,1.2421997785568235,forecast,146.0,49,840,True,,,0.0296000000089406,0.0686415880918502,0.4086434841156006
traffic,PatchTST,missing_data,7,664,2366,0.4913879036903381,MSE,0.2597235441207886,1.2421997785568235,forecast,147.0,50,19,True,,,0.0509999990463256,0.0512459240853786,0.1548544466495514
traffic,PatchTST,missing_data,7,664,2366,0.4913879036903381,MSE,0.2597235441207886,1.2421997785568235,forecast,147.0,50,188,True,,,0.0546000003814697,0.0594549626111984,0.1200801506638526
traffic,PatchTST,missing_data,7,664,2366,0.4913879036903381,MSE,0.2597235441207886,1.2421997785568235,forecast,147.0,50,217,True,,,0.0825999975204467,0.0835991129279136,0.195951908826828
traffic,PatchTST,missing_data,7,664,2366,0.4913879036903381,MSE,0.2597235441207886,1.2421997785568235,forecast,147.0,50,251,True,,,0.0685999989509582,0.0761309564113617,0.128727450966835
traffic,PatchTST,missing_data,7,664,2366,0.4913879036903381,MSE,0.2597235441207886,1.2421997785568235,forecast,147.0,50,353,True,,,0.0441000014543533,0.0501217693090438,0.1147658824920654
traffic,PatchTST,missing_data,7,664,2366,0.4913879036903381,MSE,0.2597235441207886,1.2421997785568235,forecast,147.0,50,364,True,,,0.1191999986767768,0.1113687679171562,0.2372715473175048
traffic,PatchTST,missing_data,7,664,2366,0.4913879036903381,MSE,0.2597235441207886,1.2421997785568235,forecast,147.0,50,413,True,,,0.0900000035762786,0.072930634021759,0.3088462054729461
traffic,PatchTST,missing_data,7,664,2366,0.4913879036903381,MSE,0.2597235441207886,1.2421997785568235,forecast,147.0,50,693,True,,,0.0364000014960765,0.043626844882965,0.0395087972283363
traffic,PatchTST,missing_data,7,664,2366,0.4913879036903381,MSE,0.2597235441207886,1.2421997785568235,forecast,147.0,50,701,True,,,0.0666999965906143,0.0656171590089798,0.0653796643018722
traffic,PatchTST,missing_data,7,664,2366,0.4913879036903381,MSE,0.2597235441207886,1.2421997785568235,forecast,147.0,50,722,True,,,0.0298999994993209,0.0561318323016166,0.0603578016161918
traffic,PatchTST,missing_data,7,664,2366,0.4913879036903381,MSE,0.2597235441207886,1.2421997785568235,forecast,147.0,50,840,True,,,0.0331000015139579,0.0768282264471054,0.3869699239730835
traffic,PatchTST,missing_data,7,664,2366,0.4913879036903381,MSE,0.2597235441207886,1.2421997785568235,forecast,148.0,51,19,True,,,0.0531000010669231,0.0508839152753353,0.1710013151168823
traffic,PatchTST,missing_data,7,664,2366,0.4913879036903381,MSE,0.2597235441207886,1.2421997785568235,forecast,148.0,51,188,True,,,0.0496999993920326,0.0591186955571174,0.1298748403787613
traffic,PatchTST,missing_data,7,664,2366,0.4913879036903381,MSE,0.2597235441207886,1.2421997785568235,forecast,148.0,51,217,True,,,0.0820999965071678,0.0834501236677169,0.2169704437255859
traffic,PatchTST,missing_data,7,664,2366,0.4913879036903381,MSE,0.2597235441207886,1.2421997785568235,forecast,148.0,51,251,True,,,0.062899999320507,0.0731399804353714,0.1450328379869461
traffic,PatchTST,missing_data,7,664,2366,0.4913879036903381,MSE,0.2597235441207886,1.2421997785568235,forecast,148.0,51,353,True,,,0.0373000018298625,0.0546671375632286,0.1231794506311416
traffic,PatchTST,missing_data,7,664,2366,0.4913879036903381,MSE,0.2597235441207886,1.2421997785568235,forecast,148.0,51,364,True,,,0.1178999990224838,0.1156692653894424,0.2476547062397003
traffic,PatchTST,missing_data,7,664,2366,0.4913879036903381,MSE,0.2597235441207886,1.2421997785568235,forecast,148.0,51,413,True,,,0.0828000009059906,0.0810735747218132,0.3044123649597168
traffic,PatchTST,missing_data,7,664,2366,0.4913879036903381,MSE,0.2597235441207886,1.2421997785568235,forecast,148.0,51,693,True,,,0.0388999991118907,0.0469218492507934,0.0421767272055149
traffic,PatchTST,missing_data,7,664,2366,0.4913879036903381,MSE,0.2597235441207886,1.2421997785568235,forecast,148.0,51,701,True,,,0.0724000036716461,0.0616335272789001,0.0629393607378006
traffic,PatchTST,missing_data,7,664,2366,0.4913879036903381,MSE,0.2597235441207886,1.2421997785568235,forecast,148.0,51,722,True,,,0.0340000018477439,0.0557839125394821,0.0579627007246017
traffic,PatchTST,missing_data,7,664,2366,0.4913879036903381,MSE,0.2597235441207886,1.2421997785568235,forecast,148.0,51,840,True,,,0.0621000006794929,0.0719815045595169,0.3397890627384186
traffic,PatchTST,missing_data,7,664,2366,0.4913879036903381,MSE,0.2597235441207886,1.2421997785568235,forecast,149.0,52,19,True,,,0.0592000000178813,0.0524635426700115,0.1736930012702942
traffic,PatchTST,missing_data,7,664,2366,0.4913879036903381,MSE,0.2597235441207886,1.2421997785568235,forecast,149.0,52,188,True,,,0.0546000003814697,0.0606515072286129,0.1272443085908889
traffic,PatchTST,missing_data,7,664,2366,0.4913879036903381,MSE,0.2597235441207886,1.2421997785568235,forecast,149.0,52,217,True,,,0.0914999991655349,0.0856513231992721,0.2089456915855407
traffic,PatchTST,missing_data,7,664,2366,0.4913879036903381,MSE,0.2597235441207886,1.2421997785568235,forecast,149.0,52,251,True,,,0.0712999999523162,0.0749065354466438,0.1472205817699432
traffic,PatchTST,missing_data,7,664,2366,0.4913879036903381,MSE,0.2597235441207886,1.2421997785568235,forecast,149.0,52,353,True,,,0.0408000014722347,0.0559558272361755,0.1153134554624557
traffic,PatchTST,missing_data,7,664,2366,0.4913879036903381,MSE,0.2597235441207886,1.2421997785568235,forecast,149.0,52,364,True,,,0.1369999945163726,0.1192357093095779,0.2271368950605392
traffic,PatchTST,missing_data,7,664,2366,0.4913879036903381,MSE,0.2597235441207886,1.2421997785568235,forecast,149.0,52,413,True,,,0.0764999985694885,0.0877548903226852,0.284398466348648
traffic,PatchTST,missing_data,7,664,2366,0.4913879036903381,MSE,0.2597235441207886,1.2421997785568235,forecast,149.0,52,693,True,,,0.0384000018239021,0.0447808392345905,0.0424185283482074
traffic,PatchTST,missing_data,7,664,2366,0.4913879036903381,MSE,0.2597235441207886,1.2421997785568235,forecast,149.0,52,701,True,,,0.0781000033020973,0.048003252595663,0.058952447026968
traffic,PatchTST,missing_data,7,664,2366,0.4913879036903381,MSE,0.2597235441207886,1.2421997785568235,forecast,149.0,52,722,True,,,0.0291000008583068,0.0517383366823196,0.0526376962661743
traffic,PatchTST,missing_data,7,664,2366,0.4913879036903381,MSE,0.2597235441207886,1.2421997785568235,forecast,149.0,52,840,True,,,0.0333000011742115,0.0743091851472854,0.3135861456394195
traffic,PatchTST,missing_data,7,664,2366,0.4913879036903381,MSE,0.2597235441207886,1.2421997785568235,forecast,150.0,53,19,True,,,0.0559000000357627,0.055411659181118,0.1870337724685669
traffic,PatchTST,missing_data,7,664,2366,0.4913879036903381,MSE,0.2597235441207886,1.2421997785568235,forecast,150.0,53,188,True,,,0.0544000007212162,0.0580648742616176,0.1296967267990112
traffic,PatchTST,missing_data,7,664,2366,0.4913879036903381,MSE,0.2597235441207886,1.2421997785568235,forecast,150.0,53,217,True,,,0.0847999975085258,0.0878584310412406,0.2213063836097717
traffic,PatchTST,missing_data,7,664,2366,0.4913879036903381,MSE,0.2597235441207886,1.2421997785568235,forecast,150.0,53,251,True,,,0.0636000037193298,0.0729137063026428,0.1385327577590942
traffic,PatchTST,missing_data,7,664,2366,0.4913879036903381,MSE,0.2597235441207886,1.2421997785568235,forecast,150.0,53,353,True,,,0.0403000004589557,0.0524009801447391,0.1145631372928619
traffic,PatchTST,missing_data,7,664,2366,0.4913879036903381,MSE,0.2597235441207886,1.2421997785568235,forecast,150.0,53,364,True,,,0.1224000006914138,0.1190769299864769,0.2314467281103134
traffic,PatchTST,missing_data,7,664,2366,0.4913879036903381,MSE,0.2597235441207886,1.2421997785568235,forecast,150.0,53,413,True,,,0.0768999978899955,0.0868483185768127,0.2649058103561401
traffic,PatchTST,missing_data,7,664,2366,0.4913879036903381,MSE,0.2597235441207886,1.2421997785568235,forecast,150.0,53,693,True,,,0.0395000018179416,0.0417816452682018,0.0437527373433113
traffic,PatchTST,missing_data,7,664,2366,0.4913879036903381,MSE,0.2597235441207886,1.2421997785568235,forecast,150.0,53,701,True,,,0.0838000029325485,0.0346634685993194,0.0710792392492294
traffic,PatchTST,missing_data,7,664,2366,0.4913879036903381,MSE,0.2597235441207886,1.2421997785568235,forecast,150.0,53,722,True,,,0.025900000706315,0.0426406003534793,0.0441875383257865
traffic,PatchTST,missing_data,7,664,2366,0.4913879036903381,MSE,0.2597235441207886,1.2421997785568235,forecast,150.0,53,840,True,,,0.0284000001847744,0.0674324929714202,0.3210843205451965
traffic,PatchTST,missing_data,7,664,2366,0.4913879036903381,MSE,0.2597235441207886,1.2421997785568235,forecast,151.0,54,19,True,,,0.0540000014007091,0.0555635280907154,0.1795186549425125
traffic,PatchTST,missing_data,7,664,2366,0.4913879036903381,MSE,0.2597235441207886,1.2421997785568235,forecast,151.0,54,188,True,,,0.049100000411272,0.0567748248577117,0.127060055732727
traffic,PatchTST,missing_data,7,664,2366,0.4913879036903381,MSE,0.2597235441207886,1.2421997785568235,forecast,151.0,54,217,True,,,0.0842999964952468,0.0865270420908927,0.220556229352951
traffic,PatchTST,missing_data,7,664,2366,0.4913879036903381,MSE,0.2597235441207886,1.2421997785568235,forecast,151.0,54,251,True,,,0.066100001335144,0.0682088881731033,0.1327099502086639
traffic,PatchTST,missing_data,7,664,2366,0.4913879036903381,MSE,0.2597235441207886,1.2421997785568235,forecast,151.0,54,353,True,,,0.0401999987661838,0.0523205772042274,0.1081951111555099
traffic,PatchTST,missing_data,7,664,2366,0.4913879036903381,MSE,0.2597235441207886,1.2421997785568235,forecast,151.0,54,364,True,,,0.1289999932050705,0.1147918626666069,0.2296087592840194
traffic,PatchTST,missing_data,7,664,2366,0.4913879036903381,MSE,0.2597235441207886,1.2421997785568235,forecast,151.0,54,413,True,,,0.0786999985575676,0.0835508331656456,0.2403469234704971
traffic,PatchTST,missing_data,7,664,2366,0.4913879036903381,MSE,0.2597235441207886,1.2421997785568235,forecast,151.0,54,693,True,,,0.0403999984264373,0.0384512357413768,0.0452666841447353
traffic,PatchTST,missing_data,7,664,2366,0.4913879036903381,MSE,0.2597235441207886,1.2421997785568235,forecast,151.0,54,701,True,,,0.0904000028967857,0.0172769799828529,0.0746426731348037
traffic,PatchTST,missing_data,7,664,2366,0.4913879036903381,MSE,0.2597235441207886,1.2421997785568235,forecast,151.0,54,722,True,,,0.0255999993532896,0.0358621701598167,0.0397935919463634
traffic,PatchTST,missing_data,7,664,2366,0.4913879036903381,MSE,0.2597235441207886,1.2421997785568235,forecast,151.0,54,840,True,,,0.0291000008583068,0.0621426068246364,0.3174770474433899
traffic,PatchTST,missing_data,7,664,2366,0.4913879036903381,MSE,0.2597235441207886,1.2421997785568235,forecast,152.0,55,19,True,,,0.0559000000357627,0.0530563369393348,0.1638440489768982
traffic,PatchTST,missing_data,7,664,2366,0.4913879036903381,MSE,0.2597235441207886,1.2421997785568235,forecast,152.0,55,188,True,,,0.048599999397993,0.0568490102887153,0.1224229931831359
traffic,PatchTST,missing_data,7,664,2366,0.4913879036903381,MSE,0.2597235441207886,1.2421997785568235,forecast,152.0,55,217,True,,,0.088699996471405,0.0814115703105926,0.2150869071483612
traffic,PatchTST,missing_data,7,664,2366,0.4913879036903381,MSE,0.2597235441207886,1.2421997785568235,forecast,152.0,55,251,True,,,0.0705000013113021,0.0658411905169487,0.130165159702301
traffic,PatchTST,missing_data,7,664,2366,0.4913879036903381,MSE,0.2597235441207886,1.2421997785568235,forecast,152.0,55,353,True,,,0.0377999991178512,0.0520907677710056,0.1006157994270324
traffic,PatchTST,missing_data,7,664,2366,0.4913879036903381,MSE,0.2597235441207886,1.2421997785568235,forecast,152.0,55,364,True,,,0.1271000057458877,0.1078663170337677,0.2286847829818725
traffic,PatchTST,missing_data,7,664,2366,0.4913879036903381,MSE,0.2597235441207886,1.2421997785568235,forecast,152.0,55,413,True,,,0.0746000036597251,0.079788789153099,0.2229260504245758
traffic,PatchTST,missing_data,7,664,2366,0.4913879036903381,MSE,0.2597235441207886,1.2421997785568235,forecast,152.0,55,693,True,,,0.0379999987781047,0.033876284956932,0.0473910048604011
traffic,PatchTST,missing_data,7,664,2366,0.4913879036903381,MSE,0.2597235441207886,1.2421997785568235,forecast,152.0,55,701,True,,,0.0741000026464462,0.0143887549638748,0.078159362077713
traffic,PatchTST,missing_data,7,664,2366,0.4913879036903381,MSE,0.2597235441207886,1.2421997785568235,forecast,152.0,55,722,True,,,0.0256999991834163,0.0343116968870162,0.0404931679368019
traffic,PatchTST,missing_data,7,664,2366,0.4913879036903381,MSE,0.2597235441207886,1.2421997785568235,forecast,152.0,55,840,True,,,0.0262000001966953,0.0606434643268585,0.3029566705226898
traffic,PatchTST,missing_data,7,664,2366,0.4913879036903381,MSE,0.2597235441207886,1.2421997785568235,forecast,153.0,56,19,True,,,0.0524999983608722,0.0527586229145526,0.1431386172771453
traffic,PatchTST,missing_data,7,664,2366,0.4913879036903381,MSE,0.2597235441207886,1.2421997785568235,forecast,153.0,56,188,True,,,0.0474999994039535,0.0536590404808521,0.1033391058444976
traffic,PatchTST,missing_data,7,664,2366,0.4913879036903381,MSE,0.2597235441207886,1.2421997785568235,forecast,153.0,56,217,True,,,0.0829000025987625,0.0790428593754768,0.2009993195533752
traffic,PatchTST,missing_data,7,664,2366,0.4913879036903381,MSE,0.2597235441207886,1.2421997785568235,forecast,153.0,56,251,True,,,0.0763999968767166,0.0657444447278976,0.1155460923910141
traffic,PatchTST,missing_data,7,664,2366,0.4913879036903381,MSE,0.2597235441207886,1.2421997785568235,forecast,153.0,56,353,True,,,0.0372000001370906,0.0522589087486267,0.0928284376859664
traffic,PatchTST,missing_data,7,664,2366,0.4913879036903381,MSE,0.2597235441207886,1.2421997785568235,forecast,153.0,56,364,True,,,0.1265999972820282,0.1074655503034591,0.2189154028892517
traffic,PatchTST,missing_data,7,664,2366,0.4913879036903381,MSE,0.2597235441207886,1.2421997785568235,forecast,153.0,56,413,True,,,0.0769999995827674,0.0846778452396392,0.2086132615804672
traffic,PatchTST,missing_data,7,664,2366,0.4913879036903381,MSE,0.2597235441207886,1.2421997785568235,forecast,153.0,56,693,True,,,0.0384000018239021,0.031512401998043,0.0477813594043254
traffic,PatchTST,missing_data,7,664,2366,0.4913879036903381,MSE,0.2597235441207886,1.2421997785568235,forecast,153.0,56,701,True,,,0.0724000036716461,0.0152500867843627,0.0866474881768226
traffic,PatchTST,missing_data,7,664,2366,0.4913879036903381,MSE,0.2597235441207886,1.2421997785568235,forecast,153.0,56,722,True,,,0.0276999995112419,0.0350712463259696,0.0396484285593032
traffic,PatchTST,missing_data,7,664,2366,0.4913879036903381,MSE,0.2597235441207886,1.2421997785568235,forecast,153.0,56,840,True,,,0.0291000008583068,0.0567659586668014,0.2875580191612243
traffic,PatchTST,missing_data,7,664,2366,0.4913879036903381,MSE,0.2597235441207886,1.2421997785568235,forecast,154.0,57,19,True,,,0.0417999997735023,0.0481192208826541,0.1478175967931747
traffic,PatchTST,missing_data,7,664,2366,0.4913879036903381,MSE,0.2597235441207886,1.2421997785568235,forecast,154.0,57,188,True,,,0.0390999987721443,0.0498641803860664,0.09763053804636
traffic,PatchTST,missing_data,7,664,2366,0.4913879036903381,MSE,0.2597235441207886,1.2421997785568235,forecast,154.0,57,217,True,,,0.0692000016570091,0.0686958730220794,0.2024525701999664
traffic,PatchTST,missing_data,7,664,2366,0.4913879036903381,MSE,0.2597235441207886,1.2421997785568235,forecast,154.0,57,251,True,,,0.0617000013589859,0.0614504553377628,0.1073856204748153
traffic,PatchTST,missing_data,7,664,2366,0.4913879036903381,MSE,0.2597235441207886,1.2421997785568235,forecast,154.0,57,353,True,,,0.0310999993234872,0.048812698572874,0.0909143984317779
traffic,PatchTST,missing_data,7,664,2366,0.4913879036903381,MSE,0.2597235441207886,1.2421997785568235,forecast,154.0,57,364,True,,,0.0957000032067298,0.0993730276823043,0.215154692530632
traffic,PatchTST,missing_data,7,664,2366,0.4913879036903381,MSE,0.2597235441207886,1.2421997785568235,forecast,154.0,57,413,True,,,0.069700002670288,0.0786175578832626,0.2173253893852234
traffic,PatchTST,missing_data,7,664,2366,0.4913879036903381,MSE,0.2597235441207886,1.2421997785568235,forecast,154.0,57,693,True,,,0.0386999994516372,0.0296423584222793,0.0510110184550285
traffic,PatchTST,missing_data,7,664,2366,0.4913879036903381,MSE,0.2597235441207886,1.2421997785568235,forecast,154.0,57,701,True,,,0.0750000029802322,0.0103961825370788,0.0874552428722381
traffic,PatchTST,missing_data,7,664,2366,0.4913879036903381,MSE,0.2597235441207886,1.2421997785568235,forecast,154.0,57,722,True,,,0.023199999704957,0.0297577362507581,0.0326979383826255
traffic,PatchTST,missing_data,7,664,2366,0.4913879036903381,MSE,0.2597235441207886,1.2421997785568235,forecast,154.0,57,840,True,,,0.0239000003784894,0.053547091782093,0.2927599251270294
traffic,PatchTST,missing_data,7,664,2366,0.4913879036903381,MSE,0.2597235441207886,1.2421997785568235,forecast,155.0,58,19,True,,,0.0306000001728534,0.0407789163291454,0.1430853754281997
traffic,PatchTST,missing_data,7,664,2366,0.4913879036903381,MSE,0.2597235441207886,1.2421997785568235,forecast,155.0,58,188,True,,,0.0310999974608421,0.0502511523663997,0.0955065488815307
traffic,PatchTST,missing_data,7,664,2366,0.4913879036903381,MSE,0.2597235441207886,1.2421997785568235,forecast,155.0,58,217,True,,,0.0513999983668327,0.0566126182675361,0.1926547586917877
traffic,PatchTST,missing_data,7,664,2366,0.4913879036903381,MSE,0.2597235441207886,1.2421997785568235,forecast,155.0,58,251,True,,,0.061099998652935,0.0585789829492569,0.1061014533042907
traffic,PatchTST,missing_data,7,664,2366,0.4913879036903381,MSE,0.2597235441207886,1.2421997785568235,forecast,155.0,58,353,True,,,0.0297999996691942,0.045032974332571,0.0840163975954055
traffic,PatchTST,missing_data,7,664,2366,0.4913879036903381,MSE,0.2597235441207886,1.2421997785568235,forecast,155.0,58,364,True,,,0.0727000012993812,0.0843645632266998,0.2075830250978469
traffic,PatchTST,missing_data,7,664,2366,0.4913879036903381,MSE,0.2597235441207886,1.2421997785568235,forecast,155.0,58,413,True,,,0.0579999983310699,0.0670531392097473,0.2108857631683349
traffic,PatchTST,missing_data,7,664,2366,0.4913879036903381,MSE,0.2597235441207886,1.2421997785568235,forecast,155.0,58,693,True,,,0.0333999991416931,0.0291367508471012,0.0438860207796096
traffic,PatchTST,missing_data,7,664,2366,0.4913879036903381,MSE,0.2597235441207886,1.2421997785568235,forecast,155.0,58,701,True,,,0.0617000013589859,0.0002525225281715,0.0483820103108882
traffic,PatchTST,missing_data,7,664,2366,0.4913879036903381,MSE,0.2597235441207886,1.2421997785568235,forecast,155.0,58,722,True,,,0.0175999999046325,0.0187545083463192,0.0248938836157321
traffic,PatchTST,missing_data,7,664,2366,0.4913879036903381,MSE,0.2597235441207886,1.2421997785568235,forecast,155.0,58,840,True,,,0.0208999998867511,0.047646414488554,0.2909086048603058
traffic,PatchTST,missing_data,7,664,2366,0.4913879036903381,MSE,0.2597235441207886,1.2421997785568235,forecast,156.0,59,19,True,,,0.0266000013798475,0.0380244553089141,0.1418132036924362
traffic,PatchTST,missing_data,7,664,2366,0.4913879036903381,MSE,0.2597235441207886,1.2421997785568235,forecast,156.0,59,188,True,,,0.0286999996751546,0.0477093607187271,0.0937556400895118
traffic,PatchTST,missing_data,7,664,2366,0.4913879036903381,MSE,0.2597235441207886,1.2421997785568235,forecast,156.0,59,217,True,,,0.0460000000894069,0.0539417527616024,0.1934704780578613
traffic,PatchTST,missing_data,7,664,2366,0.4913879036903381,MSE,0.2597235441207886,1.2421997785568235,forecast,156.0,59,251,True,,,0.050000000745058,0.0580903738737106,0.1056985780596733
traffic,PatchTST,missing_data,7,664,2366,0.4913879036903381,MSE,0.2597235441207886,1.2421997785568235,forecast,156.0,59,353,True,,,0.0230000000447034,0.0402859412133693,0.0747277289628982
traffic,PatchTST,missing_data,7,664,2366,0.4913879036903381,MSE,0.2597235441207886,1.2421997785568235,forecast,156.0,59,364,True,,,0.063400000333786,0.0804282203316688,0.2128713577985763
traffic,PatchTST,missing_data,7,664,2366,0.4913879036903381,MSE,0.2597235441207886,1.2421997785568235,forecast,156.0,59,413,True,,,0.0535000003874301,0.0689578130841255,0.2044016569852829
traffic,PatchTST,missing_data,7,664,2366,0.4913879036903381,MSE,0.2597235441207886,1.2421997785568235,forecast,156.0,59,693,True,,,0.0322000011801719,0.0335945487022399,0.0366464033722877
traffic,PatchTST,missing_data,7,664,2366,0.4913879036903381,MSE,0.2597235441207886,1.2421997785568235,forecast,156.0,59,701,True,,,0.063799999654293,0.0282383486628532,0.0445141904056072
traffic,PatchTST,missing_data,7,664,2366,0.4913879036903381,MSE,0.2597235441207886,1.2421997785568235,forecast,156.0,59,722,True,,,0.013600000180304,0.0077983979135751,0.0185335706919431
traffic,PatchTST,missing_data,7,664,2366,0.4913879036903381,MSE,0.2597235441207886,1.2421997785568235,forecast,156.0,59,840,True,,,0.017799999564886,0.0464646741747856,0.2991776466369629
traffic,PatchTST,missing_data,7,664,2366,0.4913879036903381,MSE,0.2597235441207886,1.2421997785568235,forecast,157.0,60,19,True,,,0.0210999995470047,0.0335193797945976,0.1208999156951904
traffic,PatchTST,missing_data,7,664,2366,0.4913879036903381,MSE,0.2597235441207886,1.2421997785568235,forecast,157.0,60,188,True,,,0.0234999991953372,0.0401258394122123,0.0793835967779159
traffic,PatchTST,missing_data,7,664,2366,0.4913879036903381,MSE,0.2597235441207886,1.2421997785568235,forecast,157.0,60,217,True,,,0.0381000004708766,0.0467194765806198,0.1686225533485412
traffic,PatchTST,missing_data,7,664,2366,0.4913879036903381,MSE,0.2597235441207886,1.2421997785568235,forecast,157.0,60,251,True,,,0.0445999987423419,0.0506250746548175,0.0940066576004028
traffic,PatchTST,missing_data,7,664,2366,0.4913879036903381,MSE,0.2597235441207886,1.2421997785568235,forecast,157.0,60,353,True,,,0.0196000002324581,0.0362512283027172,0.0589447580277919
traffic,PatchTST,missing_data,7,664,2366,0.4913879036903381,MSE,0.2597235441207886,1.2421997785568235,forecast,157.0,60,364,True,,,0.0524999946355819,0.069731093943119,0.1952407658100128
traffic,PatchTST,missing_data,7,664,2366,0.4913879036903381,MSE,0.2597235441207886,1.2421997785568235,forecast,157.0,60,413,True,,,0.0485000014305114,0.0705411061644554,0.179120272397995
traffic,PatchTST,missing_data,7,664,2366,0.4913879036903381,MSE,0.2597235441207886,1.2421997785568235,forecast,157.0,60,693,True,,,0.0288999993354082,0.0411517731845378,0.0434028171002864
traffic,PatchTST,missing_data,7,664,2366,0.4913879036903381,MSE,0.2597235441207886,1.2421997785568235,forecast,157.0,60,701,True,,,0.0555000007152557,0.0519710518419742,0.0586672276258468
traffic,PatchTST,missing_data,7,664,2366,0.4913879036903381,MSE,0.2597235441207886,1.2421997785568235,forecast,157.0,60,722,True,,,0.0035999994724988,0.0017251800745725,0.0141897285357117
traffic,PatchTST,missing_data,7,664,2366,0.4913879036903381,MSE,0.2597235441207886,1.2421997785568235,forecast,157.0,60,840,True,,,0.0131000000983476,0.0499287173151969,0.2967268824577331
traffic,PatchTST,missing_data,7,664,2366,0.4913879036903381,MSE,0.2597235441207886,1.2421997785568235,forecast,158.0,61,19,True,,,0.0161000005900859,0.0244901403784751,0.1035204231739044
traffic,PatchTST,missing_data,7,664,2366,0.4913879036903381,MSE,0.2597235441207886,1.2421997785568235,forecast,158.0,61,188,True,,,0.0173999983817338,0.0270868055522441,0.0678714737296104
traffic,PatchTST,missing_data,7,664,2366,0.4913879036903381,MSE,0.2597235441207886,1.2421997785568235,forecast,158.0,61,217,True,,,0.0295000039041042,0.0315595939755439,0.1383438259363174
traffic,PatchTST,missing_data,7,664,2366,0.4913879036903381,MSE,0.2597235441207886,1.2421997785568235,forecast,158.0,61,251,True,,,0.034800000488758,0.0344319939613342,0.0760479718446731
traffic,PatchTST,missing_data,7,664,2366,0.4913879036903381,MSE,0.2597235441207886,1.2421997785568235,forecast,158.0,61,353,True,,,0.0157999992370605,0.0292940158396959,0.0565530285239219
traffic,PatchTST,missing_data,7,664,2366,0.4913879036903381,MSE,0.2597235441207886,1.2421997785568235,forecast,158.0,61,364,True,,,0.0398000031709671,0.0483251139521598,0.1635855734348297
traffic,PatchTST,missing_data,7,664,2366,0.4913879036903381,MSE,0.2597235441207886,1.2421997785568235,forecast,158.0,61,413,True,,,0.0370000004768371,0.0637216046452522,0.1583048999309539
traffic,PatchTST,missing_data,7,664,2366,0.4913879036903381,MSE,0.2597235441207886,1.2421997785568235,forecast,158.0,61,693,True,,,0.0234999991953372,0.0333132222294807,0.0384968742728233
traffic,PatchTST,missing_data,7,664,2366,0.4913879036903381,MSE,0.2597235441207886,1.2421997785568235,forecast,158.0,61,701,True,,,0.0438000001013278,0.0544552691280841,0.058138433843851
traffic,PatchTST,missing_data,7,664,2366,0.4913879036903381,MSE,0.2597235441207886,1.2421997785568235,forecast,158.0,61,722,True,,,0.0013000015169382,0.0032385811209678,0.0150334490463137
traffic,PatchTST,missing_data,7,664,2366,0.4913879036903381,MSE,0.2597235441207886,1.2421997785568235,forecast,158.0,61,840,True,,,0.0111999996006488,0.0517342835664749,0.2987748980522156
traffic,PatchTST,missing_data,7,664,2366,0.4913879036903381,MSE,0.2597235441207886,1.2421997785568235,forecast,159.0,62,19,True,,,0.0082000009715557,0.0146928243339061,0.1005772054195404
traffic,PatchTST,missing_data,7,664,2366,0.4913879036903381,MSE,0.2597235441207886,1.2421997785568235,forecast,159.0,62,188,True,,,0.001299999654293,0.011799931526184,0.0696789622306823
traffic,PatchTST,missing_data,7,664,2366,0.4913879036903381,MSE,0.2597235441207886,1.2421997785568235,forecast,159.0,62,217,True,,,0.0166999995708465,0.0209084823727607,0.1264531463384628
traffic,PatchTST,missing_data,7,664,2366,0.4913879036903381,MSE,0.2597235441207886,1.2421997785568235,forecast,159.0,62,251,True,,,0.0214999988675117,0.0192959643900394,0.0743868723511695
traffic,PatchTST,missing_data,7,664,2366,0.4913879036903381,MSE,0.2597235441207886,1.2421997785568235,forecast,159.0,62,353,True,,,0.0113999992609024,0.0201476626098155,0.0608831420540809
traffic,PatchTST,missing_data,7,664,2366,0.4913879036903381,MSE,0.2597235441207886,1.2421997785568235,forecast,159.0,62,364,True,,,0.0258000008761882,0.0302758254110813,0.1426567435264587
traffic,PatchTST,missing_data,7,664,2366,0.4913879036903381,MSE,0.2597235441207886,1.2421997785568235,forecast,159.0,62,413,True,,,0.0263999998569488,0.0457892343401908,0.1498960852622985
traffic,PatchTST,missing_data,7,664,2366,0.4913879036903381,MSE,0.2597235441207886,1.2421997785568235,forecast,159.0,62,693,True,,,0.0180999990552663,0.0279080290347337,0.0333975851535797
traffic,PatchTST,missing_data,7,664,2366,0.4913879036903381,MSE,0.2597235441207886,1.2421997785568235,forecast,159.0,62,701,True,,,0.034400001168251,0.0482163280248642,0.0523983985185623
traffic,PatchTST,missing_data,7,664,2366,0.4913879036903381,MSE,0.2597235441207886,1.2421997785568235,forecast,159.0,62,722,True,,,0.0002000015228986,0.0085764247924089,0.0177745353430509
traffic,PatchTST,missing_data,7,664,2366,0.4913879036903381,MSE,0.2597235441207886,1.2421997785568235,forecast,159.0,62,840,True,,,0.0066999997943639,0.0471801795065403,0.2836016416549682
traffic,PatchTST,missing_data,7,664,2366,0.4913879036903381,MSE,0.2597235441207886,1.2421997785568235,forecast,160.0,63,19,True,,,0.0051000006496906,0.0088847242295742,0.0952400267124176
traffic,PatchTST,missing_data,7,664,2366,0.4913879036903381,MSE,0.2597235441207886,1.2421997785568235,forecast,160.0,63,188,True,,,0.0007000006735324,0.006254393607378,0.0659107416868209
traffic,PatchTST,missing_data,7,664,2366,0.4913879036903381,MSE,0.2597235441207886,1.2421997785568235,forecast,160.0,63,217,True,,,0.0136000029742717,0.0169865973293781,0.1122182384133338
traffic,PatchTST,missing_data,7,664,2366,0.4913879036903381,MSE,0.2597235441207886,1.2421997785568235,forecast,160.0,63,251,True,,,0.0135999992489814,0.0129438042640686,0.0733835250139236
traffic,PatchTST,missing_data,7,664,2366,0.4913879036903381,MSE,0.2597235441207886,1.2421997785568235,forecast,160.0,63,353,True,,,0.0069999992847442,0.0145166516304016,0.056224588304758
traffic,PatchTST,missing_data,7,664,2366,0.4913879036903381,MSE,0.2597235441207886,1.2421997785568235,forecast,160.0,63,364,True,,,0.0205000005662441,0.0234582796692848,0.1275326758623123
traffic,PatchTST,missing_data,7,664,2366,0.4913879036903381,MSE,0.2597235441207886,1.2421997785568235,forecast,160.0,63,413,True,,,0.0147999972105026,0.0322882793843746,0.1474689990282058
traffic,PatchTST,missing_data,7,664,2366,0.4913879036903381,MSE,0.2597235441207886,1.2421997785568235,forecast,160.0,63,693,True,,,0.0124999992549419,0.02156344614923,0.0281625613570213
traffic,PatchTST,missing_data,7,664,2366,0.4913879036903381,MSE,0.2597235441207886,1.2421997785568235,forecast,160.0,63,701,True,,,0.0223999992012977,0.0365095734596252,0.0464340038597583
traffic,PatchTST,missing_data,7,664,2366,0.4913879036903381,MSE,0.2597235441207886,1.2421997785568235,forecast,160.0,63,722,True,,,-1.862645149230957e-09,0.0073851663619279,0.0167627893388271
traffic,PatchTST,missing_data,7,664,2366,0.4913879036903381,MSE,0.2597235441207886,1.2421997785568235,forecast,160.0,63,840,True,,,0.0046999994665384,0.0389856025576591,0.2912441790103912
traffic,PatchTST,missing_data,7,664,2366,0.4913879036903381,MSE,0.2597235441207886,1.2421997785568235,forecast,161.0,64,19,True,,,0.0027999989688396,0.007037803530693,0.0886977612972259
traffic,PatchTST,missing_data,7,664,2366,0.4913879036903381,MSE,0.2597235441207886,1.2421997785568235,forecast,161.0,64,188,True,,,0.0003000013530254,-8.435919880867004e-05,0.0579292699694633
traffic,PatchTST,missing_data,7,664,2366,0.4913879036903381,MSE,0.2597235441207886,1.2421997785568235,forecast,161.0,64,217,True,,,0.0100999996066093,0.0183935761451721,0.1011186987161636
traffic,PatchTST,missing_data,7,664,2366,0.4913879036903381,MSE,0.2597235441207886,1.2421997785568235,forecast,161.0,64,251,True,,,0.010599996894598,0.0125987231731414,0.0670794621109962
traffic,PatchTST,missing_data,7,664,2366,0.4913879036903381,MSE,0.2597235441207886,1.2421997785568235,forecast,161.0,64,353,True,,,0.0044999998062849,0.0060900524258613,0.0472033023834228
traffic,PatchTST,missing_data,7,664,2366,0.4913879036903381,MSE,0.2597235441207886,1.2421997785568235,forecast,161.0,64,364,True,,,0.0157999992370605,0.0249134413897991,0.1148713752627372
traffic,PatchTST,missing_data,7,664,2366,0.4913879036903381,MSE,0.2597235441207886,1.2421997785568235,forecast,161.0,64,413,True,,,0.0086999982595443,0.020130917429924,0.1299761831760406
traffic,PatchTST,missing_data,7,664,2366,0.4913879036903381,MSE,0.2597235441207886,1.2421997785568235,forecast,161.0,64,693,True,,,0.0076999999582767,0.0147753618657588,0.0240898709744215
traffic,PatchTST,missing_data,7,664,2366,0.4913879036903381,MSE,0.2597235441207886,1.2421997785568235,forecast,161.0,64,701,True,,,0.0148999989032745,0.0190469026565551,0.038274809718132
traffic,PatchTST,missing_data,7,664,2366,0.4913879036903381,MSE,0.2597235441207886,1.2421997785568235,forecast,161.0,64,722,True,,,-1.862645149230957e-09,0.0057853274047374,0.0156908631324768
traffic,PatchTST,missing_data,7,664,2366,0.4913879036903381,MSE,0.2597235441207886,1.2421997785568235,forecast,161.0,64,840,True,,,0.0036999993026256,0.0319103561341762,0.3180620670318603
traffic,PatchTST,missing_data,7,664,2366,0.4913879036903381,MSE,0.2597235441207886,1.2421997785568235,forecast,162.0,65,19,True,,,0.0024000033736228,0.0049517787992954,0.0930888652801513
traffic,PatchTST,missing_data,7,664,2366,0.4913879036903381,MSE,0.2597235441207886,1.2421997785568235,forecast,162.0,65,188,True,,,0.0001999996602535,-0.0042518973350524,0.0644119083881378
traffic,PatchTST,missing_data,7,664,2366,0.4913879036903381,MSE,0.2597235441207886,1.2421997785568235,forecast,162.0,65,217,True,,,0.0087999999523162,0.0179784037172794,0.0966884568333625
traffic,PatchTST,missing_data,7,664,2366,0.4913879036903381,MSE,0.2597235441207886,1.2421997785568235,forecast,162.0,65,251,True,,,0.0120999999344348,0.0125916562974452,0.0779976397752761
traffic,PatchTST,missing_data,7,664,2366,0.4913879036903381,MSE,0.2597235441207886,1.2421997785568235,forecast,162.0,65,353,True,,,0.0051000006496906,0.0032312199473381,0.0578982420265674
traffic,PatchTST,missing_data,7,664,2366,0.4913879036903381,MSE,0.2597235441207886,1.2421997785568235,forecast,162.0,65,364,True,,,0.0141000002622604,0.0247284471988677,0.1044743433594703
traffic,PatchTST,missing_data,7,664,2366,0.4913879036903381,MSE,0.2597235441207886,1.2421997785568235,forecast,162.0,65,413,True,,,0.0059999972581863,0.0157691836357116,0.11735600233078
traffic,PatchTST,missing_data,7,664,2366,0.4913879036903381,MSE,0.2597235441207886,1.2421997785568235,forecast,162.0,65,693,True,,,0.0066999979317188,0.0119008868932724,0.0204767081886529
traffic,PatchTST,missing_data,7,664,2366,0.4913879036903381,MSE,0.2597235441207886,1.2421997785568235,forecast,162.0,65,701,True,,,0.0121000036597251,0.0103910565376281,0.0345829352736473
traffic,PatchTST,missing_data,7,664,2366,0.4913879036903381,MSE,0.2597235441207886,1.2421997785568235,forecast,162.0,65,722,True,,,0.0002000015228986,0.0088456012308597,0.0134926466271281
traffic,PatchTST,missing_data,7,664,2366,0.4913879036903381,MSE,0.2597235441207886,1.2421997785568235,forecast,162.0,65,840,True,,,0.004000000655651,0.018578365445137,0.3115644454956054
traffic,PatchTST,missing_data,7,664,2366,0.4913879036903381,MSE,0.2597235441207886,1.2421997785568235,forecast,163.0,66,19,True,,,0.004000000655651,0.0014795660972595,0.0988425686955452
traffic,PatchTST,missing_data,7,664,2366,0.4913879036903381,MSE,0.2597235441207886,1.2421997785568235,forecast,163.0,66,188,True,,,0.0001999996602535,-0.0069523751735687,0.0746644139289856
traffic,PatchTST,missing_data,7,664,2366,0.4913879036903381,MSE,0.2597235441207886,1.2421997785568235,forecast,163.0,66,217,True,,,0.0119000002741813,0.0182083062827587,0.1014459356665611
traffic,PatchTST,missing_data,7,664,2366,0.4913879036903381,MSE,0.2597235441207886,1.2421997785568235,forecast,163.0,66,251,True,,,0.0216000005602836,0.0191805325448513,0.0914608538150787
traffic,PatchTST,missing_data,7,664,2366,0.4913879036903381,MSE,0.2597235441207886,1.2421997785568235,forecast,163.0,66,353,True,,,0.0071999989449977,0.0023964196443557,0.069203495979309
traffic,PatchTST,missing_data,7,664,2366,0.4913879036903381,MSE,0.2597235441207886,1.2421997785568235,forecast,163.0,66,364,True,,,0.0187999941408634,0.0295501388609409,0.1087983697652816
traffic,PatchTST,missing_data,7,664,2366,0.4913879036903381,MSE,0.2597235441207886,1.2421997785568235,forecast,163.0,66,413,True,,,0.008100003004074,0.0136094689369201,0.1255683302879333
traffic,PatchTST,missing_data,7,664,2366,0.4913879036903381,MSE,0.2597235441207886,1.2421997785568235,forecast,163.0,66,693,True,,,0.0043000020086765,0.0117129571735858,0.0178600084036588
traffic,PatchTST,missing_data,7,664,2366,0.4913879036903381,MSE,0.2597235441207886,1.2421997785568235,forecast,163.0,66,701,True,,,0.0077999979257583,0.0153710916638374,0.0358612388372421
traffic,PatchTST,missing_data,7,664,2366,0.4913879036903381,MSE,0.2597235441207886,1.2421997785568235,forecast,163.0,66,722,True,,,-1.862645149230957e-09,0.015869453549385,0.0163169354200363
traffic,PatchTST,missing_data,7,664,2366,0.4913879036903381,MSE,0.2597235441207886,1.2421997785568235,forecast,163.0,66,840,True,,,0.0075000002980232,0.0215998589992523,0.3393462300300598
traffic,PatchTST,missing_data,7,664,2366,0.4913879036903381,MSE,0.2597235441207886,1.2421997785568235,forecast,164.0,67,19,True,,,0.0140000022947788,0.0131728798151016,0.0965059176087379
traffic,PatchTST,missing_data,7,664,2366,0.4913879036903381,MSE,0.2597235441207886,1.2421997785568235,forecast,164.0,67,188,True,,,0.0163000021129846,0.0117646120488643,0.0729972943663597
traffic,PatchTST,missing_data,7,664,2366,0.4913879036903381,MSE,0.2597235441207886,1.2421997785568235,forecast,164.0,67,217,True,,,0.0249000005424022,0.0341874174773693,0.1062501668930053
traffic,PatchTST,missing_data,7,664,2366,0.4913879036903381,MSE,0.2597235441207886,1.2421997785568235,forecast,164.0,67,251,True,,,0.0540000014007091,0.0472878701984882,0.0963415503501892
traffic,PatchTST,missing_data,7,664,2366,0.4913879036903381,MSE,0.2597235441207886,1.2421997785568235,forecast,164.0,67,353,True,,,0.0135999992489814,0.005252581089735,0.0694774389266967
traffic,PatchTST,missing_data,7,664,2366,0.4913879036903381,MSE,0.2597235441207886,1.2421997785568235,forecast,164.0,67,364,True,,,0.0368999987840652,0.0488949455320835,0.1219731345772743
traffic,PatchTST,missing_data,7,664,2366,0.4913879036903381,MSE,0.2597235441207886,1.2421997785568235,forecast,164.0,67,413,True,,,0.0172000005841255,0.0176497474312782,0.1334248185157776
traffic,PatchTST,missing_data,7,664,2366,0.4913879036903381,MSE,0.2597235441207886,1.2421997785568235,forecast,164.0,67,693,True,,,0.0060000009834766,0.0143857337534427,0.0203758161514997
traffic,PatchTST,missing_data,7,664,2366,0.4913879036903381,MSE,0.2597235441207886,1.2421997785568235,forecast,164.0,67,701,True,,,0.0107000023126602,0.0195550844073295,0.0379877798259258
traffic,PatchTST,missing_data,7,664,2366,0.4913879036903381,MSE,0.2597235441207886,1.2421997785568235,forecast,164.0,67,722,True,,,0.0101999994367361,0.0302769299596548,0.0325160361826419
traffic,PatchTST,missing_data,7,664,2366,0.4913879036903381,MSE,0.2597235441207886,1.2421997785568235,forecast,164.0,67,840,True,,,0.0204000007361173,0.0281497985124588,0.3360637426376343
traffic,PatchTST,missing_data,7,664,2366,0.4913879036903381,MSE,0.2597235441207886,1.2421997785568235,forecast,165.0,68,19,True,,,0.048700001090765,0.0475117675960063,0.0970955789089202
traffic,PatchTST,missing_data,7,664,2366,0.4913879036903381,MSE,0.2597235441207886,1.2421997785568235,forecast,165.0,68,188,True,,,0.0469000004231929,0.0391751043498516,0.0842686891555786
traffic,PatchTST,missing_data,7,664,2366,0.4913879036903381,MSE,0.2597235441207886,1.2421997785568235,forecast,165.0,68,217,True,,,0.0848999992012977,0.0844721049070358,0.120858147740364
traffic,PatchTST,missing_data,7,664,2366,0.4913879036903381,MSE,0.2597235441207886,1.2421997785568235,forecast,165.0,68,251,True,,,0.1057000011205673,0.0948553830385208,0.1041963696479797
traffic,PatchTST,missing_data,7,664,2366,0.4913879036903381,MSE,0.2597235441207886,1.2421997785568235,forecast,165.0,68,353,True,,,0.0299999993294477,0.013522695749998,0.0611083023250103
traffic,PatchTST,missing_data,7,664,2366,0.4913879036903381,MSE,0.2597235441207886,1.2421997785568235,forecast,165.0,68,364,True,,,0.1263000071048736,0.1173222064971923,0.1612196862697601
traffic,PatchTST,missing_data,7,664,2366,0.4913879036903381,MSE,0.2597235441207886,1.2421997785568235,forecast,165.0,68,413,True,,,0.050500001758337,0.0415856093168258,0.1472753882408142
traffic,PatchTST,missing_data,7,664,2366,0.4913879036903381,MSE,0.2597235441207886,1.2421997785568235,forecast,165.0,68,693,True,,,0.0113000012934207,0.0158280674368143,0.0230307765305042
traffic,PatchTST,missing_data,7,664,2366,0.4913879036903381,MSE,0.2597235441207886,1.2421997785568235,forecast,165.0,68,701,True,,,0.0195000022649765,0.0288290902972221,0.0428417548537254
traffic,PatchTST,missing_data,7,664,2366,0.4913879036903381,MSE,0.2597235441207886,1.2421997785568235,forecast,165.0,68,722,True,,,0.0880000069737434,0.1075964868068695,0.0875285640358924
traffic,PatchTST,missing_data,7,664,2366,0.4913879036903381,MSE,0.2597235441207886,1.2421997785568235,forecast,165.0,68,840,True,,,0.3745999932289123,0.1719032078981399,0.4247180223464966
traffic,PatchTST,missing_data,7,664,2366,0.4913879036903381,MSE,0.2597235441207886,1.2421997785568235,forecast,166.0,69,19,True,,,0.1824000030755996,0.1588287949562072,0.1459978371858596
traffic,PatchTST,missing_data,7,664,2366,0.4913879036903381,MSE,0.2597235441207886,1.2421997785568235,forecast,166.0,69,188,True,,,0.064300000667572,0.1006214693188667,0.1125716045498848
traffic,PatchTST,missing_data,7,664,2366,0.4913879036903381,MSE,0.2597235441207886,1.2421997785568235,forecast,166.0,69,217,True,,,0.2503999769687652,0.2177292108535766,0.1955344974994659
traffic,PatchTST,missing_data,7,664,2366,0.4913879036903381,MSE,0.2597235441207886,1.2421997785568235,forecast,166.0,69,251,True,,,0.1633999943733215,0.184121698141098,0.120762288570404
traffic,PatchTST,missing_data,7,664,2366,0.4913879036903381,MSE,0.2597235441207886,1.2421997785568235,forecast,166.0,69,353,True,,,0.0570000000298023,0.0452529676258564,0.0679433569312095
traffic,PatchTST,missing_data,7,664,2366,0.4913879036903381,MSE,0.2597235441207886,1.2421997785568235,forecast,166.0,69,364,True,,,0.2888000011444092,0.2570666372776031,0.2590806484222412
traffic,PatchTST,missing_data,7,664,2366,0.4913879036903381,MSE,0.2597235441207886,1.2421997785568235,forecast,166.0,69,413,True,,,0.1651999950408935,0.1148121654987335,0.202841967344284
traffic,PatchTST,missing_data,7,664,2366,0.4913879036903381,MSE,0.2597235441207886,1.2421997785568235,forecast,166.0,69,693,True,,,0.0198999978601932,0.0212707687169313,0.0269134696573019
traffic,PatchTST,missing_data,7,664,2366,0.4913879036903381,MSE,0.2597235441207886,1.2421997785568235,forecast,166.0,69,701,True,,,0.0354999974370002,0.0585178509354591,0.0644323676824569
traffic,PatchTST,missing_data,7,664,2366,0.4913879036903381,MSE,0.2597235441207886,1.2421997785568235,forecast,166.0,69,722,True,,,0.0698999986052513,0.1900719255208969,0.1317682117223739
traffic,PatchTST,missing_data,7,664,2366,0.4913879036903381,MSE,0.2597235441207886,1.2421997785568235,forecast,166.0,69,840,True,,,0.5866000056266785,0.334071010351181,0.527351975440979
traffic,PatchTST,missing_data,7,664,2366,0.4913879036903381,MSE,0.2597235441207886,1.2421997785568235,forecast,167.0,70,19,True,,,0.1266999989748001,0.2674470543861389,0.2032393515110016
traffic,PatchTST,missing_data,7,664,2366,0.4913879036903381,MSE,0.2597235441207886,1.2421997785568235,forecast,167.0,70,188,True,,,0.3447999954223633,0.2689979970455169,0.1902193278074264
traffic,PatchTST,missing_data,7,664,2366,0.4913879036903381,MSE,0.2597235441207886,1.2421997785568235,forecast,167.0,70,217,True,,,0.2073999941349029,0.3154750168323517,0.2669879496097564
traffic,PatchTST,missing_data,7,664,2366,0.4913879036903381,MSE,0.2597235441207886,1.2421997785568235,forecast,167.0,70,251,True,,,0.3337999880313873,0.2902774512767792,0.1675002723932266
traffic,PatchTST,missing_data,7,664,2366,0.4913879036903381,MSE,0.2597235441207886,1.2421997785568235,forecast,167.0,70,353,True,,,0.3801999986171722,0.1265484690666198,0.1165887117385864
traffic,PatchTST,missing_data,7,664,2366,0.4913879036903381,MSE,0.2597235441207886,1.2421997785568235,forecast,167.0,70,364,True,,,0.3312000036239624,0.3627914786338806,0.3374963700771332
traffic,PatchTST,missing_data,7,664,2366,0.4913879036903381,MSE,0.2597235441207886,1.2421997785568235,forecast,167.0,70,413,True,,,0.438400000333786,0.2713993191719055,0.3428529798984527
traffic,PatchTST,missing_data,7,664,2366,0.4913879036903381,MSE,0.2597235441207886,1.2421997785568235,forecast,167.0,70,693,True,,,0.0294000003486871,0.0248731393367052,0.0325161814689636
traffic,PatchTST,missing_data,7,664,2366,0.4913879036903381,MSE,0.2597235441207886,1.2421997785568235,forecast,167.0,70,701,True,,,0.0524000003933906,0.0884908288717269,0.092654675245285
traffic,PatchTST,missing_data,7,664,2366,0.4913879036903381,MSE,0.2597235441207886,1.2421997785568235,forecast,167.0,70,722,True,,,0.0269000008702278,0.1133571118116378,0.0734553858637809
traffic,PatchTST,missing_data,7,664,2366,0.4913879036903381,MSE,0.2597235441207886,1.2421997785568235,forecast,167.0,70,840,True,,,0.5473999977111816,0.3605114221572876,0.5548333525657654
traffic,PatchTST,missing_data,7,664,2366,0.4913879036903381,MSE,0.2597235441207886,1.2421997785568235,forecast,168.0,71,19,True,,,0.0678000003099441,0.2364517003297805,0.1853820830583572
traffic,PatchTST,missing_data,7,664,2366,0.4913879036903381,MSE,0.2597235441207886,1.2421997785568235,forecast,168.0,71,188,True,,,0.3273999691009521,0.2655320465564728,0.191101923584938
traffic,PatchTST,missing_data,7,664,2366,0.4913879036903381,MSE,0.2597235441207886,1.2421997785568235,forecast,168.0,71,217,True,,,0.120899997651577,0.2855001389980316,0.2556708455085754
traffic,PatchTST,missing_data,7,664,2366,0.4913879036903381,MSE,0.2597235441207886,1.2421997785568235,forecast,168.0,71,251,True,,,0.1660999953746795,0.2424496114253997,0.1595762073993683
traffic,PatchTST,missing_data,7,664,2366,0.4913879036903381,MSE,0.2597235441207886,1.2421997785568235,forecast,168.0,71,353,True,,,0.1035000085830688,0.0883112922310829,0.082449696958065
traffic,PatchTST,missing_data,7,664,2366,0.4913879036903381,MSE,0.2597235441207886,1.2421997785568235,forecast,168.0,71,364,True,,,0.2032999992370605,0.3494322001934051,0.3296867609024048
traffic,PatchTST,missing_data,7,664,2366,0.4913879036903381,MSE,0.2597235441207886,1.2421997785568235,forecast,168.0,71,413,True,,,0.4535999894142151,0.3238849341869354,0.3768444657325744
traffic,PatchTST,missing_data,7,664,2366,0.4913879036903381,MSE,0.2597235441207886,1.2421997785568235,forecast,168.0,71,693,True,,,0.0337999984622001,0.0277480781078338,0.0357220619916915
traffic,PatchTST,missing_data,7,664,2366,0.4913879036903381,MSE,0.2597235441207886,1.2421997785568235,forecast,168.0,71,701,True,,,0.062399998307228,0.1084091216325759,0.1137422919273376
traffic,PatchTST,missing_data,7,664,2366,0.4913879036903381,MSE,0.2597235441207886,1.2421997785568235,forecast,168.0,71,722,True,,,0.0324999988079071,0.0765331983566284,0.0617591366171836
traffic,PatchTST,missing_data,7,664,2366,0.4913879036903381,MSE,0.2597235441207886,1.2421997785568235,forecast,168.0,71,840,True,,,0.4221000075340271,0.3224924504756927,0.5248666405677795
traffic,PatchTST,missing_data,7,664,2366,0.4913879036903381,MSE,0.2597235441207886,1.2421997785568235,forecast,169.0,72,19,True,,,0.0723000019788742,0.130820482969284,0.1501539200544357
traffic,PatchTST,missing_data,7,664,2366,0.4913879036903381,MSE,0.2597235441207886,1.2421997785568235,forecast,169.0,72,188,True,,,0.0588999986648559,0.1251697540283203,0.1360377371311187
traffic,PatchTST,missing_data,7,664,2366,0.4913879036903381,MSE,0.2597235441207886,1.2421997785568235,forecast,169.0,72,217,True,,,0.1020999997854232,0.176874041557312,0.2066923081874847
traffic,PatchTST,missing_data,7,664,2366,0.4913879036903381,MSE,0.2597235441207886,1.2421997785568235,forecast,169.0,72,251,True,,,0.0873000025749206,0.1302753686904907,0.1130080893635749
traffic,PatchTST,missing_data,7,664,2366,0.4913879036903381,MSE,0.2597235441207886,1.2421997785568235,forecast,169.0,72,353,True,,,0.0483999997377395,0.0641214400529861,0.0688335746526718
traffic,PatchTST,missing_data,7,664,2366,0.4913879036903381,MSE,0.2597235441207886,1.2421997785568235,forecast,169.0,72,364,True,,,0.1536999940872192,0.2311215549707412,0.263001799583435
traffic,PatchTST,missing_data,7,664,2366,0.4913879036903381,MSE,0.2597235441207886,1.2421997785568235,forecast,169.0,72,413,True,,,0.3952000141143799,0.3033972978591919,0.3651667535305023
traffic,PatchTST,missing_data,7,664,2366,0.4913879036903381,MSE,0.2597235441207886,1.2421997785568235,forecast,169.0,72,693,True,,,0.0340999998152256,0.0312395486980676,0.0373224020004272
traffic,PatchTST,missing_data,7,664,2366,0.4913879036903381,MSE,0.2597235441207886,1.2421997785568235,forecast,169.0,72,701,True,,,0.0631999969482421,0.0981983840465545,0.1073836609721183
traffic,PatchTST,missing_data,7,664,2366,0.4913879036903381,MSE,0.2597235441207886,1.2421997785568235,forecast,169.0,72,722,True,,,0.0355999991297721,0.0709158852696418,0.0669844672083854
traffic,PatchTST,missing_data,7,664,2366,0.4913879036903381,MSE,0.2597235441207886,1.2421997785568235,forecast,169.0,72,840,True,,,0.0785999968647956,0.2307336926460266,0.4230382144451141
traffic,PatchTST,missing_data,7,664,2366,0.4913879036903381,MSE,0.2597235441207886,1.2421997785568235,forecast,170.0,73,19,True,,,0.0687000006437301,0.0805132165551185,0.1219749450683593
traffic,PatchTST,missing_data,7,664,2366,0.4913879036903381,MSE,0.2597235441207886,1.2421997785568235,forecast,170.0,73,188,True,,,0.0606999993324279,0.070510447025299,0.0965379476547241
traffic,PatchTST,missing_data,7,664,2366,0.4913879036903381,MSE,0.2597235441207886,1.2421997785568235,forecast,170.0,73,217,True,,,0.100100003182888,0.1204881891608238,0.1698007881641388
traffic,PatchTST,missing_data,7,664,2366,0.4913879036903381,MSE,0.2597235441207886,1.2421997785568235,forecast,170.0,73,251,True,,,0.0879999995231628,0.099340334534645,0.0974815711379051
traffic,PatchTST,missing_data,7,664,2366,0.4913879036903381,MSE,0.2597235441207886,1.2421997785568235,forecast,170.0,73,353,True,,,0.045899998396635,0.0484134070575237,0.076980322599411
traffic,PatchTST,missing_data,7,664,2366,0.4913879036903381,MSE,0.2597235441207886,1.2421997785568235,forecast,170.0,73,364,True,,,0.1539999991655349,0.1602073758840561,0.2156141847372055
traffic,PatchTST,missing_data,7,664,2366,0.4913879036903381,MSE,0.2597235441207886,1.2421997785568235,forecast,170.0,73,413,True,,,0.2036000043153762,0.2148348093032837,0.3062015175819397
traffic,PatchTST,missing_data,7,664,2366,0.4913879036903381,MSE,0.2597235441207886,1.2421997785568235,forecast,170.0,73,693,True,,,0.0342999994754791,0.0352455526590347,0.0371496528387069
traffic,PatchTST,missing_data,7,664,2366,0.4913879036903381,MSE,0.2597235441207886,1.2421997785568235,forecast,170.0,73,701,True,,,0.0649000033736229,0.0723673328757286,0.07731594145298
traffic,PatchTST,missing_data,7,664,2366,0.4913879036903381,MSE,0.2597235441207886,1.2421997785568235,forecast,170.0,73,722,True,,,0.0355000011622905,0.0556442961096763,0.0502685606479644
traffic,PatchTST,missing_data,7,664,2366,0.4913879036903381,MSE,0.2597235441207886,1.2421997785568235,forecast,170.0,73,840,True,,,0.0381000004708766,0.1596012562513351,0.3708842098712921
traffic,PatchTST,missing_data,7,664,2366,0.4913879036903381,MSE,0.2597235441207886,1.2421997785568235,forecast,171.0,74,19,True,,,0.0560000017285347,0.0656122639775276,0.1126871705055236
traffic,PatchTST,missing_data,7,664,2366,0.4913879036903381,MSE,0.2597235441207886,1.2421997785568235,forecast,171.0,74,188,True,,,0.061999998986721,0.0603165924549102,0.0911547392606735
traffic,PatchTST,missing_data,7,664,2366,0.4913879036903381,MSE,0.2597235441207886,1.2421997785568235,forecast,171.0,74,217,True,,,0.0904000028967857,0.1011628061532974,0.1577819734811782
traffic,PatchTST,missing_data,7,664,2366,0.4913879036903381,MSE,0.2597235441207886,1.2421997785568235,forecast,171.0,74,251,True,,,0.0825999975204467,0.0901918113231659,0.0985816568136215
traffic,PatchTST,missing_data,7,664,2366,0.4913879036903381,MSE,0.2597235441207886,1.2421997785568235,forecast,171.0,74,353,True,,,0.0447999984025955,0.038475040346384,0.0891981124877929
traffic,PatchTST,missing_data,7,664,2366,0.4913879036903381,MSE,0.2597235441207886,1.2421997785568235,forecast,171.0,74,364,True,,,0.1307000070810318,0.1352807283401489,0.2065910398960113
traffic,PatchTST,missing_data,7,664,2366,0.4913879036903381,MSE,0.2597235441207886,1.2421997785568235,forecast,171.0,74,413,True,,,0.0913000032305717,0.1051603928208351,0.2365584969520568
traffic,PatchTST,missing_data,7,664,2366,0.4913879036903381,MSE,0.2597235441207886,1.2421997785568235,forecast,171.0,74,693,True,,,0.0344999991357326,0.0372591689229011,0.0355062149465084
traffic,PatchTST,missing_data,7,664,2366,0.4913879036903381,MSE,0.2597235441207886,1.2421997785568235,forecast,171.0,74,701,True,,,0.065700002014637,0.0740687251091003,0.074137806892395
traffic,PatchTST,missing_data,7,664,2366,0.4913879036903381,MSE,0.2597235441207886,1.2421997785568235,forecast,171.0,74,722,True,,,0.0346000008285045,0.0498877204954624,0.044521577656269
traffic,PatchTST,missing_data,7,664,2366,0.4913879036903381,MSE,0.2597235441207886,1.2421997785568235,forecast,171.0,74,840,True,,,0.0364000014960765,0.129380777478218,0.3332280814647674
traffic,PatchTST,missing_data,7,664,2366,0.4913879036903381,MSE,0.2597235441207886,1.2421997785568235,forecast,172.0,75,19,True,,,0.0549000017344951,0.0615264400839805,0.1228263080120086
traffic,PatchTST,missing_data,7,664,2366,0.4913879036903381,MSE,0.2597235441207886,1.2421997785568235,forecast,172.0,75,188,True,,,0.062399998307228,0.0573910400271415,0.1037690639495849
traffic,PatchTST,missing_data,7,664,2366,0.4913879036903381,MSE,0.2597235441207886,1.2421997785568235,forecast,172.0,75,217,True,,,0.0892999991774559,0.0939457342028617,0.165587306022644
traffic,PatchTST,missing_data,7,664,2366,0.4913879036903381,MSE,0.2597235441207886,1.2421997785568235,forecast,172.0,75,251,True,,,0.0826999992132186,0.0832941457629203,0.1220928430557251
traffic,PatchTST,missing_data,7,664,2366,0.4913879036903381,MSE,0.2597235441207886,1.2421997785568235,forecast,172.0,75,353,True,,,0.0461000017821788,0.0435860939323902,0.114680603146553
traffic,PatchTST,missing_data,7,664,2366,0.4913879036903381,MSE,0.2597235441207886,1.2421997785568235,forecast,172.0,75,364,True,,,0.12219999730587,0.125351995229721,0.2103403359651565
traffic,PatchTST,missing_data,7,664,2366,0.4913879036903381,MSE,0.2597235441207886,1.2421997785568235,forecast,172.0,75,413,True,,,0.0877000018954277,0.0833225175738334,0.2274961769580841
traffic,PatchTST,missing_data,7,664,2366,0.4913879036903381,MSE,0.2597235441207886,1.2421997785568235,forecast,172.0,75,693,True,,,0.0357999987900257,0.0380252934992313,0.037191953510046
traffic,PatchTST,missing_data,7,664,2366,0.4913879036903381,MSE,0.2597235441207886,1.2421997785568235,forecast,172.0,75,701,True,,,0.0689999982714653,0.0754386782646179,0.0751526355743408
traffic,PatchTST,missing_data,7,664,2366,0.4913879036903381,MSE,0.2597235441207886,1.2421997785568235,forecast,172.0,75,722,True,,,0.0366000011563301,0.0464353635907173,0.0421443544328212
traffic,PatchTST,missing_data,7,664,2366,0.4913879036903381,MSE,0.2597235441207886,1.2421997785568235,forecast,172.0,75,840,True,,,0.0375999994575977,0.0871090590953826,0.2629775702953338
traffic,PatchTST,missing_data,7,664,2366,0.4913879036903381,MSE,0.2597235441207886,1.2421997785568235,forecast,173.0,76,19,True,,,0.0610000006854534,0.0620117485523223,0.1307883113622665
traffic,PatchTST,missing_data,7,664,2366,0.4913879036903381,MSE,0.2597235441207886,1.2421997785568235,forecast,173.0,76,188,True,,,0.0597999989986419,0.0580587722361087,0.1086504682898521
traffic,PatchTST,missing_data,7,664,2366,0.4913879036903381,MSE,0.2597235441207886,1.2421997785568235,forecast,173.0,76,217,True,,,0.09740000218153,0.0953177511692047,0.1687118709087371
traffic,PatchTST,missing_data,7,664,2366,0.4913879036903381,MSE,0.2597235441207886,1.2421997785568235,forecast,173.0,76,251,True,,,0.0816999971866607,0.086267665028572,0.140019416809082
traffic,PatchTST,missing_data,7,664,2366,0.4913879036903381,MSE,0.2597235441207886,1.2421997785568235,forecast,173.0,76,353,True,,,0.0476000010967254,0.0484880805015563,0.1202993541955947
traffic,PatchTST,missing_data,7,664,2366,0.4913879036903381,MSE,0.2597235441207886,1.2421997785568235,forecast,173.0,76,364,True,,,0.1393000036478042,0.1266839504241943,0.2155033200979232
traffic,PatchTST,missing_data,7,664,2366,0.4913879036903381,MSE,0.2597235441207886,1.2421997785568235,forecast,173.0,76,413,True,,,0.0829999968409538,0.0887453258037567,0.2230727970600128
traffic,PatchTST,missing_data,7,664,2366,0.4913879036903381,MSE,0.2597235441207886,1.2421997785568235,forecast,173.0,76,693,True,,,0.0368000008165836,0.0361808724701404,0.0369087159633636
traffic,PatchTST,missing_data,7,664,2366,0.4913879036903381,MSE,0.2597235441207886,1.2421997785568235,forecast,173.0,76,701,True,,,0.0728000029921531,0.0819148048758506,0.0824874714016914
traffic,PatchTST,missing_data,7,664,2366,0.4913879036903381,MSE,0.2597235441207886,1.2421997785568235,forecast,173.0,76,722,True,,,0.0335999988019466,0.0430902801454067,0.0400521270930767
traffic,PatchTST,missing_data,7,664,2366,0.4913879036903381,MSE,0.2597235441207886,1.2421997785568235,forecast,173.0,76,840,True,,,0.0390000008046627,0.0607100911438465,0.2306565195322036
traffic,PatchTST,missing_data,7,664,2366,0.4913879036903381,MSE,0.2597235441207886,1.2421997785568235,forecast,174.0,77,19,True,,,0.0635000020265579,0.0638665854930877,0.1489589065313339
traffic,PatchTST,missing_data,7,664,2366,0.4913879036903381,MSE,0.2597235441207886,1.2421997785568235,forecast,174.0,77,188,True,,,0.0631999969482421,0.0590797998011112,0.1131002753973007
traffic,PatchTST,missing_data,7,664,2366,0.4913879036903381,MSE,0.2597235441207886,1.2421997785568235,forecast,174.0,77,217,True,,,0.1006999984383583,0.1018031686544418,0.1843376159667968
traffic,PatchTST,missing_data,7,664,2366,0.4913879036903381,MSE,0.2597235441207886,1.2421997785568235,forecast,174.0,77,251,True,,,0.0741000026464462,0.0802560523152351,0.1364351511001587
traffic,PatchTST,missing_data,7,664,2366,0.4913879036903381,MSE,0.2597235441207886,1.2421997785568235,forecast,174.0,77,353,True,,,0.0450999997556209,0.0504093021154403,0.1248420178890228
traffic,PatchTST,missing_data,7,664,2366,0.4913879036903381,MSE,0.2597235441207886,1.2421997785568235,forecast,174.0,77,364,True,,,0.1369999945163726,0.1349082589149475,0.2278814166784286
traffic,PatchTST,missing_data,7,664,2366,0.4913879036903381,MSE,0.2597235441207886,1.2421997785568235,forecast,174.0,77,413,True,,,0.0812999978661537,0.0891005396842956,0.2211219072341919
traffic,PatchTST,missing_data,7,664,2366,0.4913879036903381,MSE,0.2597235441207886,1.2421997785568235,forecast,174.0,77,693,True,,,0.0392000004649162,0.0366441085934639,0.038962684571743
traffic,PatchTST,missing_data,7,664,2366,0.4913879036903381,MSE,0.2597235441207886,1.2421997785568235,forecast,174.0,77,701,True,,,0.0861999988555908,0.1286748051643371,0.1275243014097213
traffic,PatchTST,missing_data,7,664,2366,0.4913879036903381,MSE,0.2597235441207886,1.2421997785568235,forecast,174.0,77,722,True,,,0.0295000001788139,0.0364148244261741,0.0361441187560558
traffic,PatchTST,missing_data,7,664,2366,0.4913879036903381,MSE,0.2597235441207886,1.2421997785568235,forecast,174.0,77,840,True,,,0.0326999984681606,0.048397772014141,0.2532685101032257
traffic,PatchTST,missing_data,7,664,2366,0.4913879036903381,MSE,0.2597235441207886,1.2421997785568235,forecast,175.0,78,19,True,,,0.0632999986410141,0.067721739411354,0.149694412946701
traffic,PatchTST,missing_data,7,664,2366,0.4913879036903381,MSE,0.2597235441207886,1.2421997785568235,forecast,175.0,78,188,True,,,0.0553000010550022,0.0591238439083099,0.1112657636404037
traffic,PatchTST,missing_data,7,664,2366,0.4913879036903381,MSE,0.2597235441207886,1.2421997785568235,forecast,175.0,78,217,True,,,0.1184000074863433,0.113423928618431,0.1888048499822616
traffic,PatchTST,missing_data,7,664,2366,0.4913879036903381,MSE,0.2597235441207886,1.2421997785568235,forecast,175.0,78,251,True,,,0.0740000009536743,0.0719384104013443,0.1282940804958343
traffic,PatchTST,missing_data,7,664,2366,0.4913879036903381,MSE,0.2597235441207886,1.2421997785568235,forecast,175.0,78,353,True,,,0.0452999994158744,0.0522637106478214,0.1211971640586853
traffic,PatchTST,missing_data,7,664,2366,0.4913879036903381,MSE,0.2597235441207886,1.2421997785568235,forecast,175.0,78,364,True,,,0.1704999953508377,0.1480274498462677,0.2265961170196533
traffic,PatchTST,missing_data,7,664,2366,0.4913879036903381,MSE,0.2597235441207886,1.2421997785568235,forecast,175.0,78,413,True,,,0.0879999995231628,0.0900387689471244,0.205357626080513
traffic,PatchTST,missing_data,7,664,2366,0.4913879036903381,MSE,0.2597235441207886,1.2421997785568235,forecast,175.0,78,693,True,,,0.0425999984145164,0.042580634355545,0.0450034737586975
traffic,PatchTST,missing_data,7,664,2366,0.4913879036903381,MSE,0.2597235441207886,1.2421997785568235,forecast,175.0,78,701,True,,,0.3562000095844269,0.2114337384700775,0.1817479580640792
traffic,PatchTST,missing_data,7,664,2366,0.4913879036903381,MSE,0.2597235441207886,1.2421997785568235,forecast,175.0,78,722,True,,,0.0256999991834163,0.0355232171714305,0.0353488028049469
traffic,PatchTST,missing_data,7,664,2366,0.4913879036903381,MSE,0.2597235441207886,1.2421997785568235,forecast,175.0,78,840,True,,,0.0291000008583068,0.048957847058773,0.2631067335605621
traffic,PatchTST,missing_data,7,664,2366,0.4913879036903381,MSE,0.2597235441207886,1.2421997785568235,forecast,176.0,79,19,True,,,0.065600000321865,0.0722411051392555,0.1436297595500946
traffic,PatchTST,missing_data,7,664,2366,0.4913879036903381,MSE,0.2597235441207886,1.2421997785568235,forecast,176.0,79,188,True,,,0.061099998652935,0.0634524822235107,0.1149060204625129
traffic,PatchTST,missing_data,7,664,2366,0.4913879036903381,MSE,0.2597235441207886,1.2421997785568235,forecast,176.0,79,217,True,,,0.1190000027418136,0.1218410432338714,0.1854977905750274
traffic,PatchTST,missing_data,7,664,2366,0.4913879036903381,MSE,0.2597235441207886,1.2421997785568235,forecast,176.0,79,251,True,,,0.0724999979138374,0.0754642039537429,0.1271281093358993
traffic,PatchTST,missing_data,7,664,2366,0.4913879036903381,MSE,0.2597235441207886,1.2421997785568235,forecast,176.0,79,353,True,,,0.0471000000834465,0.0583503134548664,0.1143072992563247
traffic,PatchTST,missing_data,7,664,2366,0.4913879036903381,MSE,0.2597235441207886,1.2421997785568235,forecast,176.0,79,364,True,,,0.1706999987363815,0.1569849550724029,0.2120716869831085
traffic,PatchTST,missing_data,7,664,2366,0.4913879036903381,MSE,0.2597235441207886,1.2421997785568235,forecast,176.0,79,413,True,,,0.0894000008702278,0.0956185609102249,0.1903475224971771
traffic,PatchTST,missing_data,7,664,2366,0.4913879036903381,MSE,0.2597235441207886,1.2421997785568235,forecast,176.0,79,693,True,,,0.0384000018239021,0.0611193068325519,0.0650752037763595
traffic,PatchTST,missing_data,7,664,2366,0.4913879036903381,MSE,0.2597235441207886,1.2421997785568235,forecast,176.0,79,701,True,,,0.5141000151634216,0.3074554800987243,0.2446278035640716
traffic,PatchTST,missing_data,7,664,2366,0.4913879036903381,MSE,0.2597235441207886,1.2421997785568235,forecast,176.0,79,722,True,,,0.0263999998569488,0.0338902883231639,0.0330258384346962
traffic,PatchTST,missing_data,7,664,2366,0.4913879036903381,MSE,0.2597235441207886,1.2421997785568235,forecast,176.0,79,840,True,,,0.0291000008583068,0.0449138768017292,0.2406296581029892
traffic,PatchTST,missing_data,7,664,2366,0.4913879036903381,MSE,0.2597235441207886,1.2421997785568235,forecast,177.0,80,19,True,,,0.0763999968767166,0.0764925926923751,0.1357490122318267
traffic,PatchTST,missing_data,7,664,2366,0.4913879036903381,MSE,0.2597235441207886,1.2421997785568235,forecast,177.0,80,188,True,,,0.0533000007271766,0.0613142140209674,0.1022688522934913
traffic,PatchTST,missing_data,7,664,2366,0.4913879036903381,MSE,0.2597235441207886,1.2421997785568235,forecast,177.0,80,217,True,,,0.1296000033617019,0.1285287290811538,0.1869645416736602
traffic,PatchTST,missing_data,7,664,2366,0.4913879036903381,MSE,0.2597235441207886,1.2421997785568235,forecast,177.0,80,251,True,,,0.0734999999403953,0.0774041786789894,0.1180625557899475
traffic,PatchTST,missing_data,7,664,2366,0.4913879036903381,MSE,0.2597235441207886,1.2421997785568235,forecast,177.0,80,353,True,,,0.0489000007510185,0.0585580393671989,0.1006947010755539
traffic,PatchTST,missing_data,7,664,2366,0.4913879036903381,MSE,0.2597235441207886,1.2421997785568235,forecast,177.0,80,364,True,,,0.1706999987363815,0.1700102686882019,0.2178869396448135
traffic,PatchTST,missing_data,7,664,2366,0.4913879036903381,MSE,0.2597235441207886,1.2421997785568235,forecast,177.0,80,413,True,,,0.100500002503395,0.1041888147592544,0.1792617738246917
traffic,PatchTST,missing_data,7,664,2366,0.4913879036903381,MSE,0.2597235441207886,1.2421997785568235,forecast,177.0,80,693,True,,,0.0493000000715255,0.0739017501473426,0.0820450186729431
traffic,PatchTST,missing_data,7,664,2366,0.4913879036903381,MSE,0.2597235441207886,1.2421997785568235,forecast,177.0,80,701,True,,,0.4973999857902527,0.3880345523357391,0.3163504302501678
traffic,PatchTST,missing_data,7,664,2366,0.4913879036903381,MSE,0.2597235441207886,1.2421997785568235,forecast,177.0,80,722,True,,,0.025000000372529,0.0328426994383335,0.0313250087201595
traffic,PatchTST,missing_data,7,664,2366,0.4913879036903381,MSE,0.2597235441207886,1.2421997785568235,forecast,177.0,80,840,True,,,0.0289999991655349,0.0425488278269767,0.2223530113697052
traffic,PatchTST,missing_data,7,664,2366,0.4913879036903381,MSE,0.2597235441207886,1.2421997785568235,forecast,178.0,81,19,True,,,0.0560000017285347,0.0659674778580665,0.1388752907514572
traffic,PatchTST,missing_data,7,664,2366,0.4913879036903381,MSE,0.2597235441207886,1.2421997785568235,forecast,178.0,81,188,True,,,0.0511000007390975,0.0510285757482051,0.0989654287695884
traffic,PatchTST,missing_data,7,664,2366,0.4913879036903381,MSE,0.2597235441207886,1.2421997785568235,forecast,178.0,81,217,True,,,0.1036999970674514,0.1034749671816825,0.1819278299808502
traffic,PatchTST,missing_data,7,664,2366,0.4913879036903381,MSE,0.2597235441207886,1.2421997785568235,forecast,178.0,81,251,True,,,0.064699999988079,0.0649704709649086,0.1122895330190658
traffic,PatchTST,missing_data,7,664,2366,0.4913879036903381,MSE,0.2597235441207886,1.2421997785568235,forecast,178.0,81,353,True,,,0.0428000018000602,0.0499891564249992,0.0943637564778328
traffic,PatchTST,missing_data,7,664,2366,0.4913879036903381,MSE,0.2597235441207886,1.2421997785568235,forecast,178.0,81,364,True,,,0.1360000073909759,0.1417116671800613,0.2094524204730987
traffic,PatchTST,missing_data,7,664,2366,0.4913879036903381,MSE,0.2597235441207886,1.2421997785568235,forecast,178.0,81,413,True,,,0.1028999984264373,0.0897949263453483,0.1841375827789306
traffic,PatchTST,missing_data,7,664,2366,0.4913879036903381,MSE,0.2597235441207886,1.2421997785568235,forecast,178.0,81,693,True,,,0.4880000054836273,0.0791376382112503,0.0898859649896621
traffic,PatchTST,missing_data,7,664,2366,0.4913879036903381,MSE,0.2597235441207886,1.2421997785568235,forecast,178.0,81,701,True,,,0.5882999897003174,0.3613460958003998,0.3021638393402099
traffic,PatchTST,missing_data,7,664,2366,0.4913879036903381,MSE,0.2597235441207886,1.2421997785568235,forecast,178.0,81,722,True,,,0.0185000002384185,0.0252242665737867,0.0251172725111246
traffic,PatchTST,missing_data,7,664,2366,0.4913879036903381,MSE,0.2597235441207886,1.2421997785568235,forecast,178.0,81,840,True,,,0.0221999995410442,0.041272722184658,0.2427734136581421
traffic,PatchTST,missing_data,7,664,2366,0.4913879036903381,MSE,0.2597235441207886,1.2421997785568235,forecast,179.0,82,19,True,,,0.0366999991238117,0.0463648810982704,0.1322647482156753
traffic,PatchTST,missing_data,7,664,2366,0.4913879036903381,MSE,0.2597235441207886,1.2421997785568235,forecast,179.0,82,188,True,,,0.0406999997794628,0.0464955046772956,0.1040033549070358
traffic,PatchTST,missing_data,7,664,2366,0.4913879036903381,MSE,0.2597235441207886,1.2421997785568235,forecast,179.0,82,217,True,,,0.061999998986721,0.0648692324757576,0.1667174994945526
traffic,PatchTST,missing_data,7,664,2366,0.4913879036903381,MSE,0.2597235441207886,1.2421997785568235,forecast,179.0,82,251,True,,,0.0498000010848045,0.0535940900444984,0.1120920702815055
traffic,PatchTST,missing_data,7,664,2366,0.4913879036903381,MSE,0.2597235441207886,1.2421997785568235,forecast,179.0,82,353,True,,,0.0335999988019466,0.0425542071461677,0.0981245636940002
traffic,PatchTST,missing_data,7,664,2366,0.4913879036903381,MSE,0.2597235441207886,1.2421997785568235,forecast,179.0,82,364,True,,,0.089599996805191,0.0904946327209472,0.187304139137268
traffic,PatchTST,missing_data,7,664,2366,0.4913879036903381,MSE,0.2597235441207886,1.2421997785568235,forecast,179.0,82,413,True,,,0.0671999976038932,0.0696071833372116,0.1885367333889007
traffic,PatchTST,missing_data,7,664,2366,0.4913879036903381,MSE,0.2597235441207886,1.2421997785568235,forecast,179.0,82,693,True,,,0.1156999915838241,0.0589206404983997,0.0626845806837081
traffic,PatchTST,missing_data,7,664,2366,0.4913879036903381,MSE,0.2597235441207886,1.2421997785568235,forecast,179.0,82,701,True,,,0.2551000118255615,0.1833201795816421,0.1527259796857834
traffic,PatchTST,missing_data,7,664,2366,0.4913879036903381,MSE,0.2597235441207886,1.2421997785568235,forecast,179.0,82,722,True,,,0.0100999996066093,0.0130831813439726,0.0153271341696381
traffic,PatchTST,missing_data,7,664,2366,0.4913879036903381,MSE,0.2597235441207886,1.2421997785568235,forecast,179.0,82,840,True,,,0.0164000000804662,0.0330372303724288,0.2575657963752746
traffic,PatchTST,missing_data,7,664,2366,0.4913879036903381,MSE,0.2597235441207886,1.2421997785568235,forecast,180.0,83,19,True,,,0.0247000008821487,0.0339154675602912,0.1293825209140777
traffic,PatchTST,missing_data,7,664,2366,0.4913879036903381,MSE,0.2597235441207886,1.2421997785568235,forecast,180.0,83,188,True,,,0.0366999991238117,0.0399962551891803,0.0987051352858543
traffic,PatchTST,missing_data,7,664,2366,0.4913879036903381,MSE,0.2597235441207886,1.2421997785568235,forecast,180.0,83,217,True,,,0.0430999994277954,0.0504334382712841,0.1680390238761901
traffic,PatchTST,missing_data,7,664,2366,0.4913879036903381,MSE,0.2597235441207886,1.2421997785568235,forecast,180.0,83,251,True,,,0.0417999997735023,0.0438317954540252,0.115627035498619
traffic,PatchTST,missing_data,7,664,2366,0.4913879036903381,MSE,0.2597235441207886,1.2421997785568235,forecast,180.0,83,353,True,,,0.0219000000506639,0.0326667986810207,0.0927672386169433
traffic,PatchTST,missing_data,7,664,2366,0.4913879036903381,MSE,0.2597235441207886,1.2421997785568235,forecast,180.0,83,364,True,,,0.0671000033617019,0.0686310604214668,0.1856511235237121
traffic,PatchTST,missing_data,7,664,2366,0.4913879036903381,MSE,0.2597235441207886,1.2421997785568235,forecast,180.0,83,413,True,,,0.0533999986946582,0.0587858743965625,0.1792211234569549
traffic,PatchTST,missing_data,7,664,2366,0.4913879036903381,MSE,0.2597235441207886,1.2421997785568235,forecast,180.0,83,693,True,,,0.0443000011146068,0.0328208059072494,0.0307416915893554
traffic,PatchTST,missing_data,7,664,2366,0.4913879036903381,MSE,0.2597235441207886,1.2421997785568235,forecast,180.0,83,701,True,,,0.0847000032663345,0.0539434440433979,0.0608983822166919
traffic,PatchTST,missing_data,7,664,2366,0.4913879036903381,MSE,0.2597235441207886,1.2421997785568235,forecast,180.0,83,722,True,,,0.0007000006735324,0.0068381037563085,0.0118006924167275
traffic,PatchTST,missing_data,7,664,2366,0.4913879036903381,MSE,0.2597235441207886,1.2421997785568235,forecast,180.0,83,840,True,,,0.0120999999344348,0.0337954945862293,0.2554120719432831
traffic,PatchTST,missing_data,7,664,2366,0.4913879036903381,MSE,0.2597235441207886,1.2421997785568235,forecast,181.0,84,19,True,,,0.0214000009000301,0.0275527536869049,0.1133806705474853
traffic,PatchTST,missing_data,7,664,2366,0.4913879036903381,MSE,0.2597235441207886,1.2421997785568235,forecast,181.0,84,188,True,,,0.0261000003665685,0.0328686498105526,0.0845189690589904
traffic,PatchTST,missing_data,7,664,2366,0.4913879036903381,MSE,0.2597235441207886,1.2421997785568235,forecast,181.0,84,217,True,,,0.0357000008225441,0.0412915870547294,0.1492253541946411
traffic,PatchTST,missing_data,7,664,2366,0.4913879036903381,MSE,0.2597235441207886,1.2421997785568235,forecast,181.0,84,251,True,,,0.0375000014901161,0.0363430604338645,0.1073451489210128
traffic,PatchTST,missing_data,7,664,2366,0.4913879036903381,MSE,0.2597235441207886,1.2421997785568235,forecast,181.0,84,353,True,,,0.0187999997287988,0.0300111677497625,0.0847141221165657
traffic,PatchTST,missing_data,7,664,2366,0.4913879036903381,MSE,0.2597235441207886,1.2421997785568235,forecast,181.0,84,364,True,,,0.0555999986827373,0.0570116341114044,0.1690302193164825
traffic,PatchTST,missing_data,7,664,2366,0.4913879036903381,MSE,0.2597235441207886,1.2421997785568235,forecast,181.0,84,413,True,,,0.0441999994218349,0.0519680865108966,0.1499059200286865
traffic,PatchTST,missing_data,7,664,2366,0.4913879036903381,MSE,0.2597235441207886,1.2421997785568235,forecast,181.0,84,693,True,,,0.0340000018477439,0.0355090871453285,0.0366699211299419
traffic,PatchTST,missing_data,7,664,2366,0.4913879036903381,MSE,0.2597235441207886,1.2421997785568235,forecast,181.0,84,701,True,,,0.065600000321865,0.0506191700696945,0.0638720691204071
traffic,PatchTST,missing_data,7,664,2366,0.4913879036903381,MSE,0.2597235441207886,1.2421997785568235,forecast,181.0,84,722,True,,,0.0012000016868114,0.0023493971675634,0.0081555694341659
traffic,PatchTST,missing_data,7,664,2366,0.4913879036903381,MSE,0.2597235441207886,1.2421997785568235,forecast,181.0,84,840,True,,,0.0120000001043081,0.0231576710939407,0.2358932197093963
traffic,PatchTST,missing_data,7,664,2366,0.4913879036903381,MSE,0.2597235441207886,1.2421997785568235,forecast,182.0,85,19,True,,,0.0159000009298324,0.0194398090243339,0.0956686809659004
traffic,PatchTST,missing_data,7,664,2366,0.4913879036903381,MSE,0.2597235441207886,1.2421997785568235,forecast,182.0,85,188,True,,,0.0154999997466802,0.0225018672645092,0.0776632502675056
traffic,PatchTST,missing_data,7,664,2366,0.4913879036903381,MSE,0.2597235441207886,1.2421997785568235,forecast,182.0,85,217,True,,,0.0291000008583068,0.0272424407303333,0.1270013451576233
traffic,PatchTST,missing_data,7,664,2366,0.4913879036903381,MSE,0.2597235441207886,1.2421997785568235,forecast,182.0,85,251,True,,,0.0322999991476535,0.0257353782653808,0.0928025841712951
traffic,PatchTST,missing_data,7,664,2366,0.4913879036903381,MSE,0.2597235441207886,1.2421997785568235,forecast,182.0,85,353,True,,,0.015599999576807,0.02522181160748,0.0824363082647323
traffic,PatchTST,missing_data,7,664,2366,0.4913879036903381,MSE,0.2597235441207886,1.2421997785568235,forecast,182.0,85,364,True,,,0.0412000007927417,0.0407947860658168,0.1492167711257934
traffic,PatchTST,missing_data,7,664,2366,0.4913879036903381,MSE,0.2597235441207886,1.2421997785568235,forecast,182.0,85,413,True,,,0.0338000021874904,0.0466478243470191,0.1413778215646743
traffic,PatchTST,missing_data,7,664,2366,0.4913879036903381,MSE,0.2597235441207886,1.2421997785568235,forecast,182.0,85,693,True,,,0.0254999995231628,0.0315006002783775,0.0343896374106407
traffic,PatchTST,missing_data,7,664,2366,0.4913879036903381,MSE,0.2597235441207886,1.2421997785568235,forecast,182.0,85,701,True,,,0.049600001424551,0.058169100433588,0.0586788542568683
traffic,PatchTST,missing_data,7,664,2366,0.4913879036903381,MSE,0.2597235441207886,1.2421997785568235,forecast,182.0,85,722,True,,,0.000399999320507,0.0025296378880739,0.0096955057233572
traffic,PatchTST,missing_data,7,664,2366,0.4913879036903381,MSE,0.2597235441207886,1.2421997785568235,forecast,182.0,85,840,True,,,0.0102999992668628,0.0143336486071348,0.2542172074317932
traffic,PatchTST,missing_data,7,664,2366,0.4913879036903381,MSE,0.2597235441207886,1.2421997785568235,forecast,183.0,86,19,True,,,0.0073000006377696,0.0113849230110645,0.0944723188877105
traffic,PatchTST,missing_data,7,664,2366,0.4913879036903381,MSE,0.2597235441207886,1.2421997785568235,forecast,183.0,86,188,True,,,0.000799998641014,0.0113393180072307,0.0833714455366134
traffic,PatchTST,missing_data,7,664,2366,0.4913879036903381,MSE,0.2597235441207886,1.2421997785568235,forecast,183.0,86,217,True,,,0.0156999975442886,0.0174067690968513,0.1153961643576622
traffic,PatchTST,missing_data,7,664,2366,0.4913879036903381,MSE,0.2597235441207886,1.2421997785568235,forecast,183.0,86,251,True,,,0.0201999992132186,0.0181479044258594,0.0909231752157211
traffic,PatchTST,missing_data,7,664,2366,0.4913879036903381,MSE,0.2597235441207886,1.2421997785568235,forecast,183.0,86,353,True,,,0.0109000001102685,0.0189422480762004,0.0970969200134277
traffic,PatchTST,missing_data,7,664,2366,0.4913879036903381,MSE,0.2597235441207886,1.2421997785568235,forecast,183.0,86,364,True,,,0.0236000008881092,0.0263920053839683,0.1291070431470871
traffic,PatchTST,missing_data,7,664,2366,0.4913879036903381,MSE,0.2597235441207886,1.2421997785568235,forecast,183.0,86,413,True,,,0.0221000015735626,0.0343240275979042,0.1316381990909576
traffic,PatchTST,missing_data,7,664,2366,0.4913879036903381,MSE,0.2597235441207886,1.2421997785568235,forecast,183.0,86,693,True,,,0.0190000012516975,0.0277157146483659,0.0307138413190841
traffic,PatchTST,missing_data,7,664,2366,0.4913879036903381,MSE,0.2597235441207886,1.2421997785568235,forecast,183.0,86,701,True,,,0.036200001835823,0.0547816343605518,0.0526876300573349
traffic,PatchTST,missing_data,7,664,2366,0.4913879036903381,MSE,0.2597235441207886,1.2421997785568235,forecast,183.0,86,722,True,,,0.0001000016927719,0.0074656922370195,0.0145061081275343
traffic,PatchTST,missing_data,7,664,2366,0.4913879036903381,MSE,0.2597235441207886,1.2421997785568235,forecast,183.0,86,840,True,,,0.0060999989509582,0.0151874311268329,0.2563729584217071
traffic,PatchTST,missing_data,7,664,2366,0.4913879036903381,MSE,0.2597235441207886,1.2421997785568235,forecast,184.0,87,19,True,,,0.0047999992966651,0.008784033358097,0.0917197614908218
traffic,PatchTST,missing_data,7,664,2366,0.4913879036903381,MSE,0.2597235441207886,1.2421997785568235,forecast,184.0,87,188,True,,,0.0003000013530254,0.0103438235819339,0.0750001817941665
traffic,PatchTST,missing_data,7,664,2366,0.4913879036903381,MSE,0.2597235441207886,1.2421997785568235,forecast,184.0,87,217,True,,,0.0126000046730041,0.0155410394072532,0.1082493066787719
traffic,PatchTST,missing_data,7,664,2366,0.4913879036903381,MSE,0.2597235441207886,1.2421997785568235,forecast,184.0,87,251,True,,,0.0151000022888183,0.0144431255757808,0.0788181871175766
traffic,PatchTST,missing_data,7,664,2366,0.4913879036903381,MSE,0.2597235441207886,1.2421997785568235,forecast,184.0,87,353,True,,,0.0080999974161386,0.0161854028701782,0.0910217612981796
traffic,PatchTST,missing_data,7,664,2366,0.4913879036903381,MSE,0.2597235441207886,1.2421997785568235,forecast,184.0,87,364,True,,,0.0190000012516975,0.0204440988600254,0.1210069954395294
traffic,PatchTST,missing_data,7,664,2366,0.4913879036903381,MSE,0.2597235441207886,1.2421997785568235,forecast,184.0,87,413,True,,,0.0141000002622604,0.0291259214282035,0.1187668889760971
traffic,PatchTST,missing_data,7,664,2366,0.4913879036903381,MSE,0.2597235441207886,1.2421997785568235,forecast,184.0,87,693,True,,,0.0135000012814998,0.0270786173641681,0.0276441313326358
traffic,PatchTST,missing_data,7,664,2366,0.4913879036903381,MSE,0.2597235441207886,1.2421997785568235,forecast,184.0,87,701,True,,,0.0244999974966049,0.0500349253416061,0.0530983097851276
traffic,PatchTST,missing_data,7,664,2366,0.4913879036903381,MSE,0.2597235441207886,1.2421997785568235,forecast,184.0,87,722,True,,,-1.862645149230957e-09,0.007636472582817,0.0142644001170992
traffic,PatchTST,missing_data,7,664,2366,0.4913879036903381,MSE,0.2597235441207886,1.2421997785568235,forecast,184.0,87,840,True,,,0.0043999999761581,0.0186383128166198,0.2449363768100738
traffic,PatchTST,missing_data,7,664,2366,0.4913879036903381,MSE,0.2597235441207886,1.2421997785568235,forecast,185.0,88,19,True,,,0.0032999999821186,0.0105245485901832,0.0881507769227027
traffic,PatchTST,missing_data,7,664,2366,0.4913879036903381,MSE,0.2597235441207886,1.2421997785568235,forecast,185.0,88,188,True,,,0.0,0.0062634907662868,0.0635510832071304
traffic,PatchTST,missing_data,7,664,2366,0.4913879036903381,MSE,0.2597235441207886,1.2421997785568235,forecast,185.0,88,217,True,,,0.0104999989271163,0.021139021962881,0.1054876521229744
traffic,PatchTST,missing_data,7,664,2366,0.4913879036903381,MSE,0.2597235441207886,1.2421997785568235,forecast,185.0,88,251,True,,,0.010099995881319,0.0142796114087104,0.0723974704742431
traffic,PatchTST,missing_data,7,664,2366,0.4913879036903381,MSE,0.2597235441207886,1.2421997785568235,forecast,185.0,88,353,True,,,0.0054000001400709,0.0103219635784626,0.0738594904541969
traffic,PatchTST,missing_data,7,664,2366,0.4913879036903381,MSE,0.2597235441207886,1.2421997785568235,forecast,185.0,88,364,True,,,0.0153999999165534,0.0247860103845596,0.1212761923670768
traffic,PatchTST,missing_data,7,664,2366,0.4913879036903381,MSE,0.2597235441207886,1.2421997785568235,forecast,185.0,88,413,True,,,0.0094000026583671,0.0233898609876632,0.10858716070652
traffic,PatchTST,missing_data,7,664,2366,0.4913879036903381,MSE,0.2597235441207886,1.2421997785568235,forecast,185.0,88,693,True,,,0.0106000006198883,0.0221930872648954,0.0237335953861475
traffic,PatchTST,missing_data,7,664,2366,0.4913879036903381,MSE,0.2597235441207886,1.2421997785568235,forecast,185.0,88,701,True,,,0.0205999985337257,0.0357542857527732,0.0457728505134582
traffic,PatchTST,missing_data,7,664,2366,0.4913879036903381,MSE,0.2597235441207886,1.2421997785568235,forecast,185.0,88,722,True,,,-1.862645149230957e-09,0.0064535234123468,0.0149445561692118
traffic,PatchTST,missing_data,7,664,2366,0.4913879036903381,MSE,0.2597235441207886,1.2421997785568235,forecast,185.0,88,840,True,,,0.0045999996364116,0.0297747179865837,0.2442198544740677
traffic,PatchTST,missing_data,7,664,2366,0.4913879036903381,MSE,0.2597235441207886,1.2421997785568235,forecast,186.0,89,19,True,,,0.002199999988079,0.0105522982776165,0.0806826204061508
traffic,PatchTST,missing_data,7,664,2366,0.4913879036903381,MSE,0.2597235441207886,1.2421997785568235,forecast,186.0,89,188,True,,,0.0,0.0060917735099792,0.0551694594323635
traffic,PatchTST,missing_data,7,664,2366,0.4913879036903381,MSE,0.2597235441207886,1.2421997785568235,forecast,186.0,89,217,True,,,0.0091999992728233,0.0218625962734222,0.0895057916641235
traffic,PatchTST,missing_data,7,664,2366,0.4913879036903381,MSE,0.2597235441207886,1.2421997785568235,forecast,186.0,89,251,True,,,0.0119000002741813,0.0164765082299709,0.0688115134835243
traffic,PatchTST,missing_data,7,664,2366,0.4913879036903381,MSE,0.2597235441207886,1.2421997785568235,forecast,186.0,89,353,True,,,0.0054999999701976,0.0096193924546241,0.0696498900651931
traffic,PatchTST,missing_data,7,664,2366,0.4913879036903381,MSE,0.2597235441207886,1.2421997785568235,forecast,186.0,89,364,True,,,0.0134000033140182,0.0255181565880775,0.1059116870164871
traffic,PatchTST,missing_data,7,664,2366,0.4913879036903381,MSE,0.2597235441207886,1.2421997785568235,forecast,186.0,89,413,True,,,0.0064999982714653,0.0230976268649101,0.0988998264074325
traffic,PatchTST,missing_data,7,664,2366,0.4913879036903381,MSE,0.2597235441207886,1.2421997785568235,forecast,186.0,89,693,True,,,0.0069000013172626,0.0213731732219457,0.0234947316348552
traffic,PatchTST,missing_data,7,664,2366,0.4913879036903381,MSE,0.2597235441207886,1.2421997785568235,forecast,186.0,89,701,True,,,0.0128000006079673,0.0279661118984222,0.0419600382447242
traffic,PatchTST,missing_data,7,664,2366,0.4913879036903381,MSE,0.2597235441207886,1.2421997785568235,forecast,186.0,89,722,True,,,-1.862645149230957e-09,0.0094147250056266,0.0155540639534592
traffic,PatchTST,missing_data,7,664,2366,0.4913879036903381,MSE,0.2597235441207886,1.2421997785568235,forecast,186.0,89,840,True,,,0.0047999992966651,0.0304181165993213,0.2342246323823928
traffic,PatchTST,missing_data,7,664,2366,0.4913879036903381,MSE,0.2597235441207886,1.2421997785568235,forecast,187.0,90,19,True,,,0.003600001335144,0.0102805793285369,0.0796159729361534
traffic,PatchTST,missing_data,7,664,2366,0.4913879036903381,MSE,0.2597235441207886,1.2421997785568235,forecast,187.0,90,188,True,,,0.0007000006735324,0.0040611699223518,0.0567167736589908
traffic,PatchTST,missing_data,7,664,2366,0.4913879036903381,MSE,0.2597235441207886,1.2421997785568235,forecast,187.0,90,217,True,,,0.0113999992609024,0.0233711972832679,0.091542087495327
traffic,PatchTST,missing_data,7,664,2366,0.4913879036903381,MSE,0.2597235441207886,1.2421997785568235,forecast,187.0,90,251,True,,,0.0223999992012977,0.0242221020162105,0.0707399770617485
traffic,PatchTST,missing_data,7,664,2366,0.4913879036903381,MSE,0.2597235441207886,1.2421997785568235,forecast,187.0,90,353,True,,,0.0075000002980232,0.0079925060272216,0.0736331939697265
traffic,PatchTST,missing_data,7,664,2366,0.4913879036903381,MSE,0.2597235441207886,1.2421997785568235,forecast,187.0,90,364,True,,,0.0170000009238719,0.0317129045724868,0.1123515963554382
traffic,PatchTST,missing_data,7,664,2366,0.4913879036903381,MSE,0.2597235441207886,1.2421997785568235,forecast,187.0,90,413,True,,,0.0084000006318092,0.022519901394844,0.1115630939602851
traffic,PatchTST,missing_data,7,664,2366,0.4913879036903381,MSE,0.2597235441207886,1.2421997785568235,forecast,187.0,90,693,True,,,0.0051999986171722,0.0152912940829992,0.0186246484518051
traffic,PatchTST,missing_data,7,664,2366,0.4913879036903381,MSE,0.2597235441207886,1.2421997785568235,forecast,187.0,90,701,True,,,0.0093999952077865,0.0278930142521858,0.0378445535898208
traffic,PatchTST,missing_data,7,664,2366,0.4913879036903381,MSE,0.2597235441207886,1.2421997785568235,forecast,187.0,90,722,True,,,0.0001000016927719,0.0165221467614173,0.022257650271058
traffic,PatchTST,missing_data,7,664,2366,0.4913879036903381,MSE,0.2597235441207886,1.2421997785568235,forecast,187.0,90,840,True,,,0.0080000013113021,0.0389247462153434,0.2730057537555694
traffic,PatchTST,missing_data,7,664,2366,0.4913879036903381,MSE,0.2597235441207886,1.2421997785568235,forecast,188.0,91,19,True,,,0.0131999962031841,0.0211169458925724,0.0827056616544723
traffic,PatchTST,missing_data,7,664,2366,0.4913879036903381,MSE,0.2597235441207886,1.2421997785568235,forecast,188.0,91,188,True,,,0.0148999989032745,0.0234010610729455,0.061925821006298
traffic,PatchTST,missing_data,7,664,2366,0.4913879036903381,MSE,0.2597235441207886,1.2421997785568235,forecast,188.0,91,217,True,,,0.0258000008761882,0.0363175272941589,0.0987596213817596
traffic,PatchTST,missing_data,7,664,2366,0.4913879036903381,MSE,0.2597235441207886,1.2421997785568235,forecast,188.0,91,251,True,,,0.0537000000476837,0.0575846433639526,0.0896472185850143
traffic,PatchTST,missing_data,7,664,2366,0.4913879036903381,MSE,0.2597235441207886,1.2421997785568235,forecast,188.0,91,353,True,,,0.0126000009477138,0.0124546606093645,0.0817057713866233
traffic,PatchTST,missing_data,7,664,2366,0.4913879036903381,MSE,0.2597235441207886,1.2421997785568235,forecast,188.0,91,364,True,,,0.0346999987959861,0.0470449924468994,0.125196099281311
traffic,PatchTST,missing_data,7,664,2366,0.4913879036903381,MSE,0.2597235441207886,1.2421997785568235,forecast,188.0,91,413,True,,,0.0186000019311904,0.0247928500175476,0.1188942193984985
traffic,PatchTST,missing_data,7,664,2366,0.4913879036903381,MSE,0.2597235441207886,1.2421997785568235,forecast,188.0,91,693,True,,,0.0073999986052513,0.0139372460544109,0.0175491366535425
traffic,PatchTST,missing_data,7,664,2366,0.4913879036903381,MSE,0.2597235441207886,1.2421997785568235,forecast,188.0,91,701,True,,,0.0133000016212463,0.0275373384356498,0.0395917855203151
traffic,PatchTST,missing_data,7,664,2366,0.4913879036903381,MSE,0.2597235441207886,1.2421997785568235,forecast,188.0,91,722,True,,,0.0052000004798173,0.0329774357378482,0.0391431152820587
traffic,PatchTST,missing_data,7,664,2366,0.4913879036903381,MSE,0.2597235441207886,1.2421997785568235,forecast,188.0,91,840,True,,,0.0182000007480382,0.0590316131711006,0.2979938983917236
traffic,PatchTST,missing_data,7,664,2366,0.4913879036903381,MSE,0.2597235441207886,1.2421997785568235,forecast,189.0,92,19,True,,,0.0500999987125396,0.0550854243338108,0.0972344130277633
traffic,PatchTST,missing_data,7,664,2366,0.4913879036903381,MSE,0.2597235441207886,1.2421997785568235,forecast,189.0,92,188,True,,,0.0480999983847141,0.0477115474641323,0.0725144073367118
traffic,PatchTST,missing_data,7,664,2366,0.4913879036903381,MSE,0.2597235441207886,1.2421997785568235,forecast,189.0,92,217,True,,,0.0851999968290329,0.0931367129087448,0.1360030770301818
traffic,PatchTST,missing_data,7,664,2366,0.4913879036903381,MSE,0.2597235441207886,1.2421997785568235,forecast,189.0,92,251,True,,,0.09740000218153,0.1061037331819534,0.1184481009840965
traffic,PatchTST,missing_data,7,664,2366,0.4913879036903381,MSE,0.2597235441207886,1.2421997785568235,forecast,189.0,92,353,True,,,0.0287999995052814,0.0221063755452632,0.0682611167430877
traffic,PatchTST,missing_data,7,664,2366,0.4913879036903381,MSE,0.2597235441207886,1.2421997785568235,forecast,189.0,92,364,True,,,0.1163000017404556,0.1203668564558029,0.1783053576946258
traffic,PatchTST,missing_data,7,664,2366,0.4913879036903381,MSE,0.2597235441207886,1.2421997785568235,forecast,189.0,92,413,True,,,0.046799998730421,0.0453206785023212,0.1374576091766357
traffic,PatchTST,missing_data,7,664,2366,0.4913879036903381,MSE,0.2597235441207886,1.2421997785568235,forecast,189.0,92,693,True,,,0.0102000012993812,0.0160300228744745,0.0193806737661361
traffic,PatchTST,missing_data,7,664,2366,0.4913879036903381,MSE,0.2597235441207886,1.2421997785568235,forecast,189.0,92,701,True,,,0.0186999961733818,0.0271092429757118,0.0426985323429107
traffic,PatchTST,missing_data,7,664,2366,0.4913879036903381,MSE,0.2597235441207886,1.2421997785568235,forecast,189.0,92,722,True,,,0.046799998730421,0.1406809836626052,0.1118563041090965
traffic,PatchTST,missing_data,7,664,2366,0.4913879036903381,MSE,0.2597235441207886,1.2421997785568235,forecast,189.0,92,840,True,,,0.356000006198883,0.2761744558811188,0.425273597240448
traffic,PatchTST,missing_data,7,664,2366,0.4913879036903381,MSE,0.2597235441207886,1.2421997785568235,forecast,190.0,93,19,True,,,0.2224999964237213,0.2066032141447067,0.2151702493429184
traffic,PatchTST,missing_data,7,664,2366,0.4913879036903381,MSE,0.2597235441207886,1.2421997785568235,forecast,190.0,93,188,True,,,0.0662999972701072,0.103804811835289,0.1203855872154235
traffic,PatchTST,missing_data,7,664,2366,0.4913879036903381,MSE,0.2597235441207886,1.2421997785568235,forecast,190.0,93,217,True,,,0.3138000071048736,0.2766890525817871,0.2879852056503296
traffic,PatchTST,missing_data,7,664,2366,0.4913879036903381,MSE,0.2597235441207886,1.2421997785568235,forecast,190.0,93,251,True,,,0.0966999977827072,0.2047919631004333,0.1778933703899383
traffic,PatchTST,missing_data,7,664,2366,0.4913879036903381,MSE,0.2597235441207886,1.2421997785568235,forecast,190.0,93,353,True,,,0.0401000007987022,0.1016912013292312,0.1001354604959487
traffic,PatchTST,missing_data,7,664,2366,0.4913879036903381,MSE,0.2597235441207886,1.2421997785568235,forecast,190.0,93,364,True,,,0.2888000011444092,0.2846351563930511,0.3257682025432586
traffic,PatchTST,missing_data,7,664,2366,0.4913879036903381,MSE,0.2597235441207886,1.2421997785568235,forecast,190.0,93,413,True,,,0.0898000001907348,0.1435076296329498,0.2243807315826416
traffic,PatchTST,missing_data,7,664,2366,0.4913879036903381,MSE,0.2597235441207886,1.2421997785568235,forecast,190.0,93,693,True,,,0.0161000005900859,0.0252533797174692,0.0277876015752553
traffic,PatchTST,missing_data,7,664,2366,0.4913879036903381,MSE,0.2597235441207886,1.2421997785568235,forecast,190.0,93,701,True,,,0.028499998152256,0.0477925911545753,0.0604516938328743
traffic,PatchTST,missing_data,7,664,2366,0.4913879036903381,MSE,0.2597235441207886,1.2421997785568235,forecast,190.0,93,722,True,,,0.0255999993532896,0.2587774395942688,0.1741006821393966
traffic,PatchTST,missing_data,7,664,2366,0.4913879036903381,MSE,0.2597235441207886,1.2421997785568235,forecast,190.0,93,840,True,,,0.6187999844551086,0.4979199767112732,0.5375153422355652
traffic,PatchTST,missing_data,7,664,2366,0.4913879036903381,MSE,0.2597235441207886,1.2421997785568235,forecast,191.0,94,19,True,,,0.230100005865097,0.3840491473674774,0.3469499051570892
traffic,PatchTST,missing_data,7,664,2366,0.4913879036903381,MSE,0.2597235441207886,1.2421997785568235,forecast,191.0,94,188,True,,,0.1532999873161316,0.3411697745323181,0.2429471015930175
traffic,PatchTST,missing_data,7,664,2366,0.4913879036903381,MSE,0.2597235441207886,1.2421997785568235,forecast,191.0,94,217,True,,,0.3389999866485595,0.4414418935775757,0.4250525236129761
traffic,PatchTST,missing_data,7,664,2366,0.4913879036903381,MSE,0.2597235441207886,1.2421997785568235,forecast,191.0,94,251,True,,,0.1486999988555908,0.3545088171958923,0.2645428478717804
traffic,PatchTST,missing_data,7,664,2366,0.4913879036903381,MSE,0.2597235441207886,1.2421997785568235,forecast,191.0,94,353,True,,,0.1430999934673309,0.2815547585487366,0.1898130625486374
traffic,PatchTST,missing_data,7,664,2366,0.4913879036903381,MSE,0.2597235441207886,1.2421997785568235,forecast,191.0,94,364,True,,,0.3183000087738037,0.4382284879684448,0.4417064189910888
traffic,PatchTST,missing_data,7,664,2366,0.4913879036903381,MSE,0.2597235441207886,1.2421997785568235,forecast,191.0,94,413,True,,,0.3397000133991241,0.3851161897182464,0.435723215341568
traffic,PatchTST,missing_data,7,664,2366,0.4913879036903381,MSE,0.2597235441207886,1.2421997785568235,forecast,191.0,94,693,True,,,0.0239000003784894,0.0357518345117569,0.0353425666689872
traffic,PatchTST,missing_data,7,664,2366,0.4913879036903381,MSE,0.2597235441207886,1.2421997785568235,forecast,191.0,94,701,True,,,0.0436999984085559,0.0770793110132217,0.0813694298267364
traffic,PatchTST,missing_data,7,664,2366,0.4913879036903381,MSE,0.2597235441207886,1.2421997785568235,forecast,191.0,94,722,True,,,0.0270000007003545,0.1429131925106048,0.0883830785751342
traffic,PatchTST,missing_data,7,664,2366,0.4913879036903381,MSE,0.2597235441207886,1.2421997785568235,forecast,191.0,94,840,True,,,0.5680000185966492,0.510539174079895,0.5244777202606201
traffic,PatchTST,missing_data,7,664,2366,0.4913879036903381,MSE,0.2597235441207886,1.2421997785568235,forecast,192.0,95,19,True,,,0.0789000019431114,0.3522339761257171,0.3264866471290588
traffic,PatchTST,missing_data,7,664,2366,0.4913879036903381,MSE,0.2597235441207886,1.2421997785568235,forecast,192.0,95,188,True,,,0.0907000005245208,0.3560946583747864,0.2392185926437378
traffic,PatchTST,missing_data,7,664,2366,0.4913879036903381,MSE,0.2597235441207886,1.2421997785568235,forecast,192.0,95,217,True,,,0.1492000073194503,0.4165653586387634,0.4126994013786316
traffic,PatchTST,missing_data,7,664,2366,0.4913879036903381,MSE,0.2597235441207886,1.2421997785568235,forecast,192.0,95,251,True,,,0.0675999969244003,0.3046313226222992,0.2516692280769348
traffic,PatchTST,missing_data,7,664,2366,0.4913879036903381,MSE,0.2597235441207886,1.2421997785568235,forecast,192.0,95,353,True,,,0.0421000011265277,0.2004269063472747,0.1272283047437667
traffic,PatchTST,missing_data,7,664,2366,0.4913879036903381,MSE,0.2597235441207886,1.2421997785568235,forecast,192.0,95,364,True,,,0.2302999943494796,0.4615429937839508,0.4485193192958832
traffic,PatchTST,missing_data,7,664,2366,0.4913879036903381,MSE,0.2597235441207886,1.2421997785568235,forecast,192.0,95,413,True,,,0.3217000067234039,0.4418184161186218,0.4560664594173431
traffic,PatchTST,missing_data,7,664,2366,0.4913879036903381,MSE,0.2597235441207886,1.2421997785568235,forecast,192.0,95,693,True,,,0.0272000003606081,0.0412353202700614,0.0412271954119205
traffic,PatchTST,missing_data,7,664,2366,0.4913879036903381,MSE,0.2597235441207886,1.2421997785568235,forecast,192.0,95,701,True,,,0.048200000077486,0.1018054857850074,0.1045513823628425
traffic,PatchTST,missing_data,7,664,2366,0.4913879036903381,MSE,0.2597235441207886,1.2421997785568235,forecast,192.0,95,722,True,,,0.0280000008642673,0.0758580118417739,0.0604800358414649
traffic,PatchTST,missing_data,7,664,2366,0.4913879036903381,MSE,0.2597235441207886,1.2421997785568235,forecast,192.0,95,840,True,,,0.5178999900817871,0.4428277611732483,0.4542885720729828
