dataset,arch,scenario,pert_idx,sample_id,source_sample_idx,severity,score_metric,clean_sample_score,perturbed_sample_score,segment,time_index,time_step,feature,affected_feature,clean_input,perturbed_input,ground_truth,clean_prediction,perturbed_prediction
ETTh1,PatchTST,time_compress,5,7968,2167,0.49523961544036865,MSE,0.8226978182792664,1.7449818849563599,input,1.0,0,HUFL,True,12.859999656677246,12.859999656677246,,,
ETTh1,PatchTST,time_compress,5,7968,2167,0.49523961544036865,MSE,0.8226978182792664,1.7449818849563599,input,1.0,0,HULL,False,1.875,1.875,,,
ETTh1,PatchTST,time_compress,5,7968,2167,0.49523961544036865,MSE,0.8226978182792664,1.7449818849563599,input,1.0,0,MUFL,True,8.564000129699707,8.564000129699707,,,
ETTh1,PatchTST,time_compress,5,7968,2167,0.49523961544036865,MSE,0.8226978182792664,1.7449818849563599,input,1.0,0,MULL,False,-0.35500001907348633,-0.35500001907348633,,,
ETTh1,PatchTST,time_compress,5,7968,2167,0.49523961544036865,MSE,0.8226978182792664,1.7449818849563599,input,1.0,0,LUFL,False,4.690999984741211,4.690999984741211,,,
ETTh1,PatchTST,time_compress,5,7968,2167,0.49523961544036865,MSE,0.8226978182792664,1.7449818849563599,input,1.0,0,LULL,False,1.309999942779541,1.309999942779541,,,
ETTh1,PatchTST,time_compress,5,7968,2167,0.49523961544036865,MSE,0.8226978182792664,1.7449818849563599,input,1.0,0,OT,False,7.73799991607666,7.73799991607666,,,
ETTh1,PatchTST,time_compress,5,7968,2167,0.49523961544036865,MSE,0.8226978182792664,1.7449818849563599,input,2.0,1,HUFL,True,14.668999671936035,14.668999671936035,,,
ETTh1,PatchTST,time_compress,5,7968,2167,0.49523961544036865,MSE,0.8226978182792664,1.7449818849563599,input,2.0,1,HULL,False,1.6080000400543213,1.6080000400543213,,,
ETTh1,PatchTST,time_compress,5,7968,2167,0.49523961544036865,MSE,0.8226978182792664,1.7449818849563599,input,2.0,1,MUFL,True,9.984999656677246,9.984999656677246,,,
ETTh1,PatchTST,time_compress,5,7968,2167,0.49523961544036865,MSE,0.8226978182792664,1.7449818849563599,input,2.0,1,MULL,False,0.24900001287460327,0.24900001287460327,,,
ETTh1,PatchTST,time_compress,5,7968,2167,0.49523961544036865,MSE,0.8226978182792664,1.7449818849563599,input,2.0,1,LUFL,False,4.295000076293945,4.295000076293945,,,
ETTh1,PatchTST,time_compress,5,7968,2167,0.49523961544036865,MSE,0.8226978182792664,1.7449818849563599,input,2.0,1,LULL,False,1.1269999742507935,1.1269999742507935,,,
ETTh1,PatchTST,time_compress,5,7968,2167,0.49523961544036865,MSE,0.8226978182792664,1.7449818849563599,input,2.0,1,OT,False,8.230999946594238,8.230999946594238,,,
ETTh1,PatchTST,time_compress,5,7968,2167,0.49523961544036865,MSE,0.8226978182792664,1.7449818849563599,input,3.0,2,HUFL,True,15.605998992919922,17.383926391601562,,,
ETTh1,PatchTST,time_compress,5,7968,2167,0.49523961544036865,MSE,0.8226978182792664,1.7449818849563599,input,3.0,2,HULL,False,2.746000051498413,2.746000051498413,,,
ETTh1,PatchTST,time_compress,5,7968,2167,0.49523961544036865,MSE,0.8226978182792664,1.7449818849563599,input,3.0,2,MUFL,True,11.9399995803833,12.854293823242188,,,
ETTh1,PatchTST,time_compress,5,7968,2167,0.49523961544036865,MSE,0.8226978182792664,1.7449818849563599,input,3.0,2,MULL,False,0.7459999918937683,0.7459999918937683,,,
ETTh1,PatchTST,time_compress,5,7968,2167,0.49523961544036865,MSE,0.8226978182792664,1.7449818849563599,input,3.0,2,LUFL,False,4.234000205993652,4.234000205993652,,,
ETTh1,PatchTST,time_compress,5,7968,2167,0.49523961544036865,MSE,0.8226978182792664,1.7449818849563599,input,3.0,2,LULL,False,1.156999945640564,1.156999945640564,,,
ETTh1,PatchTST,time_compress,5,7968,2167,0.49523961544036865,MSE,0.8226978182792664,1.7449818849563599,input,3.0,2,OT,False,7.809000015258789,7.809000015258789,,,
ETTh1,PatchTST,time_compress,5,7968,2167,0.49523961544036865,MSE,0.8226978182792664,1.7449818849563599,input,4.0,3,HUFL,True,17.816999435424805,13.891923904418945,,,
ETTh1,PatchTST,time_compress,5,7968,2167,0.49523961544036865,MSE,0.8226978182792664,1.7449818849563599,input,4.0,3,HULL,False,4.085999965667725,4.085999965667725,,,
ETTh1,PatchTST,time_compress,5,7968,2167,0.49523961544036865,MSE,0.8226978182792664,1.7449818849563599,input,4.0,3,MUFL,True,13.07699966430664,8.751564025878906,,,
ETTh1,PatchTST,time_compress,5,7968,2167,0.49523961544036865,MSE,0.8226978182792664,1.7449818849563599,input,4.0,3,MULL,False,1.5989999771118164,1.5989999771118164,,,
ETTh1,PatchTST,time_compress,5,7968,2167,0.49523961544036865,MSE,0.8226978182792664,1.7449818849563599,input,4.0,3,LUFL,False,4.965000152587891,4.965000152587891,,,
ETTh1,PatchTST,time_compress,5,7968,2167,0.49523961544036865,MSE,0.8226978182792664,1.7449818849563599,input,4.0,3,LULL,False,1.5230000019073486,1.5230000019073486,,,
ETTh1,PatchTST,time_compress,5,7968,2167,0.49523961544036865,MSE,0.8226978182792664,1.7449818849563599,input,4.0,3,OT,False,8.230999946594238,8.230999946594238,,,
ETTh1,PatchTST,time_compress,5,7968,2167,0.49523961544036865,MSE,0.8226978182792664,1.7449818849563599,input,5.0,4,HUFL,True,14.869999885559082,16.836185455322266,,,
ETTh1,PatchTST,time_compress,5,7968,2167,0.49523961544036865,MSE,0.8226978182792664,1.7449818849563599,input,5.0,4,HULL,False,2.009000062942505,2.009000062942505,,,
ETTh1,PatchTST,time_compress,5,7968,2167,0.49523961544036865,MSE,0.8226978182792664,1.7449818849563599,input,5.0,4,MUFL,True,9.593999862670898,11.37348461151123,,,
ETTh1,PatchTST,time_compress,5,7968,2167,0.49523961544036865,MSE,0.8226978182792664,1.7449818849563599,input,5.0,4,MULL,False,-0.07099997997283936,-0.07099997997283936,,,
ETTh1,PatchTST,time_compress,5,7968,2167,0.49523961544036865,MSE,0.8226978182792664,1.7449818849563599,input,5.0,4,LUFL,False,4.965000152587891,4.965000152587891,,,
ETTh1,PatchTST,time_compress,5,7968,2167,0.49523961544036865,MSE,0.8226978182792664,1.7449818849563599,input,5.0,4,LULL,False,1.4620000123977661,1.4620000123977661,,,
ETTh1,PatchTST,time_compress,5,7968,2167,0.49523961544036865,MSE,0.8226978182792664,1.7449818849563599,input,5.0,4,OT,False,8.722999572753906,8.722999572753906,,,
ETTh1,PatchTST,time_compress,5,7968,2167,0.49523961544036865,MSE,0.8226978182792664,1.7449818849563599,input,6.0,5,HUFL,True,13.26200008392334,7.920747756958008,,,
ETTh1,PatchTST,time_compress,5,7968,2167,0.49523961544036865,MSE,0.8226978182792664,1.7449818849563599,input,6.0,5,HULL,False,1.1390000581741333,1.1390000581741333,,,
ETTh1,PatchTST,time_compress,5,7968,2167,0.49523961544036865,MSE,0.8226978182792664,1.7449818849563599,input,6.0,5,MUFL,True,8.208999633789062,2.6521003246307373,,,
ETTh1,PatchTST,time_compress,5,7968,2167,0.49523961544036865,MSE,0.8226978182792664,1.7449818849563599,input,6.0,5,MULL,False,-0.8529999256134033,-0.8529999256134033,,,
ETTh1,PatchTST,time_compress,5,7968,2167,0.49523961544036865,MSE,0.8226978182792664,1.7449818849563599,input,6.0,5,LUFL,False,4.751999855041504,4.751999855041504,,,
ETTh1,PatchTST,time_compress,5,7968,2167,0.49523961544036865,MSE,0.8226978182792664,1.7449818849563599,input,6.0,5,LULL,False,1.4620000123977661,1.4620000123977661,,,
ETTh1,PatchTST,time_compress,5,7968,2167,0.49523961544036865,MSE,0.8226978182792664,1.7449818849563599,input,6.0,5,OT,False,8.581999778747559,8.581999778747559,,,
ETTh1,PatchTST,time_compress,5,7968,2167,0.49523961544036865,MSE,0.8226978182792664,1.7449818849563599,input,7.0,6,HUFL,True,16.476999282836914,-10.174829483032227,,,
ETTh1,PatchTST,time_compress,5,7968,2167,0.49523961544036865,MSE,0.8226978182792664,1.7449818849563599,input,7.0,6,HULL,False,3.4830000400543213,3.4830000400543213,,,
ETTh1,PatchTST,time_compress,5,7968,2167,0.49523961544036865,MSE,0.8226978182792664,1.7449818849563599,input,7.0,6,MUFL,True,11.050999641418457,-13.11289119720459,,,
ETTh1,PatchTST,time_compress,5,7968,2167,0.49523961544036865,MSE,0.8226978182792664,1.7449818849563599,input,7.0,6,MULL,False,0.7459999918937683,0.7459999918937683,,,
ETTh1,PatchTST,time_compress,5,7968,2167,0.49523961544036865,MSE,0.8226978182792664,1.7449818849563599,input,7.0,6,LUFL,False,4.9039998054504395,4.9039998054504395,,,
ETTh1,PatchTST,time_compress,5,7968,2167,0.49523961544036865,MSE,0.8226978182792664,1.7449818849563599,input,7.0,6,LULL,False,1.309999942779541,1.309999942779541,,,
ETTh1,PatchTST,time_compress,5,7968,2167,0.49523961544036865,MSE,0.8226978182792664,1.7449818849563599,input,7.0,6,OT,False,8.371000289916992,8.371000289916992,,,
ETTh1,PatchTST,time_compress,5,7968,2167,0.49523961544036865,MSE,0.8226978182792664,1.7449818849563599,input,8.0,7,HUFL,True,17.347999572753906,-14.608266830444336,,,
ETTh1,PatchTST,time_compress,5,7968,2167,0.49523961544036865,MSE,0.8226978182792664,1.7449818849563599,input,8.0,7,HULL,False,3.4830000400543213,3.4830000400543213,,,
ETTh1,PatchTST,time_compress,5,7968,2167,0.49523961544036865,MSE,0.8226978182792664,1.7449818849563599,input,8.0,7,MUFL,True,11.833000183105469,-17.667129516601562,,,
ETTh1,PatchTST,time_compress,5,7968,2167,0.49523961544036865,MSE,0.8226978182792664,1.7449818849563599,input,8.0,7,MULL,False,1.527999997138977,1.527999997138977,,,
ETTh1,PatchTST,time_compress,5,7968,2167,0.49523961544036865,MSE,0.8226978182792664,1.7449818849563599,input,8.0,7,LUFL,False,5.664999961853027,5.664999961853027,,,
ETTh1,PatchTST,time_compress,5,7968,2167,0.49523961544036865,MSE,0.8226978182792664,1.7449818849563599,input,8.0,7,LULL,False,1.4320000410079956,1.4320000410079956,,,
ETTh1,PatchTST,time_compress,5,7968,2167,0.49523961544036865,MSE,0.8226978182792664,1.7449818849563599,input,8.0,7,OT,False,8.652999877929688,8.652999877929688,,,
ETTh1,PatchTST,time_compress,5,7968,2167,0.49523961544036865,MSE,0.8226978182792664,1.7449818849563599,input,9.0,8,HUFL,True,9.979999542236328,-17.850406646728516,,,
ETTh1,PatchTST,time_compress,5,7968,2167,0.49523961544036865,MSE,0.8226978182792664,1.7449818849563599,input,9.0,8,HULL,False,2.3440001010894775,2.3440001010894775,,,
ETTh1,PatchTST,time_compress,5,7968,2167,0.49523961544036865,MSE,0.8226978182792664,1.7449818849563599,input,9.0,8,MUFL,True,4.690999984741211,-20.277294158935547,,,
ETTh1,PatchTST,time_compress,5,7968,2167,0.49523961544036865,MSE,0.8226978182792664,1.7449818849563599,input,9.0,8,MULL,False,0.2840000092983246,0.2840000092983246,,,
ETTh1,PatchTST,time_compress,5,7968,2167,0.49523961544036865,MSE,0.8226978182792664,1.7449818849563599,input,9.0,8,LUFL,False,5.208000183105469,5.208000183105469,,,
ETTh1,PatchTST,time_compress,5,7968,2167,0.49523961544036865,MSE,0.8226978182792664,1.7449818849563599,input,9.0,8,LULL,False,1.371000051498413,1.371000051498413,,,
ETTh1,PatchTST,time_compress,5,7968,2167,0.49523961544036865,MSE,0.8226978182792664,1.7449818849563599,input,9.0,8,OT,False,9.637999534606934,9.637999534606934,,,
ETTh1,PatchTST,time_compress,5,7968,2167,0.49523961544036865,MSE,0.8226978182792664,1.7449818849563599,input,10.0,9,HUFL,True,0.46899986267089844,-14.072938919067383,,,
ETTh1,PatchTST,time_compress,5,7968,2167,0.49523961544036865,MSE,0.8226978182792664,1.7449818849563599,input,10.0,9,HULL,False,2.0759999752044678,2.0759999752044678,,,
ETTh1,PatchTST,time_compress,5,7968,2167,0.49523961544036865,MSE,0.8226978182792664,1.7449818849563599,input,10.0,9,MUFL,True,-4.72599983215332,-16.382186889648438,,,
ETTh1,PatchTST,time_compress,5,7968,2167,0.49523961544036865,MSE,0.8226978182792664,1.7449818849563599,input,10.0,9,MULL,False,-0.21299999952316284,-0.21299999952316284,,,
ETTh1,PatchTST,time_compress,5,7968,2167,0.49523961544036865,MSE,0.8226978182792664,1.7449818849563599,input,10.0,9,LUFL,False,5.026000022888184,5.026000022888184,,,
ETTh1,PatchTST,time_compress,5,7968,2167,0.49523961544036865,MSE,0.8226978182792664,1.7449818849563599,input,10.0,9,LULL,False,1.6749999523162842,1.6749999523162842,,,
ETTh1,PatchTST,time_compress,5,7968,2167,0.49523961544036865,MSE,0.8226978182792664,1.7449818849563599,input,10.0,9,OT,False,9.918999671936035,9.918999671936035,,,
ETTh1,PatchTST,time_compress,5,7968,2167,0.49523961544036865,MSE,0.8226978182792664,1.7449818849563599,input,11.0,10,HUFL,True,-10.11400032043457,-3.8553223609924316,,,
ETTh1,PatchTST,time_compress,5,7968,2167,0.49523961544036865,MSE,0.8226978182792664,1.7449818849563599,input,11.0,10,HULL,False,1.0720000267028809,1.0720000267028809,,,
ETTh1,PatchTST,time_compress,5,7968,2167,0.49523961544036865,MSE,0.8226978182792664,1.7449818849563599,input,11.0,10,MUFL,True,-13.040999412536621,-7.142064094543457,,,
ETTh1,PatchTST,time_compress,5,7968,2167,0.49523961544036865,MSE,0.8226978182792664,1.7449818849563599,input,11.0,10,MULL,False,-0.7460000514984131,-0.7460000514984131,,,
ETTh1,PatchTST,time_compress,5,7968,2167,0.49523961544036865,MSE,0.8226978182792664,1.7449818849563599,input,11.0,10,LUFL,False,2.61899995803833,2.61899995803833,,,
ETTh1,PatchTST,time_compress,5,7968,2167,0.49523961544036865,MSE,0.8226978182792664,1.7449818849563599,input,11.0,10,LULL,False,1.309999942779541,1.309999942779541,,,
ETTh1,PatchTST,time_compress,5,7968,2167,0.49523961544036865,MSE,0.8226978182792664,1.7449818849563599,input,11.0,10,OT,False,9.708000183105469,9.708000183105469,,,
ETTh1,PatchTST,time_compress,5,7968,2167,0.49523961544036865,MSE,0.8226978182792664,1.7449818849563599,input,12.0,11,HUFL,True,-13.060998916625977,6.381081581115723,,,
ETTh1,PatchTST,time_compress,5,7968,2167,0.49523961544036865,MSE,0.8226978182792664,1.7449818849563599,input,12.0,11,HULL,False,1.6740000247955322,1.6740000247955322,,,
ETTh1,PatchTST,time_compress,5,7968,2167,0.49523961544036865,MSE,0.8226978182792664,1.7449818849563599,input,12.0,11,MUFL,True,-16.524002075195312,3.1403820514678955,,,
ETTh1,PatchTST,time_compress,5,7968,2167,0.49523961544036865,MSE,0.8226978182792664,1.7449818849563599,input,12.0,11,MULL,False,0.10699999332427979,0.10699999332427979,,,
ETTh1,PatchTST,time_compress,5,7968,2167,0.49523961544036865,MSE,0.8226978182792664,1.7449818849563599,input,12.0,11,LUFL,False,2.7720000743865967,2.7720000743865967,,,
ETTh1,PatchTST,time_compress,5,7968,2167,0.49523961544036865,MSE,0.8226978182792664,1.7449818849563599,input,12.0,11,LULL,False,1.4320000410079956,1.4320000410079956,,,
ETTh1,PatchTST,time_compress,5,7968,2167,0.49523961544036865,MSE,0.8226978182792664,1.7449818849563599,input,12.0,11,OT,False,9.496999740600586,9.496999740600586,,,
ETTh1,PatchTST,time_compress,5,7968,2167,0.49523961544036865,MSE,0.8226978182792664,1.7449818849563599,input,13.0,12,HUFL,True,-14.937000274658203,7.648147106170654,,,
ETTh1,PatchTST,time_compress,5,7968,2167,0.49523961544036865,MSE,0.8226978182792664,1.7449818849563599,input,13.0,12,HULL,False,1.8079999685287476,1.8079999685287476,,,
ETTh1,PatchTST,time_compress,5,7968,2167,0.49523961544036865,MSE,0.8226978182792664,1.7449818849563599,input,13.0,12,MUFL,True,-17.90999984741211,4.504096031188965,,,
ETTh1,PatchTST,time_compress,5,7968,2167,0.49523961544036865,MSE,0.8226978182792664,1.7449818849563599,input,13.0,12,MULL,False,0.1420000195503235,0.1420000195503235,,,
ETTh1,PatchTST,time_compress,5,7968,2167,0.49523961544036865,MSE,0.8226978182792664,1.7449818849563599,input,13.0,12,LUFL,False,2.9240000247955322,2.9240000247955322,,,
ETTh1,PatchTST,time_compress,5,7968,2167,0.49523961544036865,MSE,0.8226978182792664,1.7449818849563599,input,13.0,12,LULL,False,1.2489999532699585,1.2489999532699585,,,
ETTh1,PatchTST,time_compress,5,7968,2167,0.49523961544036865,MSE,0.8226978182792664,1.7449818849563599,input,13.0,12,OT,False,9.21500015258789,9.21500015258789,,,
ETTh1,PatchTST,time_compress,5,7968,2167,0.49523961544036865,MSE,0.8226978182792664,1.7449818849563599,input,14.0,13,HUFL,True,-19.1560001373291,9.604304313659668,,,
ETTh1,PatchTST,time_compress,5,7968,2167,0.49523961544036865,MSE,0.8226978182792664,1.7449818849563599,input,14.0,13,HULL,False,1.406999945640564,1.406999945640564,,,
ETTh1,PatchTST,time_compress,5,7968,2167,0.49523961544036865,MSE,0.8226978182792664,1.7449818849563599,input,14.0,13,MUFL,True,-21.037002563476562,7.385673522949219,,,
ETTh1,PatchTST,time_compress,5,7968,2167,0.49523961544036865,MSE,0.8226978182792664,1.7449818849563599,input,14.0,13,MULL,False,-0.8880000114440918,-0.8880000114440918,,,
ETTh1,PatchTST,time_compress,5,7968,2167,0.49523961544036865,MSE,0.8226978182792664,1.7449818849563599,input,14.0,13,LUFL,False,2.1019999980926514,2.1019999980926514,,,
ETTh1,PatchTST,time_compress,5,7968,2167,0.49523961544036865,MSE,0.8226978182792664,1.7449818849563599,input,14.0,13,LULL,False,1.065999984741211,1.065999984741211,,,
ETTh1,PatchTST,time_compress,5,7968,2167,0.49523961544036865,MSE,0.8226978182792664,1.7449818849563599,input,14.0,13,OT,False,9.777999877929688,9.777999877929688,,,
ETTh1,PatchTST,time_compress,5,7968,2167,0.49523961544036865,MSE,0.8226978182792664,1.7449818849563599,input,15.0,14,HUFL,True,-17.079998016357422,13.943120956420898,,,
ETTh1,PatchTST,time_compress,5,7968,2167,0.49523961544036865,MSE,0.8226978182792664,1.7449818849563599,input,15.0,14,HULL,False,1.3399999141693115,1.3399999141693115,,,
ETTh1,PatchTST,time_compress,5,7968,2167,0.49523961544036865,MSE,0.8226978182792664,1.7449818849563599,input,15.0,14,MUFL,True,-19.829002380371094,9.512397766113281,,,
ETTh1,PatchTST,time_compress,5,7968,2167,0.49523961544036865,MSE,0.8226978182792664,1.7449818849563599,input,15.0,14,MULL,False,-0.49699997901916504,-0.49699997901916504,,,
ETTh1,PatchTST,time_compress,5,7968,2167,0.49523961544036865,MSE,0.8226978182792664,1.7449818849563599,input,15.0,14,LUFL,False,1.9800000190734863,1.9800000190734863,,,
ETTh1,PatchTST,time_compress,5,7968,2167,0.49523961544036865,MSE,0.8226978182792664,1.7449818849563599,input,15.0,14,LULL,False,1.0049999952316284,1.0049999952316284,,,
ETTh1,PatchTST,time_compress,5,7968,2167,0.49523961544036865,MSE,0.8226978182792664,1.7449818849563599,input,15.0,14,OT,False,10.621999740600586,10.621999740600586,,,
ETTh1,PatchTST,time_compress,5,7968,2167,0.49523961544036865,MSE,0.8226978182792664,1.7449818849563599,input,16.0,15,HUFL,True,-15.204000473022461,16.38798713684082,,,
ETTh1,PatchTST,time_compress,5,7968,2167,0.49523961544036865,MSE,0.8226978182792664,1.7449818849563599,input,16.0,15,HULL,False,1.2059999704360962,1.2059999704360962,,,
ETTh1,PatchTST,time_compress,5,7968,2167,0.49523961544036865,MSE,0.8226978182792664,1.7449818849563599,input,16.0,15,MUFL,True,-17.76700210571289,12.037504196166992,,,
ETTh1,PatchTST,time_compress,5,7968,2167,0.49523961544036865,MSE,0.8226978182792664,1.7449818849563599,input,16.0,15,MULL,False,-0.35500001907348633,-0.35500001907348633,,,
ETTh1,PatchTST,time_compress,5,7968,2167,0.49523961544036865,MSE,0.8226978182792664,1.7449818849563599,input,16.0,15,LUFL,False,2.0409998893737793,2.0409998893737793,,,
ETTh1,PatchTST,time_compress,5,7968,2167,0.49523961544036865,MSE,0.8226978182792664,1.7449818849563599,input,16.0,15,LULL,False,1.097000002861023,1.097000002861023,,,
ETTh1,PatchTST,time_compress,5,7968,2167,0.49523961544036865,MSE,0.8226978182792664,1.7449818849563599,input,16.0,15,OT,False,12.029000282287598,12.029000282287598,,,
ETTh1,PatchTST,time_compress,5,7968,2167,0.49523961544036865,MSE,0.8226978182792664,1.7449818849563599,input,17.0,16,HUFL,True,-12.591999053955078,14.566890716552734,,,
ETTh1,PatchTST,time_compress,5,7968,2167,0.49523961544036865,MSE,0.8226978182792664,1.7449818849563599,input,17.0,16,HULL,False,0.8710000514984131,0.8710000514984131,,,
ETTh1,PatchTST,time_compress,5,7968,2167,0.49523961544036865,MSE,0.8226978182792664,1.7449818849563599,input,17.0,16,MUFL,True,-14.568999290466309,10.221257209777832,,,
ETTh1,PatchTST,time_compress,5,7968,2167,0.49523961544036865,MSE,0.8226978182792664,1.7449818849563599,input,17.0,16,MULL,False,-0.9589999914169312,-0.9589999914169312,,,
ETTh1,PatchTST,time_compress,5,7968,2167,0.49523961544036865,MSE,0.8226978182792664,1.7449818849563599,input,17.0,16,LUFL,False,2.193000078201294,2.193000078201294,,,
ETTh1,PatchTST,time_compress,5,7968,2167,0.49523961544036865,MSE,0.8226978182792664,1.7449818849563599,input,17.0,16,LULL,False,1.4320000410079956,1.4320000410079956,,,
ETTh1,PatchTST,time_compress,5,7968,2167,0.49523961544036865,MSE,0.8226978182792664,1.7449818849563599,input,17.0,16,OT,False,12.944000244140625,12.944000244140625,,,
ETTh1,PatchTST,time_compress,5,7968,2167,0.49523961544036865,MSE,0.8226978182792664,1.7449818849563599,input,18.0,17,HUFL,True,-6.09499979019165,18.587793350219727,,,
ETTh1,PatchTST,time_compress,5,7968,2167,0.49523961544036865,MSE,0.8226978182792664,1.7449818849563599,input,18.0,17,HULL,False,-0.06699991226196289,-0.06699991226196289,,,
ETTh1,PatchTST,time_compress,5,7968,2167,0.49523961544036865,MSE,0.8226978182792664,1.7449818849563599,input,18.0,17,MUFL,True,-8.777000427246094,13.716605186462402,,,
ETTh1,PatchTST,time_compress,5,7968,2167,0.49523961544036865,MSE,0.8226978182792664,1.7449818849563599,input,18.0,17,MULL,False,-1.7409999370574951,-1.7409999370574951,,,
ETTh1,PatchTST,time_compress,5,7968,2167,0.49523961544036865,MSE,0.8226978182792664,1.7449818849563599,input,18.0,17,LUFL,False,2.7720000743865967,2.7720000743865967,,,
ETTh1,PatchTST,time_compress,5,7968,2167,0.49523961544036865,MSE,0.8226978182792664,1.7449818849563599,input,18.0,17,LULL,False,1.4919999837875366,1.4919999837875366,,,
ETTh1,PatchTST,time_compress,5,7968,2167,0.49523961544036865,MSE,0.8226978182792664,1.7449818849563599,input,18.0,17,OT,False,13.857999801635742,13.857999801635742,,,
ETTh1,PatchTST,time_compress,5,7968,2167,0.49523961544036865,MSE,0.8226978182792664,1.7449818849563599,input,19.0,18,HUFL,True,3.3489999771118164,13.826335906982422,,,
ETTh1,PatchTST,time_compress,5,7968,2167,0.49523961544036865,MSE,0.8226978182792664,1.7449818849563599,input,19.0,18,HULL,False,0.33500003814697266,0.33500003814697266,,,
ETTh1,PatchTST,time_compress,5,7968,2167,0.49523961544036865,MSE,0.8226978182792664,1.7449818849563599,input,19.0,18,MUFL,True,-1.8829998970031738,7.8018999099731445,,,
ETTh1,PatchTST,time_compress,5,7968,2167,0.49523961544036865,MSE,0.8226978182792664,1.7449818849563599,input,19.0,18,MULL,False,-2.38100004196167,-2.38100004196167,,,
ETTh1,PatchTST,time_compress,5,7968,2167,0.49523961544036865,MSE,0.8226978182792664,1.7449818849563599,input,19.0,18,LUFL,False,5.390999794006348,5.390999794006348,,,
ETTh1,PatchTST,time_compress,5,7968,2167,0.49523961544036865,MSE,0.8226978182792664,1.7449818849563599,input,19.0,18,LULL,False,2.5280001163482666,2.5280001163482666,,,
ETTh1,PatchTST,time_compress,5,7968,2167,0.49523961544036865,MSE,0.8226978182792664,1.7449818849563599,input,19.0,18,OT,False,12.944000244140625,12.944000244140625,,,
ETTh1,PatchTST,time_compress,5,7968,2167,0.49523961544036865,MSE,0.8226978182792664,1.7449818849563599,input,20.0,19,HUFL,True,6.229000091552734,-0.7431397438049316,,,
ETTh1,PatchTST,time_compress,5,7968,2167,0.49523961544036865,MSE,0.8226978182792664,1.7449818849563599,input,20.0,19,HULL,False,-1.1389999389648438,-1.1389999389648438,,,
ETTh1,PatchTST,time_compress,5,7968,2167,0.49523961544036865,MSE,0.8226978182792664,1.7449818849563599,input,20.0,19,MUFL,True,3.0920000076293945,-5.853936195373535,,,
ETTh1,PatchTST,time_compress,5,7968,2167,0.49523961544036865,MSE,0.8226978182792664,1.7449818849563599,input,20.0,19,MULL,False,-2.6649999618530273,-2.6649999618530273,,,
ETTh1,PatchTST,time_compress,5,7968,2167,0.49523961544036865,MSE,0.8226978182792664,1.7449818849563599,input,20.0,19,LUFL,False,3.0460000038146973,3.0460000038146973,,,
ETTh1,PatchTST,time_compress,5,7968,2167,0.49523961544036865,MSE,0.8226978182792664,1.7449818849563599,input,20.0,19,LULL,False,1.2790000438690186,1.2790000438690186,,,
ETTh1,PatchTST,time_compress,5,7968,2167,0.49523961544036865,MSE,0.8226978182792664,1.7449818849563599,input,20.0,19,OT,False,13.295999526977539,13.295999526977539,,,
ETTh1,PatchTST,time_compress,5,7968,2167,0.49523961544036865,MSE,0.8226978182792664,1.7449818849563599,input,21.0,20,HUFL,True,9.913000106811523,-14.179237365722656,,,
ETTh1,PatchTST,time_compress,5,7968,2167,0.49523961544036865,MSE,0.8226978182792664,1.7449818849563599,input,21.0,20,HULL,False,-0.06699991226196289,-0.06699991226196289,,,
ETTh1,PatchTST,time_compress,5,7968,2167,0.49523961544036865,MSE,0.8226978182792664,1.7449818849563599,input,21.0,20,MUFL,True,4.263999938964844,-17.000877380371094,,,
ETTh1,PatchTST,time_compress,5,7968,2167,0.49523961544036865,MSE,0.8226978182792664,1.7449818849563599,input,21.0,20,MULL,False,-2.6649999618530273,-2.6649999618530273,,,
ETTh1,PatchTST,time_compress,5,7968,2167,0.49523961544036865,MSE,0.8226978182792664,1.7449818849563599,input,21.0,20,LUFL,False,5.452000141143799,5.452000141143799,,,
ETTh1,PatchTST,time_compress,5,7968,2167,0.49523961544036865,MSE,0.8226978182792664,1.7449818849563599,input,21.0,20,LULL,False,1.5529999732971191,1.5529999732971191,,,
ETTh1,PatchTST,time_compress,5,7968,2167,0.49523961544036865,MSE,0.8226978182792664,1.7449818849563599,input,21.0,20,OT,False,11.536999702453613,11.536999702453613,,,
ETTh1,PatchTST,time_compress,5,7968,2167,0.49523961544036865,MSE,0.8226978182792664,1.7449818849563599,input,22.0,21,HUFL,True,7.234000205993652,-18.972917556762695,,,
ETTh1,PatchTST,time_compress,5,7968,2167,0.49523961544036865,MSE,0.8226978182792664,1.7449818849563599,input,22.0,21,HULL,False,-0.5360000133514404,-0.5360000133514404,,,
ETTh1,PatchTST,time_compress,5,7968,2167,0.49523961544036865,MSE,0.8226978182792664,1.7449818849563599,input,22.0,21,MUFL,True,4.547999858856201,-21.511699676513672,,,
ETTh1,PatchTST,time_compress,5,7968,2167,0.49523961544036865,MSE,0.8226978182792664,1.7449818849563599,input,22.0,21,MULL,False,-2.38100004196167,-2.38100004196167,,,
ETTh1,PatchTST,time_compress,5,7968,2167,0.49523961544036865,MSE,0.8226978182792664,1.7449818849563599,input,22.0,21,LUFL,False,2.984999895095825,2.984999895095825,,,
ETTh1,PatchTST,time_compress,5,7968,2167,0.49523961544036865,MSE,0.8226978182792664,1.7449818849563599,input,22.0,21,LULL,False,0.9750000238418579,0.9750000238418579,,,
ETTh1,PatchTST,time_compress,5,7968,2167,0.49523961544036865,MSE,0.8226978182792664,1.7449818849563599,input,22.0,21,OT,False,11.395999908447266,11.395999908447266,,,
ETTh1,PatchTST,time_compress,5,7968,2167,0.49523961544036865,MSE,0.8226978182792664,1.7449818849563599,input,23.0,22,HUFL,True,8.907999992370605,-8.120920181274414,,,
ETTh1,PatchTST,time_compress,5,7968,2167,0.49523961544036865,MSE,0.8226978182792664,1.7449818849563599,input,23.0,22,HULL,False,-0.8039999008178711,-0.8039999008178711,,,
ETTh1,PatchTST,time_compress,5,7968,2167,0.49523961544036865,MSE,0.8226978182792664,1.7449818849563599,input,23.0,22,MUFL,True,6.716000080108643,-10.170912742614746,,,
ETTh1,PatchTST,time_compress,5,7968,2167,0.49523961544036865,MSE,0.8226978182792664,1.7449818849563599,input,23.0,22,MULL,False,-1.7060000896453857,-1.7060000896453857,,,
ETTh1,PatchTST,time_compress,5,7968,2167,0.49523961544036865,MSE,0.8226978182792664,1.7449818849563599,input,23.0,22,LUFL,False,2.559000015258789,2.559000015258789,,,
ETTh1,PatchTST,time_compress,5,7968,2167,0.49523961544036865,MSE,0.8226978182792664,1.7449818849563599,input,23.0,22,LULL,False,0.9440000057220459,0.9440000057220459,,,
ETTh1,PatchTST,time_compress,5,7968,2167,0.49523961544036865,MSE,0.8226978182792664,1.7449818849563599,input,23.0,22,OT,False,11.326000213623047,11.326000213623047,,,
ETTh1,PatchTST,time_compress,5,7968,2167,0.49523961544036865,MSE,0.8226978182792664,1.7449818849563599,input,24.0,23,HUFL,True,9.979999542236328,-3.4630160331726074,,,
ETTh1,PatchTST,time_compress,5,7968,2167,0.49523961544036865,MSE,0.8226978182792664,1.7449818849563599,input,24.0,23,HULL,False,0.33500003814697266,0.33500003814697266,,,
ETTh1,PatchTST,time_compress,5,7968,2167,0.49523961544036865,MSE,0.8226978182792664,1.7449818849563599,input,24.0,23,MUFL,True,7.747000217437744,-4.996580123901367,,,
ETTh1,PatchTST,time_compress,5,7968,2167,0.49523961544036865,MSE,0.8226978182792664,1.7449818849563599,input,24.0,23,MULL,False,-0.6039999723434448,-0.6039999723434448,,,
ETTh1,PatchTST,time_compress,5,7968,2167,0.49523961544036865,MSE,0.8226978182792664,1.7449818849563599,input,24.0,23,LUFL,False,2.375999927520752,2.375999927520752,,,
ETTh1,PatchTST,time_compress,5,7968,2167,0.49523961544036865,MSE,0.8226978182792664,1.7449818849563599,input,24.0,23,LULL,False,0.8830000162124634,0.8830000162124634,,,
ETTh1,PatchTST,time_compress,5,7968,2167,0.49523961544036865,MSE,0.8226978182792664,1.7449818849563599,input,24.0,23,OT,False,10.973999977111816,10.973999977111816,,,
ETTh1,PatchTST,time_compress,5,7968,2167,0.49523961544036865,MSE,0.8226978182792664,1.7449818849563599,input,25.0,24,HUFL,True,13.395999908447266,5.552735328674316,,,
ETTh1,PatchTST,time_compress,5,7968,2167,0.49523961544036865,MSE,0.8226978182792664,1.7449818849563599,input,25.0,24,HULL,False,1.8079999685287476,1.8079999685287476,,,
ETTh1,PatchTST,time_compress,5,7968,2167,0.49523961544036865,MSE,0.8226978182792664,1.7449818849563599,input,25.0,24,MUFL,True,9.060999870300293,2.763603448867798,,,
ETTh1,PatchTST,time_compress,5,7968,2167,0.49523961544036865,MSE,0.8226978182792664,1.7449818849563599,input,25.0,24,MULL,False,0.03600001335144043,0.03600001335144043,,,
ETTh1,PatchTST,time_compress,5,7968,2167,0.49523961544036865,MSE,0.8226978182792664,1.7449818849563599,input,25.0,24,LUFL,False,4.568999767303467,4.568999767303467,,,
ETTh1,PatchTST,time_compress,5,7968,2167,0.49523961544036865,MSE,0.8226978182792664,1.7449818849563599,input,25.0,24,LULL,False,1.156999945640564,1.156999945640564,,,
ETTh1,PatchTST,time_compress,5,7968,2167,0.49523961544036865,MSE,0.8226978182792664,1.7449818849563599,input,25.0,24,OT,False,10.904000282287598,10.904000282287598,,,
ETTh1,PatchTST,time_compress,5,7968,2167,0.49523961544036865,MSE,0.8226978182792664,1.7449818849563599,input,26.0,25,HUFL,True,14.601999282836914,7.099999904632568,,,
ETTh1,PatchTST,time_compress,5,7968,2167,0.49523961544036865,MSE,0.8226978182792664,1.7449818849563599,input,26.0,25,HULL,False,3.1480000019073486,3.1480000019073486,,,
ETTh1,PatchTST,time_compress,5,7968,2167,0.49523961544036865,MSE,0.8226978182792664,1.7449818849563599,input,26.0,25,MUFL,True,10.055999755859375,4.349765777587891,,,
ETTh1,PatchTST,time_compress,5,7968,2167,0.49523961544036865,MSE,0.8226978182792664,1.7449818849563599,input,26.0,25,MULL,False,1.2790000438690186,1.2790000438690186,,,
ETTh1,PatchTST,time_compress,5,7968,2167,0.49523961544036865,MSE,0.8226978182792664,1.7449818849563599,input,26.0,25,LUFL,False,4.295000076293945,4.295000076293945,,,
ETTh1,PatchTST,time_compress,5,7968,2167,0.49523961544036865,MSE,0.8226978182792664,1.7449818849563599,input,26.0,25,LULL,False,1.097000002861023,1.097000002861023,,,
ETTh1,PatchTST,time_compress,5,7968,2167,0.49523961544036865,MSE,0.8226978182792664,1.7449818849563599,input,26.0,25,OT,False,10.41100025177002,10.41100025177002,,,
ETTh1,PatchTST,time_compress,5,7968,2167,0.49523961544036865,MSE,0.8226978182792664,1.7449818849563599,input,27.0,26,HUFL,True,16.007999420166016,7.113829135894775,,,
ETTh1,PatchTST,time_compress,5,7968,2167,0.49523961544036865,MSE,0.8226978182792664,1.7449818849563599,input,27.0,26,HULL,False,3.2820000648498535,3.2820000648498535,,,
ETTh1,PatchTST,time_compress,5,7968,2167,0.49523961544036865,MSE,0.8226978182792664,1.7449818849563599,input,27.0,26,MUFL,True,11.441999435424805,4.556964874267578,,,
ETTh1,PatchTST,time_compress,5,7968,2167,0.49523961544036865,MSE,0.8226978182792664,1.7449818849563599,input,27.0,26,MULL,False,1.6349999904632568,1.6349999904632568,,,
ETTh1,PatchTST,time_compress,5,7968,2167,0.49523961544036865,MSE,0.8226978182792664,1.7449818849563599,input,27.0,26,LUFL,False,4.295000076293945,4.295000076293945,,,
ETTh1,PatchTST,time_compress,5,7968,2167,0.49523961544036865,MSE,0.8226978182792664,1.7449818849563599,input,27.0,26,LULL,False,1.1269999742507935,1.1269999742507935,,,
ETTh1,PatchTST,time_compress,5,7968,2167,0.49523961544036865,MSE,0.8226978182792664,1.7449818849563599,input,27.0,26,OT,False,10.340999603271484,10.340999603271484,,,
ETTh1,PatchTST,time_compress,5,7968,2167,0.49523961544036865,MSE,0.8226978182792664,1.7449818849563599,input,28.0,27,HUFL,True,17.48200035095215,11.062942504882812,,,
ETTh1,PatchTST,time_compress,5,7968,2167,0.49523961544036865,MSE,0.8226978182792664,1.7449818849563599,input,28.0,27,HULL,False,4.622000217437744,4.622000217437744,,,
ETTh1,PatchTST,time_compress,5,7968,2167,0.49523961544036865,MSE,0.8226978182792664,1.7449818849563599,input,28.0,27,MUFL,True,13.751999855041504,6.71283483505249,,,
ETTh1,PatchTST,time_compress,5,7968,2167,0.49523961544036865,MSE,0.8226978182792664,1.7449818849563599,input,28.0,27,MULL,False,2.0969998836517334,2.0969998836517334,,,
ETTh1,PatchTST,time_compress,5,7968,2167,0.49523961544036865,MSE,0.8226978182792664,1.7449818849563599,input,28.0,27,LUFL,False,4.324999809265137,4.324999809265137,,,
ETTh1,PatchTST,time_compress,5,7968,2167,0.49523961544036865,MSE,0.8226978182792664,1.7449818849563599,input,28.0,27,LULL,False,1.097000002861023,1.097000002861023,,,
ETTh1,PatchTST,time_compress,5,7968,2167,0.49523961544036865,MSE,0.8226978182792664,1.7449818849563599,input,28.0,27,OT,False,10.130000114440918,10.130000114440918,,,
ETTh1,PatchTST,time_compress,5,7968,2167,0.49523961544036865,MSE,0.8226978182792664,1.7449818849563599,input,29.0,28,HUFL,True,14.401000022888184,14.277670860290527,,,
ETTh1,PatchTST,time_compress,5,7968,2167,0.49523961544036865,MSE,0.8226978182792664,1.7449818849563599,input,29.0,28,HULL,False,2.812999963760376,2.812999963760376,,,
ETTh1,PatchTST,time_compress,5,7968,2167,0.49523961544036865,MSE,0.8226978182792664,1.7449818849563599,input,29.0,28,MUFL,True,10.020999908447266,9.673627853393555,,,
ETTh1,PatchTST,time_compress,5,7968,2167,0.49523961544036865,MSE,0.8226978182792664,1.7449818849563599,input,29.0,28,MULL,False,0.7820000052452087,0.7820000052452087,,,
ETTh1,PatchTST,time_compress,5,7968,2167,0.49523961544036865,MSE,0.8226978182792664,1.7449818849563599,input,29.0,28,LUFL,False,4.234000205993652,4.234000205993652,,,
ETTh1,PatchTST,time_compress,5,7968,2167,0.49523961544036865,MSE,0.8226978182792664,1.7449818849563599,input,29.0,28,LULL,False,1.2489999532699585,1.2489999532699585,,,
ETTh1,PatchTST,time_compress,5,7968,2167,0.49523961544036865,MSE,0.8226978182792664,1.7449818849563599,input,29.0,28,OT,False,10.0600004196167,10.0600004196167,,,
ETTh1,PatchTST,time_compress,5,7968,2167,0.49523961544036865,MSE,0.8226978182792664,1.7449818849563599,input,30.0,29,HUFL,True,17.079999923706055,12.574838638305664,,,
ETTh1,PatchTST,time_compress,5,7968,2167,0.49523961544036865,MSE,0.8226978182792664,1.7449818849563599,input,30.0,29,HULL,False,4.354000091552734,4.354000091552734,,,
ETTh1,PatchTST,time_compress,5,7968,2167,0.49523961544036865,MSE,0.8226978182792664,1.7449818849563599,input,30.0,29,MUFL,True,13.255000114440918,8.308395385742188,,,
ETTh1,PatchTST,time_compress,5,7968,2167,0.49523961544036865,MSE,0.8226978182792664,1.7449818849563599,input,30.0,29,MULL,False,1.8830000162124634,1.8830000162124634,,,
ETTh1,PatchTST,time_compress,5,7968,2167,0.49523961544036865,MSE,0.8226978182792664,1.7449818849563599,input,30.0,29,LUFL,False,4.324999809265137,4.324999809265137,,,
ETTh1,PatchTST,time_compress,5,7968,2167,0.49523961544036865,MSE,0.8226978182792664,1.7449818849563599,input,30.0,29,LULL,False,1.218000054359436,1.218000054359436,,,
ETTh1,PatchTST,time_compress,5,7968,2167,0.49523961544036865,MSE,0.8226978182792664,1.7449818849563599,input,30.0,29,OT,False,10.199999809265137,10.199999809265137,,,
ETTh1,PatchTST,time_compress,5,7968,2167,0.49523961544036865,MSE,0.8226978182792664,1.7449818849563599,input,31.0,30,HUFL,True,18.820999145507812,13.623894691467285,,,
ETTh1,PatchTST,time_compress,5,7968,2167,0.49523961544036865,MSE,0.8226978182792664,1.7449818849563599,input,31.0,30,HULL,False,4.48799991607666,4.48799991607666,,,
ETTh1,PatchTST,time_compress,5,7968,2167,0.49523961544036865,MSE,0.8226978182792664,1.7449818849563599,input,31.0,30,MUFL,True,13.788000106811523,8.885881423950195,,,
ETTh1,PatchTST,time_compress,5,7968,2167,0.49523961544036865,MSE,0.8226978182792664,1.7449818849563599,input,31.0,30,MULL,False,2.5230000019073486,2.5230000019073486,,,
ETTh1,PatchTST,time_compress,5,7968,2167,0.49523961544036865,MSE,0.8226978182792664,1.7449818849563599,input,31.0,30,LUFL,False,5.208000183105469,5.208000183105469,,,
ETTh1,PatchTST,time_compress,5,7968,2167,0.49523961544036865,MSE,0.8226978182792664,1.7449818849563599,input,31.0,30,LULL,False,1.5230000019073486,1.5230000019073486,,,
ETTh1,PatchTST,time_compress,5,7968,2167,0.49523961544036865,MSE,0.8226978182792664,1.7449818849563599,input,31.0,30,OT,False,10.270999908447266,10.270999908447266,,,
ETTh1,PatchTST,time_compress,5,7968,2167,0.49523961544036865,MSE,0.8226978182792664,1.7449818849563599,input,32.0,31,HUFL,True,16.878999710083008,15.614296913146973,,,
ETTh1,PatchTST,time_compress,5,7968,2167,0.49523961544036865,MSE,0.8226978182792664,1.7449818849563599,input,32.0,31,HULL,False,3.617000102996826,3.617000102996826,,,
ETTh1,PatchTST,time_compress,5,7968,2167,0.49523961544036865,MSE,0.8226978182792664,1.7449818849563599,input,32.0,31,MUFL,True,10.87399959564209,10.586073875427246,,,
ETTh1,PatchTST,time_compress,5,7968,2167,0.49523961544036865,MSE,0.8226978182792664,1.7449818849563599,input,32.0,31,MULL,False,1.031000018119812,1.031000018119812,,,
ETTh1,PatchTST,time_compress,5,7968,2167,0.49523961544036865,MSE,0.8226978182792664,1.7449818849563599,input,32.0,31,LUFL,False,5.908999443054199,5.908999443054199,,,
ETTh1,PatchTST,time_compress,5,7968,2167,0.49523961544036865,MSE,0.8226978182792664,1.7449818849563599,input,32.0,31,LULL,False,1.7969999313354492,1.7969999313354492,,,
ETTh1,PatchTST,time_compress,5,7968,2167,0.49523961544036865,MSE,0.8226978182792664,1.7449818849563599,input,32.0,31,OT,False,10.199999809265137,10.199999809265137,,,
ETTh1,PatchTST,time_compress,5,7968,2167,0.49523961544036865,MSE,0.8226978182792664,1.7449818849563599,input,33.0,32,HUFL,True,12.324000358581543,15.113431930541992,,,
ETTh1,PatchTST,time_compress,5,7968,2167,0.49523961544036865,MSE,0.8226978182792664,1.7449818849563599,input,33.0,32,HULL,False,4.2870001792907715,4.2870001792907715,,,
ETTh1,PatchTST,time_compress,5,7968,2167,0.49523961544036865,MSE,0.8226978182792664,1.7449818849563599,input,33.0,32,MUFL,True,6.289999961853027,10.055999755859375,,,
ETTh1,PatchTST,time_compress,5,7968,2167,0.49523961544036865,MSE,0.8226978182792664,1.7449818849563599,input,33.0,32,MULL,False,1.5640000104904175,1.5640000104904175,,,
ETTh1,PatchTST,time_compress,5,7968,2167,0.49523961544036865,MSE,0.8226978182792664,1.7449818849563599,input,33.0,32,LUFL,False,5.421999931335449,5.421999931335449,,,
ETTh1,PatchTST,time_compress,5,7968,2167,0.49523961544036865,MSE,0.8226978182792664,1.7449818849563599,input,33.0,32,LULL,False,1.5529999732971191,1.5529999732971191,,,
ETTh1,PatchTST,time_compress,5,7968,2167,0.49523961544036865,MSE,0.8226978182792664,1.7449818849563599,input,33.0,32,OT,False,11.043999671936035,11.043999671936035,,,
ETTh1,PatchTST,time_compress,5,7968,2167,0.49523961544036865,MSE,0.8226978182792664,1.7449818849563599,input,34.0,33,HUFL,True,1.6079998016357422,3.768725872039795,,,
ETTh1,PatchTST,time_compress,5,7968,2167,0.49523961544036865,MSE,0.8226978182792664,1.7449818849563599,input,34.0,33,HULL,False,1.6740000247955322,1.6740000247955322,,,
ETTh1,PatchTST,time_compress,5,7968,2167,0.49523961544036865,MSE,0.8226978182792664,1.7449818849563599,input,34.0,33,MUFL,True,-3.055999755859375,0.6894111633300781,,,
ETTh1,PatchTST,time_compress,5,7968,2167,0.49523961544036865,MSE,0.8226978182792664,1.7449818849563599,input,34.0,33,MULL,False,0.17799997329711914,0.17799997329711914,,,
ETTh1,PatchTST,time_compress,5,7968,2167,0.49523961544036865,MSE,0.8226978182792664,1.7449818849563599,input,34.0,33,LUFL,False,4.8429999351501465,4.8429999351501465,,,
ETTh1,PatchTST,time_compress,5,7968,2167,0.49523961544036865,MSE,0.8226978182792664,1.7449818849563599,input,34.0,33,LULL,False,1.4620000123977661,1.4620000123977661,,,
ETTh1,PatchTST,time_compress,5,7968,2167,0.49523961544036865,MSE,0.8226978182792664,1.7449818849563599,input,34.0,33,OT,False,11.536999702453613,11.536999702453613,,,
ETTh1,PatchTST,time_compress,5,7968,2167,0.49523961544036865,MSE,0.8226978182792664,1.7449818849563599,input,35.0,34,HUFL,True,-3.348999500274658,-1.342827320098877,,,
ETTh1,PatchTST,time_compress,5,7968,2167,0.49523961544036865,MSE,0.8226978182792664,1.7449818849563599,input,35.0,34,HULL,False,2.2100000381469727,2.2100000381469727,,,
ETTh1,PatchTST,time_compress,5,7968,2167,0.49523961544036865,MSE,0.8226978182792664,1.7449818849563599,input,35.0,34,MUFL,True,-8.954999923706055,-4.243555068969727,,,
ETTh1,PatchTST,time_compress,5,7968,2167,0.49523961544036865,MSE,0.8226978182792664,1.7449818849563599,input,35.0,34,MULL,False,0.39100000262260437,0.39100000262260437,,,
ETTh1,PatchTST,time_compress,5,7968,2167,0.49523961544036865,MSE,0.8226978182792664,1.7449818849563599,input,35.0,34,LUFL,False,4.813000202178955,4.813000202178955,,,
ETTh1,PatchTST,time_compress,5,7968,2167,0.49523961544036865,MSE,0.8226978182792664,1.7449818849563599,input,35.0,34,LULL,False,1.8279998302459717,1.8279998302459717,,,
ETTh1,PatchTST,time_compress,5,7968,2167,0.49523961544036865,MSE,0.8226978182792664,1.7449818849563599,input,35.0,34,OT,False,10.973999977111816,10.973999977111816,,,
ETTh1,PatchTST,time_compress,5,7968,2167,0.49523961544036865,MSE,0.8226978182792664,1.7449818849563599,input,36.0,35,HUFL,True,-13.395999908447266,-3.9284472465515137,,,
ETTh1,PatchTST,time_compress,5,7968,2167,0.49523961544036865,MSE,0.8226978182792664,1.7449818849563599,input,36.0,35,HULL,False,1.6740000247955322,1.6740000247955322,,,
ETTh1,PatchTST,time_compress,5,7968,2167,0.49523961544036865,MSE,0.8226978182792664,1.7449818849563599,input,36.0,35,MUFL,True,-16.41699981689453,-6.341939926147461,,,
ETTh1,PatchTST,time_compress,5,7968,2167,0.49523961544036865,MSE,0.8226978182792664,1.7449818849563599,input,36.0,35,MULL,False,0.2840000092983246,0.2840000092983246,,,
ETTh1,PatchTST,time_compress,5,7968,2167,0.49523961544036865,MSE,0.8226978182792664,1.7449818849563599,input,36.0,35,LUFL,False,2.8940000534057617,2.8940000534057617,,,
ETTh1,PatchTST,time_compress,5,7968,2167,0.49523961544036865,MSE,0.8226978182792664,1.7449818849563599,input,36.0,35,LULL,False,1.4010000228881836,1.4010000228881836,,,
ETTh1,PatchTST,time_compress,5,7968,2167,0.49523961544036865,MSE,0.8226978182792664,1.7449818849563599,input,36.0,35,OT,False,11.326000213623047,11.326000213623047,,,
ETTh1,PatchTST,time_compress,5,7968,2167,0.49523961544036865,MSE,0.8226978182792664,1.7449818849563599,input,37.0,36,HUFL,True,-16.208999633789062,-0.15030574798583984,,,
ETTh1,PatchTST,time_compress,5,7968,2167,0.49523961544036865,MSE,0.8226978182792664,1.7449818849563599,input,37.0,36,HULL,False,1.875,1.875,,,
ETTh1,PatchTST,time_compress,5,7968,2167,0.49523961544036865,MSE,0.8226978182792664,1.7449818849563599,input,37.0,36,MUFL,True,-18.513999938964844,-2.707730770111084,,,
ETTh1,PatchTST,time_compress,5,7968,2167,0.49523961544036865,MSE,0.8226978182792664,1.7449818849563599,input,37.0,36,MULL,False,0.39100000262260437,0.39100000262260437,,,
ETTh1,PatchTST,time_compress,5,7968,2167,0.49523961544036865,MSE,0.8226978182792664,1.7449818849563599,input,37.0,36,LUFL,False,3.015000104904175,3.015000104904175,,,
ETTh1,PatchTST,time_compress,5,7968,2167,0.49523961544036865,MSE,0.8226978182792664,1.7449818849563599,input,37.0,36,LULL,False,1.2489999532699585,1.2489999532699585,,,
ETTh1,PatchTST,time_compress,5,7968,2167,0.49523961544036865,MSE,0.8226978182792664,1.7449818849563599,input,37.0,36,OT,False,12.029000282287598,12.029000282287598,,,
ETTh1,PatchTST,time_compress,5,7968,2167,0.49523961544036865,MSE,0.8226978182792664,1.7449818849563599,input,38.0,37,HUFL,True,-19.089000701904297,4.960859298706055,,,
ETTh1,PatchTST,time_compress,5,7968,2167,0.49523961544036865,MSE,0.8226978182792664,1.7449818849563599,input,38.0,37,HULL,False,0.8040000200271606,0.8040000200271606,,,
ETTh1,PatchTST,time_compress,5,7968,2167,0.49523961544036865,MSE,0.8226978182792664,1.7449818849563599,input,38.0,37,MUFL,True,-21.676002502441406,1.900315761566162,,,
ETTh1,PatchTST,time_compress,5,7968,2167,0.49523961544036865,MSE,0.8226978182792664,1.7449818849563599,input,38.0,37,MULL,False,-0.9950000047683716,-0.9950000047683716,,,
ETTh1,PatchTST,time_compress,5,7968,2167,0.49523961544036865,MSE,0.8226978182792664,1.7449818849563599,input,38.0,37,LUFL,False,1.8880000114440918,1.8880000114440918,,,
ETTh1,PatchTST,time_compress,5,7968,2167,0.49523961544036865,MSE,0.8226978182792664,1.7449818849563599,input,38.0,37,LULL,False,0.9750000238418579,0.9750000238418579,,,
ETTh1,PatchTST,time_compress,5,7968,2167,0.49523961544036865,MSE,0.8226978182792664,1.7449818849563599,input,38.0,37,OT,False,12.310999870300293,12.310999870300293,,,
ETTh1,PatchTST,time_compress,5,7968,2167,0.49523961544036865,MSE,0.8226978182792664,1.7449818849563599,input,39.0,38,HUFL,True,-17.683000564575195,6.564734935760498,,,
ETTh1,PatchTST,time_compress,5,7968,2167,0.49523961544036865,MSE,0.8226978182792664,1.7449818849563599,input,39.0,38,HULL,False,1.6740000247955322,1.6740000247955322,,,
ETTh1,PatchTST,time_compress,5,7968,2167,0.49523961544036865,MSE,0.8226978182792664,1.7449818849563599,input,39.0,38,MUFL,True,-19.685997009277344,3.830545425415039,,,
ETTh1,PatchTST,time_compress,5,7968,2167,0.49523961544036865,MSE,0.8226978182792664,1.7449818849563599,input,39.0,38,MULL,False,0.0,0.0,,,
ETTh1,PatchTST,time_compress,5,7968,2167,0.49523961544036865,MSE,0.8226978182792664,1.7449818849563599,input,39.0,38,LUFL,False,1.8580000400543213,1.8580000400543213,,,
ETTh1,PatchTST,time_compress,5,7968,2167,0.49523961544036865,MSE,0.8226978182792664,1.7449818849563599,input,39.0,38,LULL,False,0.8830000162124634,0.8830000162124634,,,
ETTh1,PatchTST,time_compress,5,7968,2167,0.49523961544036865,MSE,0.8226978182792664,1.7449818849563599,input,39.0,38,OT,False,13.154999732971191,13.154999732971191,,,
ETTh1,PatchTST,time_compress,5,7968,2167,0.49523961544036865,MSE,0.8226978182792664,1.7449818849563599,input,40.0,39,HUFL,True,-6.899000644683838,6.996482849121094,,,
ETTh1,PatchTST,time_compress,5,7968,2167,0.49523961544036865,MSE,0.8226978182792664,1.7449818849563599,input,40.0,39,HULL,False,1.1390000581741333,1.1390000581741333,,,
ETTh1,PatchTST,time_compress,5,7968,2167,0.49523961544036865,MSE,0.8226978182792664,1.7449818849563599,input,40.0,39,MUFL,True,-8.954999923706055,4.628671169281006,,,
ETTh1,PatchTST,time_compress,5,7968,2167,0.49523961544036865,MSE,0.8226978182792664,1.7449818849563599,input,40.0,39,MULL,False,-0.49699997901916504,-0.49699997901916504,,,
ETTh1,PatchTST,time_compress,5,7968,2167,0.49523961544036865,MSE,0.8226978182792664,1.7449818849563599,input,40.0,39,LUFL,False,2.071000099182129,2.071000099182129,,,
ETTh1,PatchTST,time_compress,5,7968,2167,0.49523961544036865,MSE,0.8226978182792664,1.7449818849563599,input,40.0,39,LULL,False,1.156999945640564,1.156999945640564,,,
ETTh1,PatchTST,time_compress,5,7968,2167,0.49523961544036865,MSE,0.8226978182792664,1.7449818849563599,input,40.0,39,OT,False,14.210000038146973,14.210000038146973,,,
ETTh1,PatchTST,time_compress,5,7968,2167,0.49523961544036865,MSE,0.8226978182792664,1.7449818849563599,input,41.0,40,HUFL,True,-8.505998611450195,10.418620109558105,,,
ETTh1,PatchTST,time_compress,5,7968,2167,0.49523961544036865,MSE,0.8226978182792664,1.7449818849563599,input,41.0,40,HULL,False,0.6029999256134033,0.6029999256134033,,,
ETTh1,PatchTST,time_compress,5,7968,2167,0.49523961544036865,MSE,0.8226978182792664,1.7449818849563599,input,41.0,40,MUFL,True,-11.157999992370605,8.61590576171875,,,
ETTh1,PatchTST,time_compress,5,7968,2167,0.49523961544036865,MSE,0.8226978182792664,1.7449818849563599,input,41.0,40,MULL,False,-0.8169999122619629,-0.8169999122619629,,,
ETTh1,PatchTST,time_compress,5,7968,2167,0.49523961544036865,MSE,0.8226978182792664,1.7449818849563599,input,41.0,40,LUFL,False,2.3450000286102295,2.3450000286102295,,,
ETTh1,PatchTST,time_compress,5,7968,2167,0.49523961544036865,MSE,0.8226978182792664,1.7449818849563599,input,41.0,40,LULL,False,0.9750000238418579,0.9750000238418579,,,
ETTh1,PatchTST,time_compress,5,7968,2167,0.49523961544036865,MSE,0.8226978182792664,1.7449818849563599,input,41.0,40,OT,False,14.491000175476074,14.491000175476074,,,
ETTh1,PatchTST,time_compress,5,7968,2167,0.49523961544036865,MSE,0.8226978182792664,1.7449818849563599,input,42.0,41,HUFL,True,-1.2059998512268066,14.50242805480957,,,
ETTh1,PatchTST,time_compress,5,7968,2167,0.49523961544036865,MSE,0.8226978182792664,1.7449818849563599,input,42.0,41,HULL,False,-0.26800012588500977,-0.26800012588500977,,,
ETTh1,PatchTST,time_compress,5,7968,2167,0.49523961544036865,MSE,0.8226978182792664,1.7449818849563599,input,42.0,41,MUFL,True,-2.2390007972717285,10.301687240600586,,,
ETTh1,PatchTST,time_compress,5,7968,2167,0.49523961544036865,MSE,0.8226978182792664,1.7449818849563599,input,42.0,41,MULL,False,-2.061000108718872,-2.061000108718872,,,
ETTh1,PatchTST,time_compress,5,7968,2167,0.49523961544036865,MSE,0.8226978182792664,1.7449818849563599,input,42.0,41,LUFL,False,2.437000036239624,2.437000036239624,,,
ETTh1,PatchTST,time_compress,5,7968,2167,0.49523961544036865,MSE,0.8226978182792664,1.7449818849563599,input,42.0,41,LULL,False,1.187999963760376,1.187999963760376,,,
ETTh1,PatchTST,time_compress,5,7968,2167,0.49523961544036865,MSE,0.8226978182792664,1.7449818849563599,input,42.0,41,OT,False,15.54699993133545,15.54699993133545,,,
ETTh1,PatchTST,time_compress,5,7968,2167,0.49523961544036865,MSE,0.8226978182792664,1.7449818849563599,input,43.0,42,HUFL,True,4.889999866485596,14.51852035522461,,,
ETTh1,PatchTST,time_compress,5,7968,2167,0.49523961544036865,MSE,0.8226978182792664,1.7449818849563599,input,43.0,42,HULL,False,-0.8039999008178711,-0.8039999008178711,,,
ETTh1,PatchTST,time_compress,5,7968,2167,0.49523961544036865,MSE,0.8226978182792664,1.7449818849563599,input,43.0,42,MUFL,True,1.9900000095367432,10.369386672973633,,,
ETTh1,PatchTST,time_compress,5,7968,2167,0.49523961544036865,MSE,0.8226978182792664,1.7449818849563599,input,43.0,42,MULL,False,-2.061000108718872,-2.061000108718872,,,
ETTh1,PatchTST,time_compress,5,7968,2167,0.49523961544036865,MSE,0.8226978182792664,1.7449818849563599,input,43.0,42,LUFL,False,2.8329999446868896,2.8329999446868896,,,
ETTh1,PatchTST,time_compress,5,7968,2167,0.49523961544036865,MSE,0.8226978182792664,1.7449818849563599,input,43.0,42,LULL,False,1.0360000133514404,1.0360000133514404,,,
ETTh1,PatchTST,time_compress,5,7968,2167,0.49523961544036865,MSE,0.8226978182792664,1.7449818849563599,input,43.0,42,OT,False,13.788000106811523,13.788000106811523,,,
ETTh1,PatchTST,time_compress,5,7968,2167,0.49523961544036865,MSE,0.8226978182792664,1.7449818849563599,input,44.0,43,HUFL,True,6.229000091552734,13.880183219909668,,,
ETTh1,PatchTST,time_compress,5,7968,2167,0.49523961544036865,MSE,0.8226978182792664,1.7449818849563599,input,44.0,43,HULL,False,-1.4739999771118164,-1.4739999771118164,,,
ETTh1,PatchTST,time_compress,5,7968,2167,0.49523961544036865,MSE,0.8226978182792664,1.7449818849563599,input,44.0,43,MUFL,True,3.552999973297119,9.68923568725586,,,
ETTh1,PatchTST,time_compress,5,7968,2167,0.49523961544036865,MSE,0.8226978182792664,1.7449818849563599,input,44.0,43,MULL,False,-2.559000015258789,-2.559000015258789,,,
ETTh1,PatchTST,time_compress,5,7968,2167,0.49523961544036865,MSE,0.8226978182792664,1.7449818849563599,input,44.0,43,LUFL,False,2.86299991607666,2.86299991607666,,,
ETTh1,PatchTST,time_compress,5,7968,2167,0.49523961544036865,MSE,0.8226978182792664,1.7449818849563599,input,44.0,43,LULL,False,0.8830000162124634,0.8830000162124634,,,
ETTh1,PatchTST,time_compress,5,7968,2167,0.49523961544036865,MSE,0.8226978182792664,1.7449818849563599,input,44.0,43,OT,False,13.506999969482422,13.506999969482422,,,
ETTh1,PatchTST,time_compress,5,7968,2167,0.49523961544036865,MSE,0.8226978182792664,1.7449818849563599,input,45.0,44,HUFL,True,7.099999904632568,10.649999618530273,,,
ETTh1,PatchTST,time_compress,5,7968,2167,0.49523961544036865,MSE,0.8226978182792664,1.7449818849563599,input,45.0,44,HULL,False,-1.6080000400543213,-1.6080000400543213,,,
ETTh1,PatchTST,time_compress,5,7968,2167,0.49523961544036865,MSE,0.8226978182792664,1.7449818849563599,input,45.0,44,MUFL,True,4.370999813079834,7.896984100341797,,,
ETTh1,PatchTST,time_compress,5,7968,2167,0.49523961544036865,MSE,0.8226978182792664,1.7449818849563599,input,45.0,44,MULL,False,-2.8429999351501465,-2.8429999351501465,,,
ETTh1,PatchTST,time_compress,5,7968,2167,0.49523961544036865,MSE,0.8226978182792664,1.7449818849563599,input,45.0,44,LUFL,False,2.7109999656677246,2.7109999656677246,,,
ETTh1,PatchTST,time_compress,5,7968,2167,0.49523961544036865,MSE,0.8226978182792664,1.7449818849563599,input,45.0,44,LULL,False,0.8830000162124634,0.8830000162124634,,,
ETTh1,PatchTST,time_compress,5,7968,2167,0.49523961544036865,MSE,0.8226978182792664,1.7449818849563599,input,45.0,44,OT,False,12.661999702453613,12.661999702453613,,,
ETTh1,PatchTST,time_compress,5,7968,2167,0.49523961544036865,MSE,0.8226978182792664,1.7449818849563599,input,46.0,45,HUFL,True,7.099999904632568,9.854084014892578,,,
ETTh1,PatchTST,time_compress,5,7968,2167,0.49523961544036865,MSE,0.8226978182792664,1.7449818849563599,input,46.0,45,HULL,False,-1.6740000247955322,-1.6740000247955322,,,
ETTh1,PatchTST,time_compress,5,7968,2167,0.49523961544036865,MSE,0.8226978182792664,1.7449818849563599,input,46.0,45,MUFL,True,4.300000190734863,7.141040325164795,,,
ETTh1,PatchTST,time_compress,5,7968,2167,0.49523961544036865,MSE,0.8226978182792664,1.7449818849563599,input,46.0,45,MULL,False,-2.9489998817443848,-2.9489998817443848,,,
ETTh1,PatchTST,time_compress,5,7968,2167,0.49523961544036865,MSE,0.8226978182792664,1.7449818849563599,input,46.0,45,LUFL,False,2.86299991607666,2.86299991607666,,,
ETTh1,PatchTST,time_compress,5,7968,2167,0.49523961544036865,MSE,0.8226978182792664,1.7449818849563599,input,46.0,45,LULL,False,0.9440000057220459,0.9440000057220459,,,
ETTh1,PatchTST,time_compress,5,7968,2167,0.49523961544036865,MSE,0.8226978182792664,1.7449818849563599,input,46.0,45,OT,False,12.661999702453613,12.661999702453613,,,
ETTh1,PatchTST,time_compress,5,7968,2167,0.49523961544036865,MSE,0.8226978182792664,1.7449818849563599,input,47.0,46,HUFL,True,7.099999904632568,8.790346145629883,,,
ETTh1,PatchTST,time_compress,5,7968,2167,0.49523961544036865,MSE,0.8226978182792664,1.7449818849563599,input,47.0,46,HULL,False,-1.2059998512268066,-1.2059998512268066,,,
ETTh1,PatchTST,time_compress,5,7968,2167,0.49523961544036865,MSE,0.8226978182792664,1.7449818849563599,input,47.0,46,MUFL,True,4.513000011444092,5.8120245933532715,,,
ETTh1,PatchTST,time_compress,5,7968,2167,0.49523961544036865,MSE,0.8226978182792664,1.7449818849563599,input,47.0,46,MULL,False,-2.5230000019073486,-2.5230000019073486,,,
ETTh1,PatchTST,time_compress,5,7968,2167,0.49523961544036865,MSE,0.8226978182792664,1.7449818849563599,input,47.0,46,LUFL,False,2.559000015258789,2.559000015258789,,,
ETTh1,PatchTST,time_compress,5,7968,2167,0.49523961544036865,MSE,0.8226978182792664,1.7449818849563599,input,47.0,46,LULL,False,0.9750000238418579,0.9750000238418579,,,
ETTh1,PatchTST,time_compress,5,7968,2167,0.49523961544036865,MSE,0.8226978182792664,1.7449818849563599,input,47.0,46,OT,False,12.661999702453613,12.661999702453613,,,
ETTh1,PatchTST,time_compress,5,7968,2167,0.49523961544036865,MSE,0.8226978182792664,1.7449818849563599,input,48.0,47,HUFL,True,7.234000205993652,9.420315742492676,,,
ETTh1,PatchTST,time_compress,5,7968,2167,0.49523961544036865,MSE,0.8226978182792664,1.7449818849563599,input,48.0,47,HULL,False,-0.13400006294250488,-0.13400006294250488,,,
ETTh1,PatchTST,time_compress,5,7968,2167,0.49523961544036865,MSE,0.8226978182792664,1.7449818849563599,input,48.0,47,MUFL,True,4.939000129699707,5.95671272277832,,,
ETTh1,PatchTST,time_compress,5,7968,2167,0.49523961544036865,MSE,0.8226978182792664,1.7449818849563599,input,48.0,47,MULL,False,-1.1369999647140503,-1.1369999647140503,,,
ETTh1,PatchTST,time_compress,5,7968,2167,0.49523961544036865,MSE,0.8226978182792664,1.7449818849563599,input,48.0,47,LUFL,False,2.315000057220459,2.315000057220459,,,
ETTh1,PatchTST,time_compress,5,7968,2167,0.49523961544036865,MSE,0.8226978182792664,1.7449818849563599,input,48.0,47,LULL,False,0.9139999747276306,0.9139999747276306,,,
ETTh1,PatchTST,time_compress,5,7968,2167,0.49523961544036865,MSE,0.8226978182792664,1.7449818849563599,input,48.0,47,OT,False,12.451000213623047,12.451000213623047,,,
ETTh1,PatchTST,time_compress,5,7968,2167,0.49523961544036865,MSE,0.8226978182792664,1.7449818849563599,input,49.0,48,HUFL,True,11.454000473022461,0.7259745597839355,,,
ETTh1,PatchTST,time_compress,5,7968,2167,0.49523961544036865,MSE,0.8226978182792664,1.7449818849563599,input,49.0,48,HULL,False,0.5360000133514404,0.5360000133514404,,,
ETTh1,PatchTST,time_compress,5,7968,2167,0.49523961544036865,MSE,0.8226978182792664,1.7449818849563599,input,49.0,48,MUFL,True,6.894000053405762,-1.7413029670715332,,,
ETTh1,PatchTST,time_compress,5,7968,2167,0.49523961544036865,MSE,0.8226978182792664,1.7449818849563599,input,49.0,48,MULL,False,-0.7460000514984131,-0.7460000514984131,,,
ETTh1,PatchTST,time_compress,5,7968,2167,0.49523961544036865,MSE,0.8226978182792664,1.7449818849563599,input,49.0,48,LUFL,False,4.630000114440918,4.630000114440918,,,
ETTh1,PatchTST,time_compress,5,7968,2167,0.49523961544036865,MSE,0.8226978182792664,1.7449818849563599,input,49.0,48,LULL,False,1.187999963760376,1.187999963760376,,,
ETTh1,PatchTST,time_compress,5,7968,2167,0.49523961544036865,MSE,0.8226978182792664,1.7449818849563599,input,49.0,48,OT,False,12.522000312805176,12.522000312805176,,,
ETTh1,PatchTST,time_compress,5,7968,2167,0.49523961544036865,MSE,0.8226978182792664,1.7449818849563599,input,50.0,49,HUFL,True,12.324000358581543,5.737389087677002,,,
ETTh1,PatchTST,time_compress,5,7968,2167,0.49523961544036865,MSE,0.8226978182792664,1.7449818849563599,input,50.0,49,HULL,False,1.6080000400543213,1.6080000400543213,,,
ETTh1,PatchTST,time_compress,5,7968,2167,0.49523961544036865,MSE,0.8226978182792664,1.7449818849563599,input,50.0,49,MUFL,True,7.853000164031982,3.1376800537109375,,,
ETTh1,PatchTST,time_compress,5,7968,2167,0.49523961544036865,MSE,0.8226978182792664,1.7449818849563599,input,50.0,49,MULL,False,-0.21299999952316284,-0.21299999952316284,,,
ETTh1,PatchTST,time_compress,5,7968,2167,0.49523961544036865,MSE,0.8226978182792664,1.7449818849563599,input,50.0,49,LUFL,False,4.386000156402588,4.386000156402588,,,
ETTh1,PatchTST,time_compress,5,7968,2167,0.49523961544036865,MSE,0.8226978182792664,1.7449818849563599,input,50.0,49,LULL,False,1.218000054359436,1.218000054359436,,,
ETTh1,PatchTST,time_compress,5,7968,2167,0.49523961544036865,MSE,0.8226978182792664,1.7449818849563599,input,50.0,49,OT,False,11.958999633789062,11.958999633789062,,,
ETTh1,PatchTST,time_compress,5,7968,2167,0.49523961544036865,MSE,0.8226978182792664,1.7449818849563599,input,51.0,50,HUFL,True,15.069999694824219,15.069999694824219,,,
ETTh1,PatchTST,time_compress,5,7968,2167,0.49523961544036865,MSE,0.8226978182792664,1.7449818849563599,input,51.0,50,HULL,False,2.880000114440918,2.880000114440918,,,
ETTh1,PatchTST,time_compress,5,7968,2167,0.49523961544036865,MSE,0.8226978182792664,1.7449818849563599,input,51.0,50,MUFL,True,10.411999702453613,10.411999702453613,,,
ETTh1,PatchTST,time_compress,5,7968,2167,0.49523961544036865,MSE,0.8226978182792664,1.7449818849563599,input,51.0,50,MULL,False,1.2079999446868896,1.2079999446868896,,,
ETTh1,PatchTST,time_compress,5,7968,2167,0.49523961544036865,MSE,0.8226978182792664,1.7449818849563599,input,51.0,50,LUFL,False,4.234000205993652,4.234000205993652,,,
ETTh1,PatchTST,time_compress,5,7968,2167,0.49523961544036865,MSE,0.8226978182792664,1.7449818849563599,input,51.0,50,LULL,False,1.2489999532699585,1.2489999532699585,,,
ETTh1,PatchTST,time_compress,5,7968,2167,0.49523961544036865,MSE,0.8226978182792664,1.7449818849563599,input,51.0,50,OT,False,12.239999771118164,12.239999771118164,,,
ETTh1,PatchTST,time_compress,5,7968,2167,0.49523961544036865,MSE,0.8226978182792664,1.7449818849563599,input,52.0,51,HUFL,True,14.267000198364258,14.267000198364258,,,
ETTh1,PatchTST,time_compress,5,7968,2167,0.49523961544036865,MSE,0.8226978182792664,1.7449818849563599,input,52.0,51,HULL,False,2.880000114440918,2.880000114440918,,,
ETTh1,PatchTST,time_compress,5,7968,2167,0.49523961544036865,MSE,0.8226978182792664,1.7449818849563599,input,52.0,51,MUFL,True,9.701000213623047,9.701000213623047,,,
ETTh1,PatchTST,time_compress,5,7968,2167,0.49523961544036865,MSE,0.8226978182792664,1.7449818849563599,input,52.0,51,MULL,False,0.9950000047683716,0.9950000047683716,,,
ETTh1,PatchTST,time_compress,5,7968,2167,0.49523961544036865,MSE,0.8226978182792664,1.7449818849563599,input,52.0,51,LUFL,False,4.172999858856201,4.172999858856201,,,
ETTh1,PatchTST,time_compress,5,7968,2167,0.49523961544036865,MSE,0.8226978182792664,1.7449818849563599,input,52.0,51,LULL,False,1.187999963760376,1.187999963760376,,,
ETTh1,PatchTST,time_compress,5,7968,2167,0.49523961544036865,MSE,0.8226978182792664,1.7449818849563599,input,52.0,51,OT,False,12.100000381469727,12.100000381469727,,,
ETTh1,PatchTST,time_compress,5,7968,2167,0.49523961544036865,MSE,0.8226978182792664,1.7449818849563599,input,53.0,52,HUFL,True,10.984999656677246,10.984999656677246,,,
ETTh1,PatchTST,time_compress,5,7968,2167,0.49523961544036865,MSE,0.8226978182792664,1.7449818849563599,input,53.0,52,HULL,False,1.2059999704360962,1.2059999704360962,,,
ETTh1,PatchTST,time_compress,5,7968,2167,0.49523961544036865,MSE,0.8226978182792664,1.7449818849563599,input,53.0,52,MUFL,True,7.0,7.0,,,
ETTh1,PatchTST,time_compress,5,7968,2167,0.49523961544036865,MSE,0.8226978182792664,1.7449818849563599,input,53.0,52,MULL,False,-0.8880000114440918,-0.8880000114440918,,,
ETTh1,PatchTST,time_compress,5,7968,2167,0.49523961544036865,MSE,0.8226978182792664,1.7449818849563599,input,53.0,52,LUFL,False,4.386000156402588,4.386000156402588,,,
ETTh1,PatchTST,time_compress,5,7968,2167,0.49523961544036865,MSE,0.8226978182792664,1.7449818849563599,input,53.0,52,LULL,False,1.309999942779541,1.309999942779541,,,
ETTh1,PatchTST,time_compress,5,7968,2167,0.49523961544036865,MSE,0.8226978182792664,1.7449818849563599,input,53.0,52,OT,False,11.888999938964844,11.888999938964844,,,
ETTh1,PatchTST,time_compress,5,7968,2167,0.49523961544036865,MSE,0.8226978182792664,1.7449818849563599,input,54.0,53,HUFL,True,13.730999946594238,13.730999946594238,,,
ETTh1,PatchTST,time_compress,5,7968,2167,0.49523961544036865,MSE,0.8226978182792664,1.7449818849563599,input,54.0,53,HULL,False,2.3440001010894775,2.3440001010894775,,,
ETTh1,PatchTST,time_compress,5,7968,2167,0.49523961544036865,MSE,0.8226978182792664,1.7449818849563599,input,54.0,53,MUFL,True,9.204000473022461,9.204000473022461,,,
ETTh1,PatchTST,time_compress,5,7968,2167,0.49523961544036865,MSE,0.8226978182792664,1.7449818849563599,input,54.0,53,MULL,False,0.5329999923706055,0.5329999923706055,,,
ETTh1,PatchTST,time_compress,5,7968,2167,0.49523961544036865,MSE,0.8226978182792664,1.7449818849563599,input,54.0,53,LUFL,False,4.8429999351501465,4.8429999351501465,,,
ETTh1,PatchTST,time_compress,5,7968,2167,0.49523961544036865,MSE,0.8226978182792664,1.7449818849563599,input,54.0,53,LULL,False,1.4010000228881836,1.4010000228881836,,,
ETTh1,PatchTST,time_compress,5,7968,2167,0.49523961544036865,MSE,0.8226978182792664,1.7449818849563599,input,54.0,53,OT,False,11.467000007629395,11.467000007629395,,,
ETTh1,PatchTST,time_compress,5,7968,2167,0.49523961544036865,MSE,0.8226978182792664,1.7449818849563599,input,55.0,54,HUFL,True,13.395999908447266,13.395999908447266,,,
ETTh1,PatchTST,time_compress,5,7968,2167,0.49523961544036865,MSE,0.8226978182792664,1.7449818849563599,input,55.0,54,HULL,False,2.2769999504089355,2.2769999504089355,,,
ETTh1,PatchTST,time_compress,5,7968,2167,0.49523961544036865,MSE,0.8226978182792664,1.7449818849563599,input,55.0,54,MUFL,True,8.208999633789062,8.208999633789062,,,
ETTh1,PatchTST,time_compress,5,7968,2167,0.49523961544036865,MSE,0.8226978182792664,1.7449818849563599,input,55.0,54,MULL,False,0.3199999928474426,0.3199999928474426,,,
ETTh1,PatchTST,time_compress,5,7968,2167,0.49523961544036865,MSE,0.8226978182792664,1.7449818849563599,input,55.0,54,LUFL,False,4.751999855041504,4.751999855041504,,,
ETTh1,PatchTST,time_compress,5,7968,2167,0.49523961544036865,MSE,0.8226978182792664,1.7449818849563599,input,55.0,54,LULL,False,1.2790000438690186,1.2790000438690186,,,
ETTh1,PatchTST,time_compress,5,7968,2167,0.49523961544036865,MSE,0.8226978182792664,1.7449818849563599,input,55.0,54,OT,False,8.722999572753906,8.722999572753906,,,
ETTh1,PatchTST,time_compress,5,7968,2167,0.49523961544036865,MSE,0.8226978182792664,1.7449818849563599,input,56.0,55,HUFL,True,15.605998992919922,15.605998992919922,,,
ETTh1,PatchTST,time_compress,5,7968,2167,0.49523961544036865,MSE,0.8226978182792664,1.7449818849563599,input,56.0,55,HULL,False,3.2149999141693115,3.2149999141693115,,,
ETTh1,PatchTST,time_compress,5,7968,2167,0.49523961544036865,MSE,0.8226978182792664,1.7449818849563599,input,56.0,55,MUFL,True,10.66100025177002,10.66100025177002,,,
ETTh1,PatchTST,time_compress,5,7968,2167,0.49523961544036865,MSE,0.8226978182792664,1.7449818849563599,input,56.0,55,MULL,False,1.031000018119812,1.031000018119812,,,
ETTh1,PatchTST,time_compress,5,7968,2167,0.49523961544036865,MSE,0.8226978182792664,1.7449818849563599,input,56.0,55,LUFL,False,5.026000022888184,5.026000022888184,,,
ETTh1,PatchTST,time_compress,5,7968,2167,0.49523961544036865,MSE,0.8226978182792664,1.7449818849563599,input,56.0,55,LULL,False,1.2790000438690186,1.2790000438690186,,,
ETTh1,PatchTST,time_compress,5,7968,2167,0.49523961544036865,MSE,0.8226978182792664,1.7449818849563599,input,56.0,55,OT,False,10.833000183105469,10.833000183105469,,,
ETTh1,PatchTST,time_compress,5,7968,2167,0.49523961544036865,MSE,0.8226978182792664,1.7449818849563599,input,57.0,56,HUFL,True,15.67300033569336,15.67300033569336,,,
ETTh1,PatchTST,time_compress,5,7968,2167,0.49523961544036865,MSE,0.8226978182792664,1.7449818849563599,input,57.0,56,HULL,False,2.880000114440918,2.880000114440918,,,
ETTh1,PatchTST,time_compress,5,7968,2167,0.49523961544036865,MSE,0.8226978182792664,1.7449818849563599,input,57.0,56,MUFL,True,10.055999755859375,10.055999755859375,,,
ETTh1,PatchTST,time_compress,5,7968,2167,0.49523961544036865,MSE,0.8226978182792664,1.7449818849563599,input,57.0,56,MULL,False,0.39100000262260437,0.39100000262260437,,,
ETTh1,PatchTST,time_compress,5,7968,2167,0.49523961544036865,MSE,0.8226978182792664,1.7449818849563599,input,57.0,56,LUFL,False,5.390999794006348,5.390999794006348,,,
ETTh1,PatchTST,time_compress,5,7968,2167,0.49523961544036865,MSE,0.8226978182792664,1.7449818849563599,input,57.0,56,LULL,False,1.5529999732971191,1.5529999732971191,,,
ETTh1,PatchTST,time_compress,5,7968,2167,0.49523961544036865,MSE,0.8226978182792664,1.7449818849563599,input,57.0,56,OT,False,7.315999984741211,7.315999984741211,,,
ETTh1,PatchTST,time_compress,5,7968,2167,0.49523961544036865,MSE,0.8226978182792664,1.7449818849563599,input,58.0,57,HUFL,True,15.069999694824219,15.069999694824219,,,
ETTh1,PatchTST,time_compress,5,7968,2167,0.49523961544036865,MSE,0.8226978182792664,1.7449818849563599,input,58.0,57,HULL,False,3.2149999141693115,3.2149999141693115,,,
ETTh1,PatchTST,time_compress,5,7968,2167,0.49523961544036865,MSE,0.8226978182792664,1.7449818849563599,input,58.0,57,MUFL,True,10.055999755859375,10.055999755859375,,,
ETTh1,PatchTST,time_compress,5,7968,2167,0.49523961544036865,MSE,0.8226978182792664,1.7449818849563599,input,58.0,57,MULL,False,0.8880000114440918,0.8880000114440918,,,
ETTh1,PatchTST,time_compress,5,7968,2167,0.49523961544036865,MSE,0.8226978182792664,1.7449818849563599,input,58.0,57,LUFL,False,5.269000053405762,5.269000053405762,,,
ETTh1,PatchTST,time_compress,5,7968,2167,0.49523961544036865,MSE,0.8226978182792664,1.7449818849563599,input,58.0,57,LULL,False,1.6749999523162842,1.6749999523162842,,,
ETTh1,PatchTST,time_compress,5,7968,2167,0.49523961544036865,MSE,0.8226978182792664,1.7449818849563599,input,58.0,57,OT,False,9.708000183105469,9.708000183105469,,,
ETTh1,PatchTST,time_compress,5,7968,2167,0.49523961544036865,MSE,0.8226978182792664,1.7449818849563599,input,59.0,58,HUFL,True,9.3100004196167,9.3100004196167,,,
ETTh1,PatchTST,time_compress,5,7968,2167,0.49523961544036865,MSE,0.8226978182792664,1.7449818849563599,input,59.0,58,HULL,False,1.2730000019073486,1.2730000019073486,,,
ETTh1,PatchTST,time_compress,5,7968,2167,0.49523961544036865,MSE,0.8226978182792664,1.7449818849563599,input,59.0,58,MUFL,True,6.361000061035156,6.361000061035156,,,
ETTh1,PatchTST,time_compress,5,7968,2167,0.49523961544036865,MSE,0.8226978182792664,1.7449818849563599,input,59.0,58,MULL,False,-0.7109999656677246,-0.7109999656677246,,,
ETTh1,PatchTST,time_compress,5,7968,2167,0.49523961544036865,MSE,0.8226978182792664,1.7449818849563599,input,59.0,58,LUFL,False,2.984999895095825,2.984999895095825,,,
ETTh1,PatchTST,time_compress,5,7968,2167,0.49523961544036865,MSE,0.8226978182792664,1.7449818849563599,input,59.0,58,LULL,False,1.309999942779541,1.309999942779541,,,
ETTh1,PatchTST,time_compress,5,7968,2167,0.49523961544036865,MSE,0.8226978182792664,1.7449818849563599,input,59.0,58,OT,False,6.683000564575195,6.683000564575195,,,
ETTh1,PatchTST,time_compress,5,7968,2167,0.49523961544036865,MSE,0.8226978182792664,1.7449818849563599,input,60.0,59,HUFL,True,1.7410001754760742,1.7410001754760742,,,
ETTh1,PatchTST,time_compress,5,7968,2167,0.49523961544036865,MSE,0.8226978182792664,1.7449818849563599,input,60.0,59,HULL,False,0.06700003147125244,0.06700003147125244,,,
ETTh1,PatchTST,time_compress,5,7968,2167,0.49523961544036865,MSE,0.8226978182792664,1.7449818849563599,input,60.0,59,MUFL,True,-1.386000156402588,-1.386000156402588,,,
ETTh1,PatchTST,time_compress,5,7968,2167,0.49523961544036865,MSE,0.8226978182792664,1.7449818849563599,input,60.0,59,MULL,False,-1.1369999647140503,-1.1369999647140503,,,
ETTh1,PatchTST,time_compress,5,7968,2167,0.49523961544036865,MSE,0.8226978182792664,1.7449818849563599,input,60.0,59,LUFL,False,3.0460000038146973,3.0460000038146973,,,
ETTh1,PatchTST,time_compress,5,7968,2167,0.49523961544036865,MSE,0.8226978182792664,1.7449818849563599,input,60.0,59,LULL,False,1.218000054359436,1.218000054359436,,,
ETTh1,PatchTST,time_compress,5,7968,2167,0.49523961544036865,MSE,0.8226978182792664,1.7449818849563599,input,60.0,59,OT,False,8.86400032043457,8.86400032043457,,,
ETTh1,PatchTST,time_compress,5,7968,2167,0.49523961544036865,MSE,0.8226978182792664,1.7449818849563599,input,61.0,60,HUFL,True,1.6740002632141113,1.6740002632141113,,,
ETTh1,PatchTST,time_compress,5,7968,2167,0.49523961544036865,MSE,0.8226978182792664,1.7449818849563599,input,61.0,60,HULL,False,-0.13400006294250488,-0.13400006294250488,,,
ETTh1,PatchTST,time_compress,5,7968,2167,0.49523961544036865,MSE,0.8226978182792664,1.7449818849563599,input,61.0,60,MUFL,True,-1.9190001487731934,-1.9190001487731934,,,
ETTh1,PatchTST,time_compress,5,7968,2167,0.49523961544036865,MSE,0.8226978182792664,1.7449818849563599,input,61.0,60,MULL,False,-1.5989999771118164,-1.5989999771118164,,,
ETTh1,PatchTST,time_compress,5,7968,2167,0.49523961544036865,MSE,0.8226978182792664,1.7449818849563599,input,61.0,60,LUFL,False,3.13700008392334,3.13700008392334,,,
ETTh1,PatchTST,time_compress,5,7968,2167,0.49523961544036865,MSE,0.8226978182792664,1.7449818849563599,input,61.0,60,LULL,False,1.156999945640564,1.156999945640564,,,
ETTh1,PatchTST,time_compress,5,7968,2167,0.49523961544036865,MSE,0.8226978182792664,1.7449818849563599,input,61.0,60,OT,False,10.130000114440918,10.130000114440918,,,
ETTh1,PatchTST,time_compress,5,7968,2167,0.49523961544036865,MSE,0.8226978182792664,1.7449818849563599,input,62.0,61,HUFL,True,-3.952000141143799,-3.952000141143799,,,
ETTh1,PatchTST,time_compress,5,7968,2167,0.49523961544036865,MSE,0.8226978182792664,1.7449818849563599,input,62.0,61,HULL,False,-1.005000114440918,-1.005000114440918,,,
ETTh1,PatchTST,time_compress,5,7968,2167,0.49523961544036865,MSE,0.8226978182792664,1.7449818849563599,input,62.0,61,MUFL,True,-6.254000663757324,-6.254000663757324,,,
ETTh1,PatchTST,time_compress,5,7968,2167,0.49523961544036865,MSE,0.8226978182792664,1.7449818849563599,input,62.0,61,MULL,False,-1.9189999103546143,-1.9189999103546143,,,
ETTh1,PatchTST,time_compress,5,7968,2167,0.49523961544036865,MSE,0.8226978182792664,1.7449818849563599,input,62.0,61,LUFL,False,2.375999927520752,2.375999927520752,,,
ETTh1,PatchTST,time_compress,5,7968,2167,0.49523961544036865,MSE,0.8226978182792664,1.7449818849563599,input,62.0,61,LULL,False,1.097000002861023,1.097000002861023,,,
ETTh1,PatchTST,time_compress,5,7968,2167,0.49523961544036865,MSE,0.8226978182792664,1.7449818849563599,input,62.0,61,OT,False,11.043999671936035,11.043999671936035,,,
ETTh1,PatchTST,time_compress,5,7968,2167,0.49523961544036865,MSE,0.8226978182792664,1.7449818849563599,input,63.0,62,HUFL,True,-7.2340006828308105,-7.2340006828308105,,,
ETTh1,PatchTST,time_compress,5,7968,2167,0.49523961544036865,MSE,0.8226978182792664,1.7449818849563599,input,63.0,62,HULL,False,-0.13400006294250488,-0.13400006294250488,,,
ETTh1,PatchTST,time_compress,5,7968,2167,0.49523961544036865,MSE,0.8226978182792664,1.7449818849563599,input,63.0,62,MUFL,True,-9.559000015258789,-9.559000015258789,,,
ETTh1,PatchTST,time_compress,5,7968,2167,0.49523961544036865,MSE,0.8226978182792664,1.7449818849563599,input,63.0,62,MULL,False,-1.812000036239624,-1.812000036239624,,,
ETTh1,PatchTST,time_compress,5,7968,2167,0.49523961544036865,MSE,0.8226978182792664,1.7449818849563599,input,63.0,62,LUFL,False,2.3450000286102295,2.3450000286102295,,,
ETTh1,PatchTST,time_compress,5,7968,2167,0.49523961544036865,MSE,0.8226978182792664,1.7449818849563599,input,63.0,62,LULL,False,1.0049999952316284,1.0049999952316284,,,
ETTh1,PatchTST,time_compress,5,7968,2167,0.49523961544036865,MSE,0.8226978182792664,1.7449818849563599,input,63.0,62,OT,False,11.1850004196167,11.1850004196167,,,
ETTh1,PatchTST,time_compress,5,7968,2167,0.49523961544036865,MSE,0.8226978182792664,1.7449818849563599,input,64.0,63,HUFL,True,2.4780001640319824,2.4780001640319824,,,
ETTh1,PatchTST,time_compress,5,7968,2167,0.49523961544036865,MSE,0.8226978182792664,1.7449818849563599,input,64.0,63,HULL,False,-0.33500003814697266,-0.33500003814697266,,,
ETTh1,PatchTST,time_compress,5,7968,2167,0.49523961544036865,MSE,0.8226978182792664,1.7449818849563599,input,64.0,63,MUFL,True,-0.10699987411499023,-0.10699987411499023,,,
ETTh1,PatchTST,time_compress,5,7968,2167,0.49523961544036865,MSE,0.8226978182792664,1.7449818849563599,input,64.0,63,MULL,False,-1.7060000896453857,-1.7060000896453857,,,
ETTh1,PatchTST,time_compress,5,7968,2167,0.49523961544036865,MSE,0.8226978182792664,1.7449818849563599,input,64.0,63,LUFL,False,2.61899995803833,2.61899995803833,,,
ETTh1,PatchTST,time_compress,5,7968,2167,0.49523961544036865,MSE,0.8226978182792664,1.7449818849563599,input,64.0,63,LULL,False,1.2489999532699585,1.2489999532699585,,,
ETTh1,PatchTST,time_compress,5,7968,2167,0.49523961544036865,MSE,0.8226978182792664,1.7449818849563599,input,64.0,63,OT,False,11.043999671936035,11.043999671936035,,,
ETTh1,PatchTST,time_compress,5,7968,2167,0.49523961544036865,MSE,0.8226978182792664,1.7449818849563599,input,65.0,64,HUFL,True,-0.40199995040893555,-0.40199995040893555,,,
ETTh1,PatchTST,time_compress,5,7968,2167,0.49523961544036865,MSE,0.8226978182792664,1.7449818849563599,input,65.0,64,HULL,False,-0.40199995040893555,-0.40199995040893555,,,
ETTh1,PatchTST,time_compress,5,7968,2167,0.49523961544036865,MSE,0.8226978182792664,1.7449818849563599,input,65.0,64,MUFL,True,-2.984999179840088,-2.984999179840088,,,
ETTh1,PatchTST,time_compress,5,7968,2167,0.49523961544036865,MSE,0.8226978182792664,1.7449818849563599,input,65.0,64,MULL,False,-1.8480000495910645,-1.8480000495910645,,,
ETTh1,PatchTST,time_compress,5,7968,2167,0.49523961544036865,MSE,0.8226978182792664,1.7449818849563599,input,65.0,64,LUFL,False,2.2239999771118164,2.2239999771118164,,,
ETTh1,PatchTST,time_compress,5,7968,2167,0.49523961544036865,MSE,0.8226978182792664,1.7449818849563599,input,65.0,64,LULL,False,1.065999984741211,1.065999984741211,,,
ETTh1,PatchTST,time_compress,5,7968,2167,0.49523961544036865,MSE,0.8226978182792664,1.7449818849563599,input,65.0,64,OT,False,11.326000213623047,11.326000213623047,,,
ETTh1,PatchTST,time_compress,5,7968,2167,0.49523961544036865,MSE,0.8226978182792664,1.7449818849563599,input,66.0,65,HUFL,True,1.3400001525878906,1.3400001525878906,,,
ETTh1,PatchTST,time_compress,5,7968,2167,0.49523961544036865,MSE,0.8226978182792664,1.7449818849563599,input,66.0,65,HULL,False,-0.46900010108947754,-0.46900010108947754,,,
ETTh1,PatchTST,time_compress,5,7968,2167,0.49523961544036865,MSE,0.8226978182792664,1.7449818849563599,input,66.0,65,MUFL,True,-1.0659995079040527,-1.0659995079040527,,,
ETTh1,PatchTST,time_compress,5,7968,2167,0.49523961544036865,MSE,0.8226978182792664,1.7449818849563599,input,66.0,65,MULL,False,-1.812000036239624,-1.812000036239624,,,
ETTh1,PatchTST,time_compress,5,7968,2167,0.49523961544036865,MSE,0.8226978182792664,1.7449818849563599,input,66.0,65,LUFL,False,2.5280001163482666,2.5280001163482666,,,
ETTh1,PatchTST,time_compress,5,7968,2167,0.49523961544036865,MSE,0.8226978182792664,1.7449818849563599,input,66.0,65,LULL,False,1.187999963760376,1.187999963760376,,,
ETTh1,PatchTST,time_compress,5,7968,2167,0.49523961544036865,MSE,0.8226978182792664,1.7449818849563599,input,66.0,65,OT,False,11.607000350952148,11.607000350952148,,,
ETTh1,PatchTST,time_compress,5,7968,2167,0.49523961544036865,MSE,0.8226978182792664,1.7449818849563599,input,67.0,66,HUFL,True,5.1570000648498535,5.1570000648498535,,,
ETTh1,PatchTST,time_compress,5,7968,2167,0.49523961544036865,MSE,0.8226978182792664,1.7449818849563599,input,67.0,66,HULL,False,-0.6029999256134033,-0.6029999256134033,,,
ETTh1,PatchTST,time_compress,5,7968,2167,0.49523961544036865,MSE,0.8226978182792664,1.7449818849563599,input,67.0,66,MUFL,True,2.061000108718872,2.061000108718872,,,
ETTh1,PatchTST,time_compress,5,7968,2167,0.49523961544036865,MSE,0.8226978182792664,1.7449818849563599,input,67.0,66,MULL,False,-2.0969998836517334,-2.0969998836517334,,,
ETTh1,PatchTST,time_compress,5,7968,2167,0.49523961544036865,MSE,0.8226978182792664,1.7449818849563599,input,67.0,66,LUFL,False,3.0759999752044678,3.0759999752044678,,,
ETTh1,PatchTST,time_compress,5,7968,2167,0.49523961544036865,MSE,0.8226978182792664,1.7449818849563599,input,67.0,66,LULL,False,1.156999945640564,1.156999945640564,,,
ETTh1,PatchTST,time_compress,5,7968,2167,0.49523961544036865,MSE,0.8226978182792664,1.7449818849563599,input,67.0,66,OT,False,11.607000350952148,11.607000350952148,,,
ETTh1,PatchTST,time_compress,5,7968,2167,0.49523961544036865,MSE,0.8226978182792664,1.7449818849563599,input,68.0,67,HUFL,True,6.36299991607666,6.36299991607666,,,
ETTh1,PatchTST,time_compress,5,7968,2167,0.49523961544036865,MSE,0.8226978182792664,1.7449818849563599,input,68.0,67,HULL,False,-1.0720000267028809,-1.0720000267028809,,,
ETTh1,PatchTST,time_compress,5,7968,2167,0.49523961544036865,MSE,0.8226978182792664,1.7449818849563599,input,68.0,67,MUFL,True,3.2690000534057617,3.2690000534057617,,,
ETTh1,PatchTST,time_compress,5,7968,2167,0.49523961544036865,MSE,0.8226978182792664,1.7449818849563599,input,68.0,67,MULL,False,-2.7360000610351562,-2.7360000610351562,,,
ETTh1,PatchTST,time_compress,5,7968,2167,0.49523961544036865,MSE,0.8226978182792664,1.7449818849563599,input,68.0,67,LUFL,False,2.9240000247955322,2.9240000247955322,,,
ETTh1,PatchTST,time_compress,5,7968,2167,0.49523961544036865,MSE,0.8226978182792664,1.7449818849563599,input,68.0,67,LULL,False,1.065999984741211,1.065999984741211,,,
ETTh1,PatchTST,time_compress,5,7968,2167,0.49523961544036865,MSE,0.8226978182792664,1.7449818849563599,input,68.0,67,OT,False,11.536999702453613,11.536999702453613,,,
ETTh1,PatchTST,time_compress,5,7968,2167,0.49523961544036865,MSE,0.8226978182792664,1.7449818849563599,input,69.0,68,HUFL,True,6.63100004196167,6.63100004196167,,,
ETTh1,PatchTST,time_compress,5,7968,2167,0.49523961544036865,MSE,0.8226978182792664,1.7449818849563599,input,69.0,68,HULL,False,-1.6740000247955322,-1.6740000247955322,,,
ETTh1,PatchTST,time_compress,5,7968,2167,0.49523961544036865,MSE,0.8226978182792664,1.7449818849563599,input,69.0,68,MUFL,True,4.014999866485596,4.014999866485596,,,
ETTh1,PatchTST,time_compress,5,7968,2167,0.49523961544036865,MSE,0.8226978182792664,1.7449818849563599,input,69.0,68,MULL,False,-2.878000020980835,-2.878000020980835,,,
ETTh1,PatchTST,time_compress,5,7968,2167,0.49523961544036865,MSE,0.8226978182792664,1.7449818849563599,input,69.0,68,LUFL,False,2.5280001163482666,2.5280001163482666,,,
ETTh1,PatchTST,time_compress,5,7968,2167,0.49523961544036865,MSE,0.8226978182792664,1.7449818849563599,input,69.0,68,LULL,False,0.8220000267028809,0.8220000267028809,,,
ETTh1,PatchTST,time_compress,5,7968,2167,0.49523961544036865,MSE,0.8226978182792664,1.7449818849563599,input,69.0,68,OT,False,11.536999702453613,11.536999702453613,,,
ETTh1,PatchTST,time_compress,5,7968,2167,0.49523961544036865,MSE,0.8226978182792664,1.7449818849563599,input,70.0,69,HUFL,True,6.697999954223633,6.697999954223633,,,
ETTh1,PatchTST,time_compress,5,7968,2167,0.49523961544036865,MSE,0.8226978182792664,1.7449818849563599,input,70.0,69,HULL,False,-1.6740000247955322,-1.6740000247955322,,,
ETTh1,PatchTST,time_compress,5,7968,2167,0.49523961544036865,MSE,0.8226978182792664,1.7449818849563599,input,70.0,69,MUFL,True,4.014999866485596,4.014999866485596,,,
ETTh1,PatchTST,time_compress,5,7968,2167,0.49523961544036865,MSE,0.8226978182792664,1.7449818849563599,input,70.0,69,MULL,False,-2.8429999351501465,-2.8429999351501465,,,
ETTh1,PatchTST,time_compress,5,7968,2167,0.49523961544036865,MSE,0.8226978182792664,1.7449818849563599,input,70.0,69,LUFL,False,2.61899995803833,2.61899995803833,,,
ETTh1,PatchTST,time_compress,5,7968,2167,0.49523961544036865,MSE,0.8226978182792664,1.7449818849563599,input,70.0,69,LULL,False,0.8220000267028809,0.8220000267028809,,,
ETTh1,PatchTST,time_compress,5,7968,2167,0.49523961544036865,MSE,0.8226978182792664,1.7449818849563599,input,70.0,69,OT,False,11.817999839782715,11.817999839782715,,,
ETTh1,PatchTST,time_compress,5,7968,2167,0.49523961544036865,MSE,0.8226978182792664,1.7449818849563599,input,71.0,70,HUFL,True,7.234000205993652,7.234000205993652,,,
ETTh1,PatchTST,time_compress,5,7968,2167,0.49523961544036865,MSE,0.8226978182792664,1.7449818849563599,input,71.0,70,HULL,False,-1.808000087738037,-1.808000087738037,,,
ETTh1,PatchTST,time_compress,5,7968,2167,0.49523961544036865,MSE,0.8226978182792664,1.7449818849563599,input,71.0,70,MUFL,True,5.117000102996826,5.117000102996826,,,
ETTh1,PatchTST,time_compress,5,7968,2167,0.49523961544036865,MSE,0.8226978182792664,1.7449818849563599,input,71.0,70,MULL,False,-2.984999895095825,-2.984999895095825,,,
ETTh1,PatchTST,time_compress,5,7968,2167,0.49523961544036865,MSE,0.8226978182792664,1.7449818849563599,input,71.0,70,LUFL,False,2.375999927520752,2.375999927520752,,,
ETTh1,PatchTST,time_compress,5,7968,2167,0.49523961544036865,MSE,0.8226978182792664,1.7449818849563599,input,71.0,70,LULL,False,0.8220000267028809,0.8220000267028809,,,
ETTh1,PatchTST,time_compress,5,7968,2167,0.49523961544036865,MSE,0.8226978182792664,1.7449818849563599,input,71.0,70,OT,False,11.536999702453613,11.536999702453613,,,
ETTh1,PatchTST,time_compress,5,7968,2167,0.49523961544036865,MSE,0.8226978182792664,1.7449818849563599,input,72.0,71,HUFL,True,9.645000457763672,9.645000457763672,,,
ETTh1,PatchTST,time_compress,5,7968,2167,0.49523961544036865,MSE,0.8226978182792664,1.7449818849563599,input,72.0,71,HULL,False,0.5360000133514404,0.5360000133514404,,,
ETTh1,PatchTST,time_compress,5,7968,2167,0.49523961544036865,MSE,0.8226978182792664,1.7449818849563599,input,72.0,71,MUFL,True,7.7820000648498535,7.7820000648498535,,,
ETTh1,PatchTST,time_compress,5,7968,2167,0.49523961544036865,MSE,0.8226978182792664,1.7449818849563599,input,72.0,71,MULL,False,-0.7820000648498535,-0.7820000648498535,,,
ETTh1,PatchTST,time_compress,5,7968,2167,0.49523961544036865,MSE,0.8226978182792664,1.7449818849563599,input,72.0,71,LUFL,False,2.1630001068115234,2.1630001068115234,,,
ETTh1,PatchTST,time_compress,5,7968,2167,0.49523961544036865,MSE,0.8226978182792664,1.7449818849563599,input,72.0,71,LULL,False,0.8220000267028809,0.8220000267028809,,,
ETTh1,PatchTST,time_compress,5,7968,2167,0.49523961544036865,MSE,0.8226978182792664,1.7449818849563599,input,72.0,71,OT,False,11.678000450134277,11.678000450134277,,,
ETTh1,PatchTST,time_compress,5,7968,2167,0.49523961544036865,MSE,0.8226978182792664,1.7449818849563599,input,73.0,72,HUFL,True,11.788000106811523,11.788000106811523,,,
ETTh1,PatchTST,time_compress,5,7968,2167,0.49523961544036865,MSE,0.8226978182792664,1.7449818849563599,input,73.0,72,HULL,False,1.0049999952316284,1.0049999952316284,,,
ETTh1,PatchTST,time_compress,5,7968,2167,0.49523961544036865,MSE,0.8226978182792664,1.7449818849563599,input,73.0,72,MUFL,True,10.092000007629395,10.092000007629395,,,
ETTh1,PatchTST,time_compress,5,7968,2167,0.49523961544036865,MSE,0.8226978182792664,1.7449818849563599,input,73.0,72,MULL,False,-0.49699997901916504,-0.49699997901916504,,,
ETTh1,PatchTST,time_compress,5,7968,2167,0.49523961544036865,MSE,0.8226978182792664,1.7449818849563599,input,73.0,72,LUFL,False,2.1630001068115234,2.1630001068115234,,,
ETTh1,PatchTST,time_compress,5,7968,2167,0.49523961544036865,MSE,0.8226978182792664,1.7449818849563599,input,73.0,72,LULL,False,0.8529999852180481,0.8529999852180481,,,
ETTh1,PatchTST,time_compress,5,7968,2167,0.49523961544036865,MSE,0.8226978182792664,1.7449818849563599,input,73.0,72,OT,False,11.748000144958496,11.748000144958496,,,
ETTh1,PatchTST,time_compress,5,7968,2167,0.49523961544036865,MSE,0.8226978182792664,1.7449818849563599,input,74.0,73,HUFL,True,14.601999282836914,14.601999282836914,,,
ETTh1,PatchTST,time_compress,5,7968,2167,0.49523961544036865,MSE,0.8226978182792664,1.7449818849563599,input,74.0,73,HULL,False,3.2820000648498535,3.2820000648498535,,,
ETTh1,PatchTST,time_compress,5,7968,2167,0.49523961544036865,MSE,0.8226978182792664,1.7449818849563599,input,74.0,73,MUFL,True,10.553999900817871,10.553999900817871,,,
ETTh1,PatchTST,time_compress,5,7968,2167,0.49523961544036865,MSE,0.8226978182792664,1.7449818849563599,input,74.0,73,MULL,False,0.8880000114440918,0.8880000114440918,,,
ETTh1,PatchTST,time_compress,5,7968,2167,0.49523961544036865,MSE,0.8226978182792664,1.7449818849563599,input,74.0,73,LUFL,False,4.659999847412109,4.659999847412109,,,
ETTh1,PatchTST,time_compress,5,7968,2167,0.49523961544036865,MSE,0.8226978182792664,1.7449818849563599,input,74.0,73,LULL,False,1.340000033378601,1.340000033378601,,,
ETTh1,PatchTST,time_compress,5,7968,2167,0.49523961544036865,MSE,0.8226978182792664,1.7449818849563599,input,74.0,73,OT,False,11.748000144958496,11.748000144958496,,,
ETTh1,PatchTST,time_compress,5,7968,2167,0.49523961544036865,MSE,0.8226978182792664,1.7449818849563599,input,75.0,74,HUFL,True,13.99899959564209,13.99899959564209,,,
ETTh1,PatchTST,time_compress,5,7968,2167,0.49523961544036865,MSE,0.8226978182792664,1.7449818849563599,input,75.0,74,HULL,False,1.875,1.875,,,
ETTh1,PatchTST,time_compress,5,7968,2167,0.49523961544036865,MSE,0.8226978182792664,1.7449818849563599,input,75.0,74,MUFL,True,9.026000022888184,9.026000022888184,,,
ETTh1,PatchTST,time_compress,5,7968,2167,0.49523961544036865,MSE,0.8226978182792664,1.7449818849563599,input,75.0,74,MULL,False,-0.17799997329711914,-0.17799997329711914,,,
ETTh1,PatchTST,time_compress,5,7968,2167,0.49523961544036865,MSE,0.8226978182792664,1.7449818849563599,input,75.0,74,LUFL,False,4.4770002365112305,4.4770002365112305,,,
ETTh1,PatchTST,time_compress,5,7968,2167,0.49523961544036865,MSE,0.8226978182792664,1.7449818849563599,input,75.0,74,LULL,False,1.2489999532699585,1.2489999532699585,,,
ETTh1,PatchTST,time_compress,5,7968,2167,0.49523961544036865,MSE,0.8226978182792664,1.7449818849563599,input,75.0,74,OT,False,12.029000282287598,12.029000282287598,,,
ETTh1,PatchTST,time_compress,5,7968,2167,0.49523961544036865,MSE,0.8226978182792664,1.7449818849563599,input,76.0,75,HUFL,True,14.53499984741211,14.53499984741211,,,
ETTh1,PatchTST,time_compress,5,7968,2167,0.49523961544036865,MSE,0.8226978182792664,1.7449818849563599,input,76.0,75,HULL,False,2.1429998874664307,2.1429998874664307,,,
ETTh1,PatchTST,time_compress,5,7968,2167,0.49523961544036865,MSE,0.8226978182792664,1.7449818849563599,input,76.0,75,MUFL,True,10.411999702453613,10.411999702453613,,,
ETTh1,PatchTST,time_compress,5,7968,2167,0.49523961544036865,MSE,0.8226978182792664,1.7449818849563599,input,76.0,75,MULL,False,0.9589999914169312,0.9589999914169312,,,
ETTh1,PatchTST,time_compress,5,7968,2167,0.49523961544036865,MSE,0.8226978182792664,1.7449818849563599,input,76.0,75,LUFL,False,4.020999908447266,4.020999908447266,,,
ETTh1,PatchTST,time_compress,5,7968,2167,0.49523961544036865,MSE,0.8226978182792664,1.7449818849563599,input,76.0,75,LULL,False,1.065999984741211,1.065999984741211,,,
ETTh1,PatchTST,time_compress,5,7968,2167,0.49523961544036865,MSE,0.8226978182792664,1.7449818849563599,input,76.0,75,OT,False,12.239999771118164,12.239999771118164,,,
ETTh1,PatchTST,time_compress,5,7968,2167,0.49523961544036865,MSE,0.8226978182792664,1.7449818849563599,input,77.0,76,HUFL,True,13.932000160217285,13.932000160217285,,,
ETTh1,PatchTST,time_compress,5,7968,2167,0.49523961544036865,MSE,0.8226978182792664,1.7449818849563599,input,77.0,76,HULL,False,2.4110000133514404,2.4110000133514404,,,
ETTh1,PatchTST,time_compress,5,7968,2167,0.49523961544036865,MSE,0.8226978182792664,1.7449818849563599,input,77.0,76,MUFL,True,10.37600040435791,10.37600040435791,,,
ETTh1,PatchTST,time_compress,5,7968,2167,0.49523961544036865,MSE,0.8226978182792664,1.7449818849563599,input,77.0,76,MULL,False,0.675000011920929,0.675000011920929,,,
ETTh1,PatchTST,time_compress,5,7968,2167,0.49523961544036865,MSE,0.8226978182792664,1.7449818849563599,input,77.0,76,LUFL,False,3.990000009536743,3.990000009536743,,,
ETTh1,PatchTST,time_compress,5,7968,2167,0.49523961544036865,MSE,0.8226978182792664,1.7449818849563599,input,77.0,76,LULL,False,1.065999984741211,1.065999984741211,,,
ETTh1,PatchTST,time_compress,5,7968,2167,0.49523961544036865,MSE,0.8226978182792664,1.7449818849563599,input,77.0,76,OT,False,12.239999771118164,12.239999771118164,,,
ETTh1,PatchTST,time_compress,5,7968,2167,0.49523961544036865,MSE,0.8226978182792664,1.7449818849563599,input,78.0,77,HUFL,True,13.864999771118164,13.864999771118164,,,
ETTh1,PatchTST,time_compress,5,7968,2167,0.49523961544036865,MSE,0.8226978182792664,1.7449818849563599,input,78.0,77,HULL,False,2.0759999752044678,2.0759999752044678,,,
ETTh1,PatchTST,time_compress,5,7968,2167,0.49523961544036865,MSE,0.8226978182792664,1.7449818849563599,input,78.0,77,MUFL,True,9.48799991607666,9.48799991607666,,,
ETTh1,PatchTST,time_compress,5,7968,2167,0.49523961544036865,MSE,0.8226978182792664,1.7449818849563599,input,78.0,77,MULL,False,0.8169999718666077,0.8169999718666077,,,
ETTh1,PatchTST,time_compress,5,7968,2167,0.49523961544036865,MSE,0.8226978182792664,1.7449818849563599,input,78.0,77,LUFL,False,4.142000198364258,4.142000198364258,,,
ETTh1,PatchTST,time_compress,5,7968,2167,0.49523961544036865,MSE,0.8226978182792664,1.7449818849563599,input,78.0,77,LULL,False,1.156999945640564,1.156999945640564,,,
ETTh1,PatchTST,time_compress,5,7968,2167,0.49523961544036865,MSE,0.8226978182792664,1.7449818849563599,input,78.0,77,OT,False,11.817999839782715,11.817999839782715,,,
ETTh1,PatchTST,time_compress,5,7968,2167,0.49523961544036865,MSE,0.8226978182792664,1.7449818849563599,input,79.0,78,HUFL,True,10.649999618530273,10.649999618530273,,,
ETTh1,PatchTST,time_compress,5,7968,2167,0.49523961544036865,MSE,0.8226978182792664,1.7449818849563599,input,79.0,78,HULL,False,0.6700000762939453,0.6700000762939453,,,
ETTh1,PatchTST,time_compress,5,7968,2167,0.49523961544036865,MSE,0.8226978182792664,1.7449818849563599,input,79.0,78,MUFL,True,8.10200023651123,8.10200023651123,,,
ETTh1,PatchTST,time_compress,5,7968,2167,0.49523961544036865,MSE,0.8226978182792664,1.7449818849563599,input,79.0,78,MULL,False,-0.4259999990463257,-0.4259999990463257,,,
ETTh1,PatchTST,time_compress,5,7968,2167,0.49523961544036865,MSE,0.8226978182792664,1.7449818849563599,input,79.0,78,LUFL,False,1.9490000009536743,1.9490000009536743,,,
ETTh1,PatchTST,time_compress,5,7968,2167,0.49523961544036865,MSE,0.8226978182792664,1.7449818849563599,input,79.0,78,LULL,False,0.7009999752044678,0.7009999752044678,,,
ETTh1,PatchTST,time_compress,5,7968,2167,0.49523961544036865,MSE,0.8226978182792664,1.7449818849563599,input,79.0,78,OT,False,12.451000213623047,12.451000213623047,,,
ETTh1,PatchTST,time_compress,5,7968,2167,0.49523961544036865,MSE,0.8226978182792664,1.7449818849563599,input,80.0,79,HUFL,True,10.649999618530273,10.649999618530273,,,
ETTh1,PatchTST,time_compress,5,7968,2167,0.49523961544036865,MSE,0.8226978182792664,1.7449818849563599,input,80.0,79,HULL,False,0.6029999256134033,0.6029999256134033,,,
ETTh1,PatchTST,time_compress,5,7968,2167,0.49523961544036865,MSE,0.8226978182792664,1.7449818849563599,input,80.0,79,MUFL,True,7.747000217437744,7.747000217437744,,,
ETTh1,PatchTST,time_compress,5,7968,2167,0.49523961544036865,MSE,0.8226978182792664,1.7449818849563599,input,80.0,79,MULL,False,-1.065999984741211,-1.065999984741211,,,
ETTh1,PatchTST,time_compress,5,7968,2167,0.49523961544036865,MSE,0.8226978182792664,1.7449818849563599,input,80.0,79,LUFL,False,2.61899995803833,2.61899995803833,,,
ETTh1,PatchTST,time_compress,5,7968,2167,0.49523961544036865,MSE,0.8226978182792664,1.7449818849563599,input,80.0,79,LULL,False,0.7009999752044678,0.7009999752044678,,,
ETTh1,PatchTST,time_compress,5,7968,2167,0.49523961544036865,MSE,0.8226978182792664,1.7449818849563599,input,80.0,79,OT,False,12.239999771118164,12.239999771118164,,,
ETTh1,PatchTST,time_compress,5,7968,2167,0.49523961544036865,MSE,0.8226978182792664,1.7449818849563599,input,81.0,80,HUFL,True,8.907999992370605,8.907999992370605,,,
ETTh1,PatchTST,time_compress,5,7968,2167,0.49523961544036865,MSE,0.8226978182792664,1.7449818849563599,input,81.0,80,HULL,False,0.8040000200271606,0.8040000200271606,,,
ETTh1,PatchTST,time_compress,5,7968,2167,0.49523961544036865,MSE,0.8226978182792664,1.7449818849563599,input,81.0,80,MUFL,True,6.218999862670898,6.218999862670898,,,
ETTh1,PatchTST,time_compress,5,7968,2167,0.49523961544036865,MSE,0.8226978182792664,1.7449818849563599,input,81.0,80,MULL,False,-0.17799997329711914,-0.17799997329711914,,,
ETTh1,PatchTST,time_compress,5,7968,2167,0.49523961544036865,MSE,0.8226978182792664,1.7449818849563599,input,81.0,80,LUFL,False,2.5280001163482666,2.5280001163482666,,,
ETTh1,PatchTST,time_compress,5,7968,2167,0.49523961544036865,MSE,0.8226978182792664,1.7449818849563599,input,81.0,80,LULL,False,0.9440000057220459,0.9440000057220459,,,
ETTh1,PatchTST,time_compress,5,7968,2167,0.49523961544036865,MSE,0.8226978182792664,1.7449818849563599,input,81.0,80,OT,False,12.380999565124512,12.380999565124512,,,
ETTh1,PatchTST,time_compress,5,7968,2167,0.49523961544036865,MSE,0.8226978182792664,1.7449818849563599,input,82.0,81,HUFL,True,11.38700008392334,11.38700008392334,,,
ETTh1,PatchTST,time_compress,5,7968,2167,0.49523961544036865,MSE,0.8226978182792664,1.7449818849563599,input,82.0,81,HULL,False,2.2100000381469727,2.2100000381469727,,,
ETTh1,PatchTST,time_compress,5,7968,2167,0.49523961544036865,MSE,0.8226978182792664,1.7449818849563599,input,82.0,81,MUFL,True,8.635000228881836,8.635000228881836,,,
ETTh1,PatchTST,time_compress,5,7968,2167,0.49523961544036865,MSE,0.8226978182792664,1.7449818849563599,input,82.0,81,MULL,False,0.6399999856948853,0.6399999856948853,,,
ETTh1,PatchTST,time_compress,5,7968,2167,0.49523961544036865,MSE,0.8226978182792664,1.7449818849563599,input,82.0,81,LUFL,False,2.86299991607666,2.86299991607666,,,
ETTh1,PatchTST,time_compress,5,7968,2167,0.49523961544036865,MSE,0.8226978182792664,1.7449818849563599,input,82.0,81,LULL,False,1.2489999532699585,1.2489999532699585,,,
ETTh1,PatchTST,time_compress,5,7968,2167,0.49523961544036865,MSE,0.8226978182792664,1.7449818849563599,input,82.0,81,OT,False,12.029000282287598,12.029000282287598,,,
ETTh1,PatchTST,time_compress,5,7968,2167,0.49523961544036865,MSE,0.8226978182792664,1.7449818849563599,input,83.0,82,HUFL,True,9.175999641418457,9.175999641418457,,,
ETTh1,PatchTST,time_compress,5,7968,2167,0.49523961544036865,MSE,0.8226978182792664,1.7449818849563599,input,83.0,82,HULL,False,1.5410000085830688,1.5410000085830688,,,
ETTh1,PatchTST,time_compress,5,7968,2167,0.49523961544036865,MSE,0.8226978182792664,1.7449818849563599,input,83.0,82,MUFL,True,6.076000213623047,6.076000213623047,,,
ETTh1,PatchTST,time_compress,5,7968,2167,0.49523961544036865,MSE,0.8226978182792664,1.7449818849563599,input,83.0,82,MULL,False,-0.4259999990463257,-0.4259999990463257,,,
ETTh1,PatchTST,time_compress,5,7968,2167,0.49523961544036865,MSE,0.8226978182792664,1.7449818849563599,input,83.0,82,LUFL,False,2.86299991607666,2.86299991607666,,,
ETTh1,PatchTST,time_compress,5,7968,2167,0.49523961544036865,MSE,0.8226978182792664,1.7449818849563599,input,83.0,82,LULL,False,1.2790000438690186,1.2790000438690186,,,
ETTh1,PatchTST,time_compress,5,7968,2167,0.49523961544036865,MSE,0.8226978182792664,1.7449818849563599,input,83.0,82,OT,False,10.692999839782715,10.692999839782715,,,
ETTh1,PatchTST,time_compress,5,7968,2167,0.49523961544036865,MSE,0.8226978182792664,1.7449818849563599,input,84.0,83,HUFL,True,7.099999904632568,7.099999904632568,,,
ETTh1,PatchTST,time_compress,5,7968,2167,0.49523961544036865,MSE,0.8226978182792664,1.7449818849563599,input,84.0,83,HULL,False,0.20099997520446777,0.20099997520446777,,,
ETTh1,PatchTST,time_compress,5,7968,2167,0.49523961544036865,MSE,0.8226978182792664,1.7449818849563599,input,84.0,83,MUFL,True,4.65500020980835,4.65500020980835,,,
ETTh1,PatchTST,time_compress,5,7968,2167,0.49523961544036865,MSE,0.8226978182792664,1.7449818849563599,input,84.0,83,MULL,False,-0.9240000247955322,-0.9240000247955322,,,
ETTh1,PatchTST,time_compress,5,7968,2167,0.49523961544036865,MSE,0.8226978182792664,1.7449818849563599,input,84.0,83,LUFL,False,2.8940000534057617,2.8940000534057617,,,
ETTh1,PatchTST,time_compress,5,7968,2167,0.49523961544036865,MSE,0.8226978182792664,1.7449818849563599,input,84.0,83,LULL,False,1.156999945640564,1.156999945640564,,,
ETTh1,PatchTST,time_compress,5,7968,2167,0.49523961544036865,MSE,0.8226978182792664,1.7449818849563599,input,84.0,83,OT,False,11.888999938964844,11.888999938964844,,,
ETTh1,PatchTST,time_compress,5,7968,2167,0.49523961544036865,MSE,0.8226978182792664,1.7449818849563599,input,85.0,84,HUFL,True,9.444000244140625,9.444000244140625,,,
ETTh1,PatchTST,time_compress,5,7968,2167,0.49523961544036865,MSE,0.8226978182792664,1.7449818849563599,input,85.0,84,HULL,False,0.7369999885559082,0.7369999885559082,,,
ETTh1,PatchTST,time_compress,5,7968,2167,0.49523961544036865,MSE,0.8226978182792664,1.7449818849563599,input,85.0,84,MUFL,True,5.96999979019165,5.96999979019165,,,
ETTh1,PatchTST,time_compress,5,7968,2167,0.49523961544036865,MSE,0.8226978182792664,1.7449818849563599,input,85.0,84,MULL,False,-1.4210000038146973,-1.4210000038146973,,,
ETTh1,PatchTST,time_compress,5,7968,2167,0.49523961544036865,MSE,0.8226978182792664,1.7449818849563599,input,85.0,84,LUFL,False,3.0759999752044678,3.0759999752044678,,,
ETTh1,PatchTST,time_compress,5,7968,2167,0.49523961544036865,MSE,0.8226978182792664,1.7449818849563599,input,85.0,84,LULL,False,1.156999945640564,1.156999945640564,,,
ETTh1,PatchTST,time_compress,5,7968,2167,0.49523961544036865,MSE,0.8226978182792664,1.7449818849563599,input,85.0,84,OT,False,10.904000282287598,10.904000282287598,,,
ETTh1,PatchTST,time_compress,5,7968,2167,0.49523961544036865,MSE,0.8226978182792664,1.7449818849563599,input,86.0,85,HUFL,True,-4.21999979019165,-4.21999979019165,,,
ETTh1,PatchTST,time_compress,5,7968,2167,0.49523961544036865,MSE,0.8226978182792664,1.7449818849563599,input,86.0,85,HULL,False,-0.6029999256134033,-0.6029999256134033,,,
ETTh1,PatchTST,time_compress,5,7968,2167,0.49523961544036865,MSE,0.8226978182792664,1.7449818849563599,input,86.0,85,MUFL,True,-6.538000106811523,-6.538000106811523,,,
ETTh1,PatchTST,time_compress,5,7968,2167,0.49523961544036865,MSE,0.8226978182792664,1.7449818849563599,input,86.0,85,MULL,False,-1.7060000896453857,-1.7060000896453857,,,
ETTh1,PatchTST,time_compress,5,7968,2167,0.49523961544036865,MSE,0.8226978182792664,1.7449818849563599,input,86.0,85,LUFL,False,2.4059998989105225,2.4059998989105225,,,
ETTh1,PatchTST,time_compress,5,7968,2167,0.49523961544036865,MSE,0.8226978182792664,1.7449818849563599,input,86.0,85,LULL,False,1.0049999952316284,1.0049999952316284,,,
ETTh1,PatchTST,time_compress,5,7968,2167,0.49523961544036865,MSE,0.8226978182792664,1.7449818849563599,input,86.0,85,OT,False,7.104999542236328,7.104999542236328,,,
ETTh1,PatchTST,time_compress,5,7968,2167,0.49523961544036865,MSE,0.8226978182792664,1.7449818849563599,input,87.0,86,HUFL,True,2.009000301361084,2.009000301361084,,,
ETTh1,PatchTST,time_compress,5,7968,2167,0.49523961544036865,MSE,0.8226978182792664,1.7449818849563599,input,87.0,86,HULL,False,-0.46900010108947754,-0.46900010108947754,,,
ETTh1,PatchTST,time_compress,5,7968,2167,0.49523961544036865,MSE,0.8226978182792664,1.7449818849563599,input,87.0,86,MUFL,True,-0.49700021743774414,-0.49700021743774414,,,
ETTh1,PatchTST,time_compress,5,7968,2167,0.49523961544036865,MSE,0.8226978182792664,1.7449818849563599,input,87.0,86,MULL,False,-1.6349999904632568,-1.6349999904632568,,,
ETTh1,PatchTST,time_compress,5,7968,2167,0.49523961544036865,MSE,0.8226978182792664,1.7449818849563599,input,87.0,86,LUFL,False,2.8940000534057617,2.8940000534057617,,,
ETTh1,PatchTST,time_compress,5,7968,2167,0.49523961544036865,MSE,0.8226978182792664,1.7449818849563599,input,87.0,86,LULL,False,1.2790000438690186,1.2790000438690186,,,
ETTh1,PatchTST,time_compress,5,7968,2167,0.49523961544036865,MSE,0.8226978182792664,1.7449818849563599,input,87.0,86,OT,False,8.934000015258789,8.934000015258789,,,
ETTh1,PatchTST,time_compress,5,7968,2167,0.49523961544036865,MSE,0.8226978182792664,1.7449818849563599,input,88.0,87,HUFL,True,6.89900016784668,6.89900016784668,,,
ETTh1,PatchTST,time_compress,5,7968,2167,0.49523961544036865,MSE,0.8226978182792664,1.7449818849563599,input,88.0,87,HULL,False,0.5360000133514404,0.5360000133514404,,,
ETTh1,PatchTST,time_compress,5,7968,2167,0.49523961544036865,MSE,0.8226978182792664,1.7449818849563599,input,88.0,87,MUFL,True,4.263999938964844,4.263999938964844,,,
ETTh1,PatchTST,time_compress,5,7968,2167,0.49523961544036865,MSE,0.8226978182792664,1.7449818849563599,input,88.0,87,MULL,False,-0.8529999256134033,-0.8529999256134033,,,
ETTh1,PatchTST,time_compress,5,7968,2167,0.49523961544036865,MSE,0.8226978182792664,1.7449818849563599,input,88.0,87,LUFL,False,2.680000066757202,2.680000066757202,,,
ETTh1,PatchTST,time_compress,5,7968,2167,0.49523961544036865,MSE,0.8226978182792664,1.7449818849563599,input,88.0,87,LULL,False,1.218000054359436,1.218000054359436,,,
ETTh1,PatchTST,time_compress,5,7968,2167,0.49523961544036865,MSE,0.8226978182792664,1.7449818849563599,input,88.0,87,OT,False,9.28600025177002,9.28600025177002,,,
ETTh1,PatchTST,time_compress,5,7968,2167,0.49523961544036865,MSE,0.8226978182792664,1.7449818849563599,input,89.0,88,HUFL,True,4.956999778747559,4.956999778747559,,,
ETTh1,PatchTST,time_compress,5,7968,2167,0.49523961544036865,MSE,0.8226978182792664,1.7449818849563599,input,89.0,88,HULL,False,-0.40199995040893555,-0.40199995040893555,,,
ETTh1,PatchTST,time_compress,5,7968,2167,0.49523961544036865,MSE,0.8226978182792664,1.7449818849563599,input,89.0,88,MUFL,True,2.38100004196167,2.38100004196167,,,
ETTh1,PatchTST,time_compress,5,7968,2167,0.49523961544036865,MSE,0.8226978182792664,1.7449818849563599,input,89.0,88,MULL,False,-1.6699998378753662,-1.6699998378753662,,,
ETTh1,PatchTST,time_compress,5,7968,2167,0.49523961544036865,MSE,0.8226978182792664,1.7449818849563599,input,89.0,88,LUFL,False,2.559000015258789,2.559000015258789,,,
ETTh1,PatchTST,time_compress,5,7968,2167,0.49523961544036865,MSE,0.8226978182792664,1.7449818849563599,input,89.0,88,LULL,False,1.097000002861023,1.097000002861023,,,
ETTh1,PatchTST,time_compress,5,7968,2167,0.49523961544036865,MSE,0.8226978182792664,1.7449818849563599,input,89.0,88,OT,False,9.074999809265137,9.074999809265137,,,
ETTh1,PatchTST,time_compress,5,7968,2167,0.49523961544036865,MSE,0.8226978182792664,1.7449818849563599,input,90.0,89,HUFL,True,6.63100004196167,6.63100004196167,,,
ETTh1,PatchTST,time_compress,5,7968,2167,0.49523961544036865,MSE,0.8226978182792664,1.7449818849563599,input,90.0,89,HULL,False,-0.8039999008178711,-0.8039999008178711,,,
ETTh1,PatchTST,time_compress,5,7968,2167,0.49523961544036865,MSE,0.8226978182792664,1.7449818849563599,input,90.0,89,MUFL,True,3.9800000190734863,3.9800000190734863,,,
ETTh1,PatchTST,time_compress,5,7968,2167,0.49523961544036865,MSE,0.8226978182792664,1.7449818849563599,input,90.0,89,MULL,False,-2.0969998836517334,-2.0969998836517334,,,
ETTh1,PatchTST,time_compress,5,7968,2167,0.49523961544036865,MSE,0.8226978182792664,1.7449818849563599,input,90.0,89,LUFL,False,2.559000015258789,2.559000015258789,,,
ETTh1,PatchTST,time_compress,5,7968,2167,0.49523961544036865,MSE,0.8226978182792664,1.7449818849563599,input,90.0,89,LULL,False,1.0360000133514404,1.0360000133514404,,,
ETTh1,PatchTST,time_compress,5,7968,2167,0.49523961544036865,MSE,0.8226978182792664,1.7449818849563599,input,90.0,89,OT,False,9.567000389099121,9.567000389099121,,,
ETTh1,PatchTST,time_compress,5,7968,2167,0.49523961544036865,MSE,0.8226978182792664,1.7449818849563599,input,91.0,90,HUFL,True,4.2870001792907715,4.2870001792907715,,,
ETTh1,PatchTST,time_compress,5,7968,2167,0.49523961544036865,MSE,0.8226978182792664,1.7449818849563599,input,91.0,90,HULL,False,-1.3400001525878906,-1.3400001525878906,,,
ETTh1,PatchTST,time_compress,5,7968,2167,0.49523961544036865,MSE,0.8226978182792664,1.7449818849563599,input,91.0,90,MUFL,True,0.46199989318847656,0.46199989318847656,,,
ETTh1,PatchTST,time_compress,5,7968,2167,0.49523961544036865,MSE,0.8226978182792664,1.7449818849563599,input,91.0,90,MULL,False,-2.630000114440918,-2.630000114440918,,,
ETTh1,PatchTST,time_compress,5,7968,2167,0.49523961544036865,MSE,0.8226978182792664,1.7449818849563599,input,91.0,90,LUFL,False,2.8329999446868896,2.8329999446868896,,,
ETTh1,PatchTST,time_compress,5,7968,2167,0.49523961544036865,MSE,0.8226978182792664,1.7449818849563599,input,91.0,90,LULL,False,1.0049999952316284,1.0049999952316284,,,
ETTh1,PatchTST,time_compress,5,7968,2167,0.49523961544036865,MSE,0.8226978182792664,1.7449818849563599,input,91.0,90,OT,False,7.668000221252441,7.668000221252441,,,
ETTh1,PatchTST,time_compress,5,7968,2167,0.49523961544036865,MSE,0.8226978182792664,1.7449818849563599,input,92.0,91,HUFL,True,6.764999866485596,6.764999866485596,,,
ETTh1,PatchTST,time_compress,5,7968,2167,0.49523961544036865,MSE,0.8226978182792664,1.7449818849563599,input,92.0,91,HULL,False,-1.1389999389648438,-1.1389999389648438,,,
ETTh1,PatchTST,time_compress,5,7968,2167,0.49523961544036865,MSE,0.8226978182792664,1.7449818849563599,input,92.0,91,MUFL,True,3.944000005722046,3.944000005722046,,,
ETTh1,PatchTST,time_compress,5,7968,2167,0.49523961544036865,MSE,0.8226978182792664,1.7449818849563599,input,92.0,91,MULL,False,-2.203000068664551,-2.203000068664551,,,
ETTh1,PatchTST,time_compress,5,7968,2167,0.49523961544036865,MSE,0.8226978182792664,1.7449818849563599,input,92.0,91,LUFL,False,2.802000045776367,2.802000045776367,,,
ETTh1,PatchTST,time_compress,5,7968,2167,0.49523961544036865,MSE,0.8226978182792664,1.7449818849563599,input,92.0,91,LULL,False,0.7310000061988831,0.7310000061988831,,,
ETTh1,PatchTST,time_compress,5,7968,2167,0.49523961544036865,MSE,0.8226978182792664,1.7449818849563599,input,92.0,91,OT,False,9.567000389099121,9.567000389099121,,,
ETTh1,PatchTST,time_compress,5,7968,2167,0.49523961544036865,MSE,0.8226978182792664,1.7449818849563599,input,93.0,92,HUFL,True,6.831999778747559,6.831999778747559,,,
ETTh1,PatchTST,time_compress,5,7968,2167,0.49523961544036865,MSE,0.8226978182792664,1.7449818849563599,input,93.0,92,HULL,False,-0.937999963760376,-0.937999963760376,,,
ETTh1,PatchTST,time_compress,5,7968,2167,0.49523961544036865,MSE,0.8226978182792664,1.7449818849563599,input,93.0,92,MUFL,True,4.086999893188477,4.086999893188477,,,
ETTh1,PatchTST,time_compress,5,7968,2167,0.49523961544036865,MSE,0.8226978182792664,1.7449818849563599,input,93.0,92,MULL,False,-2.203000068664551,-2.203000068664551,,,
ETTh1,PatchTST,time_compress,5,7968,2167,0.49523961544036865,MSE,0.8226978182792664,1.7449818849563599,input,93.0,92,LUFL,False,2.740999937057495,2.740999937057495,,,
ETTh1,PatchTST,time_compress,5,7968,2167,0.49523961544036865,MSE,0.8226978182792664,1.7449818849563599,input,93.0,92,LULL,False,0.8529999852180481,0.8529999852180481,,,
ETTh1,PatchTST,time_compress,5,7968,2167,0.49523961544036865,MSE,0.8226978182792664,1.7449818849563599,input,93.0,92,OT,False,8.934000015258789,8.934000015258789,,,
ETTh1,PatchTST,time_compress,5,7968,2167,0.49523961544036865,MSE,0.8226978182792664,1.7449818849563599,input,94.0,93,HUFL,True,6.63100004196167,6.63100004196167,,,
ETTh1,PatchTST,time_compress,5,7968,2167,0.49523961544036865,MSE,0.8226978182792664,1.7449818849563599,input,94.0,93,HULL,False,-1.1389999389648438,-1.1389999389648438,,,
ETTh1,PatchTST,time_compress,5,7968,2167,0.49523961544036865,MSE,0.8226978182792664,1.7449818849563599,input,94.0,93,MUFL,True,3.9800000190734863,3.9800000190734863,,,
ETTh1,PatchTST,time_compress,5,7968,2167,0.49523961544036865,MSE,0.8226978182792664,1.7449818849563599,input,94.0,93,MULL,False,-2.203000068664551,-2.203000068664551,,,
ETTh1,PatchTST,time_compress,5,7968,2167,0.49523961544036865,MSE,0.8226978182792664,1.7449818849563599,input,94.0,93,LUFL,False,2.6500000953674316,2.6500000953674316,,,
ETTh1,PatchTST,time_compress,5,7968,2167,0.49523961544036865,MSE,0.8226978182792664,1.7449818849563599,input,94.0,93,LULL,False,0.7310000061988831,0.7310000061988831,,,
ETTh1,PatchTST,time_compress,5,7968,2167,0.49523961544036865,MSE,0.8226978182792664,1.7449818849563599,input,94.0,93,OT,False,5.697999954223633,5.697999954223633,,,
ETTh1,PatchTST,time_compress,5,7968,2167,0.49523961544036865,MSE,0.8226978182792664,1.7449818849563599,input,95.0,94,HUFL,True,7.836999893188477,7.836999893188477,,,
ETTh1,PatchTST,time_compress,5,7968,2167,0.49523961544036865,MSE,0.8226978182792664,1.7449818849563599,input,95.0,94,HULL,False,-1.4070000648498535,-1.4070000648498535,,,
ETTh1,PatchTST,time_compress,5,7968,2167,0.49523961544036865,MSE,0.8226978182792664,1.7449818849563599,input,95.0,94,MUFL,True,5.614999771118164,5.614999771118164,,,
ETTh1,PatchTST,time_compress,5,7968,2167,0.49523961544036865,MSE,0.8226978182792664,1.7449818849563599,input,95.0,94,MULL,False,-2.486999988555908,-2.486999988555908,,,
ETTh1,PatchTST,time_compress,5,7968,2167,0.49523961544036865,MSE,0.8226978182792664,1.7449818849563599,input,95.0,94,LUFL,False,2.253999948501587,2.253999948501587,,,
ETTh1,PatchTST,time_compress,5,7968,2167,0.49523961544036865,MSE,0.8226978182792664,1.7449818849563599,input,95.0,94,LULL,False,0.7609999775886536,0.7609999775886536,,,
ETTh1,PatchTST,time_compress,5,7968,2167,0.49523961544036865,MSE,0.8226978182792664,1.7449818849563599,input,95.0,94,OT,False,8.020001411437988,8.020001411437988,,,
ETTh1,PatchTST,time_compress,5,7968,2167,0.49523961544036865,MSE,0.8226978182792664,1.7449818849563599,input,96.0,95,HUFL,True,8.975000381469727,8.975000381469727,,,
ETTh1,PatchTST,time_compress,5,7968,2167,0.49523961544036865,MSE,0.8226978182792664,1.7449818849563599,input,96.0,95,HULL,False,0.06700003147125244,0.06700003147125244,,,
ETTh1,PatchTST,time_compress,5,7968,2167,0.49523961544036865,MSE,0.8226978182792664,1.7449818849563599,input,96.0,95,MUFL,True,6.751999855041504,6.751999855041504,,,
ETTh1,PatchTST,time_compress,5,7968,2167,0.49523961544036865,MSE,0.8226978182792664,1.7449818849563599,input,96.0,95,MULL,False,-1.3859999179840088,-1.3859999179840088,,,
ETTh1,PatchTST,time_compress,5,7968,2167,0.49523961544036865,MSE,0.8226978182792664,1.7449818849563599,input,96.0,95,LUFL,False,2.071000099182129,2.071000099182129,,,
ETTh1,PatchTST,time_compress,5,7968,2167,0.49523961544036865,MSE,0.8226978182792664,1.7449818849563599,input,96.0,95,LULL,False,1.0360000133514404,1.0360000133514404,,,
ETTh1,PatchTST,time_compress,5,7968,2167,0.49523961544036865,MSE,0.8226978182792664,1.7449818849563599,input,96.0,95,OT,False,7.456999778747559,7.456999778747559,,,
ETTh1,PatchTST,time_compress,5,7968,2167,0.49523961544036865,MSE,0.8226978182792664,1.7449818849563599,forecast,97.0,0,HUFL,True,,,12.256999969482422,10.730279922485352,10.699894905090332
ETTh1,PatchTST,time_compress,5,7968,2167,0.49523961544036865,MSE,0.8226978182792664,1.7449818849563599,forecast,97.0,0,HULL,False,,,1.406999945640564,1.0013315677642822,1.0013315677642822
ETTh1,PatchTST,time_compress,5,7968,2167,0.49523961544036865,MSE,0.8226978182792664,1.7449818849563599,forecast,97.0,0,MUFL,True,,,9.807999610900879,7.803985118865967,8.109513282775879
ETTh1,PatchTST,time_compress,5,7968,2167,0.49523961544036865,MSE,0.8226978182792664,1.7449818849563599,forecast,97.0,0,MULL,False,,,0.1420000195503235,-0.6938004493713379,-0.6938004493713379
ETTh1,PatchTST,time_compress,5,7968,2167,0.49523961544036865,MSE,0.8226978182792664,1.7449818849563599,forecast,97.0,0,LUFL,False,,,1.8279999494552612,3.0764236450195312,3.0764236450195312
ETTh1,PatchTST,time_compress,5,7968,2167,0.49523961544036865,MSE,0.8226978182792664,1.7449818849563599,forecast,97.0,0,LULL,False,,,0.609000027179718,1.1395492553710938,1.1395492553710938
ETTh1,PatchTST,time_compress,5,7968,2167,0.49523961544036865,MSE,0.8226978182792664,1.7449818849563599,forecast,97.0,0,OT,False,,,7.597001075744629,7.87757682800293,7.87757682800293
ETTh1,PatchTST,time_compress,5,7968,2167,0.49523961544036865,MSE,0.8226978182792664,1.7449818849563599,forecast,98.0,1,HUFL,True,,,12.1899995803833,12.902776718139648,12.598821640014648
ETTh1,PatchTST,time_compress,5,7968,2167,0.49523961544036865,MSE,0.8226978182792664,1.7449818849563599,forecast,98.0,1,HULL,False,,,1.5410000085830688,1.8086448907852173,1.8086448907852173
ETTh1,PatchTST,time_compress,5,7968,2167,0.49523961544036865,MSE,0.8226978182792664,1.7449818849563599,forecast,98.0,1,MUFL,True,,,10.58899974822998,9.160680770874023,9.794483184814453
ETTh1,PatchTST,time_compress,5,7968,2167,0.49523961544036865,MSE,0.8226978182792664,1.7449818849563599,forecast,98.0,1,MULL,False,,,0.0,-0.09459376335144043,-0.09459376335144043
ETTh1,PatchTST,time_compress,5,7968,2167,0.49523961544036865,MSE,0.8226978182792664,1.7449818849563599,forecast,98.0,1,LUFL,False,,,1.8279999494552612,3.7536661624908447,3.7536661624908447
ETTh1,PatchTST,time_compress,5,7968,2167,0.49523961544036865,MSE,0.8226978182792664,1.7449818849563599,forecast,98.0,1,LULL,False,,,0.609000027179718,1.2562389373779297,1.2562389373779297
ETTh1,PatchTST,time_compress,5,7968,2167,0.49523961544036865,MSE,0.8226978182792664,1.7449818849563599,forecast,98.0,1,OT,False,,,7.948999404907227,8.147119522094727,8.147119522094727
ETTh1,PatchTST,time_compress,5,7968,2167,0.49523961544036865,MSE,0.8226978182792664,1.7449818849563599,forecast,99.0,2,HUFL,True,,,12.859999656677246,13.453414916992188,15.370498657226562
ETTh1,PatchTST,time_compress,5,7968,2167,0.49523961544036865,MSE,0.8226978182792664,1.7449818849563599,forecast,99.0,2,HULL,False,,,1.875,2.3997933864593506,2.3997933864593506
ETTh1,PatchTST,time_compress,5,7968,2167,0.49523961544036865,MSE,0.8226978182792664,1.7449818849563599,forecast,99.0,2,MUFL,True,,,11.441999435424805,9.594490051269531,11.989110946655273
ETTh1,PatchTST,time_compress,5,7968,2167,0.49523961544036865,MSE,0.8226978182792664,1.7449818849563599,forecast,99.0,2,MULL,False,,,0.5690000057220459,0.458763062953949,0.458763062953949
ETTh1,PatchTST,time_compress,5,7968,2167,0.49523961544036865,MSE,0.8226978182792664,1.7449818849563599,forecast,99.0,2,LUFL,False,,,1.8880000114440918,3.8887884616851807,3.8887884616851807
ETTh1,PatchTST,time_compress,5,7968,2167,0.49523961544036865,MSE,0.8226978182792664,1.7449818849563599,forecast,99.0,2,LULL,False,,,0.6700000166893005,1.2485697269439697,1.2485697269439697
ETTh1,PatchTST,time_compress,5,7968,2167,0.49523961544036865,MSE,0.8226978182792664,1.7449818849563599,forecast,99.0,2,OT,False,,,7.456999778747559,8.290987014770508,8.290987014770508
ETTh1,PatchTST,time_compress,5,7968,2167,0.49523961544036865,MSE,0.8226978182792664,1.7449818849563599,forecast,100.0,3,HUFL,True,,,13.395999908447266,13.089117050170898,16.33504867553711
ETTh1,PatchTST,time_compress,5,7968,2167,0.49523961544036865,MSE,0.8226978182792664,1.7449818849563599,forecast,100.0,3,HULL,False,,,2.880000114440918,2.234484910964966,2.234484910964966
ETTh1,PatchTST,time_compress,5,7968,2167,0.49523961544036865,MSE,0.8226978182792664,1.7449818849563599,forecast,100.0,3,MUFL,True,,,11.619999885559082,9.449402809143066,12.595816612243652
ETTh1,PatchTST,time_compress,5,7968,2167,0.49523961544036865,MSE,0.8226978182792664,1.7449818849563599,forecast,100.0,3,MULL,False,,,1.3860000371932983,0.26216766238212585,0.26216766238212585
ETTh1,PatchTST,time_compress,5,7968,2167,0.49523961544036865,MSE,0.8226978182792664,1.7449818849563599,forecast,100.0,3,LUFL,False,,,1.7360000610351562,3.811802864074707,3.811802864074707
ETTh1,PatchTST,time_compress,5,7968,2167,0.49523961544036865,MSE,0.8226978182792664,1.7449818849563599,forecast,100.0,3,LULL,False,,,0.609000027179718,1.2419698238372803,1.2419698238372803
ETTh1,PatchTST,time_compress,5,7968,2167,0.49523961544036865,MSE,0.8226978182792664,1.7449818849563599,forecast,100.0,3,OT,False,,,7.456999778747559,8.32906436920166,8.32906436920166
ETTh1,PatchTST,time_compress,5,7968,2167,0.49523961544036865,MSE,0.8226978182792664,1.7449818849563599,forecast,101.0,4,HUFL,True,,,14.668999671936035,13.145427703857422,15.175559997558594
ETTh1,PatchTST,time_compress,5,7968,2167,0.49523961544036865,MSE,0.8226978182792664,1.7449818849563599,forecast,101.0,4,HULL,False,,,2.947000026702881,1.8991131782531738,1.8991131782531738
ETTh1,PatchTST,time_compress,5,7968,2167,0.49523961544036865,MSE,0.8226978182792664,1.7449818849563599,forecast,101.0,4,MUFL,True,,,12.366000175476074,9.432416915893555,10.989212036132812
ETTh1,PatchTST,time_compress,5,7968,2167,0.49523961544036865,MSE,0.8226978182792664,1.7449818849563599,forecast,101.0,4,MULL,False,,,1.6349999904632568,-0.0260697603225708,-0.0260697603225708
ETTh1,PatchTST,time_compress,5,7968,2167,0.49523961544036865,MSE,0.8226978182792664,1.7449818849563599,forecast,101.0,4,LUFL,False,,,1.9190000295639038,3.900733470916748,3.900733470916748
ETTh1,PatchTST,time_compress,5,7968,2167,0.49523961544036865,MSE,0.8226978182792664,1.7449818849563599,forecast,101.0,4,LULL,False,,,0.7609999775886536,1.2705450057983398,1.2705450057983398
ETTh1,PatchTST,time_compress,5,7968,2167,0.49523961544036865,MSE,0.8226978182792664,1.7449818849563599,forecast,101.0,4,OT,False,,,7.668000221252441,8.514581680297852,8.514581680297852
ETTh1,PatchTST,time_compress,5,7968,2167,0.49523961544036865,MSE,0.8226978182792664,1.7449818849563599,forecast,102.0,5,HUFL,True,,,12.123000144958496,13.398100852966309,13.317185401916504
ETTh1,PatchTST,time_compress,5,7968,2167,0.49523961544036865,MSE,0.8226978182792664,1.7449818849563599,forecast,102.0,5,HULL,False,,,1.6080000400543213,1.8785688877105713,1.8785688877105713
ETTh1,PatchTST,time_compress,5,7968,2167,0.49523961544036865,MSE,0.8226978182792664,1.7449818849563599,forecast,102.0,5,MUFL,True,,,9.772000312805176,9.569175720214844,9.026423454284668
ETTh1,PatchTST,time_compress,5,7968,2167,0.49523961544036865,MSE,0.8226978182792664,1.7449818849563599,forecast,102.0,5,MULL,False,,,0.10699999332427979,0.044143080711364746,0.044143080711364746
ETTh1,PatchTST,time_compress,5,7968,2167,0.49523961544036865,MSE,0.8226978182792664,1.7449818849563599,forecast,102.0,5,LUFL,False,,,2.1019999980926514,4.069607257843018,4.069607257843018
ETTh1,PatchTST,time_compress,5,7968,2167,0.49523961544036865,MSE,0.8226978182792664,1.7449818849563599,forecast,102.0,5,LULL,False,,,0.8529999852180481,1.3284064531326294,1.3284064531326294
ETTh1,PatchTST,time_compress,5,7968,2167,0.49523961544036865,MSE,0.8226978182792664,1.7449818849563599,forecast,102.0,5,OT,False,,,8.09000015258789,8.16046142578125,8.16046142578125
ETTh1,PatchTST,time_compress,5,7968,2167,0.49523961544036865,MSE,0.8226978182792664,1.7449818849563599,forecast,103.0,6,HUFL,True,,,12.390999794006348,14.41273021697998,11.23198127746582
ETTh1,PatchTST,time_compress,5,7968,2167,0.49523961544036865,MSE,0.8226978182792664,1.7449818849563599,forecast,103.0,6,HULL,False,,,2.2769999504089355,2.037825345993042,2.037825345993042
ETTh1,PatchTST,time_compress,5,7968,2167,0.49523961544036865,MSE,0.8226978182792664,1.7449818849563599,forecast,103.0,6,MUFL,True,,,9.878999710083008,10.440240859985352,7.210604667663574
ETTh1,PatchTST,time_compress,5,7968,2167,0.49523961544036865,MSE,0.8226978182792664,1.7449818849563599,forecast,103.0,6,MULL,False,,,0.7459999918937683,0.2088540494441986,0.2088540494441986
ETTh1,PatchTST,time_compress,5,7968,2167,0.49523961544036865,MSE,0.8226978182792664,1.7449818849563599,forecast,103.0,6,LUFL,False,,,2.4670000076293945,4.125520706176758,4.125520706176758
ETTh1,PatchTST,time_compress,5,7968,2167,0.49523961544036865,MSE,0.8226978182792664,1.7449818849563599,forecast,103.0,6,LULL,False,,,0.8529999852180481,1.277393102645874,1.277393102645874
ETTh1,PatchTST,time_compress,5,7968,2167,0.49523961544036865,MSE,0.8226978182792664,1.7449818849563599,forecast,103.0,6,OT,False,,,8.442000389099121,8.002961158752441,8.002961158752441
ETTh1,PatchTST,time_compress,5,7968,2167,0.49523961544036865,MSE,0.8226978182792664,1.7449818849563599,forecast,104.0,7,HUFL,True,,,12.72599983215332,14.308257102966309,10.767022132873535
ETTh1,PatchTST,time_compress,5,7968,2167,0.49523961544036865,MSE,0.8226978182792664,1.7449818849563599,forecast,104.0,7,HULL,False,,,1.0720000267028809,2.0599849224090576,2.0599849224090576
ETTh1,PatchTST,time_compress,5,7968,2167,0.49523961544036865,MSE,0.8226978182792664,1.7449818849563599,forecast,104.0,7,MUFL,True,,,9.48799991607666,10.154937744140625,6.573721408843994
ETTh1,PatchTST,time_compress,5,7968,2167,0.49523961544036865,MSE,0.8226978182792664,1.7449818849563599,forecast,104.0,7,MULL,False,,,-0.5329999923706055,0.12635475397109985,0.12635475397109985
ETTh1,PatchTST,time_compress,5,7968,2167,0.49523961544036865,MSE,0.8226978182792664,1.7449818849563599,forecast,104.0,7,LUFL,False,,,3.0759999752044678,4.344102382659912,4.344102382659912
ETTh1,PatchTST,time_compress,5,7968,2167,0.49523961544036865,MSE,0.8226978182792664,1.7449818849563599,forecast,104.0,7,LULL,False,,,1.065999984741211,1.285470962524414,1.285470962524414
ETTh1,PatchTST,time_compress,5,7968,2167,0.49523961544036865,MSE,0.8226978182792664,1.7449818849563599,forecast,104.0,7,OT,False,,,8.652999877929688,8.09920597076416,8.09920597076416
ETTh1,PatchTST,time_compress,5,7968,2167,0.49523961544036865,MSE,0.8226978182792664,1.7449818849563599,forecast,105.0,8,HUFL,True,,,13.194999694824219,13.563131332397461,10.2295560836792
ETTh1,PatchTST,time_compress,5,7968,2167,0.49523961544036865,MSE,0.8226978182792664,1.7449818849563599,forecast,105.0,8,HULL,False,,,1.5410000085830688,2.009526252746582,2.009526252746582
ETTh1,PatchTST,time_compress,5,7968,2167,0.49523961544036865,MSE,0.8226978182792664,1.7449818849563599,forecast,105.0,8,MUFL,True,,,9.913999557495117,9.20510196685791,5.791303634643555
ETTh1,PatchTST,time_compress,5,7968,2167,0.49523961544036865,MSE,0.8226978182792664,1.7449818849563599,forecast,105.0,8,MULL,False,,,0.17799997329711914,0.021773457527160645,0.021773457527160645
ETTh1,PatchTST,time_compress,5,7968,2167,0.49523961544036865,MSE,0.8226978182792664,1.7449818849563599,forecast,105.0,8,LUFL,False,,,2.9240000247955322,4.366306304931641,4.366306304931641
ETTh1,PatchTST,time_compress,5,7968,2167,0.49523961544036865,MSE,0.8226978182792664,1.7449818849563599,forecast,105.0,8,LULL,False,,,1.065999984741211,1.3795959949493408,1.3795959949493408
ETTh1,PatchTST,time_compress,5,7968,2167,0.49523961544036865,MSE,0.8226978182792664,1.7449818849563599,forecast,105.0,8,OT,False,,,8.51200008392334,7.974460601806641,7.974460601806641
ETTh1,PatchTST,time_compress,5,7968,2167,0.49523961544036865,MSE,0.8226978182792664,1.7449818849563599,forecast,106.0,9,HUFL,True,,,11.052000045776367,9.407669067382812,8.232449531555176
ETTh1,PatchTST,time_compress,5,7968,2167,0.49523961544036865,MSE,0.8226978182792664,1.7449818849563599,forecast,106.0,9,HULL,False,,,2.009000062942505,1.7015300989151,1.7015300989151
ETTh1,PatchTST,time_compress,5,7968,2167,0.49523961544036865,MSE,0.8226978182792664,1.7449818849563599,forecast,106.0,9,MUFL,True,,,8.10200023651123,5.462113857269287,4.0725417137146
ETTh1,PatchTST,time_compress,5,7968,2167,0.49523961544036865,MSE,0.8226978182792664,1.7449818849563599,forecast,106.0,9,MULL,False,,,0.39100000262260437,-0.15627145767211914,-0.15627145767211914
ETTh1,PatchTST,time_compress,5,7968,2167,0.49523961544036865,MSE,0.8226978182792664,1.7449818849563599,forecast,106.0,9,LUFL,False,,,2.9240000247955322,3.9185309410095215,3.9185309410095215
ETTh1,PatchTST,time_compress,5,7968,2167,0.49523961544036865,MSE,0.8226978182792664,1.7449818849563599,forecast,106.0,9,LULL,False,,,1.187999963760376,1.3970988988876343,1.3970988988876343
ETTh1,PatchTST,time_compress,5,7968,2167,0.49523961544036865,MSE,0.8226978182792664,1.7449818849563599,forecast,106.0,9,OT,False,,,8.300999641418457,7.777407646179199,7.777407646179199
ETTh1,PatchTST,time_compress,5,7968,2167,0.49523961544036865,MSE,0.8226978182792664,1.7449818849563599,forecast,107.0,10,HUFL,True,,,6.831999778747559,4.670018196105957,5.954928874969482
ETTh1,PatchTST,time_compress,5,7968,2167,0.49523961544036865,MSE,0.8226978182792664,1.7449818849563599,forecast,107.0,10,HULL,False,,,0.6700000762939453,1.2358942031860352,1.2358942031860352
ETTh1,PatchTST,time_compress,5,7968,2167,0.49523961544036865,MSE,0.8226978182792664,1.7449818849563599,forecast,107.0,10,MUFL,True,,,3.5889999866485596,1.1258304119110107,2.261340856552124
ETTh1,PatchTST,time_compress,5,7968,2167,0.49523961544036865,MSE,0.8226978182792664,1.7449818849563599,forecast,107.0,10,MULL,False,,,-1.1019999980926514,-0.5633729696273804,-0.5633729696273804
ETTh1,PatchTST,time_compress,5,7968,2167,0.49523961544036865,MSE,0.8226978182792664,1.7449818849563599,forecast,107.0,10,LUFL,False,,,2.6500000953674316,3.400078296661377,3.400078296661377
ETTh1,PatchTST,time_compress,5,7968,2167,0.49523961544036865,MSE,0.8226978182792664,1.7449818849563599,forecast,107.0,10,LULL,False,,,1.097000002861023,1.346253514289856,1.346253514289856
ETTh1,PatchTST,time_compress,5,7968,2167,0.49523961544036865,MSE,0.8226978182792664,1.7449818849563599,forecast,107.0,10,OT,False,,,7.948999404907227,7.393645286560059,7.393645286560059
ETTh1,PatchTST,time_compress,5,7968,2167,0.49523961544036865,MSE,0.8226978182792664,1.7449818849563599,forecast,108.0,11,HUFL,True,,,5.1570000648498535,2.0409979820251465,6.655735492706299
ETTh1,PatchTST,time_compress,5,7968,2167,0.49523961544036865,MSE,0.8226978182792664,1.7449818849563599,forecast,108.0,11,HULL,False,,,0.13400006294250488,0.9693740606307983,0.9693740606307983
ETTh1,PatchTST,time_compress,5,7968,2167,0.49523961544036865,MSE,0.8226978182792664,1.7449818849563599,forecast,108.0,11,MUFL,True,,,2.4519999027252197,-1.6295194625854492,2.7669191360473633
ETTh1,PatchTST,time_compress,5,7968,2167,0.49523961544036865,MSE,0.8226978182792664,1.7449818849563599,forecast,108.0,11,MULL,False,,,-1.4210000038146973,-0.6847872734069824,-0.6847872734069824
ETTh1,PatchTST,time_compress,5,7968,2167,0.49523961544036865,MSE,0.8226978182792664,1.7449818849563599,forecast,108.0,11,LUFL,False,,,3.0460000038146973,3.399522542953491,3.399522542953491
ETTh1,PatchTST,time_compress,5,7968,2167,0.49523961544036865,MSE,0.8226978182792664,1.7449818849563599,forecast,108.0,11,LULL,False,,,1.1269999742507935,1.3182015419006348,1.3182015419006348
ETTh1,PatchTST,time_compress,5,7968,2167,0.49523961544036865,MSE,0.8226978182792664,1.7449818849563599,forecast,108.0,11,OT,False,,,8.15999984741211,7.879972457885742,7.879972457885742
ETTh1,PatchTST,time_compress,5,7968,2167,0.49523961544036865,MSE,0.8226978182792664,1.7449818849563599,forecast,109.0,12,HUFL,True,,,5.1570000648498535,-0.3278775215148926,6.55182409286499
ETTh1,PatchTST,time_compress,5,7968,2167,0.49523961544036865,MSE,0.8226978182792664,1.7449818849563599,forecast,109.0,12,HULL,False,,,-0.7369999885559082,0.7885540723800659,0.7885540723800659
ETTh1,PatchTST,time_compress,5,7968,2167,0.49523961544036865,MSE,0.8226978182792664,1.7449818849563599,forecast,109.0,12,MUFL,True,,,1.9190001487731934,-3.6112060546875,2.8261330127716064
ETTh1,PatchTST,time_compress,5,7968,2167,0.49523961544036865,MSE,0.8226978182792664,1.7449818849563599,forecast,109.0,12,MULL,False,,,-2.309999942779541,-0.7735799551010132,-0.7735799551010132
ETTh1,PatchTST,time_compress,5,7968,2167,0.49523961544036865,MSE,0.8226978182792664,1.7449818849563599,forecast,109.0,12,LUFL,False,,,3.319999933242798,3.0327415466308594,3.0327415466308594
ETTh1,PatchTST,time_compress,5,7968,2167,0.49523961544036865,MSE,0.8226978182792664,1.7449818849563599,forecast,109.0,12,LULL,False,,,1.1269999742507935,1.241851806640625,1.241851806640625
ETTh1,PatchTST,time_compress,5,7968,2167,0.49523961544036865,MSE,0.8226978182792664,1.7449818849563599,forecast,109.0,12,OT,False,,,8.230999946594238,8.29390811920166,8.29390811920166
ETTh1,PatchTST,time_compress,5,7968,2167,0.49523961544036865,MSE,0.8226978182792664,1.7449818849563599,forecast,110.0,13,HUFL,True,,,1.3400001525878906,-3.3916268348693848,4.172245979309082
ETTh1,PatchTST,time_compress,5,7968,2167,0.49523961544036865,MSE,0.8226978182792664,1.7449818849563599,forecast,110.0,13,HULL,False,,,-0.6029999256134033,0.3505295515060425,0.3505295515060425
ETTh1,PatchTST,time_compress,5,7968,2167,0.49523961544036865,MSE,0.8226978182792664,1.7449818849563599,forecast,110.0,13,MUFL,True,,,-1.7769999504089355,-6.166813850402832,1.1390180587768555
ETTh1,PatchTST,time_compress,5,7968,2167,0.49523961544036865,MSE,0.8226978182792664,1.7449818849563599,forecast,110.0,13,MULL,False,,,-2.5230000019073486,-1.2119718790054321,-1.2119718790054321
ETTh1,PatchTST,time_compress,5,7968,2167,0.49523961544036865,MSE,0.8226978182792664,1.7449818849563599,forecast,110.0,13,LUFL,False,,,2.437000036239624,2.457230567932129,2.457230567932129
ETTh1,PatchTST,time_compress,5,7968,2167,0.49523961544036865,MSE,0.8226978182792664,1.7449818849563599,forecast,110.0,13,LULL,False,,,1.0360000133514404,1.0989245176315308,1.0989245176315308
ETTh1,PatchTST,time_compress,5,7968,2167,0.49523961544036865,MSE,0.8226978182792664,1.7449818849563599,forecast,110.0,13,OT,False,,,8.722999572753906,8.4086332321167,8.4086332321167
ETTh1,PatchTST,time_compress,5,7968,2167,0.49523961544036865,MSE,0.8226978182792664,1.7449818849563599,forecast,111.0,14,HUFL,True,,,4.354000091552734,-4.412779331207275,6.276857852935791
ETTh1,PatchTST,time_compress,5,7968,2167,0.49523961544036865,MSE,0.8226978182792664,1.7449818849563599,forecast,111.0,14,HULL,False,,,0.06700003147125244,0.35457324981689453,0.35457324981689453
ETTh1,PatchTST,time_compress,5,7968,2167,0.49523961544036865,MSE,0.8226978182792664,1.7449818849563599,forecast,111.0,14,MUFL,True,,,1.6349999904632568,-7.051787376403809,3.0134105682373047
ETTh1,PatchTST,time_compress,5,7968,2167,0.49523961544036865,MSE,0.8226978182792664,1.7449818849563599,forecast,111.0,14,MULL,False,,,-1.8480000495910645,-1.2215667963027954,-1.2215667963027954
ETTh1,PatchTST,time_compress,5,7968,2167,0.49523961544036865,MSE,0.8226978182792664,1.7449818849563599,forecast,111.0,14,LUFL,False,,,2.5280001163482666,2.314446210861206,2.314446210861206
ETTh1,PatchTST,time_compress,5,7968,2167,0.49523961544036865,MSE,0.8226978182792664,1.7449818849563599,forecast,111.0,14,LULL,False,,,1.156999945640564,1.121626853942871,1.121626853942871
ETTh1,PatchTST,time_compress,5,7968,2167,0.49523961544036865,MSE,0.8226978182792664,1.7449818849563599,forecast,111.0,14,OT,False,,,8.230999946594238,8.806939125061035,8.806939125061035
ETTh1,PatchTST,time_compress,5,7968,2167,0.49523961544036865,MSE,0.8226978182792664,1.7449818849563599,forecast,112.0,15,HUFL,True,,,2.880000114440918,-2.5134825706481934,8.613199234008789
ETTh1,PatchTST,time_compress,5,7968,2167,0.49523961544036865,MSE,0.8226978182792664,1.7449818849563599,forecast,112.0,15,HULL,False,,,0.0,0.41102099418640137,0.41102099418640137
ETTh1,PatchTST,time_compress,5,7968,2167,0.49523961544036865,MSE,0.8226978182792664,1.7449818849563599,forecast,112.0,15,MUFL,True,,,0.35500001907348633,-5.218573570251465,5.338676929473877
ETTh1,PatchTST,time_compress,5,7968,2167,0.49523961544036865,MSE,0.8226978182792664,1.7449818849563599,forecast,112.0,15,MULL,False,,,-1.2079999446868896,-1.107247233390808,-1.107247233390808
ETTh1,PatchTST,time_compress,5,7968,2167,0.49523961544036865,MSE,0.8226978182792664,1.7449818849563599,forecast,112.0,15,LUFL,False,,,2.193000078201294,2.425081253051758,2.425081253051758
ETTh1,PatchTST,time_compress,5,7968,2167,0.49523961544036865,MSE,0.8226978182792664,1.7449818849563599,forecast,112.0,15,LULL,False,,,1.0049999952316284,1.1668176651000977,1.1668176651000977
ETTh1,PatchTST,time_compress,5,7968,2167,0.49523961544036865,MSE,0.8226978182792664,1.7449818849563599,forecast,112.0,15,OT,False,,,8.15999984741211,9.244738578796387,9.244738578796387
ETTh1,PatchTST,time_compress,5,7968,2167,0.49523961544036865,MSE,0.8226978182792664,1.7449818849563599,forecast,113.0,16,HUFL,True,,,5.827000141143799,-1.6209988594055176,9.459863662719727
ETTh1,PatchTST,time_compress,5,7968,2167,0.49523961544036865,MSE,0.8226978182792664,1.7449818849563599,forecast,113.0,16,HULL,False,,,0.8710000514984131,0.20753133296966553,0.20753133296966553
ETTh1,PatchTST,time_compress,5,7968,2167,0.49523961544036865,MSE,0.8226978182792664,1.7449818849563599,forecast,113.0,16,MUFL,True,,,3.375999927520752,-4.270341873168945,6.134525775909424
ETTh1,PatchTST,time_compress,5,7968,2167,0.49523961544036865,MSE,0.8226978182792664,1.7449818849563599,forecast,113.0,16,MULL,False,,,-0.10699999332427979,-1.3102450370788574,-1.3102450370788574
ETTh1,PatchTST,time_compress,5,7968,2167,0.49523961544036865,MSE,0.8226978182792664,1.7449818849563599,forecast,113.0,16,LUFL,False,,,2.437000036239624,2.394484043121338,2.394484043121338
ETTh1,PatchTST,time_compress,5,7968,2167,0.49523961544036865,MSE,0.8226978182792664,1.7449818849563599,forecast,113.0,16,LULL,False,,,1.065999984741211,1.174572467803955,1.174572467803955
ETTh1,PatchTST,time_compress,5,7968,2167,0.49523961544036865,MSE,0.8226978182792664,1.7449818849563599,forecast,113.0,16,OT,False,,,7.73799991607666,9.572405815124512,9.572405815124512
ETTh1,PatchTST,time_compress,5,7968,2167,0.49523961544036865,MSE,0.8226978182792664,1.7449818849563599,forecast,114.0,17,HUFL,True,,,6.63100004196167,0.5532865524291992,10.134196281433105
ETTh1,PatchTST,time_compress,5,7968,2167,0.49523961544036865,MSE,0.8226978182792664,1.7449818849563599,forecast,114.0,17,HULL,False,,,0.40199995040893555,-0.12745285034179688,-0.12745285034179688
ETTh1,PatchTST,time_compress,5,7968,2167,0.49523961544036865,MSE,0.8226978182792664,1.7449818849563599,forecast,114.0,17,MUFL,True,,,3.696000099182129,-2.2315945625305176,6.384430885314941
ETTh1,PatchTST,time_compress,5,7968,2167,0.49523961544036865,MSE,0.8226978182792664,1.7449818849563599,forecast,114.0,17,MULL,False,,,-1.315000057220459,-1.713003396987915,-1.713003396987915
ETTh1,PatchTST,time_compress,5,7968,2167,0.49523961544036865,MSE,0.8226978182792664,1.7449818849563599,forecast,114.0,17,LUFL,False,,,2.8329999446868896,2.6961264610290527,2.6961264610290527
ETTh1,PatchTST,time_compress,5,7968,2167,0.49523961544036865,MSE,0.8226978182792664,1.7449818849563599,forecast,114.0,17,LULL,False,,,0.8529999852180481,1.2502418756484985,1.2502418756484985
ETTh1,PatchTST,time_compress,5,7968,2167,0.49523961544036865,MSE,0.8226978182792664,1.7449818849563599,forecast,114.0,17,OT,False,,,7.38599967956543,9.472269058227539,9.472269058227539
ETTh1,PatchTST,time_compress,5,7968,2167,0.49523961544036865,MSE,0.8226978182792664,1.7449818849563599,forecast,115.0,18,HUFL,True,,,7.703000068664551,3.450775146484375,11.400171279907227
ETTh1,PatchTST,time_compress,5,7968,2167,0.49523961544036865,MSE,0.8226978182792664,1.7449818849563599,forecast,115.0,18,HULL,False,,,2.2769999504089355,-0.17925190925598145,-0.17925190925598145
ETTh1,PatchTST,time_compress,5,7968,2167,0.49523961544036865,MSE,0.8226978182792664,1.7449818849563599,forecast,115.0,18,MUFL,True,,,4.513000011444092,0.11057043075561523,7.289451599121094
ETTh1,PatchTST,time_compress,5,7968,2167,0.49523961544036865,MSE,0.8226978182792664,1.7449818849563599,forecast,115.0,18,MULL,False,,,1.065999984741211,-1.8218953609466553,-1.8218953609466553
ETTh1,PatchTST,time_compress,5,7968,2167,0.49523961544036865,MSE,0.8226978182792664,1.7449818849563599,forecast,115.0,18,LUFL,False,,,2.9549999237060547,3.2103018760681152,3.2103018760681152
ETTh1,PatchTST,time_compress,5,7968,2167,0.49523961544036865,MSE,0.8226978182792664,1.7449818849563599,forecast,115.0,18,LULL,False,,,0.8220000267028809,1.2886855602264404,1.2886855602264404
ETTh1,PatchTST,time_compress,5,7968,2167,0.49523961544036865,MSE,0.8226978182792664,1.7449818849563599,forecast,115.0,18,OT,False,,,7.315999984741211,9.365692138671875,9.365692138671875
ETTh1,PatchTST,time_compress,5,7968,2167,0.49523961544036865,MSE,0.8226978182792664,1.7449818849563599,forecast,116.0,19,HUFL,True,,,5.827000141143799,5.324104309082031,9.44377613067627
ETTh1,PatchTST,time_compress,5,7968,2167,0.49523961544036865,MSE,0.8226978182792664,1.7449818849563599,forecast,116.0,19,HULL,False,,,2.1429998874664307,-0.4090707302093506,-0.4090707302093506
ETTh1,PatchTST,time_compress,5,7968,2167,0.49523961544036865,MSE,0.8226978182792664,1.7449818849563599,forecast,116.0,19,MUFL,True,,,3.127000093460083,1.8931214809417725,5.498241901397705
ETTh1,PatchTST,time_compress,5,7968,2167,0.49523961544036865,MSE,0.8226978182792664,1.7449818849563599,forecast,116.0,19,MULL,False,,,1.1019999980926514,-1.9864695072174072,-1.9864695072174072
ETTh1,PatchTST,time_compress,5,7968,2167,0.49523961544036865,MSE,0.8226978182792664,1.7449818849563599,forecast,116.0,19,LUFL,False,,,2.680000066757202,3.247992515563965,3.247992515563965
ETTh1,PatchTST,time_compress,5,7968,2167,0.49523961544036865,MSE,0.8226978182792664,1.7449818849563599,forecast,116.0,19,LULL,False,,,0.7609999775886536,1.1915967464447021,1.1915967464447021
ETTh1,PatchTST,time_compress,5,7968,2167,0.49523961544036865,MSE,0.8226978182792664,1.7449818849563599,forecast,116.0,19,OT,False,,,7.73799991607666,9.012463569641113,9.012463569641113
ETTh1,PatchTST,time_compress,5,7968,2167,0.49523961544036865,MSE,0.8226978182792664,1.7449818849563599,forecast,117.0,20,HUFL,True,,,6.229000091552734,7.179254055023193,7.241853713989258
ETTh1,PatchTST,time_compress,5,7968,2167,0.49523961544036865,MSE,0.8226978182792664,1.7449818849563599,forecast,117.0,20,HULL,False,,,2.0759999752044678,-0.6464297771453857,-0.6464297771453857
ETTh1,PatchTST,time_compress,5,7968,2167,0.49523961544036865,MSE,0.8226978182792664,1.7449818849563599,forecast,117.0,20,MUFL,True,,,3.7669999599456787,3.856916666030884,3.542309284210205
ETTh1,PatchTST,time_compress,5,7968,2167,0.49523961544036865,MSE,0.8226978182792664,1.7449818849563599,forecast,117.0,20,MULL,False,,,1.1019999980926514,-2.212369203567505,-2.212369203567505
ETTh1,PatchTST,time_compress,5,7968,2167,0.49523961544036865,MSE,0.8226978182792664,1.7449818849563599,forecast,117.0,20,LUFL,False,,,2.497999906539917,3.10620379447937,3.10620379447937
ETTh1,PatchTST,time_compress,5,7968,2167,0.49523961544036865,MSE,0.8226978182792664,1.7449818849563599,forecast,117.0,20,LULL,False,,,0.6700000166893005,1.0644961595535278,1.0644961595535278
ETTh1,PatchTST,time_compress,5,7968,2167,0.49523961544036865,MSE,0.8226978182792664,1.7449818849563599,forecast,117.0,20,OT,False,,,8.722999572753906,8.730409622192383,8.730409622192383
ETTh1,PatchTST,time_compress,5,7968,2167,0.49523961544036865,MSE,0.8226978182792664,1.7449818849563599,forecast,118.0,21,HUFL,True,,,6.296000003814697,7.1431884765625,7.735769271850586
ETTh1,PatchTST,time_compress,5,7968,2167,0.49523961544036865,MSE,0.8226978182792664,1.7449818849563599,forecast,118.0,21,HULL,False,,,1.9420000314712524,-0.6471552848815918,-0.6471552848815918
ETTh1,PatchTST,time_compress,5,7968,2167,0.49523961544036865,MSE,0.8226978182792664,1.7449818849563599,forecast,118.0,21,MUFL,True,,,3.7309999465942383,4.117036819458008,4.21547269821167
ETTh1,PatchTST,time_compress,5,7968,2167,0.49523961544036865,MSE,0.8226978182792664,1.7449818849563599,forecast,118.0,21,MULL,False,,,0.9589999914169312,-2.1158106327056885,-2.1158106327056885
ETTh1,PatchTST,time_compress,5,7968,2167,0.49523961544036865,MSE,0.8226978182792664,1.7449818849563599,forecast,118.0,21,LUFL,False,,,2.559000015258789,2.9200103282928467,2.9200103282928467
ETTh1,PatchTST,time_compress,5,7968,2167,0.49523961544036865,MSE,0.8226978182792664,1.7449818849563599,forecast,118.0,21,LULL,False,,,0.7009999752044678,1.0309367179870605,1.0309367179870605
ETTh1,PatchTST,time_compress,5,7968,2167,0.49523961544036865,MSE,0.8226978182792664,1.7449818849563599,forecast,118.0,21,OT,False,,,8.86400032043457,8.517367362976074,8.517367362976074
ETTh1,PatchTST,time_compress,5,7968,2167,0.49523961544036865,MSE,0.8226978182792664,1.7449818849563599,forecast,119.0,22,HUFL,True,,,6.429999828338623,8.089251518249512,8.675235748291016
ETTh1,PatchTST,time_compress,5,7968,2167,0.49523961544036865,MSE,0.8226978182792664,1.7449818849563599,forecast,119.0,22,HULL,False,,,1.6740000247955322,-0.33115720748901367,-0.33115720748901367
ETTh1,PatchTST,time_compress,5,7968,2167,0.49523961544036865,MSE,0.8226978182792664,1.7449818849563599,forecast,119.0,22,MUFL,True,,,4.086999893188477,5.302133560180664,5.3710246086120605
ETTh1,PatchTST,time_compress,5,7968,2167,0.49523961544036865,MSE,0.8226978182792664,1.7449818849563599,forecast,119.0,22,MULL,False,,,1.031000018119812,-1.7184045314788818,-1.7184045314788818
ETTh1,PatchTST,time_compress,5,7968,2167,0.49523961544036865,MSE,0.8226978182792664,1.7449818849563599,forecast,119.0,22,LUFL,False,,,2.5280001163482666,2.8225278854370117,2.8225278854370117
ETTh1,PatchTST,time_compress,5,7968,2167,0.49523961544036865,MSE,0.8226978182792664,1.7449818849563599,forecast,119.0,22,LULL,False,,,0.8830000162124634,1.0238440036773682,1.0238440036773682
ETTh1,PatchTST,time_compress,5,7968,2167,0.49523961544036865,MSE,0.8226978182792664,1.7449818849563599,forecast,119.0,22,OT,False,,,9.074999809265137,8.273073196411133,8.273073196411133
ETTh1,PatchTST,time_compress,5,7968,2167,0.49523961544036865,MSE,0.8226978182792664,1.7449818849563599,forecast,120.0,23,HUFL,True,,,5.960999965667725,9.493721961975098,9.725275993347168
ETTh1,PatchTST,time_compress,5,7968,2167,0.49523961544036865,MSE,0.8226978182792664,1.7449818849563599,forecast,120.0,23,HULL,False,,,2.1429998874664307,0.40355920791625977,0.40355920791625977
ETTh1,PatchTST,time_compress,5,7968,2167,0.49523961544036865,MSE,0.8226978182792664,1.7449818849563599,forecast,120.0,23,MUFL,True,,,3.944000005722046,6.641775608062744,6.745453357696533
ETTh1,PatchTST,time_compress,5,7968,2167,0.49523961544036865,MSE,0.8226978182792664,1.7449818849563599,forecast,120.0,23,MULL,False,,,1.7059999704360962,-1.0352437496185303,-1.0352437496185303
ETTh1,PatchTST,time_compress,5,7968,2167,0.49523961544036865,MSE,0.8226978182792664,1.7449818849563599,forecast,120.0,23,LUFL,False,,,1.9190000295639038,2.9446828365325928,2.9446828365325928
ETTh1,PatchTST,time_compress,5,7968,2167,0.49523961544036865,MSE,0.8226978182792664,1.7449818849563599,forecast,120.0,23,LULL,False,,,0.609000027179718,1.0618410110473633,1.0618410110473633
ETTh1,PatchTST,time_compress,5,7968,2167,0.49523961544036865,MSE,0.8226978182792664,1.7449818849563599,forecast,120.0,23,OT,False,,,8.442000389099121,8.267999649047852,8.267999649047852
ETTh1,PatchTST,time_compress,5,7968,2167,0.49523961544036865,MSE,0.8226978182792664,1.7449818849563599,forecast,121.0,24,HUFL,True,,,8.439000129699707,11.237593650817871,11.958551406860352
ETTh1,PatchTST,time_compress,5,7968,2167,0.49523961544036865,MSE,0.8226978182792664,1.7449818849563599,forecast,121.0,24,HULL,False,,,3.684000015258789,1.3548446893692017,1.3548446893692017
ETTh1,PatchTST,time_compress,5,7968,2167,0.49523961544036865,MSE,0.8226978182792664,1.7449818849563599,forecast,121.0,24,MUFL,True,,,6.538000106811523,7.988687038421631,8.743400573730469
ETTh1,PatchTST,time_compress,5,7968,2167,0.49523961544036865,MSE,0.8226978182792664,1.7449818849563599,forecast,121.0,24,MULL,False,,,2.5940001010894775,-0.3455839157104492,-0.3455839157104492
ETTh1,PatchTST,time_compress,5,7968,2167,0.49523961544036865,MSE,0.8226978182792664,1.7449818849563599,forecast,121.0,24,LUFL,False,,,1.9190000295639038,3.5251755714416504,3.5251755714416504
ETTh1,PatchTST,time_compress,5,7968,2167,0.49523961544036865,MSE,0.8226978182792664,1.7449818849563599,forecast,121.0,24,LULL,False,,,0.5180000066757202,1.1622493267059326,1.1622493267059326
ETTh1,PatchTST,time_compress,5,7968,2167,0.49523961544036865,MSE,0.8226978182792664,1.7449818849563599,forecast,121.0,24,OT,False,,,8.300999641418457,8.240174293518066,8.240174293518066
ETTh1,PatchTST,time_compress,5,7968,2167,0.49523961544036865,MSE,0.8226978182792664,1.7449818849563599,forecast,122.0,25,HUFL,True,,,9.979999542236328,13.098381042480469,13.41366958618164
ETTh1,PatchTST,time_compress,5,7968,2167,0.49523961544036865,MSE,0.8226978182792664,1.7449818849563599,forecast,122.0,25,HULL,False,,,3.818000078201294,2.061800241470337,2.061800241470337
ETTh1,PatchTST,time_compress,5,7968,2167,0.49523961544036865,MSE,0.8226978182792664,1.7449818849563599,forecast,122.0,25,MUFL,True,,,7.817999839782715,9.076385498046875,9.826156616210938
ETTh1,PatchTST,time_compress,5,7968,2167,0.49523961544036865,MSE,0.8226978182792664,1.7449818849563599,forecast,122.0,25,MULL,False,,,3.0920000076293945,0.18041765689849854,0.18041765689849854
ETTh1,PatchTST,time_compress,5,7968,2167,0.49523961544036865,MSE,0.8226978182792664,1.7449818849563599,forecast,122.0,25,LUFL,False,,,1.7360000610351562,4.121469497680664,4.121469497680664
ETTh1,PatchTST,time_compress,5,7968,2167,0.49523961544036865,MSE,0.8226978182792664,1.7449818849563599,forecast,122.0,25,LULL,False,,,0.4569999873638153,1.2510385513305664,1.2510385513305664
ETTh1,PatchTST,time_compress,5,7968,2167,0.49523961544036865,MSE,0.8226978182792664,1.7449818849563599,forecast,122.0,25,OT,False,,,8.51200008392334,8.216723442077637,8.216723442077637
ETTh1,PatchTST,time_compress,5,7968,2167,0.49523961544036865,MSE,0.8226978182792664,1.7449818849563599,forecast,123.0,26,HUFL,True,,,11.253000259399414,13.63963508605957,15.366504669189453
ETTh1,PatchTST,time_compress,5,7968,2167,0.49523961544036865,MSE,0.8226978182792664,1.7449818849563599,forecast,123.0,26,HULL,False,,,5.223999977111816,2.357848644256592,2.357848644256592
ETTh1,PatchTST,time_compress,5,7968,2167,0.49523961544036865,MSE,0.8226978182792664,1.7449818849563599,forecast,123.0,26,MUFL,True,,,9.48799991607666,9.524663925170898,11.58348560333252
ETTh1,PatchTST,time_compress,5,7968,2167,0.49523961544036865,MSE,0.8226978182792664,1.7449818849563599,forecast,123.0,26,MULL,False,,,4.229000091552734,0.5341892242431641,0.5341892242431641
ETTh1,PatchTST,time_compress,5,7968,2167,0.49523961544036865,MSE,0.8226978182792664,1.7449818849563599,forecast,123.0,26,LUFL,False,,,1.8880000114440918,4.14414119720459,4.14414119720459
ETTh1,PatchTST,time_compress,5,7968,2167,0.49523961544036865,MSE,0.8226978182792664,1.7449818849563599,forecast,123.0,26,LULL,False,,,0.609000027179718,1.2415671348571777,1.2415671348571777
ETTh1,PatchTST,time_compress,5,7968,2167,0.49523961544036865,MSE,0.8226978182792664,1.7449818849563599,forecast,123.0,26,OT,False,,,8.020001411437988,8.268891334533691,8.268891334533691
ETTh1,PatchTST,time_compress,5,7968,2167,0.49523961544036865,MSE,0.8226978182792664,1.7449818849563599,forecast,124.0,27,HUFL,True,,,11.052000045776367,13.46586799621582,16.30232810974121
ETTh1,PatchTST,time_compress,5,7968,2167,0.49523961544036865,MSE,0.8226978182792664,1.7449818849563599,forecast,124.0,27,HULL,False,,,4.085999965667725,2.277578592300415,2.277578592300415
ETTh1,PatchTST,time_compress,5,7968,2167,0.49523961544036865,MSE,0.8226978182792664,1.7449818849563599,forecast,124.0,27,MUFL,True,,,8.812999725341797,9.667119979858398,12.444182395935059
ETTh1,PatchTST,time_compress,5,7968,2167,0.49523961544036865,MSE,0.8226978182792664,1.7449818849563599,forecast,124.0,27,MULL,False,,,2.5940001010894775,0.40568071603775024,0.40568071603775024
ETTh1,PatchTST,time_compress,5,7968,2167,0.49523961544036865,MSE,0.8226978182792664,1.7449818849563599,forecast,124.0,27,LUFL,False,,,1.5840001106262207,4.028697490692139,4.028697490692139
ETTh1,PatchTST,time_compress,5,7968,2167,0.49523961544036865,MSE,0.8226978182792664,1.7449818849563599,forecast,124.0,27,LULL,False,,,0.4869999885559082,1.2327886819839478,1.2327886819839478
ETTh1,PatchTST,time_compress,5,7968,2167,0.49523961544036865,MSE,0.8226978182792664,1.7449818849563599,forecast,124.0,27,OT,False,,,7.73799991607666,8.338323593139648,8.338323593139648
ETTh1,PatchTST,time_compress,5,7968,2167,0.49523961544036865,MSE,0.8226978182792664,1.7449818849563599,forecast,125.0,28,HUFL,True,,,11.052000045776367,12.769020080566406,15.848526000976562
ETTh1,PatchTST,time_compress,5,7968,2167,0.49523961544036865,MSE,0.8226978182792664,1.7449818849563599,forecast,125.0,28,HULL,False,,,4.085999965667725,1.9551098346710205,1.9551098346710205
ETTh1,PatchTST,time_compress,5,7968,2167,0.49523961544036865,MSE,0.8226978182792664,1.7449818849563599,forecast,125.0,28,MUFL,True,,,9.843000411987305,8.98175048828125,11.56829833984375
ETTh1,PatchTST,time_compress,5,7968,2167,0.49523961544036865,MSE,0.8226978182792664,1.7449818849563599,forecast,125.0,28,MULL,False,,,2.9489998817443848,0.10788464546203613,0.10788464546203613
ETTh1,PatchTST,time_compress,5,7968,2167,0.49523961544036865,MSE,0.8226978182792664,1.7449818849563599,forecast,125.0,28,LUFL,False,,,1.6749999523162842,3.985898971557617,3.985898971557617
ETTh1,PatchTST,time_compress,5,7968,2167,0.49523961544036865,MSE,0.8226978182792664,1.7449818849563599,forecast,125.0,28,LULL,False,,,0.6399999856948853,1.271748423576355,1.271748423576355
ETTh1,PatchTST,time_compress,5,7968,2167,0.49523961544036865,MSE,0.8226978182792664,1.7449818849563599,forecast,125.0,28,OT,False,,,7.246000289916992,8.299731254577637,8.299731254577637
ETTh1,PatchTST,time_compress,5,7968,2167,0.49523961544036865,MSE,0.8226978182792664,1.7449818849563599,forecast,126.0,29,HUFL,True,,,11.319999694824219,13.338550567626953,14.105819702148438
ETTh1,PatchTST,time_compress,5,7968,2167,0.49523961544036865,MSE,0.8226978182792664,1.7449818849563599,forecast,126.0,29,HULL,False,,,4.956999778747559,2.026975393295288,2.026975393295288
ETTh1,PatchTST,time_compress,5,7968,2167,0.49523961544036865,MSE,0.8226978182792664,1.7449818849563599,forecast,126.0,29,MUFL,True,,,9.23900032043457,9.463645935058594,9.851703643798828
ETTh1,PatchTST,time_compress,5,7968,2167,0.49523961544036865,MSE,0.8226978182792664,1.7449818849563599,forecast,126.0,29,MULL,False,,,3.197999954223633,0.21786552667617798,0.21786552667617798
ETTh1,PatchTST,time_compress,5,7968,2167,0.49523961544036865,MSE,0.8226978182792664,1.7449818849563599,forecast,126.0,29,LUFL,False,,,1.8279999494552612,4.0612969398498535,4.0612969398498535
ETTh1,PatchTST,time_compress,5,7968,2167,0.49523961544036865,MSE,0.8226978182792664,1.7449818849563599,forecast,126.0,29,LULL,False,,,0.7609999775886536,1.3037166595458984,1.3037166595458984
ETTh1,PatchTST,time_compress,5,7968,2167,0.49523961544036865,MSE,0.8226978182792664,1.7449818849563599,forecast,126.0,29,OT,False,,,7.104999542236328,8.278818130493164,8.278818130493164
ETTh1,PatchTST,time_compress,5,7968,2167,0.49523961544036865,MSE,0.8226978182792664,1.7449818849563599,forecast,127.0,30,HUFL,True,,,12.458000183105469,13.205875396728516,11.805376052856445
ETTh1,PatchTST,time_compress,5,7968,2167,0.49523961544036865,MSE,0.8226978182792664,1.7449818849563599,forecast,127.0,30,HULL,False,,,4.889999866485596,2.107229471206665,2.107229471206665
ETTh1,PatchTST,time_compress,5,7968,2167,0.49523961544036865,MSE,0.8226978182792664,1.7449818849563599,forecast,127.0,30,MUFL,True,,,10.411999702453613,9.385836601257324,7.763103485107422
ETTh1,PatchTST,time_compress,5,7968,2167,0.49523961544036865,MSE,0.8226978182792664,1.7449818849563599,forecast,127.0,30,MULL,False,,,3.127000093460083,0.27023857831954956,0.27023857831954956
ETTh1,PatchTST,time_compress,5,7968,2167,0.49523961544036865,MSE,0.8226978182792664,1.7449818849563599,forecast,127.0,30,LUFL,False,,,2.375999927520752,3.928389310836792,3.928389310836792
ETTh1,PatchTST,time_compress,5,7968,2167,0.49523961544036865,MSE,0.8226978182792664,1.7449818849563599,forecast,127.0,30,LULL,False,,,0.9139999747276306,1.2393516302108765,1.2393516302108765
ETTh1,PatchTST,time_compress,5,7968,2167,0.49523961544036865,MSE,0.8226978182792664,1.7449818849563599,forecast,127.0,30,OT,False,,,7.597001075744629,8.020588874816895,8.020588874816895
ETTh1,PatchTST,time_compress,5,7968,2167,0.49523961544036865,MSE,0.8226978182792664,1.7449818849563599,forecast,128.0,31,HUFL,True,,,13.060999870300293,13.1768798828125,12.537396430969238
ETTh1,PatchTST,time_compress,5,7968,2167,0.49523961544036865,MSE,0.8226978182792664,1.7449818849563599,forecast,128.0,31,HULL,False,,,3.2820000648498535,2.160076141357422,2.160076141357422
ETTh1,PatchTST,time_compress,5,7968,2167,0.49523961544036865,MSE,0.8226978182792664,1.7449818849563599,forecast,128.0,31,MUFL,True,,,9.131999969482422,9.17670726776123,8.290679931640625
ETTh1,PatchTST,time_compress,5,7968,2167,0.49523961544036865,MSE,0.8226978182792664,1.7449818849563599,forecast,128.0,31,MULL,False,,,2.239000082015991,0.19481617212295532,0.19481617212295532
ETTh1,PatchTST,time_compress,5,7968,2167,0.49523961544036865,MSE,0.8226978182792664,1.7449818849563599,forecast,128.0,31,LUFL,False,,,3.13700008392334,4.107184886932373,4.107184886932373
ETTh1,PatchTST,time_compress,5,7968,2167,0.49523961544036865,MSE,0.8226978182792664,1.7449818849563599,forecast,128.0,31,LULL,False,,,0.9440000057220459,1.268200159072876,1.268200159072876
ETTh1,PatchTST,time_compress,5,7968,2167,0.49523961544036865,MSE,0.8226978182792664,1.7449818849563599,forecast,128.0,31,OT,False,,,8.300999641418457,8.091409683227539,8.091409683227539
ETTh1,PatchTST,time_compress,5,7968,2167,0.49523961544036865,MSE,0.8226978182792664,1.7449818849563599,forecast,129.0,32,HUFL,True,,,1.3400001525878906,11.319239616394043,11.270044326782227
ETTh1,PatchTST,time_compress,5,7968,2167,0.49523961544036865,MSE,0.8226978182792664,1.7449818849563599,forecast,129.0,32,HULL,False,,,0.6029999256134033,2.0491244792938232,2.0491244792938232
ETTh1,PatchTST,time_compress,5,7968,2167,0.49523961544036865,MSE,0.8226978182792664,1.7449818849563599,forecast,129.0,32,MUFL,True,,,-1.386000156402588,7.073634624481201,7.046612739562988
ETTh1,PatchTST,time_compress,5,7968,2167,0.49523961544036865,MSE,0.8226978182792664,1.7449818849563599,forecast,129.0,32,MULL,False,,,-0.4259999990463257,0.10300588607788086,0.10300588607788086
ETTh1,PatchTST,time_compress,5,7968,2167,0.49523961544036865,MSE,0.8226978182792664,1.7449818849563599,forecast,129.0,32,LUFL,False,,,2.7720000743865967,4.07813835144043,4.07813835144043
ETTh1,PatchTST,time_compress,5,7968,2167,0.49523961544036865,MSE,0.8226978182792664,1.7449818849563599,forecast,129.0,32,LULL,False,,,0.9750000238418579,1.3375214338302612,1.3375214338302612
ETTh1,PatchTST,time_compress,5,7968,2167,0.49523961544036865,MSE,0.8226978182792664,1.7449818849563599,forecast,129.0,32,OT,False,,,6.964000701904297,8.228436470031738,8.228436470031738
ETTh1,PatchTST,time_compress,5,7968,2167,0.49523961544036865,MSE,0.8226978182792664,1.7449818849563599,forecast,130.0,33,HUFL,True,,,-0.6030001640319824,7.871811866760254,8.166228294372559
ETTh1,PatchTST,time_compress,5,7968,2167,0.49523961544036865,MSE,0.8226978182792664,1.7449818849563599,forecast,130.0,33,HULL,False,,,0.6700000762939453,1.848724603652954,1.848724603652954
ETTh1,PatchTST,time_compress,5,7968,2167,0.49523961544036865,MSE,0.8226978182792664,1.7449818849563599,forecast,130.0,33,MUFL,True,,,-3.5179996490478516,3.9211668968200684,4.269564151763916
ETTh1,PatchTST,time_compress,5,7968,2167,0.49523961544036865,MSE,0.8226978182792664,1.7449818849563599,forecast,130.0,33,MULL,False,,,-0.4259999990463257,0.020035386085510254,0.020035386085510254
ETTh1,PatchTST,time_compress,5,7968,2167,0.49523961544036865,MSE,0.8226978182792664,1.7449818849563599,forecast,130.0,33,LUFL,False,,,2.802000045776367,3.7124133110046387,3.7124133110046387
ETTh1,PatchTST,time_compress,5,7968,2167,0.49523961544036865,MSE,0.8226978182792664,1.7449818849563599,forecast,130.0,33,LULL,False,,,1.097000002861023,1.3549094200134277,1.3549094200134277
ETTh1,PatchTST,time_compress,5,7968,2167,0.49523961544036865,MSE,0.8226978182792664,1.7449818849563599,forecast,130.0,33,OT,False,,,7.456999778747559,8.167984962463379,8.167984962463379
ETTh1,PatchTST,time_compress,5,7968,2167,0.49523961544036865,MSE,0.8226978182792664,1.7449818849563599,forecast,131.0,34,HUFL,True,,,-2.009000301361084,2.927605152130127,6.635828971862793
ETTh1,PatchTST,time_compress,5,7968,2167,0.49523961544036865,MSE,0.8226978182792664,1.7449818849563599,forecast,131.0,34,HULL,False,,,0.6700000762939453,1.346491813659668,1.346491813659668
ETTh1,PatchTST,time_compress,5,7968,2167,0.49523961544036865,MSE,0.8226978182792664,1.7449818849563599,forecast,131.0,34,MUFL,True,,,-4.796999931335449,-0.6519436836242676,3.1066243648529053
ETTh1,PatchTST,time_compress,5,7968,2167,0.49523961544036865,MSE,0.8226978182792664,1.7449818849563599,forecast,131.0,34,MULL,False,,,-0.49699997901916504,-0.41346275806427,-0.41346275806427
ETTh1,PatchTST,time_compress,5,7968,2167,0.49523961544036865,MSE,0.8226978182792664,1.7449818849563599,forecast,131.0,34,LUFL,False,,,2.559000015258789,3.314662218093872,3.314662218093872
ETTh1,PatchTST,time_compress,5,7968,2167,0.49523961544036865,MSE,0.8226978182792664,1.7449818849563599,forecast,131.0,34,LULL,False,,,1.340000033378601,1.3409367799758911,1.3409367799758911
ETTh1,PatchTST,time_compress,5,7968,2167,0.49523961544036865,MSE,0.8226978182792664,1.7449818849563599,forecast,131.0,34,OT,False,,,7.809000015258789,7.982349395751953,7.982349395751953
ETTh1,PatchTST,time_compress,5,7968,2167,0.49523961544036865,MSE,0.8226978182792664,1.7449818849563599,forecast,132.0,35,HUFL,True,,,-7.368000507354736,-0.20131826400756836,7.319441795349121
ETTh1,PatchTST,time_compress,5,7968,2167,0.49523961544036865,MSE,0.8226978182792664,1.7449818849563599,forecast,132.0,35,HULL,False,,,0.8040000200271606,1.2402348518371582,1.2402348518371582
ETTh1,PatchTST,time_compress,5,7968,2167,0.49523961544036865,MSE,0.8226978182792664,1.7449818849563599,forecast,132.0,35,MUFL,True,,,-10.055999755859375,-3.805483818054199,3.5054426193237305
ETTh1,PatchTST,time_compress,5,7968,2167,0.49523961544036865,MSE,0.8226978182792664,1.7449818849563599,forecast,132.0,35,MULL,False,,,-0.5329999923706055,-0.42898035049438477,-0.42898035049438477
ETTh1,PatchTST,time_compress,5,7968,2167,0.49523961544036865,MSE,0.8226978182792664,1.7449818849563599,forecast,132.0,35,LUFL,False,,,3.015000104904175,3.356938600540161,3.356938600540161
ETTh1,PatchTST,time_compress,5,7968,2167,0.49523961544036865,MSE,0.8226978182792664,1.7449818849563599,forecast,132.0,35,LULL,False,,,1.2489999532699585,1.357741117477417,1.357741117477417
ETTh1,PatchTST,time_compress,5,7968,2167,0.49523961544036865,MSE,0.8226978182792664,1.7449818849563599,forecast,132.0,35,OT,False,,,8.300999641418457,8.278641700744629,8.278641700744629
ETTh1,PatchTST,time_compress,5,7968,2167,0.49523961544036865,MSE,0.8226978182792664,1.7449818849563599,forecast,133.0,36,HUFL,True,,,-17.079998016357422,-3.114593029022217,7.343942165374756
ETTh1,PatchTST,time_compress,5,7968,2167,0.49523961544036865,MSE,0.8226978182792664,1.7449818849563599,forecast,133.0,36,HULL,False,,,2.0759999752044678,1.1597380638122559,1.1597380638122559
ETTh1,PatchTST,time_compress,5,7968,2167,0.49523961544036865,MSE,0.8226978182792664,1.7449818849563599,forecast,133.0,36,MUFL,True,,,-19.722000122070312,-6.630702018737793,3.6020593643188477
ETTh1,PatchTST,time_compress,5,7968,2167,0.49523961544036865,MSE,0.8226978182792664,1.7449818849563599,forecast,133.0,36,MULL,False,,,-0.07099997997283936,-0.48255741596221924,-0.48255741596221924
ETTh1,PatchTST,time_compress,5,7968,2167,0.49523961544036865,MSE,0.8226978182792664,1.7449818849563599,forecast,133.0,36,LUFL,False,,,3.015000104904175,3.0845792293548584,3.0845792293548584
ETTh1,PatchTST,time_compress,5,7968,2167,0.49523961544036865,MSE,0.8226978182792664,1.7449818849563599,forecast,133.0,36,LULL,False,,,1.097000002861023,1.2652543783187866,1.2652543783187866
ETTh1,PatchTST,time_compress,5,7968,2167,0.49523961544036865,MSE,0.8226978182792664,1.7449818849563599,forecast,133.0,36,OT,False,,,8.581999778747559,8.522027969360352,8.522027969360352
ETTh1,PatchTST,time_compress,5,7968,2167,0.49523961544036865,MSE,0.8226978182792664,1.7449818849563599,forecast,134.0,37,HUFL,True,,,-11.118999481201172,-6.363816738128662,5.946189880371094
ETTh1,PatchTST,time_compress,5,7968,2167,0.49523961544036865,MSE,0.8226978182792664,1.7449818849563599,forecast,134.0,37,HULL,False,,,1.6740000247955322,0.804235577583313,0.804235577583313
ETTh1,PatchTST,time_compress,5,7968,2167,0.49523961544036865,MSE,0.8226978182792664,1.7449818849563599,forecast,134.0,37,MUFL,True,,,-13.14799976348877,-9.282430648803711,2.7372474670410156
ETTh1,PatchTST,time_compress,5,7968,2167,0.49523961544036865,MSE,0.8226978182792664,1.7449818849563599,forecast,134.0,37,MULL,False,,,-0.03600001335144043,-0.8027137517929077,-0.8027137517929077
ETTh1,PatchTST,time_compress,5,7968,2167,0.49523961544036865,MSE,0.8226978182792664,1.7449818849563599,forecast,134.0,37,LUFL,False,,,2.0409998893737793,2.582245111465454,2.582245111465454
ETTh1,PatchTST,time_compress,5,7968,2167,0.49523961544036865,MSE,0.8226978182792664,1.7449818849563599,forecast,134.0,37,LULL,False,,,0.9139999747276306,1.176609754562378,1.176609754562378
ETTh1,PatchTST,time_compress,5,7968,2167,0.49523961544036865,MSE,0.8226978182792664,1.7449818849563599,forecast,134.0,37,OT,False,,,8.934000015258789,8.640020370483398,8.640020370483398
ETTh1,PatchTST,time_compress,5,7968,2167,0.49523961544036865,MSE,0.8226978182792664,1.7449818849563599,forecast,135.0,38,HUFL,True,,,-8.907999038696289,-6.029284954071045,7.316140174865723
ETTh1,PatchTST,time_compress,5,7968,2167,0.49523961544036865,MSE,0.8226978182792664,1.7449818849563599,forecast,135.0,38,HULL,False,,,0.8040000200271606,0.7812248468399048,0.7812248468399048
ETTh1,PatchTST,time_compress,5,7968,2167,0.49523961544036865,MSE,0.8226978182792664,1.7449818849563599,forecast,135.0,38,MUFL,True,,,-11.512999534606934,-8.820887565612793,4.044508457183838
ETTh1,PatchTST,time_compress,5,7968,2167,0.49523961544036865,MSE,0.8226978182792664,1.7449818849563599,forecast,135.0,38,MULL,False,,,-0.5329999923706055,-0.8734744787216187,-0.8734744787216187
ETTh1,PatchTST,time_compress,5,7968,2167,0.49523961544036865,MSE,0.8226978182792664,1.7449818849563599,forecast,135.0,38,LUFL,False,,,2.2839999198913574,2.546644687652588,2.546644687652588
ETTh1,PatchTST,time_compress,5,7968,2167,0.49523961544036865,MSE,0.8226978182792664,1.7449818849563599,forecast,135.0,38,LULL,False,,,1.0049999952316284,1.207253336906433,1.207253336906433
ETTh1,PatchTST,time_compress,5,7968,2167,0.49523961544036865,MSE,0.8226978182792664,1.7449818849563599,forecast,135.0,38,OT,False,,,10.130000114440918,9.183523178100586,9.183523178100586
ETTh1,PatchTST,time_compress,5,7968,2167,0.49523961544036865,MSE,0.8226978182792664,1.7449818849563599,forecast,136.0,39,HUFL,True,,,-16.67799949645996,-3.8370041847229004,9.123796463012695
ETTh1,PatchTST,time_compress,5,7968,2167,0.49523961544036865,MSE,0.8226978182792664,1.7449818849563599,forecast,136.0,39,HULL,False,,,1.7410000562667847,0.9372144937515259,0.9372144937515259
ETTh1,PatchTST,time_compress,5,7968,2167,0.49523961544036865,MSE,0.8226978182792664,1.7449818849563599,forecast,136.0,39,MUFL,True,,,-19.010997772216797,-6.805726051330566,5.84236478805542
ETTh1,PatchTST,time_compress,5,7968,2167,0.49523961544036865,MSE,0.8226978182792664,1.7449818849563599,forecast,136.0,39,MULL,False,,,0.0,-0.6605404615402222,-0.6605404615402222
ETTh1,PatchTST,time_compress,5,7968,2167,0.49523961544036865,MSE,0.8226978182792664,1.7449818849563599,forecast,136.0,39,LUFL,False,,,2.0409998893737793,2.7048583030700684,2.7048583030700684
ETTh1,PatchTST,time_compress,5,7968,2167,0.49523961544036865,MSE,0.8226978182792664,1.7449818849563599,forecast,136.0,39,LULL,False,,,0.8830000162124634,1.2574102878570557,1.2574102878570557
ETTh1,PatchTST,time_compress,5,7968,2167,0.49523961544036865,MSE,0.8226978182792664,1.7449818849563599,forecast,136.0,39,OT,False,,,10.41100025177002,9.684192657470703,9.684192657470703
ETTh1,PatchTST,time_compress,5,7968,2167,0.49523961544036865,MSE,0.8226978182792664,1.7449818849563599,forecast,137.0,40,HUFL,True,,,-17.14699935913086,-1.9881491661071777,10.457621574401855
ETTh1,PatchTST,time_compress,5,7968,2167,0.49523961544036865,MSE,0.8226978182792664,1.7449818849563599,forecast,137.0,40,HULL,False,,,1.6740000247955322,0.47746551036834717,0.47746551036834717
ETTh1,PatchTST,time_compress,5,7968,2167,0.49523961544036865,MSE,0.8226978182792664,1.7449818849563599,forecast,137.0,40,MUFL,True,,,-19.117996215820312,-4.86715030670166,6.877070903778076
ETTh1,PatchTST,time_compress,5,7968,2167,0.49523961544036865,MSE,0.8226978182792664,1.7449818849563599,forecast,137.0,40,MULL,False,,,-0.03600001335144043,-1.0558946132659912,-1.0558946132659912
ETTh1,PatchTST,time_compress,5,7968,2167,0.49523961544036865,MSE,0.8226978182792664,1.7449818849563599,forecast,137.0,40,LUFL,False,,,2.0409998893737793,2.631302833557129,2.631302833557129
ETTh1,PatchTST,time_compress,5,7968,2167,0.49523961544036865,MSE,0.8226978182792664,1.7449818849563599,forecast,137.0,40,LULL,False,,,0.9440000057220459,1.215111255645752,1.215111255645752
ETTh1,PatchTST,time_compress,5,7968,2167,0.49523961544036865,MSE,0.8226978182792664,1.7449818849563599,forecast,137.0,40,OT,False,,,11.888999938964844,9.928570747375488,9.928570747375488
ETTh1,PatchTST,time_compress,5,7968,2167,0.49523961544036865,MSE,0.8226978182792664,1.7449818849563599,forecast,138.0,41,HUFL,True,,,-11.118999481201172,0.4816436767578125,11.058154106140137
ETTh1,PatchTST,time_compress,5,7968,2167,0.49523961544036865,MSE,0.8226978182792664,1.7449818849563599,forecast,138.0,41,HULL,False,,,0.7369999885559082,0.032509684562683105,0.032509684562683105
ETTh1,PatchTST,time_compress,5,7968,2167,0.49523961544036865,MSE,0.8226978182792664,1.7449818849563599,forecast,138.0,41,MUFL,True,,,-13.397000312805176,-2.5070695877075195,7.056992530822754
ETTh1,PatchTST,time_compress,5,7968,2167,0.49523961544036865,MSE,0.8226978182792664,1.7449818849563599,forecast,138.0,41,MULL,False,,,-0.39100003242492676,-1.5126211643218994,-1.5126211643218994
ETTh1,PatchTST,time_compress,5,7968,2167,0.49523961544036865,MSE,0.8226978182792664,1.7449818849563599,forecast,138.0,41,LUFL,False,,,2.131999969482422,2.9114317893981934,2.9114317893981934
ETTh1,PatchTST,time_compress,5,7968,2167,0.49523961544036865,MSE,0.8226978182792664,1.7449818849563599,forecast,138.0,41,LULL,False,,,0.8220000267028809,1.2712974548339844,1.2712974548339844
ETTh1,PatchTST,time_compress,5,7968,2167,0.49523961544036865,MSE,0.8226978182792664,1.7449818849563599,forecast,138.0,41,OT,False,,,12.592000007629395,9.882383346557617,9.882383346557617
ETTh1,PatchTST,time_compress,5,7968,2167,0.49523961544036865,MSE,0.8226978182792664,1.7449818849563599,forecast,139.0,42,HUFL,True,,,-4.487999439239502,2.8149003982543945,10.950445175170898
ETTh1,PatchTST,time_compress,5,7968,2167,0.49523961544036865,MSE,0.8226978182792664,1.7449818849563599,forecast,139.0,42,HULL,False,,,0.33500003814697266,-0.19543862342834473,-0.19543862342834473
ETTh1,PatchTST,time_compress,5,7968,2167,0.49523961544036865,MSE,0.8226978182792664,1.7449818849563599,forecast,139.0,42,MUFL,True,,,-7.036001205444336,-0.6105284690856934,6.754178047180176
ETTh1,PatchTST,time_compress,5,7968,2167,0.49523961544036865,MSE,0.8226978182792664,1.7449818849563599,forecast,139.0,42,MULL,False,,,-0.5329999923706055,-1.7759618759155273,-1.7759618759155273
ETTh1,PatchTST,time_compress,5,7968,2167,0.49523961544036865,MSE,0.8226978182792664,1.7449818849563599,forecast,139.0,42,LUFL,False,,,2.497999906539917,3.341187000274658,3.341187000274658
ETTh1,PatchTST,time_compress,5,7968,2167,0.49523961544036865,MSE,0.8226978182792664,1.7449818849563599,forecast,139.0,42,LULL,False,,,0.7310000061988831,1.2880191802978516,1.2880191802978516
ETTh1,PatchTST,time_compress,5,7968,2167,0.49523961544036865,MSE,0.8226978182792664,1.7449818849563599,forecast,139.0,42,OT,False,,,12.310999870300293,9.786983489990234,9.786983489990234
ETTh1,PatchTST,time_compress,5,7968,2167,0.49523961544036865,MSE,0.8226978182792664,1.7449818849563599,forecast,140.0,43,HUFL,True,,,0.9380002021789551,4.964043617248535,9.682205200195312
ETTh1,PatchTST,time_compress,5,7968,2167,0.49523961544036865,MSE,0.8226978182792664,1.7449818849563599,forecast,140.0,43,HULL,False,,,0.40199995040893555,-0.6444563865661621,-0.6444563865661621
ETTh1,PatchTST,time_compress,5,7968,2167,0.49523961544036865,MSE,0.8226978182792664,1.7449818849563599,forecast,140.0,43,MUFL,True,,,-1.564000129699707,1.4939076900482178,5.7232890129089355
ETTh1,PatchTST,time_compress,5,7968,2167,0.49523961544036865,MSE,0.8226978182792664,1.7449818849563599,forecast,140.0,43,MULL,False,,,-0.31999993324279785,-2.121180534362793,-2.121180534362793
ETTh1,PatchTST,time_compress,5,7968,2167,0.49523961544036865,MSE,0.8226978182792664,1.7449818849563599,forecast,140.0,43,LUFL,False,,,2.5280001163482666,3.259596586227417,3.259596586227417
ETTh1,PatchTST,time_compress,5,7968,2167,0.49523961544036865,MSE,0.8226978182792664,1.7449818849563599,forecast,140.0,43,LULL,False,,,0.6700000166893005,1.1567180156707764,1.1567180156707764
ETTh1,PatchTST,time_compress,5,7968,2167,0.49523961544036865,MSE,0.8226978182792664,1.7449818849563599,forecast,140.0,43,OT,False,,,11.748000144958496,9.495298385620117,9.495298385620117
ETTh1,PatchTST,time_compress,5,7968,2167,0.49523961544036865,MSE,0.8226978182792664,1.7449818849563599,forecast,141.0,44,HUFL,True,,,2.611999988555908,6.06676721572876,7.922525405883789
ETTh1,PatchTST,time_compress,5,7968,2167,0.49523961544036865,MSE,0.8226978182792664,1.7449818849563599,forecast,141.0,44,HULL,False,,,0.46899986267089844,-0.7581782341003418,-0.7581782341003418
ETTh1,PatchTST,time_compress,5,7968,2167,0.49523961544036865,MSE,0.8226978182792664,1.7449818849563599,forecast,141.0,44,MUFL,True,,,0.1420001983642578,2.9126062393188477,4.512472152709961
ETTh1,PatchTST,time_compress,5,7968,2167,0.49523961544036865,MSE,0.8226978182792664,1.7449818849563599,forecast,141.0,44,MULL,False,,,-0.21299999952316284,-2.160174608230591,-2.160174608230591
ETTh1,PatchTST,time_compress,5,7968,2167,0.49523961544036865,MSE,0.8226978182792664,1.7449818849563599,forecast,141.0,44,LUFL,False,,,2.437000036239624,2.9830853939056396,2.9830853939056396
ETTh1,PatchTST,time_compress,5,7968,2167,0.49523961544036865,MSE,0.8226978182792664,1.7449818849563599,forecast,141.0,44,LULL,False,,,0.6399999856948853,1.0166547298431396,1.0166547298431396
ETTh1,PatchTST,time_compress,5,7968,2167,0.49523961544036865,MSE,0.8226978182792664,1.7449818849563599,forecast,141.0,44,OT,False,,,10.621999740600586,9.111132621765137,9.111132621765137
ETTh1,PatchTST,time_compress,5,7968,2167,0.49523961544036865,MSE,0.8226978182792664,1.7449818849563599,forecast,142.0,45,HUFL,True,,,2.745999813079834,6.665843963623047,8.15832805633545
ETTh1,PatchTST,time_compress,5,7968,2167,0.49523961544036865,MSE,0.8226978182792664,1.7449818849563599,forecast,142.0,45,HULL,False,,,0.40199995040893555,-0.6392836570739746,-0.6392836570739746
ETTh1,PatchTST,time_compress,5,7968,2167,0.49523961544036865,MSE,0.8226978182792664,1.7449818849563599,forecast,142.0,45,MUFL,True,,,0.1420001983642578,3.751101493835449,4.876241207122803
ETTh1,PatchTST,time_compress,5,7968,2167,0.49523961544036865,MSE,0.8226978182792664,1.7449818849563599,forecast,142.0,45,MULL,False,,,-0.21299999952316284,-2.0767059326171875,-2.0767059326171875
ETTh1,PatchTST,time_compress,5,7968,2167,0.49523961544036865,MSE,0.8226978182792664,1.7449818849563599,forecast,142.0,45,LUFL,False,,,2.5280001163482666,2.9253268241882324,2.9253268241882324
ETTh1,PatchTST,time_compress,5,7968,2167,0.49523961544036865,MSE,0.8226978182792664,1.7449818849563599,forecast,142.0,45,LULL,False,,,0.5789999961853027,0.9966001510620117,0.9966001510620117
ETTh1,PatchTST,time_compress,5,7968,2167,0.49523961544036865,MSE,0.8226978182792664,1.7449818849563599,forecast,142.0,45,OT,False,,,10.199999809265137,8.692975044250488,8.692975044250488
ETTh1,PatchTST,time_compress,5,7968,2167,0.49523961544036865,MSE,0.8226978182792664,1.7449818849563599,forecast,143.0,46,HUFL,True,,,2.678999900817871,7.565068244934082,8.791040420532227
ETTh1,PatchTST,time_compress,5,7968,2167,0.49523961544036865,MSE,0.8226978182792664,1.7449818849563599,forecast,143.0,46,HULL,False,,,0.5360000133514404,-0.5946648120880127,-0.5946648120880127
ETTh1,PatchTST,time_compress,5,7968,2167,0.49523961544036865,MSE,0.8226978182792664,1.7449818849563599,forecast,143.0,46,MUFL,True,,,0.1420001983642578,4.9429755210876465,5.736825466156006
ETTh1,PatchTST,time_compress,5,7968,2167,0.49523961544036865,MSE,0.8226978182792664,1.7449818849563599,forecast,143.0,46,MULL,False,,,-0.21299999952316284,-1.9160168170928955,-1.9160168170928955
ETTh1,PatchTST,time_compress,5,7968,2167,0.49523961544036865,MSE,0.8226978182792664,1.7449818849563599,forecast,143.0,46,LUFL,False,,,2.4670000076293945,2.723599910736084,2.723599910736084
ETTh1,PatchTST,time_compress,5,7968,2167,0.49523961544036865,MSE,0.8226978182792664,1.7449818849563599,forecast,143.0,46,LULL,False,,,0.7009999752044678,0.9999566078186035,0.9999566078186035
ETTh1,PatchTST,time_compress,5,7968,2167,0.49523961544036865,MSE,0.8226978182792664,1.7449818849563599,forecast,143.0,46,OT,False,,,9.496999740600586,8.592094421386719,8.592094421386719
ETTh1,PatchTST,time_compress,5,7968,2167,0.49523961544036865,MSE,0.8226978182792664,1.7449818849563599,forecast,144.0,47,HUFL,True,,,2.745999813079834,8.05842113494873,10.230931282043457
ETTh1,PatchTST,time_compress,5,7968,2167,0.49523961544036865,MSE,0.8226978182792664,1.7449818849563599,forecast,144.0,47,HULL,False,,,0.6700000762939453,0.01772463321685791,0.01772463321685791
ETTh1,PatchTST,time_compress,5,7968,2167,0.49523961544036865,MSE,0.8226978182792664,1.7449818849563599,forecast,144.0,47,MUFL,True,,,0.1420001983642578,5.447958946228027,7.163100242614746
ETTh1,PatchTST,time_compress,5,7968,2167,0.49523961544036865,MSE,0.8226978182792664,1.7449818849563599,forecast,144.0,47,MULL,False,,,-0.21299999952316284,-1.3600246906280518,-1.3600246906280518
ETTh1,PatchTST,time_compress,5,7968,2167,0.49523961544036865,MSE,0.8226978182792664,1.7449818849563599,forecast,144.0,47,LUFL,False,,,2.559000015258789,2.7292885780334473,2.7292885780334473
ETTh1,PatchTST,time_compress,5,7968,2167,0.49523961544036865,MSE,0.8226978182792664,1.7449818849563599,forecast,144.0,47,LULL,False,,,0.8220000267028809,1.0527156591415405,1.0527156591415405
ETTh1,PatchTST,time_compress,5,7968,2167,0.49523961544036865,MSE,0.8226978182792664,1.7449818849563599,forecast,144.0,47,OT,False,,,9.708000183105469,8.773314476013184,8.773314476013184
ETTh1,PatchTST,time_compress,5,7968,2167,0.49523961544036865,MSE,0.8226978182792664,1.7449818849563599,forecast,145.0,48,HUFL,True,,,4.555000305175781,10.303235054016113,12.049744606018066
ETTh1,PatchTST,time_compress,5,7968,2167,0.49523961544036865,MSE,0.8226978182792664,1.7449818849563599,forecast,145.0,48,HULL,False,,,0.8040000200271606,0.8505743741989136,0.8505743741989136
ETTh1,PatchTST,time_compress,5,7968,2167,0.49523961544036865,MSE,0.8226978182792664,1.7449818849563599,forecast,145.0,48,MUFL,True,,,0.10699987411499023,7.136531829833984,8.985189437866211
ETTh1,PatchTST,time_compress,5,7968,2167,0.49523961544036865,MSE,0.8226978182792664,1.7449818849563599,forecast,145.0,48,MULL,False,,,-0.24900001287460327,-0.755738377571106,-0.755738377571106
ETTh1,PatchTST,time_compress,5,7968,2167,0.49523961544036865,MSE,0.8226978182792664,1.7449818849563599,forecast,145.0,48,LUFL,False,,,4.355999946594238,3.483779191970825,3.483779191970825
ETTh1,PatchTST,time_compress,5,7968,2167,0.49523961544036865,MSE,0.8226978182792664,1.7449818849563599,forecast,145.0,48,LULL,False,,,0.9440000057220459,1.1773500442504883,1.1773500442504883
ETTh1,PatchTST,time_compress,5,7968,2167,0.49523961544036865,MSE,0.8226978182792664,1.7449818849563599,forecast,145.0,48,OT,False,,,9.074999809265137,8.774677276611328,8.774677276611328
ETTh1,PatchTST,time_compress,5,7968,2167,0.49523961544036865,MSE,0.8226978182792664,1.7449818849563599,forecast,146.0,49,HUFL,True,,,4.2870001792907715,12.607378959655762,14.28268814086914
ETTh1,PatchTST,time_compress,5,7968,2167,0.49523961544036865,MSE,0.8226978182792664,1.7449818849563599,forecast,146.0,49,HULL,False,,,0.8040000200271606,1.787508487701416,1.787508487701416
ETTh1,PatchTST,time_compress,5,7968,2167,0.49523961544036865,MSE,0.8226978182792664,1.7449818849563599,forecast,146.0,49,MUFL,True,,,0.10699987411499023,8.580222129821777,10.82111930847168
ETTh1,PatchTST,time_compress,5,7968,2167,0.49523961544036865,MSE,0.8226978182792664,1.7449818849563599,forecast,146.0,49,MULL,False,,,-0.21299999952316284,-0.05526787042617798,-0.05526787042617798
ETTh1,PatchTST,time_compress,5,7968,2167,0.49523961544036865,MSE,0.8226978182792664,1.7449818849563599,forecast,146.0,49,LUFL,False,,,4.203000068664551,4.17143440246582,4.17143440246582
ETTh1,PatchTST,time_compress,5,7968,2167,0.49523961544036865,MSE,0.8226978182792664,1.7449818849563599,forecast,146.0,49,LULL,False,,,1.0049999952316284,1.2794479131698608,1.2794479131698608
ETTh1,PatchTST,time_compress,5,7968,2167,0.49523961544036865,MSE,0.8226978182792664,1.7449818849563599,forecast,146.0,49,OT,False,,,8.581999778747559,8.781930923461914,8.781930923461914
ETTh1,PatchTST,time_compress,5,7968,2167,0.49523961544036865,MSE,0.8226978182792664,1.7449818849563599,forecast,147.0,50,HUFL,True,,,4.2870001792907715,12.4268798828125,16.604782104492188
ETTh1,PatchTST,time_compress,5,7968,2167,0.49523961544036865,MSE,0.8226978182792664,1.7449818849563599,forecast,147.0,50,HULL,False,,,0.8040000200271606,2.1738169193267822,2.1738169193267822
ETTh1,PatchTST,time_compress,5,7968,2167,0.49523961544036865,MSE,0.8226978182792664,1.7449818849563599,forecast,147.0,50,MUFL,True,,,0.10699987411499023,8.399782180786133,13.022578239440918
ETTh1,PatchTST,time_compress,5,7968,2167,0.49523961544036865,MSE,0.8226978182792664,1.7449818849563599,forecast,147.0,50,MULL,False,,,-0.24900001287460327,0.32861682772636414,0.32861682772636414
ETTh1,PatchTST,time_compress,5,7968,2167,0.49523961544036865,MSE,0.8226978182792664,1.7449818849563599,forecast,147.0,50,LUFL,False,,,4.142000198364258,4.131392002105713,4.131392002105713
ETTh1,PatchTST,time_compress,5,7968,2167,0.49523961544036865,MSE,0.8226978182792664,1.7449818849563599,forecast,147.0,50,LULL,False,,,0.9750000238418579,1.276892900466919,1.276892900466919
ETTh1,PatchTST,time_compress,5,7968,2167,0.49523961544036865,MSE,0.8226978182792664,1.7449818849563599,forecast,147.0,50,OT,False,,,8.230999946594238,8.720674514770508,8.720674514770508
ETTh1,PatchTST,time_compress,5,7968,2167,0.49523961544036865,MSE,0.8226978182792664,1.7449818849563599,forecast,148.0,51,HUFL,True,,,4.21999979019165,12.489442825317383,17.607837677001953
ETTh1,PatchTST,time_compress,5,7968,2167,0.49523961544036865,MSE,0.8226978182792664,1.7449818849563599,forecast,148.0,51,HULL,False,,,0.7369999885559082,2.1072938442230225,2.1072938442230225
ETTh1,PatchTST,time_compress,5,7968,2167,0.49523961544036865,MSE,0.8226978182792664,1.7449818849563599,forecast,148.0,51,MUFL,True,,,0.10699987411499023,8.561849594116211,13.67719554901123
ETTh1,PatchTST,time_compress,5,7968,2167,0.49523961544036865,MSE,0.8226978182792664,1.7449818849563599,forecast,148.0,51,MULL,False,,,-0.24900001287460327,0.18956702947616577,0.18956702947616577
ETTh1,PatchTST,time_compress,5,7968,2167,0.49523961544036865,MSE,0.8226978182792664,1.7449818849563599,forecast,148.0,51,LUFL,False,,,4.081999778747559,4.065255641937256,4.065255641937256
ETTh1,PatchTST,time_compress,5,7968,2167,0.49523961544036865,MSE,0.8226978182792664,1.7449818849563599,forecast,148.0,51,LULL,False,,,0.8529999852180481,1.274758219718933,1.274758219718933
ETTh1,PatchTST,time_compress,5,7968,2167,0.49523961544036865,MSE,0.8226978182792664,1.7449818849563599,forecast,148.0,51,OT,False,,,8.15999984741211,8.655250549316406,8.655250549316406
ETTh1,PatchTST,time_compress,5,7968,2167,0.49523961544036865,MSE,0.8226978182792664,1.7449818849563599,forecast,149.0,52,HUFL,True,,,4.1529998779296875,11.952884674072266,16.371322631835938
ETTh1,PatchTST,time_compress,5,7968,2167,0.49523961544036865,MSE,0.8226978182792664,1.7449818849563599,forecast,149.0,52,HULL,False,,,0.7369999885559082,1.7818729877471924,1.7818729877471924
ETTh1,PatchTST,time_compress,5,7968,2167,0.49523961544036865,MSE,0.8226978182792664,1.7449818849563599,forecast,149.0,52,MUFL,True,,,0.10699987411499023,8.145816802978516,11.972139358520508
ETTh1,PatchTST,time_compress,5,7968,2167,0.49523961544036865,MSE,0.8226978182792664,1.7449818849563599,forecast,149.0,52,MULL,False,,,-0.24900001287460327,-0.11587756872177124,-0.11587756872177124
ETTh1,PatchTST,time_compress,5,7968,2167,0.49523961544036865,MSE,0.8226978182792664,1.7449818849563599,forecast,149.0,52,LUFL,False,,,4.051000118255615,4.1139326095581055,4.1139326095581055
ETTh1,PatchTST,time_compress,5,7968,2167,0.49523961544036865,MSE,0.8226978182792664,1.7449818849563599,forecast,149.0,52,LULL,False,,,0.9139999747276306,1.3296730518341064,1.3296730518341064
ETTh1,PatchTST,time_compress,5,7968,2167,0.49523961544036865,MSE,0.8226978182792664,1.7449818849563599,forecast,149.0,52,OT,False,,,7.809000015258789,8.65136432647705,8.65136432647705
ETTh1,PatchTST,time_compress,5,7968,2167,0.49523961544036865,MSE,0.8226978182792664,1.7449818849563599,forecast,150.0,53,HUFL,True,,,4.2870001792907715,12.79770278930664,14.815938949584961
ETTh1,PatchTST,time_compress,5,7968,2167,0.49523961544036865,MSE,0.8226978182792664,1.7449818849563599,forecast,150.0,53,HULL,False,,,0.7369999885559082,1.8431956768035889,1.8431956768035889
ETTh1,PatchTST,time_compress,5,7968,2167,0.49523961544036865,MSE,0.8226978182792664,1.7449818849563599,forecast,150.0,53,MUFL,True,,,0.10699987411499023,8.771263122558594,10.528759956359863
ETTh1,PatchTST,time_compress,5,7968,2167,0.49523961544036865,MSE,0.8226978182792664,1.7449818849563599,forecast,150.0,53,MULL,False,,,-0.21299999952316284,-0.0023605823516845703,-0.0023605823516845703
ETTh1,PatchTST,time_compress,5,7968,2167,0.49523961544036865,MSE,0.8226978182792664,1.7449818849563599,forecast,150.0,53,LUFL,False,,,4.142000198364258,4.195009708404541,4.195009708404541
ETTh1,PatchTST,time_compress,5,7968,2167,0.49523961544036865,MSE,0.8226978182792664,1.7449818849563599,forecast,150.0,53,LULL,False,,,0.8529999852180481,1.3517475128173828,1.3517475128173828
ETTh1,PatchTST,time_compress,5,7968,2167,0.49523961544036865,MSE,0.8226978182792664,1.7449818849563599,forecast,150.0,53,OT,False,,,7.175000190734863,8.608731269836426,8.608731269836426
ETTh1,PatchTST,time_compress,5,7968,2167,0.49523961544036865,MSE,0.8226978182792664,1.7449818849563599,forecast,151.0,54,HUFL,True,,,4.689000129699707,13.40988540649414,13.825178146362305
ETTh1,PatchTST,time_compress,5,7968,2167,0.49523961544036865,MSE,0.8226978182792664,1.7449818849563599,forecast,151.0,54,HULL,False,,,0.7369999885559082,2.0312559604644775,2.0312559604644775
ETTh1,PatchTST,time_compress,5,7968,2167,0.49523961544036865,MSE,0.8226978182792664,1.7449818849563599,forecast,151.0,54,MUFL,True,,,0.10699987411499023,9.232144355773926,9.674641609191895
ETTh1,PatchTST,time_compress,5,7968,2167,0.49523961544036865,MSE,0.8226978182792664,1.7449818849563599,forecast,151.0,54,MULL,False,,,-0.24900001287460327,0.18828970193862915,0.18828970193862915
ETTh1,PatchTST,time_compress,5,7968,2167,0.49523961544036865,MSE,0.8226978182792664,1.7449818849563599,forecast,151.0,54,LUFL,False,,,4.507999897003174,4.195259094238281,4.195259094238281
ETTh1,PatchTST,time_compress,5,7968,2167,0.49523961544036865,MSE,0.8226978182792664,1.7449818849563599,forecast,151.0,54,LULL,False,,,1.1269999742507935,1.3092215061187744,1.3092215061187744
ETTh1,PatchTST,time_compress,5,7968,2167,0.49523961544036865,MSE,0.8226978182792664,1.7449818849563599,forecast,151.0,54,OT,False,,,7.034999847412109,8.135231018066406,8.135231018066406
ETTh1,PatchTST,time_compress,5,7968,2167,0.49523961544036865,MSE,0.8226978182792664,1.7449818849563599,forecast,152.0,55,HUFL,True,,,4.75600004196167,12.806560516357422,13.874963760375977
ETTh1,PatchTST,time_compress,5,7968,2167,0.49523961544036865,MSE,0.8226978182792664,1.7449818849563599,forecast,152.0,55,HULL,False,,,1.0720000267028809,2.1867051124572754,2.1867051124572754
ETTh1,PatchTST,time_compress,5,7968,2167,0.49523961544036865,MSE,0.8226978182792664,1.7449818849563599,forecast,152.0,55,MUFL,True,,,-0.6750001907348633,8.663949012756348,9.608207702636719
ETTh1,PatchTST,time_compress,5,7968,2167,0.49523961544036865,MSE,0.8226978182792664,1.7449818849563599,forecast,152.0,55,MULL,False,,,-0.24900001287460327,0.2168099284172058,0.2168099284172058
ETTh1,PatchTST,time_compress,5,7968,2167,0.49523961544036865,MSE,0.8226978182792664,1.7449818849563599,forecast,152.0,55,LUFL,False,,,5.452000141143799,4.225531578063965,4.225531578063965
ETTh1,PatchTST,time_compress,5,7968,2167,0.49523961544036865,MSE,0.8226978182792664,1.7449818849563599,forecast,152.0,55,LULL,False,,,1.2489999532699585,1.2986459732055664,1.2986459732055664
ETTh1,PatchTST,time_compress,5,7968,2167,0.49523961544036865,MSE,0.8226978182792664,1.7449818849563599,forecast,152.0,55,OT,False,,,7.034999847412109,8.25652027130127,8.25652027130127
ETTh1,PatchTST,time_compress,5,7968,2167,0.49523961544036865,MSE,0.8226978182792664,1.7449818849563599,forecast,153.0,56,HUFL,True,,,-0.26800012588500977,11.540675163269043,12.754838943481445
ETTh1,PatchTST,time_compress,5,7968,2167,0.49523961544036865,MSE,0.8226978182792664,1.7449818849563599,forecast,153.0,56,HULL,False,,,0.7369999885559082,2.1998298168182373,2.1998298168182373
ETTh1,PatchTST,time_compress,5,7968,2167,0.49523961544036865,MSE,0.8226978182792664,1.7449818849563599,forecast,153.0,56,MUFL,True,,,-5.116999626159668,7.0734148025512695,8.36122989654541
ETTh1,PatchTST,time_compress,5,7968,2167,0.49523961544036865,MSE,0.8226978182792664,1.7449818849563599,forecast,153.0,56,MULL,False,,,-0.49699997901916504,0.1839594841003418,0.1839594841003418
ETTh1,PatchTST,time_compress,5,7968,2167,0.49523961544036865,MSE,0.8226978182792664,1.7449818849563599,forecast,153.0,56,LUFL,False,,,4.8429999351501465,4.378377437591553,4.378377437591553
ETTh1,PatchTST,time_compress,5,7968,2167,0.49523961544036865,MSE,0.8226978182792664,1.7449818849563599,forecast,153.0,56,LULL,False,,,1.218000054359436,1.4036495685577393,1.4036495685577393
ETTh1,PatchTST,time_compress,5,7968,2167,0.49523961544036865,MSE,0.8226978182792664,1.7449818849563599,forecast,153.0,56,OT,False,,,7.878999710083008,8.259034156799316,8.259034156799316
ETTh1,PatchTST,time_compress,5,7968,2167,0.49523961544036865,MSE,0.8226978182792664,1.7449818849563599,forecast,154.0,57,HUFL,True,,,-7.1670002937316895,7.111489295959473,11.47561264038086
ETTh1,PatchTST,time_compress,5,7968,2167,0.49523961544036865,MSE,0.8226978182792664,1.7449818849563599,forecast,154.0,57,HULL,False,,,1.2059999704360962,1.962932825088501,1.962932825088501
ETTh1,PatchTST,time_compress,5,7968,2167,0.49523961544036865,MSE,0.8226978182792664,1.7449818849563599,forecast,154.0,57,MUFL,True,,,-12.579001426696777,2.8204450607299805,7.268876075744629
ETTh1,PatchTST,time_compress,5,7968,2167,0.49523961544036865,MSE,0.8226978182792664,1.7449818849563599,forecast,154.0,57,MULL,False,,,-0.4259999990463257,0.01066213846206665,0.01066213846206665
ETTh1,PatchTST,time_compress,5,7968,2167,0.49523961544036865,MSE,0.8226978182792664,1.7449818849563599,forecast,154.0,57,LUFL,False,,,4.934000015258789,4.0004096031188965,4.0004096031188965
ETTh1,PatchTST,time_compress,5,7968,2167,0.49523961544036865,MSE,0.8226978182792664,1.7449818849563599,forecast,154.0,57,LULL,False,,,1.4620000123977661,1.4118633270263672,1.4118633270263672
ETTh1,PatchTST,time_compress,5,7968,2167,0.49523961544036865,MSE,0.8226978182792664,1.7449818849563599,forecast,154.0,57,OT,False,,,8.230999946594238,8.132225036621094,8.132225036621094
ETTh1,PatchTST,time_compress,5,7968,2167,0.49523961544036865,MSE,0.8226978182792664,1.7449818849563599,forecast,155.0,58,HUFL,True,,,-15.739999771118164,2.478877544403076,9.41992473602295
ETTh1,PatchTST,time_compress,5,7968,2167,0.49523961544036865,MSE,0.8226978182792664,1.7449818849563599,forecast,155.0,58,HULL,False,,,1.7410000562667847,1.4944965839385986,1.4944965839385986
ETTh1,PatchTST,time_compress,5,7968,2167,0.49523961544036865,MSE,0.8226978182792664,1.7449818849563599,forecast,155.0,58,MUFL,True,,,-18.08700180053711,-1.42771577835083,5.64790153503418
ETTh1,PatchTST,time_compress,5,7968,2167,0.49523961544036865,MSE,0.8226978182792664,1.7449818849563599,forecast,155.0,58,MULL,False,,,-0.10699999332427979,-0.3459792137145996,-0.3459792137145996
ETTh1,PatchTST,time_compress,5,7968,2167,0.49523961544036865,MSE,0.8226978182792664,1.7449818849563599,forecast,155.0,58,LUFL,False,,,2.3450000286102295,3.5909180641174316,3.5909180641174316
ETTh1,PatchTST,time_compress,5,7968,2167,0.49523961544036865,MSE,0.8226978182792664,1.7449818849563599,forecast,155.0,58,LULL,False,,,1.1269999742507935,1.3977913856506348,1.3977913856506348
ETTh1,PatchTST,time_compress,5,7968,2167,0.49523961544036865,MSE,0.8226978182792664,1.7449818849563599,forecast,155.0,58,OT,False,,,8.230999946594238,7.74123477935791,7.74123477935791
ETTh1,PatchTST,time_compress,5,7968,2167,0.49523961544036865,MSE,0.8226978182792664,1.7449818849563599,forecast,156.0,59,HUFL,True,,,-19.28999900817871,-0.5615954399108887,10.259357452392578
ETTh1,PatchTST,time_compress,5,7968,2167,0.49523961544036865,MSE,0.8226978182792664,1.7449818849563599,forecast,156.0,59,HULL,False,,,2.3440001010894775,1.2440251111984253,1.2440251111984253
ETTh1,PatchTST,time_compress,5,7968,2167,0.49523961544036865,MSE,0.8226978182792664,1.7449818849563599,forecast,156.0,59,MUFL,True,,,-22.28000259399414,-4.403487205505371,6.323226451873779
ETTh1,PatchTST,time_compress,5,7968,2167,0.49523961544036865,MSE,0.8226978182792664,1.7449818849563599,forecast,156.0,59,MULL,False,,,0.3199999928474426,-0.5002670288085938,-0.5002670288085938
ETTh1,PatchTST,time_compress,5,7968,2167,0.49523961544036865,MSE,0.8226978182792664,1.7449818849563599,forecast,156.0,59,LUFL,False,,,2.9240000247955322,3.519289970397949,3.519289970397949
ETTh1,PatchTST,time_compress,5,7968,2167,0.49523961544036865,MSE,0.8226978182792664,1.7449818849563599,forecast,156.0,59,LULL,False,,,1.097000002861023,1.3771469593048096,1.3771469593048096
ETTh1,PatchTST,time_compress,5,7968,2167,0.49523961544036865,MSE,0.8226978182792664,1.7449818849563599,forecast,156.0,59,OT,False,,,8.581999778747559,8.134801864624023,8.134801864624023
ETTh1,PatchTST,time_compress,5,7968,2167,0.49523961544036865,MSE,0.8226978182792664,1.7449818849563599,forecast,157.0,60,HUFL,True,,,-21.635000228881836,-4.2341532707214355,9.396120071411133
ETTh1,PatchTST,time_compress,5,7968,2167,0.49523961544036865,MSE,0.8226978182792664,1.7449818849563599,forecast,157.0,60,HULL,False,,,2.5450000762939453,1.0687114000320435,1.0687114000320435
ETTh1,PatchTST,time_compress,5,7968,2167,0.49523961544036865,MSE,0.8226978182792664,1.7449818849563599,forecast,157.0,60,MUFL,True,,,-24.55500030517578,-7.776457786560059,5.689796447753906
ETTh1,PatchTST,time_compress,5,7968,2167,0.49523961544036865,MSE,0.8226978182792664,1.7449818849563599,forecast,157.0,60,MULL,False,,,0.6399999856948853,-0.5691319704055786,-0.5691319704055786
ETTh1,PatchTST,time_compress,5,7968,2167,0.49523961544036865,MSE,0.8226978182792664,1.7449818849563599,forecast,157.0,60,LUFL,False,,,2.7109999656677246,3.1330137252807617,3.1330137252807617
ETTh1,PatchTST,time_compress,5,7968,2167,0.49523961544036865,MSE,0.8226978182792664,1.7449818849563599,forecast,157.0,60,LULL,False,,,0.7009999752044678,1.2840811014175415,1.2840811014175415
ETTh1,PatchTST,time_compress,5,7968,2167,0.49523961544036865,MSE,0.8226978182792664,1.7449818849563599,forecast,157.0,60,OT,False,,,9.074999809265137,8.56200122833252,8.56200122833252
ETTh1,PatchTST,time_compress,5,7968,2167,0.49523961544036865,MSE,0.8226978182792664,1.7449818849563599,forecast,158.0,61,HUFL,True,,,-22.70599937438965,-7.240655422210693,7.592250347137451
ETTh1,PatchTST,time_compress,5,7968,2167,0.49523961544036865,MSE,0.8226978182792664,1.7449818849563599,forecast,158.0,61,HULL,False,,,2.5450000762939453,0.7336821556091309,0.7336821556091309
ETTh1,PatchTST,time_compress,5,7968,2167,0.49523961544036865,MSE,0.8226978182792664,1.7449818849563599,forecast,158.0,61,MUFL,True,,,-25.088001251220703,-10.183077812194824,4.4932355880737305
ETTh1,PatchTST,time_compress,5,7968,2167,0.49523961544036865,MSE,0.8226978182792664,1.7449818849563599,forecast,158.0,61,MULL,False,,,0.7820000052452087,-0.8801350593566895,-0.8801350593566895
ETTh1,PatchTST,time_compress,5,7968,2167,0.49523961544036865,MSE,0.8226978182792664,1.7449818849563599,forecast,158.0,61,LUFL,False,,,2.131999969482422,2.5650594234466553,2.5650594234466553
ETTh1,PatchTST,time_compress,5,7968,2167,0.49523961544036865,MSE,0.8226978182792664,1.7449818849563599,forecast,158.0,61,LULL,False,,,0.8220000267028809,1.1464546918869019,1.1464546918869019
ETTh1,PatchTST,time_compress,5,7968,2167,0.49523961544036865,MSE,0.8226978182792664,1.7449818849563599,forecast,158.0,61,OT,False,,,9.567000389099121,8.735211372375488,8.735211372375488
ETTh1,PatchTST,time_compress,5,7968,2167,0.49523961544036865,MSE,0.8226978182792664,1.7449818849563599,forecast,159.0,62,HUFL,True,,,-22.437999725341797,-7.22698450088501,8.053682327270508
ETTh1,PatchTST,time_compress,5,7968,2167,0.49523961544036865,MSE,0.8226978182792664,1.7449818849563599,forecast,159.0,62,HULL,False,,,2.2769999504089355,0.8044952154159546,0.8044952154159546
ETTh1,PatchTST,time_compress,5,7968,2167,0.49523961544036865,MSE,0.8226978182792664,1.7449818849563599,forecast,159.0,62,MUFL,True,,,-24.803001403808594,-10.035369873046875,5.050302028656006
ETTh1,PatchTST,time_compress,5,7968,2167,0.49523961544036865,MSE,0.8226978182792664,1.7449818849563599,forecast,159.0,62,MULL,False,,,0.675000011920929,-0.893143892288208,-0.893143892288208
ETTh1,PatchTST,time_compress,5,7968,2167,0.49523961544036865,MSE,0.8226978182792664,1.7449818849563599,forecast,159.0,62,LUFL,False,,,2.131999969482422,2.4218220710754395,2.4218220710754395
ETTh1,PatchTST,time_compress,5,7968,2167,0.49523961544036865,MSE,0.8226978182792664,1.7449818849563599,forecast,159.0,62,LULL,False,,,0.9139999747276306,1.133926510810852,1.133926510810852
ETTh1,PatchTST,time_compress,5,7968,2167,0.49523961544036865,MSE,0.8226978182792664,1.7449818849563599,forecast,159.0,62,OT,False,,,10.340999603271484,9.210661888122559,9.210661888122559
ETTh1,PatchTST,time_compress,5,7968,2167,0.49523961544036865,MSE,0.8226978182792664,1.7449818849563599,forecast,160.0,63,HUFL,True,,,-20.36199951171875,-3.718294620513916,11.075957298278809
ETTh1,PatchTST,time_compress,5,7968,2167,0.49523961544036865,MSE,0.8226978182792664,1.7449818849563599,forecast,160.0,63,HULL,False,,,1.9420000314712524,0.9582693576812744,0.9582693576812744
ETTh1,PatchTST,time_compress,5,7968,2167,0.49523961544036865,MSE,0.8226978182792664,1.7449818849563599,forecast,160.0,63,MUFL,True,,,-22.884998321533203,-6.7853240966796875,7.731822967529297
ETTh1,PatchTST,time_compress,5,7968,2167,0.49523961544036865,MSE,0.8226978182792664,1.7449818849563599,forecast,160.0,63,MULL,False,,,0.4620000123977661,-0.6997848749160767,-0.6997848749160767
ETTh1,PatchTST,time_compress,5,7968,2167,0.49523961544036865,MSE,0.8226978182792664,1.7449818849563599,forecast,160.0,63,LUFL,False,,,2.253999948501587,2.6277451515197754,2.6277451515197754
ETTh1,PatchTST,time_compress,5,7968,2167,0.49523961544036865,MSE,0.8226978182792664,1.7449818849563599,forecast,160.0,63,LULL,False,,,0.9440000057220459,1.1909037828445435,1.1909037828445435
ETTh1,PatchTST,time_compress,5,7968,2167,0.49523961544036865,MSE,0.8226978182792664,1.7449818849563599,forecast,160.0,63,OT,False,,,11.607000350952148,9.796802520751953,9.796802520751953
ETTh1,PatchTST,time_compress,5,7968,2167,0.49523961544036865,MSE,0.8226978182792664,1.7449818849563599,forecast,161.0,64,HUFL,True,,,-16.476999282836914,-1.7010407447814941,11.385178565979004
ETTh1,PatchTST,time_compress,5,7968,2167,0.49523961544036865,MSE,0.8226978182792664,1.7449818849563599,forecast,161.0,64,HULL,False,,,1.5410000085830688,0.5433188676834106,0.5433188676834106
ETTh1,PatchTST,time_compress,5,7968,2167,0.49523961544036865,MSE,0.8226978182792664,1.7449818849563599,forecast,161.0,64,MUFL,True,,,-18.939998626708984,-4.589766502380371,7.9822587966918945
ETTh1,PatchTST,time_compress,5,7968,2167,0.49523961544036865,MSE,0.8226978182792664,1.7449818849563599,forecast,161.0,64,MULL,False,,,-0.03600001335144043,-1.0311247110366821,-1.0311247110366821
ETTh1,PatchTST,time_compress,5,7968,2167,0.49523961544036865,MSE,0.8226978182792664,1.7449818849563599,forecast,161.0,64,LUFL,False,,,2.253999948501587,2.6165857315063477,2.6165857315063477
ETTh1,PatchTST,time_compress,5,7968,2167,0.49523961544036865,MSE,0.8226978182792664,1.7449818849563599,forecast,161.0,64,LULL,False,,,1.340000033378601,1.1793642044067383,1.1793642044067383
ETTh1,PatchTST,time_compress,5,7968,2167,0.49523961544036865,MSE,0.8226978182792664,1.7449818849563599,forecast,161.0,64,OT,False,,,12.380999565124512,10.248355865478516,10.248355865478516
ETTh1,PatchTST,time_compress,5,7968,2167,0.49523961544036865,MSE,0.8226978182792664,1.7449818849563599,forecast,162.0,65,HUFL,True,,,-10.917999267578125,0.8102293014526367,11.613304138183594
ETTh1,PatchTST,time_compress,5,7968,2167,0.49523961544036865,MSE,0.8226978182792664,1.7449818849563599,forecast,162.0,65,HULL,False,,,1.1390000581741333,0.08367574214935303,0.08367574214935303
ETTh1,PatchTST,time_compress,5,7968,2167,0.49523961544036865,MSE,0.8226978182792664,1.7449818849563599,forecast,162.0,65,MUFL,True,,,-13.539000511169434,-2.102419376373291,7.747891426086426
ETTh1,PatchTST,time_compress,5,7968,2167,0.49523961544036865,MSE,0.8226978182792664,1.7449818849563599,forecast,162.0,65,MULL,False,,,-0.39100003242492676,-1.5116922855377197,-1.5116922855377197
ETTh1,PatchTST,time_compress,5,7968,2167,0.49523961544036865,MSE,0.8226978182792664,1.7449818849563599,forecast,162.0,65,LUFL,False,,,2.3450000286102295,2.824751138687134,2.824751138687134
ETTh1,PatchTST,time_compress,5,7968,2167,0.49523961544036865,MSE,0.8226978182792664,1.7449818849563599,forecast,162.0,65,LULL,False,,,1.218000054359436,1.2251490354537964,1.2251490354537964
ETTh1,PatchTST,time_compress,5,7968,2167,0.49523961544036865,MSE,0.8226978182792664,1.7449818849563599,forecast,162.0,65,OT,False,,,12.661999702453613,10.187808990478516,10.187808990478516
ETTh1,PatchTST,time_compress,5,7968,2167,0.49523961544036865,MSE,0.8226978182792664,1.7449818849563599,forecast,163.0,66,HUFL,True,,,-3.8849997520446777,3.624459743499756,11.852970123291016
ETTh1,PatchTST,time_compress,5,7968,2167,0.49523961544036865,MSE,0.8226978182792664,1.7449818849563599,forecast,163.0,66,HULL,False,,,0.7369999885559082,-0.17995214462280273,-0.17995214462280273
ETTh1,PatchTST,time_compress,5,7968,2167,0.49523961544036865,MSE,0.8226978182792664,1.7449818849563599,forecast,163.0,66,MUFL,True,,,-6.928999900817871,0.16173267364501953,7.620006084442139
ETTh1,PatchTST,time_compress,5,7968,2167,0.49523961544036865,MSE,0.8226978182792664,1.7449818849563599,forecast,163.0,66,MULL,False,,,-0.5329999923706055,-1.7741503715515137,-1.7741503715515137
ETTh1,PatchTST,time_compress,5,7968,2167,0.49523961544036865,MSE,0.8226978182792664,1.7449818849563599,forecast,163.0,66,LUFL,False,,,2.8940000534057617,3.2566778659820557,3.2566778659820557
ETTh1,PatchTST,time_compress,5,7968,2167,0.49523961544036865,MSE,0.8226978182792664,1.7449818849563599,forecast,163.0,66,LULL,False,,,1.065999984741211,1.2665585279464722,1.2665585279464722
ETTh1,PatchTST,time_compress,5,7968,2167,0.49523961544036865,MSE,0.8226978182792664,1.7449818849563599,forecast,163.0,66,OT,False,,,12.87399959564209,10.143062591552734,10.143062591552734
ETTh1,PatchTST,time_compress,5,7968,2167,0.49523961544036865,MSE,0.8226978182792664,1.7449818849563599,forecast,164.0,67,HUFL,True,,,1.3400001525878906,5.676277160644531,9.907703399658203
ETTh1,PatchTST,time_compress,5,7968,2167,0.49523961544036865,MSE,0.8226978182792664,1.7449818849563599,forecast,164.0,67,HULL,False,,,0.6700000762939453,-0.5154807567596436,-0.5154807567596436
ETTh1,PatchTST,time_compress,5,7968,2167,0.49523961544036865,MSE,0.8226978182792664,1.7449818849563599,forecast,164.0,67,MUFL,True,,,-1.4569997787475586,2.245469808578491,5.9546403884887695
ETTh1,PatchTST,time_compress,5,7968,2167,0.49523961544036865,MSE,0.8226978182792664,1.7449818849563599,forecast,164.0,67,MULL,False,,,-0.4259999990463257,-2.066556930541992,-2.066556930541992
ETTh1,PatchTST,time_compress,5,7968,2167,0.49523961544036865,MSE,0.8226978182792664,1.7449818849563599,forecast,164.0,67,LUFL,False,,,2.8329999446868896,3.2602438926696777,3.2602438926696777
ETTh1,PatchTST,time_compress,5,7968,2167,0.49523961544036865,MSE,0.8226978182792664,1.7449818849563599,forecast,164.0,67,LULL,False,,,1.065999984741211,1.1839454174041748,1.1839454174041748
ETTh1,PatchTST,time_compress,5,7968,2167,0.49523961544036865,MSE,0.8226978182792664,1.7449818849563599,forecast,164.0,67,OT,False,,,12.239999771118164,9.934226989746094,9.934226989746094
ETTh1,PatchTST,time_compress,5,7968,2167,0.49523961544036865,MSE,0.8226978182792664,1.7449818849563599,forecast,165.0,68,HUFL,True,,,2.813000202178955,6.784208297729492,6.875492572784424
ETTh1,PatchTST,time_compress,5,7968,2167,0.49523961544036865,MSE,0.8226978182792664,1.7449818849563599,forecast,165.0,68,HULL,False,,,0.5360000133514404,-0.7066726684570312,-0.7066726684570312
ETTh1,PatchTST,time_compress,5,7968,2167,0.49523961544036865,MSE,0.8226978182792664,1.7449818849563599,forecast,165.0,68,MUFL,True,,,0.17799997329711914,3.548834800720215,3.4736876487731934
ETTh1,PatchTST,time_compress,5,7968,2167,0.49523961544036865,MSE,0.8226978182792664,1.7449818849563599,forecast,165.0,68,MULL,False,,,-0.31999993324279785,-2.145451068878174,-2.145451068878174
ETTh1,PatchTST,time_compress,5,7968,2167,0.49523961544036865,MSE,0.8226978182792664,1.7449818849563599,forecast,165.0,68,LUFL,False,,,2.5280001163482666,3.0157253742218018,3.0157253742218018
ETTh1,PatchTST,time_compress,5,7968,2167,0.49523961544036865,MSE,0.8226978182792664,1.7449818849563599,forecast,165.0,68,LULL,False,,,0.7310000061988831,1.032167673110962,1.032167673110962
ETTh1,PatchTST,time_compress,5,7968,2167,0.49523961544036865,MSE,0.8226978182792664,1.7449818849563599,forecast,165.0,68,OT,False,,,11.607000350952148,9.589183807373047,9.589183807373047
ETTh1,PatchTST,time_compress,5,7968,2167,0.49523961544036865,MSE,0.8226978182792664,1.7449818849563599,forecast,166.0,69,HUFL,True,,,4.75600004196167,7.0317840576171875,6.383594989776611
ETTh1,PatchTST,time_compress,5,7968,2167,0.49523961544036865,MSE,0.8226978182792664,1.7449818849563599,forecast,166.0,69,HULL,False,,,1.3399999141693115,-0.6054859161376953,-0.6054859161376953
ETTh1,PatchTST,time_compress,5,7968,2167,0.49523961544036865,MSE,0.8226978182792664,1.7449818849563599,forecast,166.0,69,MUFL,True,,,1.9539999961853027,4.006860256195068,3.092759847640991
ETTh1,PatchTST,time_compress,5,7968,2167,0.49523961544036865,MSE,0.8226978182792664,1.7449818849563599,forecast,166.0,69,MULL,False,,,0.3199999928474426,-2.069490671157837,-2.069490671157837
ETTh1,PatchTST,time_compress,5,7968,2167,0.49523961544036865,MSE,0.8226978182792664,1.7449818849563599,forecast,166.0,69,LUFL,False,,,2.740999937057495,2.9346766471862793,2.9346766471862793
ETTh1,PatchTST,time_compress,5,7968,2167,0.49523961544036865,MSE,0.8226978182792664,1.7449818849563599,forecast,166.0,69,LULL,False,,,0.7310000061988831,1.0033924579620361,1.0033924579620361
ETTh1,PatchTST,time_compress,5,7968,2167,0.49523961544036865,MSE,0.8226978182792664,1.7449818849563599,forecast,166.0,69,OT,False,,,10.762999534606934,9.196846008300781,9.196846008300781
ETTh1,PatchTST,time_compress,5,7968,2167,0.49523961544036865,MSE,0.8226978182792664,1.7449818849563599,forecast,167.0,70,HUFL,True,,,4.354000091552734,8.04041576385498,9.446696281433105
ETTh1,PatchTST,time_compress,5,7968,2167,0.49523961544036865,MSE,0.8226978182792664,1.7449818849563599,forecast,167.0,70,HULL,False,,,1.2059999704360962,-0.4379854202270508,-0.4379854202270508
ETTh1,PatchTST,time_compress,5,7968,2167,0.49523961544036865,MSE,0.8226978182792664,1.7449818849563599,forecast,167.0,70,MUFL,True,,,1.7409999370574951,5.314059734344482,6.175573348999023
ETTh1,PatchTST,time_compress,5,7968,2167,0.49523961544036865,MSE,0.8226978182792664,1.7449818849563599,forecast,167.0,70,MULL,False,,,0.24900001287460327,-1.7872529029846191,-1.7872529029846191
ETTh1,PatchTST,time_compress,5,7968,2167,0.49523961544036865,MSE,0.8226978182792664,1.7449818849563599,forecast,167.0,70,LUFL,False,,,2.6500000953674316,2.7935121059417725,2.7935121059417725
ETTh1,PatchTST,time_compress,5,7968,2167,0.49523961544036865,MSE,0.8226978182792664,1.7449818849563599,forecast,167.0,70,LULL,False,,,0.7310000061988831,1.020906925201416,1.020906925201416
ETTh1,PatchTST,time_compress,5,7968,2167,0.49523961544036865,MSE,0.8226978182792664,1.7449818849563599,forecast,167.0,70,OT,False,,,9.708000183105469,9.133171081542969,9.133171081542969
ETTh1,PatchTST,time_compress,5,7968,2167,0.49523961544036865,MSE,0.8226978182792664,1.7449818849563599,forecast,168.0,71,HUFL,True,,,6.1620001792907715,8.971443176269531,11.168349266052246
ETTh1,PatchTST,time_compress,5,7968,2167,0.49523961544036865,MSE,0.8226978182792664,1.7449818849563599,forecast,168.0,71,HULL,False,,,2.746000051498413,0.23753511905670166,0.23753511905670166
ETTh1,PatchTST,time_compress,5,7968,2167,0.49523961544036865,MSE,0.8226978182792664,1.7449818849563599,forecast,168.0,71,MUFL,True,,,1.5279998779296875,6.314184188842773,8.021217346191406
ETTh1,PatchTST,time_compress,5,7968,2167,0.49523961544036865,MSE,0.8226978182792664,1.7449818849563599,forecast,168.0,71,MULL,False,,,0.17799997329711914,-1.1527531147003174,-1.1527531147003174
ETTh1,PatchTST,time_compress,5,7968,2167,0.49523961544036865,MSE,0.8226978182792664,1.7449818849563599,forecast,168.0,71,LUFL,False,,,5.452000141143799,2.857837200164795,2.857837200164795
ETTh1,PatchTST,time_compress,5,7968,2167,0.49523961544036865,MSE,0.8226978182792664,1.7449818849563599,forecast,168.0,71,LULL,False,,,0.5789999961853027,1.049440860748291,1.049440860748291
ETTh1,PatchTST,time_compress,5,7968,2167,0.49523961544036865,MSE,0.8226978182792664,1.7449818849563599,forecast,168.0,71,OT,False,,,9.425999641418457,9.276885032653809,9.276885032653809
ETTh1,PatchTST,time_compress,5,7968,2167,0.49523961544036865,MSE,0.8226978182792664,1.7449818849563599,forecast,169.0,72,HUFL,True,,,6.63100004196167,10.816360473632812,12.72280502319336
ETTh1,PatchTST,time_compress,5,7968,2167,0.49523961544036865,MSE,0.8226978182792664,1.7449818849563599,forecast,169.0,72,HULL,False,,,1.8079999685287476,1.139639139175415,1.139639139175415
ETTh1,PatchTST,time_compress,5,7968,2167,0.49523961544036865,MSE,0.8226978182792664,1.7449818849563599,forecast,169.0,72,MUFL,True,,,2.1679999828338623,7.633913040161133,9.574878692626953
ETTh1,PatchTST,time_compress,5,7968,2167,0.49523961544036865,MSE,0.8226978182792664,1.7449818849563599,forecast,169.0,72,MULL,False,,,0.5329999923706055,-0.5041391849517822,-0.5041391849517822
ETTh1,PatchTST,time_compress,5,7968,2167,0.49523961544036865,MSE,0.8226978182792664,1.7449818849563599,forecast,169.0,72,LUFL,False,,,4.4770002365112305,3.4613864421844482,3.4613864421844482
ETTh1,PatchTST,time_compress,5,7968,2167,0.49523961544036865,MSE,0.8226978182792664,1.7449818849563599,forecast,169.0,72,LULL,False,,,1.097000002861023,1.1590898036956787,1.1590898036956787
ETTh1,PatchTST,time_compress,5,7968,2167,0.49523961544036865,MSE,0.8226978182792664,1.7449818849563599,forecast,169.0,72,OT,False,,,8.722999572753906,9.119779586791992,9.119779586791992
ETTh1,PatchTST,time_compress,5,7968,2167,0.49523961544036865,MSE,0.8226978182792664,1.7449818849563599,forecast,170.0,73,HUFL,True,,,6.0279998779296875,13.361894607543945,15.055551528930664
ETTh1,PatchTST,time_compress,5,7968,2167,0.49523961544036865,MSE,0.8226978182792664,1.7449818849563599,forecast,170.0,73,HULL,False,,,1.6740000247955322,2.00882625579834,2.00882625579834
ETTh1,PatchTST,time_compress,5,7968,2167,0.49523961544036865,MSE,0.8226978182792664,1.7449818849563599,forecast,170.0,73,MUFL,True,,,1.7769999504089355,9.226593971252441,11.591718673706055
ETTh1,PatchTST,time_compress,5,7968,2167,0.49523961544036865,MSE,0.8226978182792664,1.7449818849563599,forecast,170.0,73,MULL,False,,,0.5329999923706055,0.12732064723968506,0.12732064723968506
ETTh1,PatchTST,time_compress,5,7968,2167,0.49523961544036865,MSE,0.8226978182792664,1.7449818849563599,forecast,170.0,73,LUFL,False,,,4.203000068664551,4.22446346282959,4.22446346282959
ETTh1,PatchTST,time_compress,5,7968,2167,0.49523961544036865,MSE,0.8226978182792664,1.7449818849563599,forecast,170.0,73,LULL,False,,,0.9440000057220459,1.2563740015029907,1.2563740015029907
ETTh1,PatchTST,time_compress,5,7968,2167,0.49523961544036865,MSE,0.8226978182792664,1.7449818849563599,forecast,170.0,73,OT,False,,,7.948999404907227,9.056268692016602,9.056268692016602
ETTh1,PatchTST,time_compress,5,7968,2167,0.49523961544036865,MSE,0.8226978182792664,1.7449818849563599,forecast,171.0,74,HUFL,True,,,5.827000141143799,14.47551441192627,17.592832565307617
ETTh1,PatchTST,time_compress,5,7968,2167,0.49523961544036865,MSE,0.8226978182792664,1.7449818849563599,forecast,171.0,74,HULL,False,,,1.8079999685287476,2.444357395172119,2.444357395172119
ETTh1,PatchTST,time_compress,5,7968,2167,0.49523961544036865,MSE,0.8226978182792664,1.7449818849563599,forecast,171.0,74,MUFL,True,,,1.6700000762939453,10.259764671325684,13.723512649536133
ETTh1,PatchTST,time_compress,5,7968,2167,0.49523961544036865,MSE,0.8226978182792664,1.7449818849563599,forecast,171.0,74,MULL,False,,,0.6039999723434448,0.5738478899002075,0.5738478899002075
ETTh1,PatchTST,time_compress,5,7968,2167,0.49523961544036865,MSE,0.8226978182792664,1.7449818849563599,forecast,171.0,74,LUFL,False,,,4.203000068664551,4.292107582092285,4.292107582092285
ETTh1,PatchTST,time_compress,5,7968,2167,0.49523961544036865,MSE,0.8226978182792664,1.7449818849563599,forecast,171.0,74,LULL,False,,,0.9440000057220459,1.2767889499664307,1.2767889499664307
ETTh1,PatchTST,time_compress,5,7968,2167,0.49523961544036865,MSE,0.8226978182792664,1.7449818849563599,forecast,171.0,74,OT,False,,,7.668000221252441,9.121597290039062,9.121597290039062
ETTh1,PatchTST,time_compress,5,7968,2167,0.49523961544036865,MSE,0.8226978182792664,1.7449818849563599,forecast,172.0,75,HUFL,True,,,6.09499979019165,13.683097839355469,17.87921714782715
ETTh1,PatchTST,time_compress,5,7968,2167,0.49523961544036865,MSE,0.8226978182792664,1.7449818849563599,forecast,172.0,75,HULL,False,,,1.6740000247955322,2.3842616081237793,2.3842616081237793
ETTh1,PatchTST,time_compress,5,7968,2167,0.49523961544036865,MSE,0.8226978182792664,1.7449818849563599,forecast,172.0,75,MUFL,True,,,1.9900000095367432,9.749406814575195,13.810001373291016
ETTh1,PatchTST,time_compress,5,7968,2167,0.49523961544036865,MSE,0.8226978182792664,1.7449818849563599,forecast,172.0,75,MULL,False,,,0.4970000088214874,0.45263224840164185,0.45263224840164185
ETTh1,PatchTST,time_compress,5,7968,2167,0.49523961544036865,MSE,0.8226978182792664,1.7449818849563599,forecast,172.0,75,LUFL,False,,,4.142000198364258,4.14400577545166,4.14400577545166
ETTh1,PatchTST,time_compress,5,7968,2167,0.49523961544036865,MSE,0.8226978182792664,1.7449818849563599,forecast,172.0,75,LULL,False,,,0.9139999747276306,1.2526527643203735,1.2526527643203735
ETTh1,PatchTST,time_compress,5,7968,2167,0.49523961544036865,MSE,0.8226978182792664,1.7449818849563599,forecast,172.0,75,OT,False,,,7.315999984741211,9.009845733642578,9.009845733642578
ETTh1,PatchTST,time_compress,5,7968,2167,0.49523961544036865,MSE,0.8226978182792664,1.7449818849563599,forecast,173.0,76,HUFL,True,,,6.296000003814697,13.557409286499023,17.6315860748291
ETTh1,PatchTST,time_compress,5,7968,2167,0.49523961544036865,MSE,0.8226978182792664,1.7449818849563599,forecast,173.0,76,HULL,False,,,1.6740000247955322,1.983331322669983,1.983331322669983
ETTh1,PatchTST,time_compress,5,7968,2167,0.49523961544036865,MSE,0.8226978182792664,1.7449818849563599,forecast,173.0,76,MUFL,True,,,2.0250000953674316,9.596160888671875,13.200165748596191
ETTh1,PatchTST,time_compress,5,7968,2167,0.49523961544036865,MSE,0.8226978182792664,1.7449818849563599,forecast,173.0,76,MULL,False,,,0.4970000088214874,0.10119789838790894,0.10119789838790894
ETTh1,PatchTST,time_compress,5,7968,2167,0.49523961544036865,MSE,0.8226978182792664,1.7449818849563599,forecast,173.0,76,LUFL,False,,,4.234000205993652,4.173663139343262,4.173663139343262
ETTh1,PatchTST,time_compress,5,7968,2167,0.49523961544036865,MSE,0.8226978182792664,1.7449818849563599,forecast,173.0,76,LULL,False,,,1.065999984741211,1.2903435230255127,1.2903435230255127
ETTh1,PatchTST,time_compress,5,7968,2167,0.49523961544036865,MSE,0.8226978182792664,1.7449818849563599,forecast,173.0,76,OT,False,,,6.753000259399414,9.112993240356445,9.112993240356445
ETTh1,PatchTST,time_compress,5,7968,2167,0.49523961544036865,MSE,0.8226978182792664,1.7449818849563599,forecast,174.0,77,HUFL,True,,,6.497000217437744,14.215179443359375,16.432443618774414
ETTh1,PatchTST,time_compress,5,7968,2167,0.49523961544036865,MSE,0.8226978182792664,1.7449818849563599,forecast,174.0,77,HULL,False,,,1.875,2.137334108352661,2.137334108352661
ETTh1,PatchTST,time_compress,5,7968,2167,0.49523961544036865,MSE,0.8226978182792664,1.7449818849563599,forecast,174.0,77,MUFL,True,,,2.0250000953674316,10.029801368713379,11.925918579101562
ETTh1,PatchTST,time_compress,5,7968,2167,0.49523961544036865,MSE,0.8226978182792664,1.7449818849563599,forecast,174.0,77,MULL,False,,,0.4620000123977661,0.2685360014438629,0.2685360014438629
ETTh1,PatchTST,time_compress,5,7968,2167,0.49523961544036865,MSE,0.8226978182792664,1.7449818849563599,forecast,174.0,77,LUFL,False,,,4.4770002365112305,4.30401611328125,4.30401611328125
ETTh1,PatchTST,time_compress,5,7968,2167,0.49523961544036865,MSE,0.8226978182792664,1.7449818849563599,forecast,174.0,77,LULL,False,,,1.156999945640564,1.3534698486328125,1.3534698486328125
ETTh1,PatchTST,time_compress,5,7968,2167,0.49523961544036865,MSE,0.8226978182792664,1.7449818849563599,forecast,174.0,77,OT,False,,,6.330999374389648,8.989346504211426,8.989346504211426
ETTh1,PatchTST,time_compress,5,7968,2167,0.49523961544036865,MSE,0.8226978182792664,1.7449818849563599,forecast,175.0,78,HUFL,True,,,7.434999942779541,14.237354278564453,14.54244327545166
ETTh1,PatchTST,time_compress,5,7968,2167,0.49523961544036865,MSE,0.8226978182792664,1.7449818849563599,forecast,175.0,78,HULL,False,,,1.9420000314712524,2.188523769378662,2.188523769378662
ETTh1,PatchTST,time_compress,5,7968,2167,0.49523961544036865,MSE,0.8226978182792664,1.7449818849563599,forecast,175.0,78,MUFL,True,,,2.3450000286102295,10.087345123291016,10.194453239440918
ETTh1,PatchTST,time_compress,5,7968,2167,0.49523961544036865,MSE,0.8226978182792664,1.7449818849563599,forecast,175.0,78,MULL,False,,,0.5329999923706055,0.3262085020542145,0.3262085020542145
ETTh1,PatchTST,time_compress,5,7968,2167,0.49523961544036865,MSE,0.8226978182792664,1.7449818849563599,forecast,175.0,78,LUFL,False,,,5.056000232696533,4.142459392547607,4.142459392547607
ETTh1,PatchTST,time_compress,5,7968,2167,0.49523961544036865,MSE,0.8226978182792664,1.7449818849563599,forecast,175.0,78,LULL,False,,,1.156999945640564,1.2712069749832153,1.2712069749832153
ETTh1,PatchTST,time_compress,5,7968,2167,0.49523961544036865,MSE,0.8226978182792664,1.7449818849563599,forecast,175.0,78,OT,False,,,6.119999885559082,8.621976852416992,8.621976852416992
ETTh1,PatchTST,time_compress,5,7968,2167,0.49523961544036865,MSE,0.8226978182792664,1.7449818849563599,forecast,176.0,79,HUFL,True,,,5.692999839782715,13.342504501342773,14.800251007080078
ETTh1,PatchTST,time_compress,5,7968,2167,0.49523961544036865,MSE,0.8226978182792664,1.7449818849563599,forecast,176.0,79,HULL,False,,,1.6740000247955322,2.2391138076782227,2.2391138076782227
ETTh1,PatchTST,time_compress,5,7968,2167,0.49523961544036865,MSE,0.8226978182792664,1.7449818849563599,forecast,176.0,79,MUFL,True,,,0.17799997329711914,9.119390487670898,10.578678131103516
ETTh1,PatchTST,time_compress,5,7968,2167,0.49523961544036865,MSE,0.8226978182792664,1.7449818849563599,forecast,176.0,79,MULL,False,,,0.2840000092983246,0.28784486651420593,0.28784486651420593
ETTh1,PatchTST,time_compress,5,7968,2167,0.49523961544036865,MSE,0.8226978182792664,1.7449818849563599,forecast,176.0,79,LUFL,False,,,5.51300048828125,4.221586227416992,4.221586227416992
ETTh1,PatchTST,time_compress,5,7968,2167,0.49523961544036865,MSE,0.8226978182792664,1.7449818849563599,forecast,176.0,79,LULL,False,,,1.309999942779541,1.2596858739852905,1.2596858739852905
ETTh1,PatchTST,time_compress,5,7968,2167,0.49523961544036865,MSE,0.8226978182792664,1.7449818849563599,forecast,176.0,79,OT,False,,,6.050000190734863,8.554269790649414,8.554269790649414
ETTh1,PatchTST,time_compress,5,7968,2167,0.49523961544036865,MSE,0.8226978182792664,1.7449818849563599,forecast,177.0,80,HUFL,True,,,2.880000114440918,10.957620620727539,13.577430725097656
ETTh1,PatchTST,time_compress,5,7968,2167,0.49523961544036865,MSE,0.8226978182792664,1.7449818849563599,forecast,177.0,80,HULL,False,,,1.8079999685287476,2.2358264923095703,2.2358264923095703
ETTh1,PatchTST,time_compress,5,7968,2167,0.49523961544036865,MSE,0.8226978182792664,1.7449818849563599,forecast,177.0,80,MUFL,True,,,-2.131999969482422,6.517739295959473,9.113508224487305
ETTh1,PatchTST,time_compress,5,7968,2167,0.49523961544036865,MSE,0.8226978182792664,1.7449818849563599,forecast,177.0,80,MULL,False,,,0.24900001287460327,0.27827945351600647,0.27827945351600647
ETTh1,PatchTST,time_compress,5,7968,2167,0.49523961544036865,MSE,0.8226978182792664,1.7449818849563599,forecast,177.0,80,LUFL,False,,,5.390999794006348,4.230141639709473,4.230141639709473
ETTh1,PatchTST,time_compress,5,7968,2167,0.49523961544036865,MSE,0.8226978182792664,1.7449818849563599,forecast,177.0,80,LULL,False,,,1.4620000123977661,1.3572885990142822,1.3572885990142822
ETTh1,PatchTST,time_compress,5,7968,2167,0.49523961544036865,MSE,0.8226978182792664,1.7449818849563599,forecast,177.0,80,OT,False,,,6.402000427246094,8.647619247436523,8.647619247436523
ETTh1,PatchTST,time_compress,5,7968,2167,0.49523961544036865,MSE,0.8226978182792664,1.7449818849563599,forecast,178.0,81,HUFL,True,,,1.5409998893737793,6.783661842346191,11.681283950805664
ETTh1,PatchTST,time_compress,5,7968,2167,0.49523961544036865,MSE,0.8226978182792664,1.7449818849563599,forecast,178.0,81,HULL,False,,,2.3440001010894775,2.082948684692383,2.082948684692383
ETTh1,PatchTST,time_compress,5,7968,2167,0.49523961544036865,MSE,0.8226978182792664,1.7449818849563599,forecast,178.0,81,MUFL,True,,,-3.625,2.627018690109253,7.603525161743164
ETTh1,PatchTST,time_compress,5,7968,2167,0.49523961544036865,MSE,0.8226978182792664,1.7449818849563599,forecast,178.0,81,MULL,False,,,0.4970000088214874,0.20520001649856567,0.20520001649856567
ETTh1,PatchTST,time_compress,5,7968,2167,0.49523961544036865,MSE,0.8226978182792664,1.7449818849563599,forecast,178.0,81,LUFL,False,,,5.117000102996826,3.8660967350006104,3.8660967350006104
ETTh1,PatchTST,time_compress,5,7968,2167,0.49523961544036865,MSE,0.8226978182792664,1.7449818849563599,forecast,178.0,81,LULL,False,,,1.7969999313354492,1.3757667541503906,1.3757667541503906
ETTh1,PatchTST,time_compress,5,7968,2167,0.49523961544036865,MSE,0.8226978182792664,1.7449818849563599,forecast,178.0,81,OT,False,,,6.61299991607666,8.518308639526367,8.518308639526367
ETTh1,PatchTST,time_compress,5,7968,2167,0.49523961544036865,MSE,0.8226978182792664,1.7449818849563599,forecast,179.0,82,HUFL,True,,,-15.069999694824219,2.3063530921936035,8.09955883026123
ETTh1,PatchTST,time_compress,5,7968,2167,0.49523961544036865,MSE,0.8226978182792664,1.7449818849563599,forecast,179.0,82,HULL,False,,,3.3489999771118164,1.4327945709228516,1.4327945709228516
ETTh1,PatchTST,time_compress,5,7968,2167,0.49523961544036865,MSE,0.8226978182792664,1.7449818849563599,forecast,179.0,82,MUFL,True,,,-17.90999984741211,-1.3679065704345703,4.589725017547607
ETTh1,PatchTST,time_compress,5,7968,2167,0.49523961544036865,MSE,0.8226978182792664,1.7449818849563599,forecast,179.0,82,MULL,False,,,0.8169999718666077,-0.3436241149902344,-0.3436241149902344
ETTh1,PatchTST,time_compress,5,7968,2167,0.49523961544036865,MSE,0.8226978182792664,1.7449818849563599,forecast,179.0,82,LUFL,False,,,2.61899995803833,3.366025686264038,3.366025686264038
ETTh1,PatchTST,time_compress,5,7968,2167,0.49523961544036865,MSE,0.8226978182792664,1.7449818849563599,forecast,179.0,82,LULL,False,,,1.5529999732971191,1.340998888015747,1.340998888015747
ETTh1,PatchTST,time_compress,5,7968,2167,0.49523961544036865,MSE,0.8226978182792664,1.7449818849563599,forecast,179.0,82,OT,False,,,6.683000564575195,8.206212043762207,8.206212043762207
ETTh1,PatchTST,time_compress,5,7968,2167,0.49523961544036865,MSE,0.8226978182792664,1.7449818849563599,forecast,180.0,83,HUFL,True,,,-19.490999221801758,-0.47046327590942383,8.98124885559082
ETTh1,PatchTST,time_compress,5,7968,2167,0.49523961544036865,MSE,0.8226978182792664,1.7449818849563599,forecast,180.0,83,HULL,False,,,3.818000078201294,1.2777912616729736,1.2777912616729736
ETTh1,PatchTST,time_compress,5,7968,2167,0.49523961544036865,MSE,0.8226978182792664,1.7449818849563599,forecast,180.0,83,MUFL,True,,,-22.742000579833984,-4.017518043518066,5.273171901702881
ETTh1,PatchTST,time_compress,5,7968,2167,0.49523961544036865,MSE,0.8226978182792664,1.7449818849563599,forecast,180.0,83,MULL,False,,,1.5640000104904175,-0.3880579471588135,-0.3880579471588135
ETTh1,PatchTST,time_compress,5,7968,2167,0.49523961544036865,MSE,0.8226978182792664,1.7449818849563599,forecast,180.0,83,LUFL,False,,,2.9240000247955322,3.2573070526123047,3.2573070526123047
ETTh1,PatchTST,time_compress,5,7968,2167,0.49523961544036865,MSE,0.8226978182792664,1.7449818849563599,forecast,180.0,83,LULL,False,,,1.371000051498413,1.292672872543335,1.292672872543335
ETTh1,PatchTST,time_compress,5,7968,2167,0.49523961544036865,MSE,0.8226978182792664,1.7449818849563599,forecast,180.0,83,OT,False,,,7.456999778747559,8.573626518249512,8.573626518249512
ETTh1,PatchTST,time_compress,5,7968,2167,0.49523961544036865,MSE,0.8226978182792664,1.7449818849563599,forecast,181.0,84,HUFL,True,,,-17.214000701904297,-3.5598902702331543,9.23305892944336
ETTh1,PatchTST,time_compress,5,7968,2167,0.49523961544036865,MSE,0.8226978182792664,1.7449818849563599,forecast,181.0,84,HULL,False,,,3.684000015258789,1.1734352111816406,1.1734352111816406
ETTh1,PatchTST,time_compress,5,7968,2167,0.49523961544036865,MSE,0.8226978182792664,1.7449818849563599,forecast,181.0,84,MUFL,True,,,-20.716999053955078,-6.903160095214844,5.762773036956787
ETTh1,PatchTST,time_compress,5,7968,2167,0.49523961544036865,MSE,0.8226978182792664,1.7449818849563599,forecast,181.0,84,MULL,False,,,1.7059999704360962,-0.4463512897491455,-0.4463512897491455
ETTh1,PatchTST,time_compress,5,7968,2167,0.49523961544036865,MSE,0.8226978182792664,1.7449818849563599,forecast,181.0,84,LUFL,False,,,3.3499999046325684,2.9955832958221436,2.9955832958221436
ETTh1,PatchTST,time_compress,5,7968,2167,0.49523961544036865,MSE,0.8226978182792664,1.7449818849563599,forecast,181.0,84,LULL,False,,,1.2790000438690186,1.2232427597045898,1.2232427597045898
ETTh1,PatchTST,time_compress,5,7968,2167,0.49523961544036865,MSE,0.8226978182792664,1.7449818849563599,forecast,181.0,84,OT,False,,,7.104999542236328,8.88404655456543,8.88404655456543
ETTh1,PatchTST,time_compress,5,7968,2167,0.49523961544036865,MSE,0.8226978182792664,1.7449818849563599,forecast,182.0,85,HUFL,True,,,-10.85099983215332,-6.130611896514893,7.612287521362305
ETTh1,PatchTST,time_compress,5,7968,2167,0.49523961544036865,MSE,0.8226978182792664,1.7449818849563599,forecast,182.0,85,HULL,False,,,2.0759999752044678,0.7389430999755859,0.7389430999755859
ETTh1,PatchTST,time_compress,5,7968,2167,0.49523961544036865,MSE,0.8226978182792664,1.7449818849563599,forecast,182.0,85,MUFL,True,,,-13.397000312805176,-8.909601211547852,4.523764610290527
ETTh1,PatchTST,time_compress,5,7968,2167,0.49523961544036865,MSE,0.8226978182792664,1.7449818849563599,forecast,182.0,85,MULL,False,,,0.7459999918937683,-0.8605420589447021,-0.8605420589447021
ETTh1,PatchTST,time_compress,5,7968,2167,0.49523961544036865,MSE,0.8226978182792664,1.7449818849563599,forecast,182.0,85,LUFL,False,,,2.1019999980926514,2.541343927383423,2.541343927383423
ETTh1,PatchTST,time_compress,5,7968,2167,0.49523961544036865,MSE,0.8226978182792664,1.7449818849563599,forecast,182.0,85,LULL,False,,,1.0360000133514404,1.1336644887924194,1.1336644887924194
ETTh1,PatchTST,time_compress,5,7968,2167,0.49523961544036865,MSE,0.8226978182792664,1.7449818849563599,forecast,182.0,85,OT,False,,,8.15999984741211,8.950389862060547,8.950389862060547
ETTh1,PatchTST,time_compress,5,7968,2167,0.49523961544036865,MSE,0.8226978182792664,1.7449818849563599,forecast,183.0,86,HUFL,True,,,-9.17599868774414,-4.911722660064697,8.72860050201416
ETTh1,PatchTST,time_compress,5,7968,2167,0.49523961544036865,MSE,0.8226978182792664,1.7449818849563599,forecast,183.0,86,HULL,False,,,2.880000114440918,0.843268871307373,0.843268871307373
ETTh1,PatchTST,time_compress,5,7968,2167,0.49523961544036865,MSE,0.8226978182792664,1.7449818849563599,forecast,183.0,86,MUFL,True,,,-11.086999893188477,-7.659327507019043,5.564017295837402
ETTh1,PatchTST,time_compress,5,7968,2167,0.49523961544036865,MSE,0.8226978182792664,1.7449818849563599,forecast,183.0,86,MULL,False,,,1.9190000295639038,-0.7888088226318359,-0.7888088226318359
ETTh1,PatchTST,time_compress,5,7968,2167,0.49523961544036865,MSE,0.8226978182792664,1.7449818849563599,forecast,183.0,86,LUFL,False,,,2.1019999980926514,2.570044994354248,2.570044994354248
ETTh1,PatchTST,time_compress,5,7968,2167,0.49523961544036865,MSE,0.8226978182792664,1.7449818849563599,forecast,183.0,86,LULL,False,,,1.065999984741211,1.1723804473876953,1.1723804473876953
ETTh1,PatchTST,time_compress,5,7968,2167,0.49523961544036865,MSE,0.8226978182792664,1.7449818849563599,forecast,183.0,86,OT,False,,,8.51200008392334,9.172992706298828,9.172992706298828
ETTh1,PatchTST,time_compress,5,7968,2167,0.49523961544036865,MSE,0.8226978182792664,1.7449818849563599,forecast,184.0,87,HUFL,True,,,-15.67300033569336,-3.0566964149475098,11.521839141845703
ETTh1,PatchTST,time_compress,5,7968,2167,0.49523961544036865,MSE,0.8226978182792664,1.7449818849563599,forecast,184.0,87,HULL,False,,,5.0229997634887695,0.80316162109375,0.80316162109375
ETTh1,PatchTST,time_compress,5,7968,2167,0.49523961544036865,MSE,0.8226978182792664,1.7449818849563599,forecast,184.0,87,MUFL,True,,,-18.123001098632812,-5.9037885665893555,8.21509075164795
ETTh1,PatchTST,time_compress,5,7968,2167,0.49523961544036865,MSE,0.8226978182792664,1.7449818849563599,forecast,184.0,87,MULL,False,,,2.878000020980835,-0.8069748878479004,-0.8069748878479004
ETTh1,PatchTST,time_compress,5,7968,2167,0.49523961544036865,MSE,0.8226978182792664,1.7449818849563599,forecast,184.0,87,LUFL,False,,,1.8279999494552612,2.645373821258545,2.645373821258545
ETTh1,PatchTST,time_compress,5,7968,2167,0.49523961544036865,MSE,0.8226978182792664,1.7449818849563599,forecast,184.0,87,LULL,False,,,1.2489999532699585,1.2202469110488892,1.2202469110488892
ETTh1,PatchTST,time_compress,5,7968,2167,0.49523961544036865,MSE,0.8226978182792664,1.7449818849563599,forecast,184.0,87,OT,False,,,9.637999534606934,9.887301445007324,9.887301445007324
ETTh1,PatchTST,time_compress,5,7968,2167,0.49523961544036865,MSE,0.8226978182792664,1.7449818849563599,forecast,185.0,88,HUFL,True,,,-9.845998764038086,-1.4517903327941895,11.914213180541992
ETTh1,PatchTST,time_compress,5,7968,2167,0.49523961544036865,MSE,0.8226978182792664,1.7449818849563599,forecast,185.0,88,HULL,False,,,2.4110000133514404,0.4361586570739746,0.4361586570739746
ETTh1,PatchTST,time_compress,5,7968,2167,0.49523961544036865,MSE,0.8226978182792664,1.7449818849563599,forecast,185.0,88,MUFL,True,,,-12.011000633239746,-4.167910575866699,8.407510757446289
ETTh1,PatchTST,time_compress,5,7968,2167,0.49523961544036865,MSE,0.8226978182792664,1.7449818849563599,forecast,185.0,88,MULL,False,,,1.3860000371932983,-1.1000231504440308,-1.1000231504440308
ETTh1,PatchTST,time_compress,5,7968,2167,0.49523961544036865,MSE,0.8226978182792664,1.7449818849563599,forecast,185.0,88,LUFL,False,,,2.2239999771118164,2.5658905506134033,2.5658905506134033
ETTh1,PatchTST,time_compress,5,7968,2167,0.49523961544036865,MSE,0.8226978182792664,1.7449818849563599,forecast,185.0,88,LULL,False,,,1.065999984741211,1.1882452964782715,1.1882452964782715
ETTh1,PatchTST,time_compress,5,7968,2167,0.49523961544036865,MSE,0.8226978182792664,1.7449818849563599,forecast,185.0,88,OT,False,,,10.130000114440918,10.176692962646484,10.176692962646484
ETTh1,PatchTST,time_compress,5,7968,2167,0.49523961544036865,MSE,0.8226978182792664,1.7449818849563599,forecast,186.0,89,HUFL,True,,,-4.153000354766846,1.2760272026062012,11.696772575378418
ETTh1,PatchTST,time_compress,5,7968,2167,0.49523961544036865,MSE,0.8226978182792664,1.7449818849563599,forecast,186.0,89,HULL,False,,,2.812999963760376,-0.0680856704711914,-0.0680856704711914
ETTh1,PatchTST,time_compress,5,7968,2167,0.49523961544036865,MSE,0.8226978182792664,1.7449818849563599,forecast,186.0,89,MUFL,True,,,-7.852999687194824,-1.5771746635437012,7.732282638549805
ETTh1,PatchTST,time_compress,5,7968,2167,0.49523961544036865,MSE,0.8226978182792664,1.7449818849563599,forecast,186.0,89,MULL,False,,,1.315000057220459,-1.5784568786621094,-1.5784568786621094
ETTh1,PatchTST,time_compress,5,7968,2167,0.49523961544036865,MSE,0.8226978182792664,1.7449818849563599,forecast,186.0,89,LUFL,False,,,2.253999948501587,2.846858263015747,2.846858263015747
ETTh1,PatchTST,time_compress,5,7968,2167,0.49523961544036865,MSE,0.8226978182792664,1.7449818849563599,forecast,186.0,89,LULL,False,,,1.097000002861023,1.2217767238616943,1.2217767238616943
ETTh1,PatchTST,time_compress,5,7968,2167,0.49523961544036865,MSE,0.8226978182792664,1.7449818849563599,forecast,186.0,89,OT,False,,,10.0600004196167,10.114931106567383,10.114931106567383
ETTh1,PatchTST,time_compress,5,7968,2167,0.49523961544036865,MSE,0.8226978182792664,1.7449818849563599,forecast,187.0,90,HUFL,True,,,4.555000305175781,4.547330379486084,11.708063125610352
ETTh1,PatchTST,time_compress,5,7968,2167,0.49523961544036865,MSE,0.8226978182792664,1.7449818849563599,forecast,187.0,90,HULL,False,,,2.1429998874664307,-0.38691067695617676,-0.38691067695617676
ETTh1,PatchTST,time_compress,5,7968,2167,0.49523961544036865,MSE,0.8226978182792664,1.7449818849563599,forecast,187.0,90,MUFL,True,,,1.8829998970031738,1.1769909858703613,7.463735580444336
ETTh1,PatchTST,time_compress,5,7968,2167,0.49523961544036865,MSE,0.8226978182792664,1.7449818849563599,forecast,187.0,90,MULL,False,,,0.8880000114440918,-1.9207448959350586,-1.9207448959350586
ETTh1,PatchTST,time_compress,5,7968,2167,0.49523961544036865,MSE,0.8226978182792664,1.7449818849563599,forecast,187.0,90,LUFL,False,,,2.559000015258789,3.299581527709961,3.299581527709961
ETTh1,PatchTST,time_compress,5,7968,2167,0.49523961544036865,MSE,0.8226978182792664,1.7449818849563599,forecast,187.0,90,LULL,False,,,1.1269999742507935,1.24886155128479,1.24886155128479
ETTh1,PatchTST,time_compress,5,7968,2167,0.49523961544036865,MSE,0.8226978182792664,1.7449818849563599,forecast,187.0,90,OT,False,,,9.918999671936035,9.929311752319336,9.929311752319336
ETTh1,PatchTST,time_compress,5,7968,2167,0.49523961544036865,MSE,0.8226978182792664,1.7449818849563599,forecast,188.0,91,HUFL,True,,,5.0229997634887695,6.929009437561035,8.950590133666992
ETTh1,PatchTST,time_compress,5,7968,2167,0.49523961544036865,MSE,0.8226978182792664,1.7449818849563599,forecast,188.0,91,HULL,False,,,1.6740000247955322,-0.5980286598205566,-0.5980286598205566
ETTh1,PatchTST,time_compress,5,7968,2167,0.49523961544036865,MSE,0.8226978182792664,1.7449818849563599,forecast,188.0,91,MUFL,True,,,2.309999942779541,3.448464870452881,5.006490230560303
ETTh1,PatchTST,time_compress,5,7968,2167,0.49523961544036865,MSE,0.8226978182792664,1.7449818849563599,forecast,188.0,91,MULL,False,,,0.6039999723434448,-2.087280750274658,-2.087280750274658
ETTh1,PatchTST,time_compress,5,7968,2167,0.49523961544036865,MSE,0.8226978182792664,1.7449818849563599,forecast,188.0,91,LUFL,False,,,2.61899995803833,3.318128824234009,3.318128824234009
ETTh1,PatchTST,time_compress,5,7968,2167,0.49523961544036865,MSE,0.8226978182792664,1.7449818849563599,forecast,188.0,91,LULL,False,,,0.8529999852180481,1.1636627912521362,1.1636627912521362
ETTh1,PatchTST,time_compress,5,7968,2167,0.49523961544036865,MSE,0.8226978182792664,1.7449818849563599,forecast,188.0,91,OT,False,,,9.567000389099121,9.904666900634766,9.904666900634766
ETTh1,PatchTST,time_compress,5,7968,2167,0.49523961544036865,MSE,0.8226978182792664,1.7449818849563599,forecast,189.0,92,HUFL,True,,,6.764999866485596,7.763930797576904,7.372845649719238
ETTh1,PatchTST,time_compress,5,7968,2167,0.49523961544036865,MSE,0.8226978182792664,1.7449818849563599,forecast,189.0,92,HULL,False,,,1.6740000247955322,-0.8292224407196045,-0.8292224407196045
ETTh1,PatchTST,time_compress,5,7968,2167,0.49523961544036865,MSE,0.8226978182792664,1.7449818849563599,forecast,189.0,92,MUFL,True,,,4.122000217437744,4.55601167678833,3.9071412086486816
ETTh1,PatchTST,time_compress,5,7968,2167,0.49523961544036865,MSE,0.8226978182792664,1.7449818849563599,forecast,189.0,92,MULL,False,,,0.5329999923706055,-2.2600295543670654,-2.2600295543670654
ETTh1,PatchTST,time_compress,5,7968,2167,0.49523961544036865,MSE,0.8226978182792664,1.7449818849563599,forecast,189.0,92,LUFL,False,,,2.6500000953674316,3.1446492671966553,3.1446492671966553
ETTh1,PatchTST,time_compress,5,7968,2167,0.49523961544036865,MSE,0.8226978182792664,1.7449818849563599,forecast,189.0,92,LULL,False,,,0.8830000162124634,1.0454779863357544,1.0454779863357544
ETTh1,PatchTST,time_compress,5,7968,2167,0.49523961544036865,MSE,0.8226978182792664,1.7449818849563599,forecast,189.0,92,OT,False,,,9.28600025177002,9.315505981445312,9.315505981445312
ETTh1,PatchTST,time_compress,5,7968,2167,0.49523961544036865,MSE,0.8226978182792664,1.7449818849563599,forecast,190.0,93,HUFL,True,,,7.0329999923706055,8.07089614868164,7.016121864318848
ETTh1,PatchTST,time_compress,5,7968,2167,0.49523961544036865,MSE,0.8226978182792664,1.7449818849563599,forecast,190.0,93,HULL,False,,,1.6740000247955322,-0.8287153244018555,-0.8287153244018555
ETTh1,PatchTST,time_compress,5,7968,2167,0.49523961544036865,MSE,0.8226978182792664,1.7449818849563599,forecast,190.0,93,MUFL,True,,,4.406000137329102,5.174683570861816,3.796659469604492
ETTh1,PatchTST,time_compress,5,7968,2167,0.49523961544036865,MSE,0.8226978182792664,1.7449818849563599,forecast,190.0,93,MULL,False,,,0.5329999923706055,-2.219060182571411,-2.219060182571411
ETTh1,PatchTST,time_compress,5,7968,2167,0.49523961544036865,MSE,0.8226978182792664,1.7449818849563599,forecast,190.0,93,LUFL,False,,,2.740999937057495,2.940662145614624,2.940662145614624
ETTh1,PatchTST,time_compress,5,7968,2167,0.49523961544036865,MSE,0.8226978182792664,1.7449818849563599,forecast,190.0,93,LULL,False,,,0.8830000162124634,0.9987700581550598,0.9987700581550598
ETTh1,PatchTST,time_compress,5,7968,2167,0.49523961544036865,MSE,0.8226978182792664,1.7449818849563599,forecast,190.0,93,OT,False,,,8.581999778747559,9.054361343383789,9.054361343383789
ETTh1,PatchTST,time_compress,5,7968,2167,0.49523961544036865,MSE,0.8226978182792664,1.7449818849563599,forecast,191.0,94,HUFL,True,,,7.769999980926514,8.800886154174805,7.155810832977295
ETTh1,PatchTST,time_compress,5,7968,2167,0.49523961544036865,MSE,0.8226978182792664,1.7449818849563599,forecast,191.0,94,HULL,False,,,0.7369999885559082,-0.49651265144348145,-0.49651265144348145
ETTh1,PatchTST,time_compress,5,7968,2167,0.49523961544036865,MSE,0.8226978182792664,1.7449818849563599,forecast,191.0,94,MUFL,True,,,4.619999885559082,5.989758491516113,4.271886348724365
ETTh1,PatchTST,time_compress,5,7968,2167,0.49523961544036865,MSE,0.8226978182792664,1.7449818849563599,forecast,191.0,94,MULL,False,,,-0.21299999952316284,-1.8349394798278809,-1.8349394798278809
ETTh1,PatchTST,time_compress,5,7968,2167,0.49523961544036865,MSE,0.8226978182792664,1.7449818849563599,forecast,191.0,94,LUFL,False,,,2.8329999446868896,2.9185287952423096,2.9185287952423096
ETTh1,PatchTST,time_compress,5,7968,2167,0.49523961544036865,MSE,0.8226978182792664,1.7449818849563599,forecast,191.0,94,LULL,False,,,1.097000002861023,0.9858373403549194,0.9858373403549194
ETTh1,PatchTST,time_compress,5,7968,2167,0.49523961544036865,MSE,0.8226978182792664,1.7449818849563599,forecast,191.0,94,OT,False,,,8.230999946594238,9.03946590423584,9.03946590423584
ETTh1,PatchTST,time_compress,5,7968,2167,0.49523961544036865,MSE,0.8226978182792664,1.7449818849563599,forecast,192.0,95,HUFL,True,,,11.588000297546387,9.231745719909668,8.481017112731934
ETTh1,PatchTST,time_compress,5,7968,2167,0.49523961544036865,MSE,0.8226978182792664,1.7449818849563599,forecast,192.0,95,HULL,False,,,4.019000053405762,0.02649533748626709,0.02649533748626709
ETTh1,PatchTST,time_compress,5,7968,2167,0.49523961544036865,MSE,0.8226978182792664,1.7449818849563599,forecast,192.0,95,MUFL,True,,,6.681000232696533,6.623959541320801,5.647680282592773
ETTh1,PatchTST,time_compress,5,7968,2167,0.49523961544036865,MSE,0.8226978182792664,1.7449818849563599,forecast,192.0,95,MULL,False,,,1.2790000438690186,-1.3300328254699707,-1.3300328254699707
ETTh1,PatchTST,time_compress,5,7968,2167,0.49523961544036865,MSE,0.8226978182792664,1.7449818849563599,forecast,192.0,95,LUFL,False,,,4.630000114440918,2.824754238128662,2.824754238128662
ETTh1,PatchTST,time_compress,5,7968,2167,0.49523961544036865,MSE,0.8226978182792664,1.7449818849563599,forecast,192.0,95,LULL,False,,,2.315000057220459,1.0470960140228271,1.0470960140228271
ETTh1,PatchTST,time_compress,5,7968,2167,0.49523961544036865,MSE,0.8226978182792664,1.7449818849563599,forecast,192.0,95,OT,False,,,8.371000289916992,8.966510772705078,8.966510772705078
