dataset,arch,scenario,pert_idx,sample_id,source_sample_idx,severity,score_metric,clean_sample_score,perturbed_sample_score,segment,time_index,time_step,feature,affected_feature,clean_input,perturbed_input,ground_truth,clean_prediction,perturbed_prediction
BeijingAir_Tiantan,PatchTST,drift,0,2329,572,0.5964974164962769,MSE,0.019361652433872223,0.33530983328819275,input,1.0,0,PM2.5,True,18.0,54.462799072265625,,,
BeijingAir_Tiantan,PatchTST,drift,0,2329,572,0.5964974164962769,MSE,0.019361652433872223,0.33530983328819275,input,1.0,0,PM10,False,18.0,18.0,,,
BeijingAir_Tiantan,PatchTST,drift,0,2329,572,0.5964974164962769,MSE,0.019361652433872223,0.33530983328819275,input,1.0,0,SO2,False,3.0,3.0,,,
BeijingAir_Tiantan,PatchTST,drift,0,2329,572,0.5964974164962769,MSE,0.019361652433872223,0.33530983328819275,input,1.0,0,NO2,False,25.0,25.0,,,
BeijingAir_Tiantan,PatchTST,drift,0,2329,572,0.5964974164962769,MSE,0.019361652433872223,0.33530983328819275,input,1.0,0,CO,False,600.0000610351562,600.0000610351562,,,
BeijingAir_Tiantan,PatchTST,drift,0,2329,572,0.5964974164962769,MSE,0.019361652433872223,0.33530983328819275,input,1.0,0,O3,True,97.0,124.7984619140625,,,
BeijingAir_Tiantan,PatchTST,drift,0,2329,572,0.5964974164962769,MSE,0.019361652433872223,0.33530983328819275,input,1.0,0,TEMP,False,29.5,29.5,,,
BeijingAir_Tiantan,PatchTST,drift,0,2329,572,0.5964974164962769,MSE,0.019361652433872223,0.33530983328819275,input,1.0,0,PRES,False,1006.4000244140625,1006.4000244140625,,,
BeijingAir_Tiantan,PatchTST,drift,0,2329,572,0.5964974164962769,MSE,0.019361652433872223,0.33530983328819275,input,1.0,0,DEWP,True,14.100000381469727,20.324424743652344,,,
BeijingAir_Tiantan,PatchTST,drift,0,2329,572,0.5964974164962769,MSE,0.019361652433872223,0.33530983328819275,input,1.0,0,RAIN,False,0.0,0.0,,,
BeijingAir_Tiantan,PatchTST,drift,0,2329,572,0.5964974164962769,MSE,0.019361652433872223,0.33530983328819275,input,1.0,0,WSPM,False,2.799999952316284,2.799999952316284,,,
BeijingAir_Tiantan,PatchTST,drift,0,2329,572,0.5964974164962769,MSE,0.019361652433872223,0.33530983328819275,input,1.0,0,wd,False,0.0,0.0,,,
BeijingAir_Tiantan,PatchTST,drift,0,2329,572,0.5964974164962769,MSE,0.019361652433872223,0.33530983328819275,input,2.0,1,PM2.5,True,18.0,54.462799072265625,,,
BeijingAir_Tiantan,PatchTST,drift,0,2329,572,0.5964974164962769,MSE,0.019361652433872223,0.33530983328819275,input,2.0,1,PM10,False,18.0,18.0,,,
BeijingAir_Tiantan,PatchTST,drift,0,2329,572,0.5964974164962769,MSE,0.019361652433872223,0.33530983328819275,input,2.0,1,SO2,False,2.0,2.0,,,
BeijingAir_Tiantan,PatchTST,drift,0,2329,572,0.5964974164962769,MSE,0.019361652433872223,0.33530983328819275,input,2.0,1,NO2,False,16.0,16.0,,,
BeijingAir_Tiantan,PatchTST,drift,0,2329,572,0.5964974164962769,MSE,0.019361652433872223,0.33530983328819275,input,2.0,1,CO,False,400.0,400.0,,,
BeijingAir_Tiantan,PatchTST,drift,0,2329,572,0.5964974164962769,MSE,0.019361652433872223,0.33530983328819275,input,2.0,1,O3,True,108.0,135.7984619140625,,,
BeijingAir_Tiantan,PatchTST,drift,0,2329,572,0.5964974164962769,MSE,0.019361652433872223,0.33530983328819275,input,2.0,1,TEMP,False,30.600000381469727,30.600000381469727,,,
BeijingAir_Tiantan,PatchTST,drift,0,2329,572,0.5964974164962769,MSE,0.019361652433872223,0.33530983328819275,input,2.0,1,PRES,False,1005.7999877929688,1005.7999877929688,,,
BeijingAir_Tiantan,PatchTST,drift,0,2329,572,0.5964974164962769,MSE,0.019361652433872223,0.33530983328819275,input,2.0,1,DEWP,True,12.899999618530273,19.12442398071289,,,
BeijingAir_Tiantan,PatchTST,drift,0,2329,572,0.5964974164962769,MSE,0.019361652433872223,0.33530983328819275,input,2.0,1,RAIN,False,0.0,0.0,,,
BeijingAir_Tiantan,PatchTST,drift,0,2329,572,0.5964974164962769,MSE,0.019361652433872223,0.33530983328819275,input,2.0,1,WSPM,False,3.200000047683716,3.200000047683716,,,
BeijingAir_Tiantan,PatchTST,drift,0,2329,572,0.5964974164962769,MSE,0.019361652433872223,0.33530983328819275,input,2.0,1,wd,False,14.0,14.0,,,
BeijingAir_Tiantan,PatchTST,drift,0,2329,572,0.5964974164962769,MSE,0.019361652433872223,0.33530983328819275,input,3.0,2,PM2.5,True,4.0,40.462806701660156,,,
BeijingAir_Tiantan,PatchTST,drift,0,2329,572,0.5964974164962769,MSE,0.019361652433872223,0.33530983328819275,input,3.0,2,PM10,False,6.0,6.0,,,
BeijingAir_Tiantan,PatchTST,drift,0,2329,572,0.5964974164962769,MSE,0.019361652433872223,0.33530983328819275,input,3.0,2,SO2,False,2.0,2.0,,,
BeijingAir_Tiantan,PatchTST,drift,0,2329,572,0.5964974164962769,MSE,0.019361652433872223,0.33530983328819275,input,3.0,2,NO2,False,16.0,16.0,,,
BeijingAir_Tiantan,PatchTST,drift,0,2329,572,0.5964974164962769,MSE,0.019361652433872223,0.33530983328819275,input,3.0,2,CO,False,400.0,400.0,,,
BeijingAir_Tiantan,PatchTST,drift,0,2329,572,0.5964974164962769,MSE,0.019361652433872223,0.33530983328819275,input,3.0,2,O3,True,97.0,124.7984619140625,,,
BeijingAir_Tiantan,PatchTST,drift,0,2329,572,0.5964974164962769,MSE,0.019361652433872223,0.33530983328819275,input,3.0,2,TEMP,False,31.399999618530273,31.399999618530273,,,
BeijingAir_Tiantan,PatchTST,drift,0,2329,572,0.5964974164962769,MSE,0.019361652433872223,0.33530983328819275,input,3.0,2,PRES,False,1005.2999877929688,1005.2999877929688,,,
BeijingAir_Tiantan,PatchTST,drift,0,2329,572,0.5964974164962769,MSE,0.019361652433872223,0.33530983328819275,input,3.0,2,DEWP,True,12.69999885559082,18.92442512512207,,,
BeijingAir_Tiantan,PatchTST,drift,0,2329,572,0.5964974164962769,MSE,0.019361652433872223,0.33530983328819275,input,3.0,2,RAIN,False,0.0,0.0,,,
BeijingAir_Tiantan,PatchTST,drift,0,2329,572,0.5964974164962769,MSE,0.019361652433872223,0.33530983328819275,input,3.0,2,WSPM,False,2.5,2.5,,,
BeijingAir_Tiantan,PatchTST,drift,0,2329,572,0.5964974164962769,MSE,0.019361652433872223,0.33530983328819275,input,3.0,2,wd,False,14.0,14.0,,,
BeijingAir_Tiantan,PatchTST,drift,0,2329,572,0.5964974164962769,MSE,0.019361652433872223,0.33530983328819275,input,4.0,3,PM2.5,True,3.0,39.462799072265625,,,
BeijingAir_Tiantan,PatchTST,drift,0,2329,572,0.5964974164962769,MSE,0.019361652433872223,0.33530983328819275,input,4.0,3,PM10,False,6.0,6.0,,,
BeijingAir_Tiantan,PatchTST,drift,0,2329,572,0.5964974164962769,MSE,0.019361652433872223,0.33530983328819275,input,4.0,3,SO2,False,2.0,2.0,,,
BeijingAir_Tiantan,PatchTST,drift,0,2329,572,0.5964974164962769,MSE,0.019361652433872223,0.33530983328819275,input,4.0,3,NO2,False,20.999998092651367,20.999998092651367,,,
BeijingAir_Tiantan,PatchTST,drift,0,2329,572,0.5964974164962769,MSE,0.019361652433872223,0.33530983328819275,input,4.0,3,CO,False,400.0,400.0,,,
BeijingAir_Tiantan,PatchTST,drift,0,2329,572,0.5964974164962769,MSE,0.019361652433872223,0.33530983328819275,input,4.0,3,O3,True,96.0,123.7984619140625,,,
BeijingAir_Tiantan,PatchTST,drift,0,2329,572,0.5964974164962769,MSE,0.019361652433872223,0.33530983328819275,input,4.0,3,TEMP,False,31.600000381469727,31.600000381469727,,,
BeijingAir_Tiantan,PatchTST,drift,0,2329,572,0.5964974164962769,MSE,0.019361652433872223,0.33530983328819275,input,4.0,3,PRES,False,1004.5999755859375,1004.5999755859375,,,
BeijingAir_Tiantan,PatchTST,drift,0,2329,572,0.5964974164962769,MSE,0.019361652433872223,0.33530983328819275,input,4.0,3,DEWP,True,12.399999618530273,18.62442398071289,,,
BeijingAir_Tiantan,PatchTST,drift,0,2329,572,0.5964974164962769,MSE,0.019361652433872223,0.33530983328819275,input,4.0,3,RAIN,False,0.0,0.0,,,
BeijingAir_Tiantan,PatchTST,drift,0,2329,572,0.5964974164962769,MSE,0.019361652433872223,0.33530983328819275,input,4.0,3,WSPM,False,3.200000047683716,3.200000047683716,,,
BeijingAir_Tiantan,PatchTST,drift,0,2329,572,0.5964974164962769,MSE,0.019361652433872223,0.33530983328819275,input,4.0,3,wd,False,14.0,14.0,,,
BeijingAir_Tiantan,PatchTST,drift,0,2329,572,0.5964974164962769,MSE,0.019361652433872223,0.33530983328819275,input,5.0,4,PM2.5,True,10.0,46.46280288696289,,,
BeijingAir_Tiantan,PatchTST,drift,0,2329,572,0.5964974164962769,MSE,0.019361652433872223,0.33530983328819275,input,5.0,4,PM10,False,18.0,18.0,,,
BeijingAir_Tiantan,PatchTST,drift,0,2329,572,0.5964974164962769,MSE,0.019361652433872223,0.33530983328819275,input,5.0,4,SO2,False,2.0,2.0,,,
BeijingAir_Tiantan,PatchTST,drift,0,2329,572,0.5964974164962769,MSE,0.019361652433872223,0.33530983328819275,input,5.0,4,NO2,False,19.0,19.0,,,
BeijingAir_Tiantan,PatchTST,drift,0,2329,572,0.5964974164962769,MSE,0.019361652433872223,0.33530983328819275,input,5.0,4,CO,False,300.0,300.0,,,
BeijingAir_Tiantan,PatchTST,drift,0,2329,572,0.5964974164962769,MSE,0.019361652433872223,0.33530983328819275,input,5.0,4,O3,True,105.0,132.7984619140625,,,
BeijingAir_Tiantan,PatchTST,drift,0,2329,572,0.5964974164962769,MSE,0.019361652433872223,0.33530983328819275,input,5.0,4,TEMP,False,31.799999237060547,31.799999237060547,,,
BeijingAir_Tiantan,PatchTST,drift,0,2329,572,0.5964974164962769,MSE,0.019361652433872223,0.33530983328819275,input,5.0,4,PRES,False,1004.4000244140625,1004.4000244140625,,,
BeijingAir_Tiantan,PatchTST,drift,0,2329,572,0.5964974164962769,MSE,0.019361652433872223,0.33530983328819275,input,5.0,4,DEWP,True,12.600000381469727,18.824424743652344,,,
BeijingAir_Tiantan,PatchTST,drift,0,2329,572,0.5964974164962769,MSE,0.019361652433872223,0.33530983328819275,input,5.0,4,RAIN,False,0.0,0.0,,,
BeijingAir_Tiantan,PatchTST,drift,0,2329,572,0.5964974164962769,MSE,0.019361652433872223,0.33530983328819275,input,5.0,4,WSPM,False,1.7000000476837158,1.7000000476837158,,,
BeijingAir_Tiantan,PatchTST,drift,0,2329,572,0.5964974164962769,MSE,0.019361652433872223,0.33530983328819275,input,5.0,4,wd,False,1.0,1.0,,,
BeijingAir_Tiantan,PatchTST,drift,0,2329,572,0.5964974164962769,MSE,0.019361652433872223,0.33530983328819275,input,6.0,5,PM2.5,True,11.0,47.462799072265625,,,
BeijingAir_Tiantan,PatchTST,drift,0,2329,572,0.5964974164962769,MSE,0.019361652433872223,0.33530983328819275,input,6.0,5,PM10,False,28.0,28.0,,,
BeijingAir_Tiantan,PatchTST,drift,0,2329,572,0.5964974164962769,MSE,0.019361652433872223,0.33530983328819275,input,6.0,5,SO2,False,2.0,2.0,,,
BeijingAir_Tiantan,PatchTST,drift,0,2329,572,0.5964974164962769,MSE,0.019361652433872223,0.33530983328819275,input,6.0,5,NO2,False,25.0,25.0,,,
BeijingAir_Tiantan,PatchTST,drift,0,2329,572,0.5964974164962769,MSE,0.019361652433872223,0.33530983328819275,input,6.0,5,CO,False,300.0,300.0,,,
BeijingAir_Tiantan,PatchTST,drift,0,2329,572,0.5964974164962769,MSE,0.019361652433872223,0.33530983328819275,input,6.0,5,O3,True,95.0,122.7984619140625,,,
BeijingAir_Tiantan,PatchTST,drift,0,2329,572,0.5964974164962769,MSE,0.019361652433872223,0.33530983328819275,input,6.0,5,TEMP,False,31.799999237060547,31.799999237060547,,,
BeijingAir_Tiantan,PatchTST,drift,0,2329,572,0.5964974164962769,MSE,0.019361652433872223,0.33530983328819275,input,6.0,5,PRES,False,1004.4000244140625,1004.4000244140625,,,
BeijingAir_Tiantan,PatchTST,drift,0,2329,572,0.5964974164962769,MSE,0.019361652433872223,0.33530983328819275,input,6.0,5,DEWP,True,12.100000381469727,18.324424743652344,,,
BeijingAir_Tiantan,PatchTST,drift,0,2329,572,0.5964974164962769,MSE,0.019361652433872223,0.33530983328819275,input,6.0,5,RAIN,False,0.0,0.0,,,
BeijingAir_Tiantan,PatchTST,drift,0,2329,572,0.5964974164962769,MSE,0.019361652433872223,0.33530983328819275,input,6.0,5,WSPM,False,1.399999976158142,1.399999976158142,,,
BeijingAir_Tiantan,PatchTST,drift,0,2329,572,0.5964974164962769,MSE,0.019361652433872223,0.33530983328819275,input,6.0,5,wd,False,14.0,14.0,,,
BeijingAir_Tiantan,PatchTST,drift,0,2329,572,0.5964974164962769,MSE,0.019361652433872223,0.33530983328819275,input,7.0,6,PM2.5,True,13.0,49.46280288696289,,,
BeijingAir_Tiantan,PatchTST,drift,0,2329,572,0.5964974164962769,MSE,0.019361652433872223,0.33530983328819275,input,7.0,6,PM10,False,41.0,41.0,,,
BeijingAir_Tiantan,PatchTST,drift,0,2329,572,0.5964974164962769,MSE,0.019361652433872223,0.33530983328819275,input,7.0,6,SO2,False,2.0,2.0,,,
BeijingAir_Tiantan,PatchTST,drift,0,2329,572,0.5964974164962769,MSE,0.019361652433872223,0.33530983328819275,input,7.0,6,NO2,False,24.0,24.0,,,
BeijingAir_Tiantan,PatchTST,drift,0,2329,572,0.5964974164962769,MSE,0.019361652433872223,0.33530983328819275,input,7.0,6,CO,False,400.0,400.0,,,
BeijingAir_Tiantan,PatchTST,drift,0,2329,572,0.5964974164962769,MSE,0.019361652433872223,0.33530983328819275,input,7.0,6,O3,True,85.0,112.7984619140625,,,
BeijingAir_Tiantan,PatchTST,drift,0,2329,572,0.5964974164962769,MSE,0.019361652433872223,0.33530983328819275,input,7.0,6,TEMP,False,30.0,30.0,,,
BeijingAir_Tiantan,PatchTST,drift,0,2329,572,0.5964974164962769,MSE,0.019361652433872223,0.33530983328819275,input,7.0,6,PRES,False,1004.2000122070312,1004.2000122070312,,,
BeijingAir_Tiantan,PatchTST,drift,0,2329,572,0.5964974164962769,MSE,0.019361652433872223,0.33530983328819275,input,7.0,6,DEWP,True,13.299999237060547,19.524423599243164,,,
BeijingAir_Tiantan,PatchTST,drift,0,2329,572,0.5964974164962769,MSE,0.019361652433872223,0.33530983328819275,input,7.0,6,RAIN,False,0.0,0.0,,,
BeijingAir_Tiantan,PatchTST,drift,0,2329,572,0.5964974164962769,MSE,0.019361652433872223,0.33530983328819275,input,7.0,6,WSPM,False,1.0,1.0,,,
BeijingAir_Tiantan,PatchTST,drift,0,2329,572,0.5964974164962769,MSE,0.019361652433872223,0.33530983328819275,input,7.0,6,wd,False,13.0,13.0,,,
BeijingAir_Tiantan,PatchTST,drift,0,2329,572,0.5964974164962769,MSE,0.019361652433872223,0.33530983328819275,input,8.0,7,PM2.5,True,19.0,55.46280288696289,,,
BeijingAir_Tiantan,PatchTST,drift,0,2329,572,0.5964974164962769,MSE,0.019361652433872223,0.33530983328819275,input,8.0,7,PM10,False,82.0,82.0,,,
BeijingAir_Tiantan,PatchTST,drift,0,2329,572,0.5964974164962769,MSE,0.019361652433872223,0.33530983328819275,input,8.0,7,SO2,False,2.0,2.0,,,
BeijingAir_Tiantan,PatchTST,drift,0,2329,572,0.5964974164962769,MSE,0.019361652433872223,0.33530983328819275,input,8.0,7,NO2,False,28.0,28.0,,,
BeijingAir_Tiantan,PatchTST,drift,0,2329,572,0.5964974164962769,MSE,0.019361652433872223,0.33530983328819275,input,8.0,7,CO,False,500.0,500.0,,,
BeijingAir_Tiantan,PatchTST,drift,0,2329,572,0.5964974164962769,MSE,0.019361652433872223,0.33530983328819275,input,8.0,7,O3,True,125.0,152.7984619140625,,,
BeijingAir_Tiantan,PatchTST,drift,0,2329,572,0.5964974164962769,MSE,0.019361652433872223,0.33530983328819275,input,8.0,7,TEMP,False,26.100000381469727,26.100000381469727,,,
BeijingAir_Tiantan,PatchTST,drift,0,2329,572,0.5964974164962769,MSE,0.019361652433872223,0.33530983328819275,input,8.0,7,PRES,False,1004.4000244140625,1004.4000244140625,,,
BeijingAir_Tiantan,PatchTST,drift,0,2329,572,0.5964974164962769,MSE,0.019361652433872223,0.33530983328819275,input,8.0,7,DEWP,True,16.399999618530273,22.62442398071289,,,
BeijingAir_Tiantan,PatchTST,drift,0,2329,572,0.5964974164962769,MSE,0.019361652433872223,0.33530983328819275,input,8.0,7,RAIN,False,0.0,0.0,,,
BeijingAir_Tiantan,PatchTST,drift,0,2329,572,0.5964974164962769,MSE,0.019361652433872223,0.33530983328819275,input,8.0,7,WSPM,False,0.3999999761581421,0.3999999761581421,,,
BeijingAir_Tiantan,PatchTST,drift,0,2329,572,0.5964974164962769,MSE,0.019361652433872223,0.33530983328819275,input,8.0,7,wd,False,6.0,6.0,,,
BeijingAir_Tiantan,PatchTST,drift,0,2329,572,0.5964974164962769,MSE,0.019361652433872223,0.33530983328819275,input,9.0,8,PM2.5,True,38.0,74.46279907226562,,,
BeijingAir_Tiantan,PatchTST,drift,0,2329,572,0.5964974164962769,MSE,0.019361652433872223,0.33530983328819275,input,9.0,8,PM10,False,82.0,82.0,,,
BeijingAir_Tiantan,PatchTST,drift,0,2329,572,0.5964974164962769,MSE,0.019361652433872223,0.33530983328819275,input,9.0,8,SO2,False,2.0,2.0,,,
BeijingAir_Tiantan,PatchTST,drift,0,2329,572,0.5964974164962769,MSE,0.019361652433872223,0.33530983328819275,input,9.0,8,NO2,False,35.0,35.0,,,
BeijingAir_Tiantan,PatchTST,drift,0,2329,572,0.5964974164962769,MSE,0.019361652433872223,0.33530983328819275,input,9.0,8,CO,False,700.0,700.0,,,
BeijingAir_Tiantan,PatchTST,drift,0,2329,572,0.5964974164962769,MSE,0.019361652433872223,0.33530983328819275,input,9.0,8,O3,True,128.0,155.7984619140625,,,
BeijingAir_Tiantan,PatchTST,drift,0,2329,572,0.5964974164962769,MSE,0.019361652433872223,0.33530983328819275,input,9.0,8,TEMP,False,27.100000381469727,27.100000381469727,,,
BeijingAir_Tiantan,PatchTST,drift,0,2329,572,0.5964974164962769,MSE,0.019361652433872223,0.33530983328819275,input,9.0,8,PRES,False,1005.0999755859375,1005.0999755859375,,,
BeijingAir_Tiantan,PatchTST,drift,0,2329,572,0.5964974164962769,MSE,0.019361652433872223,0.33530983328819275,input,9.0,8,DEWP,True,16.700000762939453,22.92442512512207,,,
BeijingAir_Tiantan,PatchTST,drift,0,2329,572,0.5964974164962769,MSE,0.019361652433872223,0.33530983328819275,input,9.0,8,RAIN,False,0.0,0.0,,,
BeijingAir_Tiantan,PatchTST,drift,0,2329,572,0.5964974164962769,MSE,0.019361652433872223,0.33530983328819275,input,9.0,8,WSPM,False,1.7000000476837158,1.7000000476837158,,,
BeijingAir_Tiantan,PatchTST,drift,0,2329,572,0.5964974164962769,MSE,0.019361652433872223,0.33530983328819275,input,9.0,8,wd,False,12.0,12.0,,,
BeijingAir_Tiantan,PatchTST,drift,0,2329,572,0.5964974164962769,MSE,0.019361652433872223,0.33530983328819275,input,10.0,9,PM2.5,True,40.0,76.46280670166016,,,
BeijingAir_Tiantan,PatchTST,drift,0,2329,572,0.5964974164962769,MSE,0.019361652433872223,0.33530983328819275,input,10.0,9,PM10,False,88.0,88.0,,,
BeijingAir_Tiantan,PatchTST,drift,0,2329,572,0.5964974164962769,MSE,0.019361652433872223,0.33530983328819275,input,10.0,9,SO2,False,2.0,2.0,,,
BeijingAir_Tiantan,PatchTST,drift,0,2329,572,0.5964974164962769,MSE,0.019361652433872223,0.33530983328819275,input,10.0,9,NO2,False,50.0,50.0,,,
BeijingAir_Tiantan,PatchTST,drift,0,2329,572,0.5964974164962769,MSE,0.019361652433872223,0.33530983328819275,input,10.0,9,CO,False,800.0,800.0,,,
BeijingAir_Tiantan,PatchTST,drift,0,2329,572,0.5964974164962769,MSE,0.019361652433872223,0.33530983328819275,input,10.0,9,O3,True,102.0,129.7984619140625,,,
BeijingAir_Tiantan,PatchTST,drift,0,2329,572,0.5964974164962769,MSE,0.019361652433872223,0.33530983328819275,input,10.0,9,TEMP,False,27.799999237060547,27.799999237060547,,,
BeijingAir_Tiantan,PatchTST,drift,0,2329,572,0.5964974164962769,MSE,0.019361652433872223,0.33530983328819275,input,10.0,9,PRES,False,1005.4000244140625,1005.4000244140625,,,
BeijingAir_Tiantan,PatchTST,drift,0,2329,572,0.5964974164962769,MSE,0.019361652433872223,0.33530983328819275,input,10.0,9,DEWP,True,17.299999237060547,23.524423599243164,,,
BeijingAir_Tiantan,PatchTST,drift,0,2329,572,0.5964974164962769,MSE,0.019361652433872223,0.33530983328819275,input,10.0,9,RAIN,False,0.0,0.0,,,
BeijingAir_Tiantan,PatchTST,drift,0,2329,572,0.5964974164962769,MSE,0.019361652433872223,0.33530983328819275,input,10.0,9,WSPM,False,1.899999976158142,1.899999976158142,,,
BeijingAir_Tiantan,PatchTST,drift,0,2329,572,0.5964974164962769,MSE,0.019361652433872223,0.33530983328819275,input,10.0,9,wd,False,11.0,11.0,,,
BeijingAir_Tiantan,PatchTST,drift,0,2329,572,0.5964974164962769,MSE,0.019361652433872223,0.33530983328819275,input,11.0,10,PM2.5,True,43.0,79.46280670166016,,,
BeijingAir_Tiantan,PatchTST,drift,0,2329,572,0.5964974164962769,MSE,0.019361652433872223,0.33530983328819275,input,11.0,10,PM10,False,85.0,85.0,,,
BeijingAir_Tiantan,PatchTST,drift,0,2329,572,0.5964974164962769,MSE,0.019361652433872223,0.33530983328819275,input,11.0,10,SO2,False,2.0,2.0,,,
BeijingAir_Tiantan,PatchTST,drift,0,2329,572,0.5964974164962769,MSE,0.019361652433872223,0.33530983328819275,input,11.0,10,NO2,False,55.0,55.0,,,
BeijingAir_Tiantan,PatchTST,drift,0,2329,572,0.5964974164962769,MSE,0.019361652433872223,0.33530983328819275,input,11.0,10,CO,False,800.0,800.0,,,
BeijingAir_Tiantan,PatchTST,drift,0,2329,572,0.5964974164962769,MSE,0.019361652433872223,0.33530983328819275,input,11.0,10,O3,True,61.0,88.7984619140625,,,
BeijingAir_Tiantan,PatchTST,drift,0,2329,572,0.5964974164962769,MSE,0.019361652433872223,0.33530983328819275,input,11.0,10,TEMP,False,27.399999618530273,27.399999618530273,,,
BeijingAir_Tiantan,PatchTST,drift,0,2329,572,0.5964974164962769,MSE,0.019361652433872223,0.33530983328819275,input,11.0,10,PRES,False,1005.4000244140625,1005.4000244140625,,,
BeijingAir_Tiantan,PatchTST,drift,0,2329,572,0.5964974164962769,MSE,0.019361652433872223,0.33530983328819275,input,11.0,10,DEWP,True,17.600000381469727,23.824424743652344,,,
BeijingAir_Tiantan,PatchTST,drift,0,2329,572,0.5964974164962769,MSE,0.019361652433872223,0.33530983328819275,input,11.0,10,RAIN,False,0.0,0.0,,,
BeijingAir_Tiantan,PatchTST,drift,0,2329,572,0.5964974164962769,MSE,0.019361652433872223,0.33530983328819275,input,11.0,10,WSPM,False,1.899999976158142,1.899999976158142,,,
BeijingAir_Tiantan,PatchTST,drift,0,2329,572,0.5964974164962769,MSE,0.019361652433872223,0.33530983328819275,input,11.0,10,wd,False,11.0,11.0,,,
BeijingAir_Tiantan,PatchTST,drift,0,2329,572,0.5964974164962769,MSE,0.019361652433872223,0.33530983328819275,input,12.0,11,PM2.5,True,43.0,79.46280670166016,,,
BeijingAir_Tiantan,PatchTST,drift,0,2329,572,0.5964974164962769,MSE,0.019361652433872223,0.33530983328819275,input,12.0,11,PM10,False,75.0,75.0,,,
BeijingAir_Tiantan,PatchTST,drift,0,2329,572,0.5964974164962769,MSE,0.019361652433872223,0.33530983328819275,input,12.0,11,SO2,False,2.0,2.0,,,
BeijingAir_Tiantan,PatchTST,drift,0,2329,572,0.5964974164962769,MSE,0.019361652433872223,0.33530983328819275,input,12.0,11,NO2,False,46.0,46.0,,,
BeijingAir_Tiantan,PatchTST,drift,0,2329,572,0.5964974164962769,MSE,0.019361652433872223,0.33530983328819275,input,12.0,11,CO,False,800.0,800.0,,,
BeijingAir_Tiantan,PatchTST,drift,0,2329,572,0.5964974164962769,MSE,0.019361652433872223,0.33530983328819275,input,12.0,11,O3,True,64.0,91.7984619140625,,,
BeijingAir_Tiantan,PatchTST,drift,0,2329,572,0.5964974164962769,MSE,0.019361652433872223,0.33530983328819275,input,12.0,11,TEMP,False,26.899999618530273,26.899999618530273,,,
BeijingAir_Tiantan,PatchTST,drift,0,2329,572,0.5964974164962769,MSE,0.019361652433872223,0.33530983328819275,input,12.0,11,PRES,False,1005.2999877929688,1005.2999877929688,,,
BeijingAir_Tiantan,PatchTST,drift,0,2329,572,0.5964974164962769,MSE,0.019361652433872223,0.33530983328819275,input,12.0,11,DEWP,True,17.700000762939453,23.924423217773438,,,
BeijingAir_Tiantan,PatchTST,drift,0,2329,572,0.5964974164962769,MSE,0.019361652433872223,0.33530983328819275,input,12.0,11,RAIN,False,0.0,0.0,,,
BeijingAir_Tiantan,PatchTST,drift,0,2329,572,0.5964974164962769,MSE,0.019361652433872223,0.33530983328819275,input,12.0,11,WSPM,False,1.2000000476837158,1.2000000476837158,,,
BeijingAir_Tiantan,PatchTST,drift,0,2329,572,0.5964974164962769,MSE,0.019361652433872223,0.33530983328819275,input,12.0,11,wd,False,11.0,11.0,,,
BeijingAir_Tiantan,PatchTST,drift,0,2329,572,0.5964974164962769,MSE,0.019361652433872223,0.33530983328819275,input,13.0,12,PM2.5,True,46.0,82.46280670166016,,,
BeijingAir_Tiantan,PatchTST,drift,0,2329,572,0.5964974164962769,MSE,0.019361652433872223,0.33530983328819275,input,13.0,12,PM10,False,61.0,61.0,,,
BeijingAir_Tiantan,PatchTST,drift,0,2329,572,0.5964974164962769,MSE,0.019361652433872223,0.33530983328819275,input,13.0,12,SO2,False,2.0,2.0,,,
BeijingAir_Tiantan,PatchTST,drift,0,2329,572,0.5964974164962769,MSE,0.019361652433872223,0.33530983328819275,input,13.0,12,NO2,False,45.0,45.0,,,
BeijingAir_Tiantan,PatchTST,drift,0,2329,572,0.5964974164962769,MSE,0.019361652433872223,0.33530983328819275,input,13.0,12,CO,False,800.0,800.0,,,
BeijingAir_Tiantan,PatchTST,drift,0,2329,572,0.5964974164962769,MSE,0.019361652433872223,0.33530983328819275,input,13.0,12,O3,True,78.0,105.7984619140625,,,
BeijingAir_Tiantan,PatchTST,drift,0,2329,572,0.5964974164962769,MSE,0.019361652433872223,0.33530983328819275,input,13.0,12,TEMP,False,24.100000381469727,24.100000381469727,,,
BeijingAir_Tiantan,PatchTST,drift,0,2329,572,0.5964974164962769,MSE,0.019361652433872223,0.33530983328819275,input,13.0,12,PRES,False,1005.5,1005.5,,,
BeijingAir_Tiantan,PatchTST,drift,0,2329,572,0.5964974164962769,MSE,0.019361652433872223,0.33530983328819275,input,13.0,12,DEWP,True,18.10000228881836,24.324424743652344,,,
BeijingAir_Tiantan,PatchTST,drift,0,2329,572,0.5964974164962769,MSE,0.019361652433872223,0.33530983328819275,input,13.0,12,RAIN,False,0.0,0.0,,,
BeijingAir_Tiantan,PatchTST,drift,0,2329,572,0.5964974164962769,MSE,0.019361652433872223,0.33530983328819275,input,13.0,12,WSPM,False,1.5,1.5,,,
BeijingAir_Tiantan,PatchTST,drift,0,2329,572,0.5964974164962769,MSE,0.019361652433872223,0.33530983328819275,input,13.0,12,wd,False,2.0,2.0,,,
BeijingAir_Tiantan,PatchTST,drift,0,2329,572,0.5964974164962769,MSE,0.019361652433872223,0.33530983328819275,input,14.0,13,PM2.5,True,38.0,74.46279907226562,,,
BeijingAir_Tiantan,PatchTST,drift,0,2329,572,0.5964974164962769,MSE,0.019361652433872223,0.33530983328819275,input,14.0,13,PM10,False,66.0,66.0,,,
BeijingAir_Tiantan,PatchTST,drift,0,2329,572,0.5964974164962769,MSE,0.019361652433872223,0.33530983328819275,input,14.0,13,SO2,False,2.0,2.0,,,
BeijingAir_Tiantan,PatchTST,drift,0,2329,572,0.5964974164962769,MSE,0.019361652433872223,0.33530983328819275,input,14.0,13,NO2,False,47.0,47.0,,,
BeijingAir_Tiantan,PatchTST,drift,0,2329,572,0.5964974164962769,MSE,0.019361652433872223,0.33530983328819275,input,14.0,13,CO,False,800.0,800.0,,,
BeijingAir_Tiantan,PatchTST,drift,0,2329,572,0.5964974164962769,MSE,0.019361652433872223,0.33530983328819275,input,14.0,13,O3,True,39.0,66.7984619140625,,,
BeijingAir_Tiantan,PatchTST,drift,0,2329,572,0.5964974164962769,MSE,0.019361652433872223,0.33530983328819275,input,14.0,13,TEMP,False,22.5,22.5,,,
BeijingAir_Tiantan,PatchTST,drift,0,2329,572,0.5964974164962769,MSE,0.019361652433872223,0.33530983328819275,input,14.0,13,PRES,False,1005.5,1005.5,,,
BeijingAir_Tiantan,PatchTST,drift,0,2329,572,0.5964974164962769,MSE,0.019361652433872223,0.33530983328819275,input,14.0,13,DEWP,True,17.0,23.224424362182617,,,
BeijingAir_Tiantan,PatchTST,drift,0,2329,572,0.5964974164962769,MSE,0.019361652433872223,0.33530983328819275,input,14.0,13,RAIN,False,0.0,0.0,,,
BeijingAir_Tiantan,PatchTST,drift,0,2329,572,0.5964974164962769,MSE,0.019361652433872223,0.33530983328819275,input,14.0,13,WSPM,False,1.0,1.0,,,
BeijingAir_Tiantan,PatchTST,drift,0,2329,572,0.5964974164962769,MSE,0.019361652433872223,0.33530983328819275,input,14.0,13,wd,False,2.0,2.0,,,
BeijingAir_Tiantan,PatchTST,drift,0,2329,572,0.5964974164962769,MSE,0.019361652433872223,0.33530983328819275,input,15.0,14,PM2.5,True,37.000003814697266,73.46280670166016,,,
BeijingAir_Tiantan,PatchTST,drift,0,2329,572,0.5964974164962769,MSE,0.019361652433872223,0.33530983328819275,input,15.0,14,PM10,False,44.0,44.0,,,
BeijingAir_Tiantan,PatchTST,drift,0,2329,572,0.5964974164962769,MSE,0.019361652433872223,0.33530983328819275,input,15.0,14,SO2,False,3.0,3.0,,,
BeijingAir_Tiantan,PatchTST,drift,0,2329,572,0.5964974164962769,MSE,0.019361652433872223,0.33530983328819275,input,15.0,14,NO2,False,69.0,69.0,,,
BeijingAir_Tiantan,PatchTST,drift,0,2329,572,0.5964974164962769,MSE,0.019361652433872223,0.33530983328819275,input,15.0,14,CO,False,800.0,800.0,,,
BeijingAir_Tiantan,PatchTST,drift,0,2329,572,0.5964974164962769,MSE,0.019361652433872223,0.33530983328819275,input,15.0,14,O3,True,15.0,42.7984619140625,,,
BeijingAir_Tiantan,PatchTST,drift,0,2329,572,0.5964974164962769,MSE,0.019361652433872223,0.33530983328819275,input,15.0,14,TEMP,False,21.0,21.0,,,
BeijingAir_Tiantan,PatchTST,drift,0,2329,572,0.5964974164962769,MSE,0.019361652433872223,0.33530983328819275,input,15.0,14,PRES,False,1005.5999755859375,1005.5999755859375,,,
BeijingAir_Tiantan,PatchTST,drift,0,2329,572,0.5964974164962769,MSE,0.019361652433872223,0.33530983328819275,input,15.0,14,DEWP,True,17.0,23.224424362182617,,,
BeijingAir_Tiantan,PatchTST,drift,0,2329,572,0.5964974164962769,MSE,0.019361652433872223,0.33530983328819275,input,15.0,14,RAIN,False,0.0,0.0,,,
BeijingAir_Tiantan,PatchTST,drift,0,2329,572,0.5964974164962769,MSE,0.019361652433872223,0.33530983328819275,input,15.0,14,WSPM,False,0.6999999284744263,0.6999999284744263,,,
BeijingAir_Tiantan,PatchTST,drift,0,2329,572,0.5964974164962769,MSE,0.019361652433872223,0.33530983328819275,input,15.0,14,wd,False,3.0,3.0,,,
BeijingAir_Tiantan,PatchTST,drift,0,2329,572,0.5964974164962769,MSE,0.019361652433872223,0.33530983328819275,input,16.0,15,PM2.5,True,40.0,76.46280670166016,,,
BeijingAir_Tiantan,PatchTST,drift,0,2329,572,0.5964974164962769,MSE,0.019361652433872223,0.33530983328819275,input,16.0,15,PM10,False,60.0,60.0,,,
BeijingAir_Tiantan,PatchTST,drift,0,2329,572,0.5964974164962769,MSE,0.019361652433872223,0.33530983328819275,input,16.0,15,SO2,False,4.0,4.0,,,
BeijingAir_Tiantan,PatchTST,drift,0,2329,572,0.5964974164962769,MSE,0.019361652433872223,0.33530983328819275,input,16.0,15,NO2,False,80.0,80.0,,,
BeijingAir_Tiantan,PatchTST,drift,0,2329,572,0.5964974164962769,MSE,0.019361652433872223,0.33530983328819275,input,16.0,15,CO,False,900.0,900.0,,,
BeijingAir_Tiantan,PatchTST,drift,0,2329,572,0.5964974164962769,MSE,0.019361652433872223,0.33530983328819275,input,16.0,15,O3,True,2.0,29.7984619140625,,,
BeijingAir_Tiantan,PatchTST,drift,0,2329,572,0.5964974164962769,MSE,0.019361652433872223,0.33530983328819275,input,16.0,15,TEMP,False,20.399999618530273,20.399999618530273,,,
BeijingAir_Tiantan,PatchTST,drift,0,2329,572,0.5964974164962769,MSE,0.019361652433872223,0.33530983328819275,input,16.0,15,PRES,False,1005.5999755859375,1005.5999755859375,,,
BeijingAir_Tiantan,PatchTST,drift,0,2329,572,0.5964974164962769,MSE,0.019361652433872223,0.33530983328819275,input,16.0,15,DEWP,True,16.799999237060547,23.024423599243164,,,
BeijingAir_Tiantan,PatchTST,drift,0,2329,572,0.5964974164962769,MSE,0.019361652433872223,0.33530983328819275,input,16.0,15,RAIN,False,0.0,0.0,,,
BeijingAir_Tiantan,PatchTST,drift,0,2329,572,0.5964974164962769,MSE,0.019361652433872223,0.33530983328819275,input,16.0,15,WSPM,False,1.0,1.0,,,
BeijingAir_Tiantan,PatchTST,drift,0,2329,572,0.5964974164962769,MSE,0.019361652433872223,0.33530983328819275,input,16.0,15,wd,False,1.0,1.0,,,
BeijingAir_Tiantan,PatchTST,drift,0,2329,572,0.5964974164962769,MSE,0.019361652433872223,0.33530983328819275,input,17.0,16,PM2.5,True,15.0,51.462799072265625,,,
BeijingAir_Tiantan,PatchTST,drift,0,2329,572,0.5964974164962769,MSE,0.019361652433872223,0.33530983328819275,input,17.0,16,PM10,False,25.0,25.0,,,
BeijingAir_Tiantan,PatchTST,drift,0,2329,572,0.5964974164962769,MSE,0.019361652433872223,0.33530983328819275,input,17.0,16,SO2,False,4.0,4.0,,,
BeijingAir_Tiantan,PatchTST,drift,0,2329,572,0.5964974164962769,MSE,0.019361652433872223,0.33530983328819275,input,17.0,16,NO2,False,55.0,55.0,,,
BeijingAir_Tiantan,PatchTST,drift,0,2329,572,0.5964974164962769,MSE,0.019361652433872223,0.33530983328819275,input,17.0,16,CO,False,500.0,500.0,,,
BeijingAir_Tiantan,PatchTST,drift,0,2329,572,0.5964974164962769,MSE,0.019361652433872223,0.33530983328819275,input,17.0,16,O3,True,9.0,36.7984619140625,,,
BeijingAir_Tiantan,PatchTST,drift,0,2329,572,0.5964974164962769,MSE,0.019361652433872223,0.33530983328819275,input,17.0,16,TEMP,False,20.899999618530273,20.899999618530273,,,
BeijingAir_Tiantan,PatchTST,drift,0,2329,572,0.5964974164962769,MSE,0.019361652433872223,0.33530983328819275,input,17.0,16,PRES,False,1005.4000244140625,1005.4000244140625,,,
BeijingAir_Tiantan,PatchTST,drift,0,2329,572,0.5964974164962769,MSE,0.019361652433872223,0.33530983328819275,input,17.0,16,DEWP,True,16.100000381469727,22.324424743652344,,,
BeijingAir_Tiantan,PatchTST,drift,0,2329,572,0.5964974164962769,MSE,0.019361652433872223,0.33530983328819275,input,17.0,16,RAIN,False,0.0,0.0,,,
BeijingAir_Tiantan,PatchTST,drift,0,2329,572,0.5964974164962769,MSE,0.019361652433872223,0.33530983328819275,input,17.0,16,WSPM,False,0.8999999761581421,0.8999999761581421,,,
BeijingAir_Tiantan,PatchTST,drift,0,2329,572,0.5964974164962769,MSE,0.019361652433872223,0.33530983328819275,input,17.0,16,wd,False,3.0,3.0,,,
BeijingAir_Tiantan,PatchTST,drift,0,2329,572,0.5964974164962769,MSE,0.019361652433872223,0.33530983328819275,input,18.0,17,PM2.5,True,18.0,54.462799072265625,,,
BeijingAir_Tiantan,PatchTST,drift,0,2329,572,0.5964974164962769,MSE,0.019361652433872223,0.33530983328819275,input,18.0,17,PM10,False,36.0,36.0,,,
BeijingAir_Tiantan,PatchTST,drift,0,2329,572,0.5964974164962769,MSE,0.019361652433872223,0.33530983328819275,input,18.0,17,SO2,False,3.0,3.0,,,
BeijingAir_Tiantan,PatchTST,drift,0,2329,572,0.5964974164962769,MSE,0.019361652433872223,0.33530983328819275,input,18.0,17,NO2,False,54.0,54.0,,,
BeijingAir_Tiantan,PatchTST,drift,0,2329,572,0.5964974164962769,MSE,0.019361652433872223,0.33530983328819275,input,18.0,17,CO,False,600.0000610351562,600.0000610351562,,,
BeijingAir_Tiantan,PatchTST,drift,0,2329,572,0.5964974164962769,MSE,0.019361652433872223,0.33530983328819275,input,18.0,17,O3,True,4.0,31.798460006713867,,,
BeijingAir_Tiantan,PatchTST,drift,0,2329,572,0.5964974164962769,MSE,0.019361652433872223,0.33530983328819275,input,18.0,17,TEMP,False,20.700000762939453,20.700000762939453,,,
BeijingAir_Tiantan,PatchTST,drift,0,2329,572,0.5964974164962769,MSE,0.019361652433872223,0.33530983328819275,input,18.0,17,PRES,False,1005.2999877929688,1005.2999877929688,,,
BeijingAir_Tiantan,PatchTST,drift,0,2329,572,0.5964974164962769,MSE,0.019361652433872223,0.33530983328819275,input,18.0,17,DEWP,True,15.899999618530273,22.12442398071289,,,
BeijingAir_Tiantan,PatchTST,drift,0,2329,572,0.5964974164962769,MSE,0.019361652433872223,0.33530983328819275,input,18.0,17,RAIN,False,0.0,0.0,,,
BeijingAir_Tiantan,PatchTST,drift,0,2329,572,0.5964974164962769,MSE,0.019361652433872223,0.33530983328819275,input,18.0,17,WSPM,False,1.2000000476837158,1.2000000476837158,,,
BeijingAir_Tiantan,PatchTST,drift,0,2329,572,0.5964974164962769,MSE,0.019361652433872223,0.33530983328819275,input,18.0,17,wd,False,2.0,2.0,,,
BeijingAir_Tiantan,PatchTST,drift,0,2329,572,0.5964974164962769,MSE,0.019361652433872223,0.33530983328819275,input,19.0,18,PM2.5,True,22.0,58.462799072265625,,,
BeijingAir_Tiantan,PatchTST,drift,0,2329,572,0.5964974164962769,MSE,0.019361652433872223,0.33530983328819275,input,19.0,18,PM10,False,22.0,22.0,,,
BeijingAir_Tiantan,PatchTST,drift,0,2329,572,0.5964974164962769,MSE,0.019361652433872223,0.33530983328819275,input,19.0,18,SO2,False,3.0,3.0,,,
BeijingAir_Tiantan,PatchTST,drift,0,2329,572,0.5964974164962769,MSE,0.019361652433872223,0.33530983328819275,input,19.0,18,NO2,False,49.0,49.0,,,
BeijingAir_Tiantan,PatchTST,drift,0,2329,572,0.5964974164962769,MSE,0.019361652433872223,0.33530983328819275,input,19.0,18,CO,False,600.0000610351562,600.0000610351562,,,
BeijingAir_Tiantan,PatchTST,drift,0,2329,572,0.5964974164962769,MSE,0.019361652433872223,0.33530983328819275,input,19.0,18,O3,True,8.0,35.7984619140625,,,
BeijingAir_Tiantan,PatchTST,drift,0,2329,572,0.5964974164962769,MSE,0.019361652433872223,0.33530983328819275,input,19.0,18,TEMP,False,20.399999618530273,20.399999618530273,,,
BeijingAir_Tiantan,PatchTST,drift,0,2329,572,0.5964974164962769,MSE,0.019361652433872223,0.33530983328819275,input,19.0,18,PRES,False,1005.7000122070312,1005.7000122070312,,,
BeijingAir_Tiantan,PatchTST,drift,0,2329,572,0.5964974164962769,MSE,0.019361652433872223,0.33530983328819275,input,19.0,18,DEWP,True,15.799999237060547,22.024423599243164,,,
BeijingAir_Tiantan,PatchTST,drift,0,2329,572,0.5964974164962769,MSE,0.019361652433872223,0.33530983328819275,input,19.0,18,RAIN,False,0.0,0.0,,,
BeijingAir_Tiantan,PatchTST,drift,0,2329,572,0.5964974164962769,MSE,0.019361652433872223,0.33530983328819275,input,19.0,18,WSPM,False,1.2000000476837158,1.2000000476837158,,,
BeijingAir_Tiantan,PatchTST,drift,0,2329,572,0.5964974164962769,MSE,0.019361652433872223,0.33530983328819275,input,19.0,18,wd,False,1.0,1.0,,,
BeijingAir_Tiantan,PatchTST,drift,0,2329,572,0.5964974164962769,MSE,0.019361652433872223,0.33530983328819275,input,20.0,19,PM2.5,True,9.0,45.46280288696289,,,
BeijingAir_Tiantan,PatchTST,drift,0,2329,572,0.5964974164962769,MSE,0.019361652433872223,0.33530983328819275,input,20.0,19,PM10,False,24.0,24.0,,,
BeijingAir_Tiantan,PatchTST,drift,0,2329,572,0.5964974164962769,MSE,0.019361652433872223,0.33530983328819275,input,20.0,19,SO2,False,4.0,4.0,,,
BeijingAir_Tiantan,PatchTST,drift,0,2329,572,0.5964974164962769,MSE,0.019361652433872223,0.33530983328819275,input,20.0,19,NO2,False,61.0,61.0,,,
BeijingAir_Tiantan,PatchTST,drift,0,2329,572,0.5964974164962769,MSE,0.019361652433872223,0.33530983328819275,input,20.0,19,CO,False,700.0,700.0,,,
BeijingAir_Tiantan,PatchTST,drift,0,2329,572,0.5964974164962769,MSE,0.019361652433872223,0.33530983328819275,input,20.0,19,O3,True,6.0,33.7984619140625,,,
BeijingAir_Tiantan,PatchTST,drift,0,2329,572,0.5964974164962769,MSE,0.019361652433872223,0.33530983328819275,input,20.0,19,TEMP,False,21.0,21.0,,,
BeijingAir_Tiantan,PatchTST,drift,0,2329,572,0.5964974164962769,MSE,0.019361652433872223,0.33530983328819275,input,20.0,19,PRES,False,1005.9000244140625,1005.9000244140625,,,
BeijingAir_Tiantan,PatchTST,drift,0,2329,572,0.5964974164962769,MSE,0.019361652433872223,0.33530983328819275,input,20.0,19,DEWP,True,15.799999237060547,22.024423599243164,,,
BeijingAir_Tiantan,PatchTST,drift,0,2329,572,0.5964974164962769,MSE,0.019361652433872223,0.33530983328819275,input,20.0,19,RAIN,False,0.0,0.0,,,
BeijingAir_Tiantan,PatchTST,drift,0,2329,572,0.5964974164962769,MSE,0.019361652433872223,0.33530983328819275,input,20.0,19,WSPM,False,0.8999999761581421,0.8999999761581421,,,
BeijingAir_Tiantan,PatchTST,drift,0,2329,572,0.5964974164962769,MSE,0.019361652433872223,0.33530983328819275,input,20.0,19,wd,False,3.0,3.0,,,
BeijingAir_Tiantan,PatchTST,drift,0,2329,572,0.5964974164962769,MSE,0.019361652433872223,0.33530983328819275,input,21.0,20,PM2.5,True,15.0,51.462799072265625,,,
BeijingAir_Tiantan,PatchTST,drift,0,2329,572,0.5964974164962769,MSE,0.019361652433872223,0.33530983328819275,input,21.0,20,PM10,False,34.0,34.0,,,
BeijingAir_Tiantan,PatchTST,drift,0,2329,572,0.5964974164962769,MSE,0.019361652433872223,0.33530983328819275,input,21.0,20,SO2,False,5.0,5.0,,,
BeijingAir_Tiantan,PatchTST,drift,0,2329,572,0.5964974164962769,MSE,0.019361652433872223,0.33530983328819275,input,21.0,20,NO2,False,61.0,61.0,,,
BeijingAir_Tiantan,PatchTST,drift,0,2329,572,0.5964974164962769,MSE,0.019361652433872223,0.33530983328819275,input,21.0,20,CO,False,1000.0,1000.0,,,
BeijingAir_Tiantan,PatchTST,drift,0,2329,572,0.5964974164962769,MSE,0.019361652433872223,0.33530983328819275,input,21.0,20,O3,True,9.0,36.7984619140625,,,
BeijingAir_Tiantan,PatchTST,drift,0,2329,572,0.5964974164962769,MSE,0.019361652433872223,0.33530983328819275,input,21.0,20,TEMP,False,23.200000762939453,23.200000762939453,,,
BeijingAir_Tiantan,PatchTST,drift,0,2329,572,0.5964974164962769,MSE,0.019361652433872223,0.33530983328819275,input,21.0,20,PRES,False,1005.9000244140625,1005.9000244140625,,,
BeijingAir_Tiantan,PatchTST,drift,0,2329,572,0.5964974164962769,MSE,0.019361652433872223,0.33530983328819275,input,21.0,20,DEWP,True,15.799999237060547,22.024423599243164,,,
BeijingAir_Tiantan,PatchTST,drift,0,2329,572,0.5964974164962769,MSE,0.019361652433872223,0.33530983328819275,input,21.0,20,RAIN,False,0.0,0.0,,,
BeijingAir_Tiantan,PatchTST,drift,0,2329,572,0.5964974164962769,MSE,0.019361652433872223,0.33530983328819275,input,21.0,20,WSPM,False,2.0999999046325684,2.0999999046325684,,,
BeijingAir_Tiantan,PatchTST,drift,0,2329,572,0.5964974164962769,MSE,0.019361652433872223,0.33530983328819275,input,21.0,20,wd,False,1.0,1.0,,,
BeijingAir_Tiantan,PatchTST,drift,0,2329,572,0.5964974164962769,MSE,0.019361652433872223,0.33530983328819275,input,22.0,21,PM2.5,True,18.0,54.462799072265625,,,
BeijingAir_Tiantan,PatchTST,drift,0,2329,572,0.5964974164962769,MSE,0.019361652433872223,0.33530983328819275,input,22.0,21,PM10,False,28.0,28.0,,,
BeijingAir_Tiantan,PatchTST,drift,0,2329,572,0.5964974164962769,MSE,0.019361652433872223,0.33530983328819275,input,22.0,21,SO2,False,9.0,9.0,,,
BeijingAir_Tiantan,PatchTST,drift,0,2329,572,0.5964974164962769,MSE,0.019361652433872223,0.33530983328819275,input,22.0,21,NO2,False,53.0,53.0,,,
BeijingAir_Tiantan,PatchTST,drift,0,2329,572,0.5964974164962769,MSE,0.019361652433872223,0.33530983328819275,input,22.0,21,CO,False,800.0,800.0,,,
BeijingAir_Tiantan,PatchTST,drift,0,2329,572,0.5964974164962769,MSE,0.019361652433872223,0.33530983328819275,input,22.0,21,O3,True,22.0,49.7984619140625,,,
BeijingAir_Tiantan,PatchTST,drift,0,2329,572,0.5964974164962769,MSE,0.019361652433872223,0.33530983328819275,input,22.0,21,TEMP,False,25.5,25.5,,,
BeijingAir_Tiantan,PatchTST,drift,0,2329,572,0.5964974164962769,MSE,0.019361652433872223,0.33530983328819275,input,22.0,21,PRES,False,1005.9000244140625,1005.9000244140625,,,
BeijingAir_Tiantan,PatchTST,drift,0,2329,572,0.5964974164962769,MSE,0.019361652433872223,0.33530983328819275,input,22.0,21,DEWP,True,15.19999885559082,21.424423217773438,,,
BeijingAir_Tiantan,PatchTST,drift,0,2329,572,0.5964974164962769,MSE,0.019361652433872223,0.33530983328819275,input,22.0,21,RAIN,False,0.0,0.0,,,
BeijingAir_Tiantan,PatchTST,drift,0,2329,572,0.5964974164962769,MSE,0.019361652433872223,0.33530983328819275,input,22.0,21,WSPM,False,2.0999999046325684,2.0999999046325684,,,
BeijingAir_Tiantan,PatchTST,drift,0,2329,572,0.5964974164962769,MSE,0.019361652433872223,0.33530983328819275,input,22.0,21,wd,False,1.0,1.0,,,
BeijingAir_Tiantan,PatchTST,drift,0,2329,572,0.5964974164962769,MSE,0.019361652433872223,0.33530983328819275,input,23.0,22,PM2.5,True,20.0,56.46280288696289,,,
BeijingAir_Tiantan,PatchTST,drift,0,2329,572,0.5964974164962769,MSE,0.019361652433872223,0.33530983328819275,input,23.0,22,PM10,False,42.0,42.0,,,
BeijingAir_Tiantan,PatchTST,drift,0,2329,572,0.5964974164962769,MSE,0.019361652433872223,0.33530983328819275,input,23.0,22,SO2,False,8.0,8.0,,,
BeijingAir_Tiantan,PatchTST,drift,0,2329,572,0.5964974164962769,MSE,0.019361652433872223,0.33530983328819275,input,23.0,22,NO2,False,57.0,57.0,,,
BeijingAir_Tiantan,PatchTST,drift,0,2329,572,0.5964974164962769,MSE,0.019361652433872223,0.33530983328819275,input,23.0,22,CO,False,700.0,700.0,,,
BeijingAir_Tiantan,PatchTST,drift,0,2329,572,0.5964974164962769,MSE,0.019361652433872223,0.33530983328819275,input,23.0,22,O3,True,25.0,52.7984619140625,,,
BeijingAir_Tiantan,PatchTST,drift,0,2329,572,0.5964974164962769,MSE,0.019361652433872223,0.33530983328819275,input,23.0,22,TEMP,False,27.89999771118164,27.89999771118164,,,
BeijingAir_Tiantan,PatchTST,drift,0,2329,572,0.5964974164962769,MSE,0.019361652433872223,0.33530983328819275,input,23.0,22,PRES,False,1005.7999877929688,1005.7999877929688,,,
BeijingAir_Tiantan,PatchTST,drift,0,2329,572,0.5964974164962769,MSE,0.019361652433872223,0.33530983328819275,input,23.0,22,DEWP,True,14.899999618530273,21.12442398071289,,,
BeijingAir_Tiantan,PatchTST,drift,0,2329,572,0.5964974164962769,MSE,0.019361652433872223,0.33530983328819275,input,23.0,22,RAIN,False,0.0,0.0,,,
BeijingAir_Tiantan,PatchTST,drift,0,2329,572,0.5964974164962769,MSE,0.019361652433872223,0.33530983328819275,input,23.0,22,WSPM,False,1.5,1.5,,,
BeijingAir_Tiantan,PatchTST,drift,0,2329,572,0.5964974164962769,MSE,0.019361652433872223,0.33530983328819275,input,23.0,22,wd,False,2.0,2.0,,,
BeijingAir_Tiantan,PatchTST,drift,0,2329,572,0.5964974164962769,MSE,0.019361652433872223,0.33530983328819275,input,24.0,23,PM2.5,True,19.0,55.46280288696289,,,
BeijingAir_Tiantan,PatchTST,drift,0,2329,572,0.5964974164962769,MSE,0.019361652433872223,0.33530983328819275,input,24.0,23,PM10,False,42.0,42.0,,,
BeijingAir_Tiantan,PatchTST,drift,0,2329,572,0.5964974164962769,MSE,0.019361652433872223,0.33530983328819275,input,24.0,23,SO2,False,9.0,9.0,,,
BeijingAir_Tiantan,PatchTST,drift,0,2329,572,0.5964974164962769,MSE,0.019361652433872223,0.33530983328819275,input,24.0,23,NO2,False,62.0,62.0,,,
BeijingAir_Tiantan,PatchTST,drift,0,2329,572,0.5964974164962769,MSE,0.019361652433872223,0.33530983328819275,input,24.0,23,CO,False,700.0,700.0,,,
BeijingAir_Tiantan,PatchTST,drift,0,2329,572,0.5964974164962769,MSE,0.019361652433872223,0.33530983328819275,input,24.0,23,O3,True,35.0,62.7984619140625,,,
BeijingAir_Tiantan,PatchTST,drift,0,2329,572,0.5964974164962769,MSE,0.019361652433872223,0.33530983328819275,input,24.0,23,TEMP,False,30.100000381469727,30.100000381469727,,,
BeijingAir_Tiantan,PatchTST,drift,0,2329,572,0.5964974164962769,MSE,0.019361652433872223,0.33530983328819275,input,24.0,23,PRES,False,1005.2999877929688,1005.2999877929688,,,
BeijingAir_Tiantan,PatchTST,drift,0,2329,572,0.5964974164962769,MSE,0.019361652433872223,0.33530983328819275,input,24.0,23,DEWP,True,14.19999885559082,20.424423217773438,,,
BeijingAir_Tiantan,PatchTST,drift,0,2329,572,0.5964974164962769,MSE,0.019361652433872223,0.33530983328819275,input,24.0,23,RAIN,False,0.0,0.0,,,
BeijingAir_Tiantan,PatchTST,drift,0,2329,572,0.5964974164962769,MSE,0.019361652433872223,0.33530983328819275,input,24.0,23,WSPM,False,3.200000047683716,3.200000047683716,,,
BeijingAir_Tiantan,PatchTST,drift,0,2329,572,0.5964974164962769,MSE,0.019361652433872223,0.33530983328819275,input,24.0,23,wd,False,14.0,14.0,,,
BeijingAir_Tiantan,PatchTST,drift,0,2329,572,0.5964974164962769,MSE,0.019361652433872223,0.33530983328819275,input,25.0,24,PM2.5,True,30.0,66.46280670166016,,,
BeijingAir_Tiantan,PatchTST,drift,0,2329,572,0.5964974164962769,MSE,0.019361652433872223,0.33530983328819275,input,25.0,24,PM10,False,30.0,30.0,,,
BeijingAir_Tiantan,PatchTST,drift,0,2329,572,0.5964974164962769,MSE,0.019361652433872223,0.33530983328819275,input,25.0,24,SO2,False,9.0,9.0,,,
BeijingAir_Tiantan,PatchTST,drift,0,2329,572,0.5964974164962769,MSE,0.019361652433872223,0.33530983328819275,input,25.0,24,NO2,False,57.0,57.0,,,
BeijingAir_Tiantan,PatchTST,drift,0,2329,572,0.5964974164962769,MSE,0.019361652433872223,0.33530983328819275,input,25.0,24,CO,False,700.0,700.0,,,
BeijingAir_Tiantan,PatchTST,drift,0,2329,572,0.5964974164962769,MSE,0.019361652433872223,0.33530983328819275,input,25.0,24,O3,True,54.0,81.7984619140625,,,
BeijingAir_Tiantan,PatchTST,drift,0,2329,572,0.5964974164962769,MSE,0.019361652433872223,0.33530983328819275,input,25.0,24,TEMP,False,30.899999618530273,30.899999618530273,,,
BeijingAir_Tiantan,PatchTST,drift,0,2329,572,0.5964974164962769,MSE,0.019361652433872223,0.33530983328819275,input,25.0,24,PRES,False,1004.7000122070312,1004.7000122070312,,,
BeijingAir_Tiantan,PatchTST,drift,0,2329,572,0.5964974164962769,MSE,0.019361652433872223,0.33530983328819275,input,25.0,24,DEWP,True,11.30000114440918,17.524425506591797,,,
BeijingAir_Tiantan,PatchTST,drift,0,2329,572,0.5964974164962769,MSE,0.019361652433872223,0.33530983328819275,input,25.0,24,RAIN,False,0.0,0.0,,,
BeijingAir_Tiantan,PatchTST,drift,0,2329,572,0.5964974164962769,MSE,0.019361652433872223,0.33530983328819275,input,25.0,24,WSPM,False,2.5,2.5,,,
BeijingAir_Tiantan,PatchTST,drift,0,2329,572,0.5964974164962769,MSE,0.019361652433872223,0.33530983328819275,input,25.0,24,wd,False,15.0,15.0,,,
BeijingAir_Tiantan,PatchTST,drift,0,2329,572,0.5964974164962769,MSE,0.019361652433872223,0.33530983328819275,input,26.0,25,PM2.5,True,10.0,46.46280288696289,,,
BeijingAir_Tiantan,PatchTST,drift,0,2329,572,0.5964974164962769,MSE,0.019361652433872223,0.33530983328819275,input,26.0,25,PM10,False,18.0,18.0,,,
BeijingAir_Tiantan,PatchTST,drift,0,2329,572,0.5964974164962769,MSE,0.019361652433872223,0.33530983328819275,input,26.0,25,SO2,False,8.0,8.0,,,
BeijingAir_Tiantan,PatchTST,drift,0,2329,572,0.5964974164962769,MSE,0.019361652433872223,0.33530983328819275,input,26.0,25,NO2,False,34.0,34.0,,,
BeijingAir_Tiantan,PatchTST,drift,0,2329,572,0.5964974164962769,MSE,0.019361652433872223,0.33530983328819275,input,26.0,25,CO,False,500.0,500.0,,,
BeijingAir_Tiantan,PatchTST,drift,0,2329,572,0.5964974164962769,MSE,0.019361652433872223,0.33530983328819275,input,26.0,25,O3,True,74.0,101.7984619140625,,,
BeijingAir_Tiantan,PatchTST,drift,0,2329,572,0.5964974164962769,MSE,0.019361652433872223,0.33530983328819275,input,26.0,25,TEMP,False,30.600000381469727,30.600000381469727,,,
BeijingAir_Tiantan,PatchTST,drift,0,2329,572,0.5964974164962769,MSE,0.019361652433872223,0.33530983328819275,input,26.0,25,PRES,False,1004.2999877929688,1004.2999877929688,,,
BeijingAir_Tiantan,PatchTST,drift,0,2329,572,0.5964974164962769,MSE,0.019361652433872223,0.33530983328819275,input,26.0,25,DEWP,True,11.0,17.224424362182617,,,
BeijingAir_Tiantan,PatchTST,drift,0,2329,572,0.5964974164962769,MSE,0.019361652433872223,0.33530983328819275,input,26.0,25,RAIN,False,0.0,0.0,,,
BeijingAir_Tiantan,PatchTST,drift,0,2329,572,0.5964974164962769,MSE,0.019361652433872223,0.33530983328819275,input,26.0,25,WSPM,False,2.200000047683716,2.200000047683716,,,
BeijingAir_Tiantan,PatchTST,drift,0,2329,572,0.5964974164962769,MSE,0.019361652433872223,0.33530983328819275,input,26.0,25,wd,False,15.0,15.0,,,
BeijingAir_Tiantan,PatchTST,drift,0,2329,572,0.5964974164962769,MSE,0.019361652433872223,0.33530983328819275,input,27.0,26,PM2.5,True,19.0,55.46280288696289,,,
BeijingAir_Tiantan,PatchTST,drift,0,2329,572,0.5964974164962769,MSE,0.019361652433872223,0.33530983328819275,input,27.0,26,PM10,False,19.0,19.0,,,
BeijingAir_Tiantan,PatchTST,drift,0,2329,572,0.5964974164962769,MSE,0.019361652433872223,0.33530983328819275,input,27.0,26,SO2,False,7.0,7.0,,,
BeijingAir_Tiantan,PatchTST,drift,0,2329,572,0.5964974164962769,MSE,0.019361652433872223,0.33530983328819275,input,27.0,26,NO2,False,37.0,37.0,,,
BeijingAir_Tiantan,PatchTST,drift,0,2329,572,0.5964974164962769,MSE,0.019361652433872223,0.33530983328819275,input,27.0,26,CO,False,500.0,500.0,,,
BeijingAir_Tiantan,PatchTST,drift,0,2329,572,0.5964974164962769,MSE,0.019361652433872223,0.33530983328819275,input,27.0,26,O3,True,67.0,94.7984619140625,,,
BeijingAir_Tiantan,PatchTST,drift,0,2329,572,0.5964974164962769,MSE,0.019361652433872223,0.33530983328819275,input,27.0,26,TEMP,False,30.399999618530273,30.399999618530273,,,
BeijingAir_Tiantan,PatchTST,drift,0,2329,572,0.5964974164962769,MSE,0.019361652433872223,0.33530983328819275,input,27.0,26,PRES,False,1003.7999877929688,1003.7999877929688,,,
BeijingAir_Tiantan,PatchTST,drift,0,2329,572,0.5964974164962769,MSE,0.019361652433872223,0.33530983328819275,input,27.0,26,DEWP,True,9.800000190734863,16.024425506591797,,,
BeijingAir_Tiantan,PatchTST,drift,0,2329,572,0.5964974164962769,MSE,0.019361652433872223,0.33530983328819275,input,27.0,26,RAIN,False,0.0,0.0,,,
BeijingAir_Tiantan,PatchTST,drift,0,2329,572,0.5964974164962769,MSE,0.019361652433872223,0.33530983328819275,input,27.0,26,WSPM,False,2.299999952316284,2.299999952316284,,,
BeijingAir_Tiantan,PatchTST,drift,0,2329,572,0.5964974164962769,MSE,0.019361652433872223,0.33530983328819275,input,27.0,26,wd,False,14.0,14.0,,,
BeijingAir_Tiantan,PatchTST,drift,0,2329,572,0.5964974164962769,MSE,0.019361652433872223,0.33530983328819275,input,28.0,27,PM2.5,True,3.0,39.462799072265625,,,
BeijingAir_Tiantan,PatchTST,drift,0,2329,572,0.5964974164962769,MSE,0.019361652433872223,0.33530983328819275,input,28.0,27,PM10,False,6.0,6.0,,,
BeijingAir_Tiantan,PatchTST,drift,0,2329,572,0.5964974164962769,MSE,0.019361652433872223,0.33530983328819275,input,28.0,27,SO2,False,6.0,6.0,,,
BeijingAir_Tiantan,PatchTST,drift,0,2329,572,0.5964974164962769,MSE,0.019361652433872223,0.33530983328819275,input,28.0,27,NO2,False,35.0,35.0,,,
BeijingAir_Tiantan,PatchTST,drift,0,2329,572,0.5964974164962769,MSE,0.019361652433872223,0.33530983328819275,input,28.0,27,CO,False,400.0,400.0,,,
BeijingAir_Tiantan,PatchTST,drift,0,2329,572,0.5964974164962769,MSE,0.019361652433872223,0.33530983328819275,input,28.0,27,O3,True,74.0,101.7984619140625,,,
BeijingAir_Tiantan,PatchTST,drift,0,2329,572,0.5964974164962769,MSE,0.019361652433872223,0.33530983328819275,input,28.0,27,TEMP,False,31.399999618530273,31.399999618530273,,,
BeijingAir_Tiantan,PatchTST,drift,0,2329,572,0.5964974164962769,MSE,0.019361652433872223,0.33530983328819275,input,28.0,27,PRES,False,1002.9000244140625,1002.9000244140625,,,
BeijingAir_Tiantan,PatchTST,drift,0,2329,572,0.5964974164962769,MSE,0.019361652433872223,0.33530983328819275,input,28.0,27,DEWP,True,8.399999618530273,14.62442398071289,,,
BeijingAir_Tiantan,PatchTST,drift,0,2329,572,0.5964974164962769,MSE,0.019361652433872223,0.33530983328819275,input,28.0,27,RAIN,False,0.0,0.0,,,
BeijingAir_Tiantan,PatchTST,drift,0,2329,572,0.5964974164962769,MSE,0.019361652433872223,0.33530983328819275,input,28.0,27,WSPM,False,2.0999999046325684,2.0999999046325684,,,
BeijingAir_Tiantan,PatchTST,drift,0,2329,572,0.5964974164962769,MSE,0.019361652433872223,0.33530983328819275,input,28.0,27,wd,False,14.0,14.0,,,
BeijingAir_Tiantan,PatchTST,drift,0,2329,572,0.5964974164962769,MSE,0.019361652433872223,0.33530983328819275,input,29.0,28,PM2.5,True,3.0,39.462799072265625,,,
BeijingAir_Tiantan,PatchTST,drift,0,2329,572,0.5964974164962769,MSE,0.019361652433872223,0.33530983328819275,input,29.0,28,PM10,False,18.0,18.0,,,
BeijingAir_Tiantan,PatchTST,drift,0,2329,572,0.5964974164962769,MSE,0.019361652433872223,0.33530983328819275,input,29.0,28,SO2,False,6.0,6.0,,,
BeijingAir_Tiantan,PatchTST,drift,0,2329,572,0.5964974164962769,MSE,0.019361652433872223,0.33530983328819275,input,29.0,28,NO2,False,26.0,26.0,,,
BeijingAir_Tiantan,PatchTST,drift,0,2329,572,0.5964974164962769,MSE,0.019361652433872223,0.33530983328819275,input,29.0,28,CO,False,300.0,300.0,,,
BeijingAir_Tiantan,PatchTST,drift,0,2329,572,0.5964974164962769,MSE,0.019361652433872223,0.33530983328819275,input,29.0,28,O3,True,91.0,118.7984619140625,,,
BeijingAir_Tiantan,PatchTST,drift,0,2329,572,0.5964974164962769,MSE,0.019361652433872223,0.33530983328819275,input,29.0,28,TEMP,False,31.299999237060547,31.299999237060547,,,
BeijingAir_Tiantan,PatchTST,drift,0,2329,572,0.5964974164962769,MSE,0.019361652433872223,0.33530983328819275,input,29.0,28,PRES,False,1002.4000244140625,1002.4000244140625,,,
BeijingAir_Tiantan,PatchTST,drift,0,2329,572,0.5964974164962769,MSE,0.019361652433872223,0.33530983328819275,input,29.0,28,DEWP,True,7.0,13.224424362182617,,,
BeijingAir_Tiantan,PatchTST,drift,0,2329,572,0.5964974164962769,MSE,0.019361652433872223,0.33530983328819275,input,29.0,28,RAIN,False,0.0,0.0,,,
BeijingAir_Tiantan,PatchTST,drift,0,2329,572,0.5964974164962769,MSE,0.019361652433872223,0.33530983328819275,input,29.0,28,WSPM,False,1.2000000476837158,1.2000000476837158,,,
BeijingAir_Tiantan,PatchTST,drift,0,2329,572,0.5964974164962769,MSE,0.019361652433872223,0.33530983328819275,input,29.0,28,wd,False,14.0,14.0,,,
BeijingAir_Tiantan,PatchTST,drift,0,2329,572,0.5964974164962769,MSE,0.019361652433872223,0.33530983328819275,input,30.0,29,PM2.5,True,8.0,44.462799072265625,,,
BeijingAir_Tiantan,PatchTST,drift,0,2329,572,0.5964974164962769,MSE,0.019361652433872223,0.33530983328819275,input,30.0,29,PM10,False,46.0,46.0,,,
BeijingAir_Tiantan,PatchTST,drift,0,2329,572,0.5964974164962769,MSE,0.019361652433872223,0.33530983328819275,input,30.0,29,SO2,False,5.0,5.0,,,
BeijingAir_Tiantan,PatchTST,drift,0,2329,572,0.5964974164962769,MSE,0.019361652433872223,0.33530983328819275,input,30.0,29,NO2,False,29.0,29.0,,,
BeijingAir_Tiantan,PatchTST,drift,0,2329,572,0.5964974164962769,MSE,0.019361652433872223,0.33530983328819275,input,30.0,29,CO,False,300.0,300.0,,,
BeijingAir_Tiantan,PatchTST,drift,0,2329,572,0.5964974164962769,MSE,0.019361652433872223,0.33530983328819275,input,30.0,29,O3,True,78.0,105.7984619140625,,,
BeijingAir_Tiantan,PatchTST,drift,0,2329,572,0.5964974164962769,MSE,0.019361652433872223,0.33530983328819275,input,30.0,29,TEMP,False,30.299999237060547,30.299999237060547,,,
BeijingAir_Tiantan,PatchTST,drift,0,2329,572,0.5964974164962769,MSE,0.019361652433872223,0.33530983328819275,input,30.0,29,PRES,False,1002.5999755859375,1002.5999755859375,,,
BeijingAir_Tiantan,PatchTST,drift,0,2329,572,0.5964974164962769,MSE,0.019361652433872223,0.33530983328819275,input,30.0,29,DEWP,True,8.699999809265137,14.924423217773438,,,
BeijingAir_Tiantan,PatchTST,drift,0,2329,572,0.5964974164962769,MSE,0.019361652433872223,0.33530983328819275,input,30.0,29,RAIN,False,0.0,0.0,,,
BeijingAir_Tiantan,PatchTST,drift,0,2329,572,0.5964974164962769,MSE,0.019361652433872223,0.33530983328819275,input,30.0,29,WSPM,False,1.2000000476837158,1.2000000476837158,,,
BeijingAir_Tiantan,PatchTST,drift,0,2329,572,0.5964974164962769,MSE,0.019361652433872223,0.33530983328819275,input,30.0,29,wd,False,11.0,11.0,,,
BeijingAir_Tiantan,PatchTST,drift,0,2329,572,0.5964974164962769,MSE,0.019361652433872223,0.33530983328819275,input,31.0,30,PM2.5,True,8.0,44.462799072265625,,,
BeijingAir_Tiantan,PatchTST,drift,0,2329,572,0.5964974164962769,MSE,0.019361652433872223,0.33530983328819275,input,31.0,30,PM10,False,46.0,46.0,,,
BeijingAir_Tiantan,PatchTST,drift,0,2329,572,0.5964974164962769,MSE,0.019361652433872223,0.33530983328819275,input,31.0,30,SO2,False,5.0,5.0,,,
BeijingAir_Tiantan,PatchTST,drift,0,2329,572,0.5964974164962769,MSE,0.019361652433872223,0.33530983328819275,input,31.0,30,NO2,False,29.0,29.0,,,
BeijingAir_Tiantan,PatchTST,drift,0,2329,572,0.5964974164962769,MSE,0.019361652433872223,0.33530983328819275,input,31.0,30,CO,False,300.0,300.0,,,
BeijingAir_Tiantan,PatchTST,drift,0,2329,572,0.5964974164962769,MSE,0.019361652433872223,0.33530983328819275,input,31.0,30,O3,True,78.0,105.7984619140625,,,
BeijingAir_Tiantan,PatchTST,drift,0,2329,572,0.5964974164962769,MSE,0.019361652433872223,0.33530983328819275,input,31.0,30,TEMP,False,28.5,28.5,,,
BeijingAir_Tiantan,PatchTST,drift,0,2329,572,0.5964974164962769,MSE,0.019361652433872223,0.33530983328819275,input,31.0,30,PRES,False,1002.2999877929688,1002.2999877929688,,,
BeijingAir_Tiantan,PatchTST,drift,0,2329,572,0.5964974164962769,MSE,0.019361652433872223,0.33530983328819275,input,31.0,30,DEWP,True,12.799999237060547,19.024423599243164,,,
BeijingAir_Tiantan,PatchTST,drift,0,2329,572,0.5964974164962769,MSE,0.019361652433872223,0.33530983328819275,input,31.0,30,RAIN,False,0.0,0.0,,,
BeijingAir_Tiantan,PatchTST,drift,0,2329,572,0.5964974164962769,MSE,0.019361652433872223,0.33530983328819275,input,31.0,30,WSPM,False,0.8000000715255737,0.8000000715255737,,,
BeijingAir_Tiantan,PatchTST,drift,0,2329,572,0.5964974164962769,MSE,0.019361652433872223,0.33530983328819275,input,31.0,30,wd,False,11.0,11.0,,,
BeijingAir_Tiantan,PatchTST,drift,0,2329,572,0.5964974164962769,MSE,0.019361652433872223,0.33530983328819275,input,32.0,31,PM2.5,True,8.0,44.462799072265625,,,
BeijingAir_Tiantan,PatchTST,drift,0,2329,572,0.5964974164962769,MSE,0.019361652433872223,0.33530983328819275,input,32.0,31,PM10,False,46.0,46.0,,,
BeijingAir_Tiantan,PatchTST,drift,0,2329,572,0.5964974164962769,MSE,0.019361652433872223,0.33530983328819275,input,32.0,31,SO2,False,5.0,5.0,,,
BeijingAir_Tiantan,PatchTST,drift,0,2329,572,0.5964974164962769,MSE,0.019361652433872223,0.33530983328819275,input,32.0,31,NO2,False,29.0,29.0,,,
BeijingAir_Tiantan,PatchTST,drift,0,2329,572,0.5964974164962769,MSE,0.019361652433872223,0.33530983328819275,input,32.0,31,CO,False,300.0,300.0,,,
BeijingAir_Tiantan,PatchTST,drift,0,2329,572,0.5964974164962769,MSE,0.019361652433872223,0.33530983328819275,input,32.0,31,O3,True,78.0,105.7984619140625,,,
BeijingAir_Tiantan,PatchTST,drift,0,2329,572,0.5964974164962769,MSE,0.019361652433872223,0.33530983328819275,input,32.0,31,TEMP,False,28.799999237060547,28.799999237060547,,,
BeijingAir_Tiantan,PatchTST,drift,0,2329,572,0.5964974164962769,MSE,0.019361652433872223,0.33530983328819275,input,32.0,31,PRES,False,1002.2000122070312,1002.2000122070312,,,
BeijingAir_Tiantan,PatchTST,drift,0,2329,572,0.5964974164962769,MSE,0.019361652433872223,0.33530983328819275,input,32.0,31,DEWP,True,15.299999237060547,21.524423599243164,,,
BeijingAir_Tiantan,PatchTST,drift,0,2329,572,0.5964974164962769,MSE,0.019361652433872223,0.33530983328819275,input,32.0,31,RAIN,False,0.0,0.0,,,
BeijingAir_Tiantan,PatchTST,drift,0,2329,572,0.5964974164962769,MSE,0.019361652433872223,0.33530983328819275,input,32.0,31,WSPM,False,1.7999999523162842,1.7999999523162842,,,
BeijingAir_Tiantan,PatchTST,drift,0,2329,572,0.5964974164962769,MSE,0.019361652433872223,0.33530983328819275,input,32.0,31,wd,False,11.0,11.0,,,
BeijingAir_Tiantan,PatchTST,drift,0,2329,572,0.5964974164962769,MSE,0.019361652433872223,0.33530983328819275,input,33.0,32,PM2.5,True,8.0,44.462799072265625,,,
BeijingAir_Tiantan,PatchTST,drift,0,2329,572,0.5964974164962769,MSE,0.019361652433872223,0.33530983328819275,input,33.0,32,PM10,False,46.0,46.0,,,
BeijingAir_Tiantan,PatchTST,drift,0,2329,572,0.5964974164962769,MSE,0.019361652433872223,0.33530983328819275,input,33.0,32,SO2,False,5.0,5.0,,,
BeijingAir_Tiantan,PatchTST,drift,0,2329,572,0.5964974164962769,MSE,0.019361652433872223,0.33530983328819275,input,33.0,32,NO2,False,29.0,29.0,,,
BeijingAir_Tiantan,PatchTST,drift,0,2329,572,0.5964974164962769,MSE,0.019361652433872223,0.33530983328819275,input,33.0,32,CO,False,300.0,300.0,,,
BeijingAir_Tiantan,PatchTST,drift,0,2329,572,0.5964974164962769,MSE,0.019361652433872223,0.33530983328819275,input,33.0,32,O3,True,78.0,105.7984619140625,,,
BeijingAir_Tiantan,PatchTST,drift,0,2329,572,0.5964974164962769,MSE,0.019361652433872223,0.33530983328819275,input,33.0,32,TEMP,False,28.399999618530273,28.399999618530273,,,
BeijingAir_Tiantan,PatchTST,drift,0,2329,572,0.5964974164962769,MSE,0.019361652433872223,0.33530983328819275,input,33.0,32,PRES,False,1002.5,1002.5,,,
BeijingAir_Tiantan,PatchTST,drift,0,2329,572,0.5964974164962769,MSE,0.019361652433872223,0.33530983328819275,input,33.0,32,DEWP,True,16.0,22.224424362182617,,,
BeijingAir_Tiantan,PatchTST,drift,0,2329,572,0.5964974164962769,MSE,0.019361652433872223,0.33530983328819275,input,33.0,32,RAIN,False,0.0,0.0,,,
BeijingAir_Tiantan,PatchTST,drift,0,2329,572,0.5964974164962769,MSE,0.019361652433872223,0.33530983328819275,input,33.0,32,WSPM,False,1.5,1.5,,,
BeijingAir_Tiantan,PatchTST,drift,0,2329,572,0.5964974164962769,MSE,0.019361652433872223,0.33530983328819275,input,33.0,32,wd,False,11.0,11.0,,,
BeijingAir_Tiantan,PatchTST,drift,0,2329,572,0.5964974164962769,MSE,0.019361652433872223,0.33530983328819275,input,34.0,33,PM2.5,True,8.0,44.462799072265625,,,
BeijingAir_Tiantan,PatchTST,drift,0,2329,572,0.5964974164962769,MSE,0.019361652433872223,0.33530983328819275,input,34.0,33,PM10,False,46.0,46.0,,,
BeijingAir_Tiantan,PatchTST,drift,0,2329,572,0.5964974164962769,MSE,0.019361652433872223,0.33530983328819275,input,34.0,33,SO2,False,5.0,5.0,,,
BeijingAir_Tiantan,PatchTST,drift,0,2329,572,0.5964974164962769,MSE,0.019361652433872223,0.33530983328819275,input,34.0,33,NO2,False,29.0,29.0,,,
BeijingAir_Tiantan,PatchTST,drift,0,2329,572,0.5964974164962769,MSE,0.019361652433872223,0.33530983328819275,input,34.0,33,CO,False,300.0,300.0,,,
BeijingAir_Tiantan,PatchTST,drift,0,2329,572,0.5964974164962769,MSE,0.019361652433872223,0.33530983328819275,input,34.0,33,O3,True,78.0,105.7984619140625,,,
BeijingAir_Tiantan,PatchTST,drift,0,2329,572,0.5964974164962769,MSE,0.019361652433872223,0.33530983328819275,input,34.0,33,TEMP,False,28.299999237060547,28.299999237060547,,,
BeijingAir_Tiantan,PatchTST,drift,0,2329,572,0.5964974164962769,MSE,0.019361652433872223,0.33530983328819275,input,34.0,33,PRES,False,1002.7999877929688,1002.7999877929688,,,
BeijingAir_Tiantan,PatchTST,drift,0,2329,572,0.5964974164962769,MSE,0.019361652433872223,0.33530983328819275,input,34.0,33,DEWP,True,16.600000381469727,22.824424743652344,,,
BeijingAir_Tiantan,PatchTST,drift,0,2329,572,0.5964974164962769,MSE,0.019361652433872223,0.33530983328819275,input,34.0,33,RAIN,False,0.0,0.0,,,
BeijingAir_Tiantan,PatchTST,drift,0,2329,572,0.5964974164962769,MSE,0.019361652433872223,0.33530983328819275,input,34.0,33,WSPM,False,3.4000000953674316,3.4000000953674316,,,
BeijingAir_Tiantan,PatchTST,drift,0,2329,572,0.5964974164962769,MSE,0.019361652433872223,0.33530983328819275,input,34.0,33,wd,False,10.0,10.0,,,
BeijingAir_Tiantan,PatchTST,drift,0,2329,572,0.5964974164962769,MSE,0.019361652433872223,0.33530983328819275,input,35.0,34,PM2.5,True,8.0,44.462799072265625,,,
BeijingAir_Tiantan,PatchTST,drift,0,2329,572,0.5964974164962769,MSE,0.019361652433872223,0.33530983328819275,input,35.0,34,PM10,False,46.0,46.0,,,
BeijingAir_Tiantan,PatchTST,drift,0,2329,572,0.5964974164962769,MSE,0.019361652433872223,0.33530983328819275,input,35.0,34,SO2,False,5.0,5.0,,,
BeijingAir_Tiantan,PatchTST,drift,0,2329,572,0.5964974164962769,MSE,0.019361652433872223,0.33530983328819275,input,35.0,34,NO2,False,29.0,29.0,,,
BeijingAir_Tiantan,PatchTST,drift,0,2329,572,0.5964974164962769,MSE,0.019361652433872223,0.33530983328819275,input,35.0,34,CO,False,300.0,300.0,,,
BeijingAir_Tiantan,PatchTST,drift,0,2329,572,0.5964974164962769,MSE,0.019361652433872223,0.33530983328819275,input,35.0,34,O3,True,78.0,105.7984619140625,,,
BeijingAir_Tiantan,PatchTST,drift,0,2329,572,0.5964974164962769,MSE,0.019361652433872223,0.33530983328819275,input,35.0,34,TEMP,False,26.399999618530273,26.399999618530273,,,
BeijingAir_Tiantan,PatchTST,drift,0,2329,572,0.5964974164962769,MSE,0.019361652433872223,0.33530983328819275,input,35.0,34,PRES,False,1002.7999877929688,1002.7999877929688,,,
BeijingAir_Tiantan,PatchTST,drift,0,2329,572,0.5964974164962769,MSE,0.019361652433872223,0.33530983328819275,input,35.0,34,DEWP,True,16.899999618530273,23.12442398071289,,,
BeijingAir_Tiantan,PatchTST,drift,0,2329,572,0.5964974164962769,MSE,0.019361652433872223,0.33530983328819275,input,35.0,34,RAIN,False,0.0,0.0,,,
BeijingAir_Tiantan,PatchTST,drift,0,2329,572,0.5964974164962769,MSE,0.019361652433872223,0.33530983328819275,input,35.0,34,WSPM,False,3.299999713897705,3.299999713897705,,,
BeijingAir_Tiantan,PatchTST,drift,0,2329,572,0.5964974164962769,MSE,0.019361652433872223,0.33530983328819275,input,35.0,34,wd,False,11.0,11.0,,,
BeijingAir_Tiantan,PatchTST,drift,0,2329,572,0.5964974164962769,MSE,0.019361652433872223,0.33530983328819275,input,36.0,35,PM2.5,True,8.0,44.462799072265625,,,
BeijingAir_Tiantan,PatchTST,drift,0,2329,572,0.5964974164962769,MSE,0.019361652433872223,0.33530983328819275,input,36.0,35,PM10,False,46.0,46.0,,,
BeijingAir_Tiantan,PatchTST,drift,0,2329,572,0.5964974164962769,MSE,0.019361652433872223,0.33530983328819275,input,36.0,35,SO2,False,5.0,5.0,,,
BeijingAir_Tiantan,PatchTST,drift,0,2329,572,0.5964974164962769,MSE,0.019361652433872223,0.33530983328819275,input,36.0,35,NO2,False,29.0,29.0,,,
BeijingAir_Tiantan,PatchTST,drift,0,2329,572,0.5964974164962769,MSE,0.019361652433872223,0.33530983328819275,input,36.0,35,CO,False,300.0,300.0,,,
BeijingAir_Tiantan,PatchTST,drift,0,2329,572,0.5964974164962769,MSE,0.019361652433872223,0.33530983328819275,input,36.0,35,O3,True,78.0,105.7984619140625,,,
BeijingAir_Tiantan,PatchTST,drift,0,2329,572,0.5964974164962769,MSE,0.019361652433872223,0.33530983328819275,input,36.0,35,TEMP,False,25.89999771118164,25.89999771118164,,,
BeijingAir_Tiantan,PatchTST,drift,0,2329,572,0.5964974164962769,MSE,0.019361652433872223,0.33530983328819275,input,36.0,35,PRES,False,1002.5999755859375,1002.5999755859375,,,
BeijingAir_Tiantan,PatchTST,drift,0,2329,572,0.5964974164962769,MSE,0.019361652433872223,0.33530983328819275,input,36.0,35,DEWP,True,15.600000381469727,21.824424743652344,,,
BeijingAir_Tiantan,PatchTST,drift,0,2329,572,0.5964974164962769,MSE,0.019361652433872223,0.33530983328819275,input,36.0,35,RAIN,False,0.0,0.0,,,
BeijingAir_Tiantan,PatchTST,drift,0,2329,572,0.5964974164962769,MSE,0.019361652433872223,0.33530983328819275,input,36.0,35,WSPM,False,2.299999952316284,2.299999952316284,,,
BeijingAir_Tiantan,PatchTST,drift,0,2329,572,0.5964974164962769,MSE,0.019361652433872223,0.33530983328819275,input,36.0,35,wd,False,11.0,11.0,,,
BeijingAir_Tiantan,PatchTST,drift,0,2329,572,0.5964974164962769,MSE,0.019361652433872223,0.33530983328819275,input,37.0,36,PM2.5,True,8.0,44.462799072265625,,,
BeijingAir_Tiantan,PatchTST,drift,0,2329,572,0.5964974164962769,MSE,0.019361652433872223,0.33530983328819275,input,37.0,36,PM10,False,46.0,46.0,,,
BeijingAir_Tiantan,PatchTST,drift,0,2329,572,0.5964974164962769,MSE,0.019361652433872223,0.33530983328819275,input,37.0,36,SO2,False,5.0,5.0,,,
BeijingAir_Tiantan,PatchTST,drift,0,2329,572,0.5964974164962769,MSE,0.019361652433872223,0.33530983328819275,input,37.0,36,NO2,False,29.0,29.0,,,
BeijingAir_Tiantan,PatchTST,drift,0,2329,572,0.5964974164962769,MSE,0.019361652433872223,0.33530983328819275,input,37.0,36,CO,False,300.0,300.0,,,
BeijingAir_Tiantan,PatchTST,drift,0,2329,572,0.5964974164962769,MSE,0.019361652433872223,0.33530983328819275,input,37.0,36,O3,True,78.0,105.7984619140625,,,
BeijingAir_Tiantan,PatchTST,drift,0,2329,572,0.5964974164962769,MSE,0.019361652433872223,0.33530983328819275,input,37.0,36,TEMP,False,25.399999618530273,25.399999618530273,,,
BeijingAir_Tiantan,PatchTST,drift,0,2329,572,0.5964974164962769,MSE,0.019361652433872223,0.33530983328819275,input,37.0,36,PRES,False,1002.0999755859375,1002.0999755859375,,,
BeijingAir_Tiantan,PatchTST,drift,0,2329,572,0.5964974164962769,MSE,0.019361652433872223,0.33530983328819275,input,37.0,36,DEWP,True,15.100000381469727,21.324424743652344,,,
BeijingAir_Tiantan,PatchTST,drift,0,2329,572,0.5964974164962769,MSE,0.019361652433872223,0.33530983328819275,input,37.0,36,RAIN,False,0.0,0.0,,,
BeijingAir_Tiantan,PatchTST,drift,0,2329,572,0.5964974164962769,MSE,0.019361652433872223,0.33530983328819275,input,37.0,36,WSPM,False,3.0,3.0,,,
BeijingAir_Tiantan,PatchTST,drift,0,2329,572,0.5964974164962769,MSE,0.019361652433872223,0.33530983328819275,input,37.0,36,wd,False,11.0,11.0,,,
BeijingAir_Tiantan,PatchTST,drift,0,2329,572,0.5964974164962769,MSE,0.019361652433872223,0.33530983328819275,input,38.0,37,PM2.5,True,8.0,44.462799072265625,,,
BeijingAir_Tiantan,PatchTST,drift,0,2329,572,0.5964974164962769,MSE,0.019361652433872223,0.33530983328819275,input,38.0,37,PM10,False,46.0,46.0,,,
BeijingAir_Tiantan,PatchTST,drift,0,2329,572,0.5964974164962769,MSE,0.019361652433872223,0.33530983328819275,input,38.0,37,SO2,False,5.0,5.0,,,
BeijingAir_Tiantan,PatchTST,drift,0,2329,572,0.5964974164962769,MSE,0.019361652433872223,0.33530983328819275,input,38.0,37,NO2,False,29.0,29.0,,,
BeijingAir_Tiantan,PatchTST,drift,0,2329,572,0.5964974164962769,MSE,0.019361652433872223,0.33530983328819275,input,38.0,37,CO,False,300.0,300.0,,,
BeijingAir_Tiantan,PatchTST,drift,0,2329,572,0.5964974164962769,MSE,0.019361652433872223,0.33530983328819275,input,38.0,37,O3,True,78.0,105.7984619140625,,,
BeijingAir_Tiantan,PatchTST,drift,0,2329,572,0.5964974164962769,MSE,0.019361652433872223,0.33530983328819275,input,38.0,37,TEMP,False,24.200000762939453,24.200000762939453,,,
BeijingAir_Tiantan,PatchTST,drift,0,2329,572,0.5964974164962769,MSE,0.019361652433872223,0.33530983328819275,input,38.0,37,PRES,False,1002.0,1002.0,,,
BeijingAir_Tiantan,PatchTST,drift,0,2329,572,0.5964974164962769,MSE,0.019361652433872223,0.33530983328819275,input,38.0,37,DEWP,True,15.100000381469727,21.324424743652344,,,
BeijingAir_Tiantan,PatchTST,drift,0,2329,572,0.5964974164962769,MSE,0.019361652433872223,0.33530983328819275,input,38.0,37,RAIN,False,0.0,0.0,,,
BeijingAir_Tiantan,PatchTST,drift,0,2329,572,0.5964974164962769,MSE,0.019361652433872223,0.33530983328819275,input,38.0,37,WSPM,False,2.0,2.0,,,
BeijingAir_Tiantan,PatchTST,drift,0,2329,572,0.5964974164962769,MSE,0.019361652433872223,0.33530983328819275,input,38.0,37,wd,False,11.0,11.0,,,
BeijingAir_Tiantan,PatchTST,drift,0,2329,572,0.5964974164962769,MSE,0.019361652433872223,0.33530983328819275,input,39.0,38,PM2.5,True,8.0,44.462799072265625,,,
BeijingAir_Tiantan,PatchTST,drift,0,2329,572,0.5964974164962769,MSE,0.019361652433872223,0.33530983328819275,input,39.0,38,PM10,False,46.0,46.0,,,
BeijingAir_Tiantan,PatchTST,drift,0,2329,572,0.5964974164962769,MSE,0.019361652433872223,0.33530983328819275,input,39.0,38,SO2,False,5.0,5.0,,,
BeijingAir_Tiantan,PatchTST,drift,0,2329,572,0.5964974164962769,MSE,0.019361652433872223,0.33530983328819275,input,39.0,38,NO2,False,29.0,29.0,,,
BeijingAir_Tiantan,PatchTST,drift,0,2329,572,0.5964974164962769,MSE,0.019361652433872223,0.33530983328819275,input,39.0,38,CO,False,300.0,300.0,,,
BeijingAir_Tiantan,PatchTST,drift,0,2329,572,0.5964974164962769,MSE,0.019361652433872223,0.33530983328819275,input,39.0,38,O3,True,78.0,105.7984619140625,,,
BeijingAir_Tiantan,PatchTST,drift,0,2329,572,0.5964974164962769,MSE,0.019361652433872223,0.33530983328819275,input,39.0,38,TEMP,False,24.0,24.0,,,
BeijingAir_Tiantan,PatchTST,drift,0,2329,572,0.5964974164962769,MSE,0.019361652433872223,0.33530983328819275,input,39.0,38,PRES,False,1001.7999877929688,1001.7999877929688,,,
BeijingAir_Tiantan,PatchTST,drift,0,2329,572,0.5964974164962769,MSE,0.019361652433872223,0.33530983328819275,input,39.0,38,DEWP,True,15.5,21.724424362182617,,,
BeijingAir_Tiantan,PatchTST,drift,0,2329,572,0.5964974164962769,MSE,0.019361652433872223,0.33530983328819275,input,39.0,38,RAIN,False,0.0,0.0,,,
BeijingAir_Tiantan,PatchTST,drift,0,2329,572,0.5964974164962769,MSE,0.019361652433872223,0.33530983328819275,input,39.0,38,WSPM,False,1.5,1.5,,,
BeijingAir_Tiantan,PatchTST,drift,0,2329,572,0.5964974164962769,MSE,0.019361652433872223,0.33530983328819275,input,39.0,38,wd,False,11.0,11.0,,,
BeijingAir_Tiantan,PatchTST,drift,0,2329,572,0.5964974164962769,MSE,0.019361652433872223,0.33530983328819275,input,40.0,39,PM2.5,True,8.0,44.462799072265625,,,
BeijingAir_Tiantan,PatchTST,drift,0,2329,572,0.5964974164962769,MSE,0.019361652433872223,0.33530983328819275,input,40.0,39,PM10,False,46.0,46.0,,,
BeijingAir_Tiantan,PatchTST,drift,0,2329,572,0.5964974164962769,MSE,0.019361652433872223,0.33530983328819275,input,40.0,39,SO2,False,5.0,5.0,,,
BeijingAir_Tiantan,PatchTST,drift,0,2329,572,0.5964974164962769,MSE,0.019361652433872223,0.33530983328819275,input,40.0,39,NO2,False,29.0,29.0,,,
BeijingAir_Tiantan,PatchTST,drift,0,2329,572,0.5964974164962769,MSE,0.019361652433872223,0.33530983328819275,input,40.0,39,CO,False,300.0,300.0,,,
BeijingAir_Tiantan,PatchTST,drift,0,2329,572,0.5964974164962769,MSE,0.019361652433872223,0.33530983328819275,input,40.0,39,O3,True,78.0,105.7984619140625,,,
BeijingAir_Tiantan,PatchTST,drift,0,2329,572,0.5964974164962769,MSE,0.019361652433872223,0.33530983328819275,input,40.0,39,TEMP,False,23.799999237060547,23.799999237060547,,,
BeijingAir_Tiantan,PatchTST,drift,0,2329,572,0.5964974164962769,MSE,0.019361652433872223,0.33530983328819275,input,40.0,39,PRES,False,1001.7000122070312,1001.7000122070312,,,
BeijingAir_Tiantan,PatchTST,drift,0,2329,572,0.5964974164962769,MSE,0.019361652433872223,0.33530983328819275,input,40.0,39,DEWP,True,15.600000381469727,21.824424743652344,,,
BeijingAir_Tiantan,PatchTST,drift,0,2329,572,0.5964974164962769,MSE,0.019361652433872223,0.33530983328819275,input,40.0,39,RAIN,False,0.0,0.0,,,
BeijingAir_Tiantan,PatchTST,drift,0,2329,572,0.5964974164962769,MSE,0.019361652433872223,0.33530983328819275,input,40.0,39,WSPM,False,1.7000000476837158,1.7000000476837158,,,
BeijingAir_Tiantan,PatchTST,drift,0,2329,572,0.5964974164962769,MSE,0.019361652433872223,0.33530983328819275,input,40.0,39,wd,False,8.0,8.0,,,
BeijingAir_Tiantan,PatchTST,drift,0,2329,572,0.5964974164962769,MSE,0.019361652433872223,0.33530983328819275,input,41.0,40,PM2.5,True,8.0,44.462799072265625,,,
BeijingAir_Tiantan,PatchTST,drift,0,2329,572,0.5964974164962769,MSE,0.019361652433872223,0.33530983328819275,input,41.0,40,PM10,False,46.0,46.0,,,
BeijingAir_Tiantan,PatchTST,drift,0,2329,572,0.5964974164962769,MSE,0.019361652433872223,0.33530983328819275,input,41.0,40,SO2,False,5.0,5.0,,,
BeijingAir_Tiantan,PatchTST,drift,0,2329,572,0.5964974164962769,MSE,0.019361652433872223,0.33530983328819275,input,41.0,40,NO2,False,29.0,29.0,,,
BeijingAir_Tiantan,PatchTST,drift,0,2329,572,0.5964974164962769,MSE,0.019361652433872223,0.33530983328819275,input,41.0,40,CO,False,300.0,300.0,,,
BeijingAir_Tiantan,PatchTST,drift,0,2329,572,0.5964974164962769,MSE,0.019361652433872223,0.33530983328819275,input,41.0,40,O3,True,78.0,105.7984619140625,,,
BeijingAir_Tiantan,PatchTST,drift,0,2329,572,0.5964974164962769,MSE,0.019361652433872223,0.33530983328819275,input,41.0,40,TEMP,False,22.799999237060547,22.799999237060547,,,
BeijingAir_Tiantan,PatchTST,drift,0,2329,572,0.5964974164962769,MSE,0.019361652433872223,0.33530983328819275,input,41.0,40,PRES,False,1001.7999877929688,1001.7999877929688,,,
BeijingAir_Tiantan,PatchTST,drift,0,2329,572,0.5964974164962769,MSE,0.019361652433872223,0.33530983328819275,input,41.0,40,DEWP,True,15.399999618530273,21.62442398071289,,,
BeijingAir_Tiantan,PatchTST,drift,0,2329,572,0.5964974164962769,MSE,0.019361652433872223,0.33530983328819275,input,41.0,40,RAIN,False,0.0,0.0,,,
BeijingAir_Tiantan,PatchTST,drift,0,2329,572,0.5964974164962769,MSE,0.019361652433872223,0.33530983328819275,input,41.0,40,WSPM,False,1.7999999523162842,1.7999999523162842,,,
BeijingAir_Tiantan,PatchTST,drift,0,2329,572,0.5964974164962769,MSE,0.019361652433872223,0.33530983328819275,input,41.0,40,wd,False,8.0,8.0,,,
BeijingAir_Tiantan,PatchTST,drift,0,2329,572,0.5964974164962769,MSE,0.019361652433872223,0.33530983328819275,input,42.0,41,PM2.5,True,8.0,44.462799072265625,,,
BeijingAir_Tiantan,PatchTST,drift,0,2329,572,0.5964974164962769,MSE,0.019361652433872223,0.33530983328819275,input,42.0,41,PM10,False,46.0,46.0,,,
BeijingAir_Tiantan,PatchTST,drift,0,2329,572,0.5964974164962769,MSE,0.019361652433872223,0.33530983328819275,input,42.0,41,SO2,False,5.0,5.0,,,
BeijingAir_Tiantan,PatchTST,drift,0,2329,572,0.5964974164962769,MSE,0.019361652433872223,0.33530983328819275,input,42.0,41,NO2,False,29.0,29.0,,,
BeijingAir_Tiantan,PatchTST,drift,0,2329,572,0.5964974164962769,MSE,0.019361652433872223,0.33530983328819275,input,42.0,41,CO,False,300.0,300.0,,,
BeijingAir_Tiantan,PatchTST,drift,0,2329,572,0.5964974164962769,MSE,0.019361652433872223,0.33530983328819275,input,42.0,41,O3,True,78.0,105.7984619140625,,,
BeijingAir_Tiantan,PatchTST,drift,0,2329,572,0.5964974164962769,MSE,0.019361652433872223,0.33530983328819275,input,42.0,41,TEMP,False,22.799999237060547,22.799999237060547,,,
BeijingAir_Tiantan,PatchTST,drift,0,2329,572,0.5964974164962769,MSE,0.019361652433872223,0.33530983328819275,input,42.0,41,PRES,False,1002.0999755859375,1002.0999755859375,,,
BeijingAir_Tiantan,PatchTST,drift,0,2329,572,0.5964974164962769,MSE,0.019361652433872223,0.33530983328819275,input,42.0,41,DEWP,True,15.600000381469727,21.824424743652344,,,
BeijingAir_Tiantan,PatchTST,drift,0,2329,572,0.5964974164962769,MSE,0.019361652433872223,0.33530983328819275,input,42.0,41,RAIN,False,0.0,0.0,,,
BeijingAir_Tiantan,PatchTST,drift,0,2329,572,0.5964974164962769,MSE,0.019361652433872223,0.33530983328819275,input,42.0,41,WSPM,False,2.0,2.0,,,
BeijingAir_Tiantan,PatchTST,drift,0,2329,572,0.5964974164962769,MSE,0.019361652433872223,0.33530983328819275,input,42.0,41,wd,False,10.0,10.0,,,
BeijingAir_Tiantan,PatchTST,drift,0,2329,572,0.5964974164962769,MSE,0.019361652433872223,0.33530983328819275,input,43.0,42,PM2.5,True,8.0,44.462799072265625,,,
BeijingAir_Tiantan,PatchTST,drift,0,2329,572,0.5964974164962769,MSE,0.019361652433872223,0.33530983328819275,input,43.0,42,PM10,False,46.0,46.0,,,
BeijingAir_Tiantan,PatchTST,drift,0,2329,572,0.5964974164962769,MSE,0.019361652433872223,0.33530983328819275,input,43.0,42,SO2,False,5.0,5.0,,,
BeijingAir_Tiantan,PatchTST,drift,0,2329,572,0.5964974164962769,MSE,0.019361652433872223,0.33530983328819275,input,43.0,42,NO2,False,29.0,29.0,,,
BeijingAir_Tiantan,PatchTST,drift,0,2329,572,0.5964974164962769,MSE,0.019361652433872223,0.33530983328819275,input,43.0,42,CO,False,300.0,300.0,,,
BeijingAir_Tiantan,PatchTST,drift,0,2329,572,0.5964974164962769,MSE,0.019361652433872223,0.33530983328819275,input,43.0,42,O3,True,78.0,105.7984619140625,,,
BeijingAir_Tiantan,PatchTST,drift,0,2329,572,0.5964974164962769,MSE,0.019361652433872223,0.33530983328819275,input,43.0,42,TEMP,False,22.5,22.5,,,
BeijingAir_Tiantan,PatchTST,drift,0,2329,572,0.5964974164962769,MSE,0.019361652433872223,0.33530983328819275,input,43.0,42,PRES,False,1002.5,1002.5,,,
BeijingAir_Tiantan,PatchTST,drift,0,2329,572,0.5964974164962769,MSE,0.019361652433872223,0.33530983328819275,input,43.0,42,DEWP,True,15.799999237060547,22.024423599243164,,,
BeijingAir_Tiantan,PatchTST,drift,0,2329,572,0.5964974164962769,MSE,0.019361652433872223,0.33530983328819275,input,43.0,42,RAIN,False,0.0,0.0,,,
BeijingAir_Tiantan,PatchTST,drift,0,2329,572,0.5964974164962769,MSE,0.019361652433872223,0.33530983328819275,input,43.0,42,WSPM,False,1.0999999046325684,1.0999999046325684,,,
BeijingAir_Tiantan,PatchTST,drift,0,2329,572,0.5964974164962769,MSE,0.019361652433872223,0.33530983328819275,input,43.0,42,wd,False,11.0,11.0,,,
BeijingAir_Tiantan,PatchTST,drift,0,2329,572,0.5964974164962769,MSE,0.019361652433872223,0.33530983328819275,input,44.0,43,PM2.5,True,8.0,44.462799072265625,,,
BeijingAir_Tiantan,PatchTST,drift,0,2329,572,0.5964974164962769,MSE,0.019361652433872223,0.33530983328819275,input,44.0,43,PM10,False,46.0,46.0,,,
BeijingAir_Tiantan,PatchTST,drift,0,2329,572,0.5964974164962769,MSE,0.019361652433872223,0.33530983328819275,input,44.0,43,SO2,False,5.0,5.0,,,
BeijingAir_Tiantan,PatchTST,drift,0,2329,572,0.5964974164962769,MSE,0.019361652433872223,0.33530983328819275,input,44.0,43,NO2,False,29.0,29.0,,,
BeijingAir_Tiantan,PatchTST,drift,0,2329,572,0.5964974164962769,MSE,0.019361652433872223,0.33530983328819275,input,44.0,43,CO,False,300.0,300.0,,,
BeijingAir_Tiantan,PatchTST,drift,0,2329,572,0.5964974164962769,MSE,0.019361652433872223,0.33530983328819275,input,44.0,43,O3,True,78.0,105.7984619140625,,,
BeijingAir_Tiantan,PatchTST,drift,0,2329,572,0.5964974164962769,MSE,0.019361652433872223,0.33530983328819275,input,44.0,43,TEMP,False,21.899999618530273,21.899999618530273,,,
BeijingAir_Tiantan,PatchTST,drift,0,2329,572,0.5964974164962769,MSE,0.019361652433872223,0.33530983328819275,input,44.0,43,PRES,False,1003.0,1003.0,,,
BeijingAir_Tiantan,PatchTST,drift,0,2329,572,0.5964974164962769,MSE,0.019361652433872223,0.33530983328819275,input,44.0,43,DEWP,True,16.600000381469727,22.824424743652344,,,
BeijingAir_Tiantan,PatchTST,drift,0,2329,572,0.5964974164962769,MSE,0.019361652433872223,0.33530983328819275,input,44.0,43,RAIN,False,0.0,0.0,,,
BeijingAir_Tiantan,PatchTST,drift,0,2329,572,0.5964974164962769,MSE,0.019361652433872223,0.33530983328819275,input,44.0,43,WSPM,False,0.8999999761581421,0.8999999761581421,,,
BeijingAir_Tiantan,PatchTST,drift,0,2329,572,0.5964974164962769,MSE,0.019361652433872223,0.33530983328819275,input,44.0,43,wd,False,5.0,5.0,,,
BeijingAir_Tiantan,PatchTST,drift,0,2329,572,0.5964974164962769,MSE,0.019361652433872223,0.33530983328819275,input,45.0,44,PM2.5,True,8.0,44.462799072265625,,,
BeijingAir_Tiantan,PatchTST,drift,0,2329,572,0.5964974164962769,MSE,0.019361652433872223,0.33530983328819275,input,45.0,44,PM10,False,46.0,46.0,,,
BeijingAir_Tiantan,PatchTST,drift,0,2329,572,0.5964974164962769,MSE,0.019361652433872223,0.33530983328819275,input,45.0,44,SO2,False,5.0,5.0,,,
BeijingAir_Tiantan,PatchTST,drift,0,2329,572,0.5964974164962769,MSE,0.019361652433872223,0.33530983328819275,input,45.0,44,NO2,False,29.0,29.0,,,
BeijingAir_Tiantan,PatchTST,drift,0,2329,572,0.5964974164962769,MSE,0.019361652433872223,0.33530983328819275,input,45.0,44,CO,False,300.0,300.0,,,
BeijingAir_Tiantan,PatchTST,drift,0,2329,572,0.5964974164962769,MSE,0.019361652433872223,0.33530983328819275,input,45.0,44,O3,True,78.0,105.7984619140625,,,
BeijingAir_Tiantan,PatchTST,drift,0,2329,572,0.5964974164962769,MSE,0.019361652433872223,0.33530983328819275,input,45.0,44,TEMP,False,23.0,23.0,,,
BeijingAir_Tiantan,PatchTST,drift,0,2329,572,0.5964974164962769,MSE,0.019361652433872223,0.33530983328819275,input,45.0,44,PRES,False,1003.0999755859375,1003.0999755859375,,,
BeijingAir_Tiantan,PatchTST,drift,0,2329,572,0.5964974164962769,MSE,0.019361652433872223,0.33530983328819275,input,45.0,44,DEWP,True,16.299999237060547,22.524423599243164,,,
BeijingAir_Tiantan,PatchTST,drift,0,2329,572,0.5964974164962769,MSE,0.019361652433872223,0.33530983328819275,input,45.0,44,RAIN,False,0.0,0.0,,,
BeijingAir_Tiantan,PatchTST,drift,0,2329,572,0.5964974164962769,MSE,0.019361652433872223,0.33530983328819275,input,45.0,44,WSPM,False,1.0999999046325684,1.0999999046325684,,,
BeijingAir_Tiantan,PatchTST,drift,0,2329,572,0.5964974164962769,MSE,0.019361652433872223,0.33530983328819275,input,45.0,44,wd,False,6.0,6.0,,,
BeijingAir_Tiantan,PatchTST,drift,0,2329,572,0.5964974164962769,MSE,0.019361652433872223,0.33530983328819275,input,46.0,45,PM2.5,True,58.0,94.46279907226562,,,
BeijingAir_Tiantan,PatchTST,drift,0,2329,572,0.5964974164962769,MSE,0.019361652433872223,0.33530983328819275,input,46.0,45,PM10,False,65.0,65.0,,,
BeijingAir_Tiantan,PatchTST,drift,0,2329,572,0.5964974164962769,MSE,0.019361652433872223,0.33530983328819275,input,46.0,45,SO2,False,10.0,10.0,,,
BeijingAir_Tiantan,PatchTST,drift,0,2329,572,0.5964974164962769,MSE,0.019361652433872223,0.33530983328819275,input,46.0,45,NO2,False,62.0,62.0,,,
BeijingAir_Tiantan,PatchTST,drift,0,2329,572,0.5964974164962769,MSE,0.019361652433872223,0.33530983328819275,input,46.0,45,CO,False,900.0,900.0,,,
BeijingAir_Tiantan,PatchTST,drift,0,2329,572,0.5964974164962769,MSE,0.019361652433872223,0.33530983328819275,input,46.0,45,O3,True,21.0,48.7984619140625,,,
BeijingAir_Tiantan,PatchTST,drift,0,2329,572,0.5964974164962769,MSE,0.019361652433872223,0.33530983328819275,input,46.0,45,TEMP,False,24.5,24.5,,,
BeijingAir_Tiantan,PatchTST,drift,0,2329,572,0.5964974164962769,MSE,0.019361652433872223,0.33530983328819275,input,46.0,45,PRES,False,1003.4000244140625,1003.4000244140625,,,
BeijingAir_Tiantan,PatchTST,drift,0,2329,572,0.5964974164962769,MSE,0.019361652433872223,0.33530983328819275,input,46.0,45,DEWP,True,17.0,23.224424362182617,,,
BeijingAir_Tiantan,PatchTST,drift,0,2329,572,0.5964974164962769,MSE,0.019361652433872223,0.33530983328819275,input,46.0,45,RAIN,False,0.0,0.0,,,
BeijingAir_Tiantan,PatchTST,drift,0,2329,572,0.5964974164962769,MSE,0.019361652433872223,0.33530983328819275,input,46.0,45,WSPM,False,1.0999999046325684,1.0999999046325684,,,
BeijingAir_Tiantan,PatchTST,drift,0,2329,572,0.5964974164962769,MSE,0.019361652433872223,0.33530983328819275,input,46.0,45,wd,False,4.0,4.0,,,
BeijingAir_Tiantan,PatchTST,drift,0,2329,572,0.5964974164962769,MSE,0.019361652433872223,0.33530983328819275,input,47.0,46,PM2.5,True,63.0,99.46279907226562,,,
BeijingAir_Tiantan,PatchTST,drift,0,2329,572,0.5964974164962769,MSE,0.019361652433872223,0.33530983328819275,input,47.0,46,PM10,False,92.0,92.0,,,
BeijingAir_Tiantan,PatchTST,drift,0,2329,572,0.5964974164962769,MSE,0.019361652433872223,0.33530983328819275,input,47.0,46,SO2,False,12.0,12.0,,,
BeijingAir_Tiantan,PatchTST,drift,0,2329,572,0.5964974164962769,MSE,0.019361652433872223,0.33530983328819275,input,47.0,46,NO2,False,69.0,69.0,,,
BeijingAir_Tiantan,PatchTST,drift,0,2329,572,0.5964974164962769,MSE,0.019361652433872223,0.33530983328819275,input,47.0,46,CO,False,1000.0,1000.0,,,
BeijingAir_Tiantan,PatchTST,drift,0,2329,572,0.5964974164962769,MSE,0.019361652433872223,0.33530983328819275,input,47.0,46,O3,True,33.0,60.7984619140625,,,
BeijingAir_Tiantan,PatchTST,drift,0,2329,572,0.5964974164962769,MSE,0.019361652433872223,0.33530983328819275,input,47.0,46,TEMP,False,25.600000381469727,25.600000381469727,,,
BeijingAir_Tiantan,PatchTST,drift,0,2329,572,0.5964974164962769,MSE,0.019361652433872223,0.33530983328819275,input,47.0,46,PRES,False,1003.4000244140625,1003.4000244140625,,,
BeijingAir_Tiantan,PatchTST,drift,0,2329,572,0.5964974164962769,MSE,0.019361652433872223,0.33530983328819275,input,47.0,46,DEWP,True,16.700000762939453,22.92442512512207,,,
BeijingAir_Tiantan,PatchTST,drift,0,2329,572,0.5964974164962769,MSE,0.019361652433872223,0.33530983328819275,input,47.0,46,RAIN,False,0.0,0.0,,,
BeijingAir_Tiantan,PatchTST,drift,0,2329,572,0.5964974164962769,MSE,0.019361652433872223,0.33530983328819275,input,47.0,46,WSPM,False,1.5,1.5,,,
BeijingAir_Tiantan,PatchTST,drift,0,2329,572,0.5964974164962769,MSE,0.019361652433872223,0.33530983328819275,input,47.0,46,wd,False,5.0,5.0,,,
BeijingAir_Tiantan,PatchTST,drift,0,2329,572,0.5964974164962769,MSE,0.019361652433872223,0.33530983328819275,input,48.0,47,PM2.5,True,63.0,99.46279907226562,,,
BeijingAir_Tiantan,PatchTST,drift,0,2329,572,0.5964974164962769,MSE,0.019361652433872223,0.33530983328819275,input,48.0,47,PM10,False,80.0,80.0,,,
BeijingAir_Tiantan,PatchTST,drift,0,2329,572,0.5964974164962769,MSE,0.019361652433872223,0.33530983328819275,input,48.0,47,SO2,False,13.0,13.0,,,
BeijingAir_Tiantan,PatchTST,drift,0,2329,572,0.5964974164962769,MSE,0.019361652433872223,0.33530983328819275,input,48.0,47,NO2,False,64.0,64.0,,,
BeijingAir_Tiantan,PatchTST,drift,0,2329,572,0.5964974164962769,MSE,0.019361652433872223,0.33530983328819275,input,48.0,47,CO,False,1000.0,1000.0,,,
BeijingAir_Tiantan,PatchTST,drift,0,2329,572,0.5964974164962769,MSE,0.019361652433872223,0.33530983328819275,input,48.0,47,O3,True,58.0,85.7984619140625,,,
BeijingAir_Tiantan,PatchTST,drift,0,2329,572,0.5964974164962769,MSE,0.019361652433872223,0.33530983328819275,input,48.0,47,TEMP,False,27.399999618530273,27.399999618530273,,,
BeijingAir_Tiantan,PatchTST,drift,0,2329,572,0.5964974164962769,MSE,0.019361652433872223,0.33530983328819275,input,48.0,47,PRES,False,1002.7999877929688,1002.7999877929688,,,
BeijingAir_Tiantan,PatchTST,drift,0,2329,572,0.5964974164962769,MSE,0.019361652433872223,0.33530983328819275,input,48.0,47,DEWP,True,15.399999618530273,21.62442398071289,,,
BeijingAir_Tiantan,PatchTST,drift,0,2329,572,0.5964974164962769,MSE,0.019361652433872223,0.33530983328819275,input,48.0,47,RAIN,False,0.0,0.0,,,
BeijingAir_Tiantan,PatchTST,drift,0,2329,572,0.5964974164962769,MSE,0.019361652433872223,0.33530983328819275,input,48.0,47,WSPM,False,2.200000047683716,2.200000047683716,,,
BeijingAir_Tiantan,PatchTST,drift,0,2329,572,0.5964974164962769,MSE,0.019361652433872223,0.33530983328819275,input,48.0,47,wd,False,4.0,4.0,,,
BeijingAir_Tiantan,PatchTST,drift,0,2329,572,0.5964974164962769,MSE,0.019361652433872223,0.33530983328819275,input,49.0,48,PM2.5,True,68.0,104.46279907226562,,,
BeijingAir_Tiantan,PatchTST,drift,0,2329,572,0.5964974164962769,MSE,0.019361652433872223,0.33530983328819275,input,49.0,48,PM10,False,68.0,68.0,,,
BeijingAir_Tiantan,PatchTST,drift,0,2329,572,0.5964974164962769,MSE,0.019361652433872223,0.33530983328819275,input,49.0,48,SO2,False,14.0,14.0,,,
BeijingAir_Tiantan,PatchTST,drift,0,2329,572,0.5964974164962769,MSE,0.019361652433872223,0.33530983328819275,input,49.0,48,NO2,False,50.0,50.0,,,
BeijingAir_Tiantan,PatchTST,drift,0,2329,572,0.5964974164962769,MSE,0.019361652433872223,0.33530983328819275,input,49.0,48,CO,False,800.0,800.0,,,
BeijingAir_Tiantan,PatchTST,drift,0,2329,572,0.5964974164962769,MSE,0.019361652433872223,0.33530983328819275,input,49.0,48,O3,True,90.0,117.7984619140625,,,
BeijingAir_Tiantan,PatchTST,drift,0,2329,572,0.5964974164962769,MSE,0.019361652433872223,0.33530983328819275,input,49.0,48,TEMP,False,28.200000762939453,28.200000762939453,,,
BeijingAir_Tiantan,PatchTST,drift,0,2329,572,0.5964974164962769,MSE,0.019361652433872223,0.33530983328819275,input,49.0,48,PRES,False,1002.0999755859375,1002.0999755859375,,,
BeijingAir_Tiantan,PatchTST,drift,0,2329,572,0.5964974164962769,MSE,0.019361652433872223,0.33530983328819275,input,49.0,48,DEWP,True,14.100000381469727,20.324424743652344,,,
BeijingAir_Tiantan,PatchTST,drift,0,2329,572,0.5964974164962769,MSE,0.019361652433872223,0.33530983328819275,input,49.0,48,RAIN,False,0.0,0.0,,,
BeijingAir_Tiantan,PatchTST,drift,0,2329,572,0.5964974164962769,MSE,0.019361652433872223,0.33530983328819275,input,49.0,48,WSPM,False,1.7999999523162842,1.7999999523162842,,,
BeijingAir_Tiantan,PatchTST,drift,0,2329,572,0.5964974164962769,MSE,0.019361652433872223,0.33530983328819275,input,49.0,48,wd,False,7.0,7.0,,,
BeijingAir_Tiantan,PatchTST,drift,0,2329,572,0.5964974164962769,MSE,0.019361652433872223,0.33530983328819275,input,50.0,49,PM2.5,True,43.0,79.46280670166016,,,
BeijingAir_Tiantan,PatchTST,drift,0,2329,572,0.5964974164962769,MSE,0.019361652433872223,0.33530983328819275,input,50.0,49,PM10,False,51.0,51.0,,,
BeijingAir_Tiantan,PatchTST,drift,0,2329,572,0.5964974164962769,MSE,0.019361652433872223,0.33530983328819275,input,50.0,49,SO2,False,13.0,13.0,,,
BeijingAir_Tiantan,PatchTST,drift,0,2329,572,0.5964974164962769,MSE,0.019361652433872223,0.33530983328819275,input,50.0,49,NO2,False,34.0,34.0,,,
BeijingAir_Tiantan,PatchTST,drift,0,2329,572,0.5964974164962769,MSE,0.019361652433872223,0.33530983328819275,input,50.0,49,CO,False,700.0,700.0,,,
BeijingAir_Tiantan,PatchTST,drift,0,2329,572,0.5964974164962769,MSE,0.019361652433872223,0.33530983328819275,input,50.0,49,O3,True,135.0,162.7984619140625,,,
BeijingAir_Tiantan,PatchTST,drift,0,2329,572,0.5964974164962769,MSE,0.019361652433872223,0.33530983328819275,input,50.0,49,TEMP,False,29.200000762939453,29.200000762939453,,,
BeijingAir_Tiantan,PatchTST,drift,0,2329,572,0.5964974164962769,MSE,0.019361652433872223,0.33530983328819275,input,50.0,49,PRES,False,1001.5,1001.5,,,
BeijingAir_Tiantan,PatchTST,drift,0,2329,572,0.5964974164962769,MSE,0.019361652433872223,0.33530983328819275,input,50.0,49,DEWP,True,14.600000381469727,20.824424743652344,,,
BeijingAir_Tiantan,PatchTST,drift,0,2329,572,0.5964974164962769,MSE,0.019361652433872223,0.33530983328819275,input,50.0,49,RAIN,False,0.0,0.0,,,
BeijingAir_Tiantan,PatchTST,drift,0,2329,572,0.5964974164962769,MSE,0.019361652433872223,0.33530983328819275,input,50.0,49,WSPM,False,1.600000023841858,1.600000023841858,,,
BeijingAir_Tiantan,PatchTST,drift,0,2329,572,0.5964974164962769,MSE,0.019361652433872223,0.33530983328819275,input,50.0,49,wd,False,6.0,6.0,,,
BeijingAir_Tiantan,PatchTST,drift,0,2329,572,0.5964974164962769,MSE,0.019361652433872223,0.33530983328819275,input,51.0,50,PM2.5,True,33.0,69.46279907226562,,,
BeijingAir_Tiantan,PatchTST,drift,0,2329,572,0.5964974164962769,MSE,0.019361652433872223,0.33530983328819275,input,51.0,50,PM10,False,55.0,55.0,,,
BeijingAir_Tiantan,PatchTST,drift,0,2329,572,0.5964974164962769,MSE,0.019361652433872223,0.33530983328819275,input,51.0,50,SO2,False,13.0,13.0,,,
BeijingAir_Tiantan,PatchTST,drift,0,2329,572,0.5964974164962769,MSE,0.019361652433872223,0.33530983328819275,input,51.0,50,NO2,False,26.0,26.0,,,
BeijingAir_Tiantan,PatchTST,drift,0,2329,572,0.5964974164962769,MSE,0.019361652433872223,0.33530983328819275,input,51.0,50,CO,False,600.0000610351562,600.0000610351562,,,
BeijingAir_Tiantan,PatchTST,drift,0,2329,572,0.5964974164962769,MSE,0.019361652433872223,0.33530983328819275,input,51.0,50,O3,True,168.0,195.7984619140625,,,
BeijingAir_Tiantan,PatchTST,drift,0,2329,572,0.5964974164962769,MSE,0.019361652433872223,0.33530983328819275,input,51.0,50,TEMP,False,30.0,30.0,,,
BeijingAir_Tiantan,PatchTST,drift,0,2329,572,0.5964974164962769,MSE,0.019361652433872223,0.33530983328819275,input,51.0,50,PRES,False,1000.9000244140625,1000.9000244140625,,,
BeijingAir_Tiantan,PatchTST,drift,0,2329,572,0.5964974164962769,MSE,0.019361652433872223,0.33530983328819275,input,51.0,50,DEWP,True,14.100000381469727,20.324424743652344,,,
BeijingAir_Tiantan,PatchTST,drift,0,2329,572,0.5964974164962769,MSE,0.019361652433872223,0.33530983328819275,input,51.0,50,RAIN,False,0.0,0.0,,,
BeijingAir_Tiantan,PatchTST,drift,0,2329,572,0.5964974164962769,MSE,0.019361652433872223,0.33530983328819275,input,51.0,50,WSPM,False,1.7999999523162842,1.7999999523162842,,,
BeijingAir_Tiantan,PatchTST,drift,0,2329,572,0.5964974164962769,MSE,0.019361652433872223,0.33530983328819275,input,51.0,50,wd,False,8.0,8.0,,,
BeijingAir_Tiantan,PatchTST,drift,0,2329,572,0.5964974164962769,MSE,0.019361652433872223,0.33530983328819275,input,52.0,51,PM2.5,True,45.0,81.46279907226562,,,
BeijingAir_Tiantan,PatchTST,drift,0,2329,572,0.5964974164962769,MSE,0.019361652433872223,0.33530983328819275,input,52.0,51,PM10,False,54.0,54.0,,,
BeijingAir_Tiantan,PatchTST,drift,0,2329,572,0.5964974164962769,MSE,0.019361652433872223,0.33530983328819275,input,52.0,51,SO2,False,12.0,12.0,,,
BeijingAir_Tiantan,PatchTST,drift,0,2329,572,0.5964974164962769,MSE,0.019361652433872223,0.33530983328819275,input,52.0,51,NO2,False,23.0,23.0,,,
BeijingAir_Tiantan,PatchTST,drift,0,2329,572,0.5964974164962769,MSE,0.019361652433872223,0.33530983328819275,input,52.0,51,CO,False,600.0000610351562,600.0000610351562,,,
BeijingAir_Tiantan,PatchTST,drift,0,2329,572,0.5964974164962769,MSE,0.019361652433872223,0.33530983328819275,input,52.0,51,O3,True,198.0,225.7984619140625,,,
BeijingAir_Tiantan,PatchTST,drift,0,2329,572,0.5964974164962769,MSE,0.019361652433872223,0.33530983328819275,input,52.0,51,TEMP,False,30.100000381469727,30.100000381469727,,,
BeijingAir_Tiantan,PatchTST,drift,0,2329,572,0.5964974164962769,MSE,0.019361652433872223,0.33530983328819275,input,52.0,51,PRES,False,1000.2999877929688,1000.2999877929688,,,
BeijingAir_Tiantan,PatchTST,drift,0,2329,572,0.5964974164962769,MSE,0.019361652433872223,0.33530983328819275,input,52.0,51,DEWP,True,13.799999237060547,20.024423599243164,,,
BeijingAir_Tiantan,PatchTST,drift,0,2329,572,0.5964974164962769,MSE,0.019361652433872223,0.33530983328819275,input,52.0,51,RAIN,False,0.0,0.0,,,
BeijingAir_Tiantan,PatchTST,drift,0,2329,572,0.5964974164962769,MSE,0.019361652433872223,0.33530983328819275,input,52.0,51,WSPM,False,1.5,1.5,,,
BeijingAir_Tiantan,PatchTST,drift,0,2329,572,0.5964974164962769,MSE,0.019361652433872223,0.33530983328819275,input,52.0,51,wd,False,5.0,5.0,,,
BeijingAir_Tiantan,PatchTST,drift,0,2329,572,0.5964974164962769,MSE,0.019361652433872223,0.33530983328819275,input,53.0,52,PM2.5,True,32.0,68.46279907226562,,,
BeijingAir_Tiantan,PatchTST,drift,0,2329,572,0.5964974164962769,MSE,0.019361652433872223,0.33530983328819275,input,53.0,52,PM10,False,52.000003814697266,52.000003814697266,,,
BeijingAir_Tiantan,PatchTST,drift,0,2329,572,0.5964974164962769,MSE,0.019361652433872223,0.33530983328819275,input,53.0,52,SO2,False,10.0,10.0,,,
BeijingAir_Tiantan,PatchTST,drift,0,2329,572,0.5964974164962769,MSE,0.019361652433872223,0.33530983328819275,input,53.0,52,NO2,False,20.999998092651367,20.999998092651367,,,
BeijingAir_Tiantan,PatchTST,drift,0,2329,572,0.5964974164962769,MSE,0.019361652433872223,0.33530983328819275,input,53.0,52,CO,False,600.0000610351562,600.0000610351562,,,
BeijingAir_Tiantan,PatchTST,drift,0,2329,572,0.5964974164962769,MSE,0.019361652433872223,0.33530983328819275,input,53.0,52,O3,True,202.0,229.7984619140625,,,
BeijingAir_Tiantan,PatchTST,drift,0,2329,572,0.5964974164962769,MSE,0.019361652433872223,0.33530983328819275,input,53.0,52,TEMP,False,30.100000381469727,30.100000381469727,,,
BeijingAir_Tiantan,PatchTST,drift,0,2329,572,0.5964974164962769,MSE,0.019361652433872223,0.33530983328819275,input,53.0,52,PRES,False,1000.0,1000.0,,,
BeijingAir_Tiantan,PatchTST,drift,0,2329,572,0.5964974164962769,MSE,0.019361652433872223,0.33530983328819275,input,53.0,52,DEWP,True,14.19999885559082,20.424423217773438,,,
BeijingAir_Tiantan,PatchTST,drift,0,2329,572,0.5964974164962769,MSE,0.019361652433872223,0.33530983328819275,input,53.0,52,RAIN,False,0.0,0.0,,,
BeijingAir_Tiantan,PatchTST,drift,0,2329,572,0.5964974164962769,MSE,0.019361652433872223,0.33530983328819275,input,53.0,52,WSPM,False,2.200000047683716,2.200000047683716,,,
BeijingAir_Tiantan,PatchTST,drift,0,2329,572,0.5964974164962769,MSE,0.019361652433872223,0.33530983328819275,input,53.0,52,wd,False,5.0,5.0,,,
BeijingAir_Tiantan,PatchTST,drift,0,2329,572,0.5964974164962769,MSE,0.019361652433872223,0.33530983328819275,input,54.0,53,PM2.5,True,32.0,68.46279907226562,,,
BeijingAir_Tiantan,PatchTST,drift,0,2329,572,0.5964974164962769,MSE,0.019361652433872223,0.33530983328819275,input,54.0,53,PM10,False,52.000003814697266,52.000003814697266,,,
BeijingAir_Tiantan,PatchTST,drift,0,2329,572,0.5964974164962769,MSE,0.019361652433872223,0.33530983328819275,input,54.0,53,SO2,False,10.0,10.0,,,
BeijingAir_Tiantan,PatchTST,drift,0,2329,572,0.5964974164962769,MSE,0.019361652433872223,0.33530983328819275,input,54.0,53,NO2,False,20.999998092651367,20.999998092651367,,,
BeijingAir_Tiantan,PatchTST,drift,0,2329,572,0.5964974164962769,MSE,0.019361652433872223,0.33530983328819275,input,54.0,53,CO,False,600.0000610351562,600.0000610351562,,,
BeijingAir_Tiantan,PatchTST,drift,0,2329,572,0.5964974164962769,MSE,0.019361652433872223,0.33530983328819275,input,54.0,53,O3,True,202.0,229.7984619140625,,,
BeijingAir_Tiantan,PatchTST,drift,0,2329,572,0.5964974164962769,MSE,0.019361652433872223,0.33530983328819275,input,54.0,53,TEMP,False,29.100000381469727,29.100000381469727,,,
BeijingAir_Tiantan,PatchTST,drift,0,2329,572,0.5964974164962769,MSE,0.019361652433872223,0.33530983328819275,input,54.0,53,PRES,False,1000.0,1000.0,,,
BeijingAir_Tiantan,PatchTST,drift,0,2329,572,0.5964974164962769,MSE,0.019361652433872223,0.33530983328819275,input,54.0,53,DEWP,True,14.899999618530273,21.12442398071289,,,
BeijingAir_Tiantan,PatchTST,drift,0,2329,572,0.5964974164962769,MSE,0.019361652433872223,0.33530983328819275,input,54.0,53,RAIN,False,0.0,0.0,,,
BeijingAir_Tiantan,PatchTST,drift,0,2329,572,0.5964974164962769,MSE,0.019361652433872223,0.33530983328819275,input,54.0,53,WSPM,False,1.899999976158142,1.899999976158142,,,
BeijingAir_Tiantan,PatchTST,drift,0,2329,572,0.5964974164962769,MSE,0.019361652433872223,0.33530983328819275,input,54.0,53,wd,False,5.0,5.0,,,
BeijingAir_Tiantan,PatchTST,drift,0,2329,572,0.5964974164962769,MSE,0.019361652433872223,0.33530983328819275,input,55.0,54,PM2.5,True,32.0,68.46279907226562,,,
BeijingAir_Tiantan,PatchTST,drift,0,2329,572,0.5964974164962769,MSE,0.019361652433872223,0.33530983328819275,input,55.0,54,PM10,False,52.000003814697266,52.000003814697266,,,
BeijingAir_Tiantan,PatchTST,drift,0,2329,572,0.5964974164962769,MSE,0.019361652433872223,0.33530983328819275,input,55.0,54,SO2,False,10.0,10.0,,,
BeijingAir_Tiantan,PatchTST,drift,0,2329,572,0.5964974164962769,MSE,0.019361652433872223,0.33530983328819275,input,55.0,54,NO2,False,20.999998092651367,20.999998092651367,,,
BeijingAir_Tiantan,PatchTST,drift,0,2329,572,0.5964974164962769,MSE,0.019361652433872223,0.33530983328819275,input,55.0,54,CO,False,600.0000610351562,600.0000610351562,,,
BeijingAir_Tiantan,PatchTST,drift,0,2329,572,0.5964974164962769,MSE,0.019361652433872223,0.33530983328819275,input,55.0,54,O3,True,202.0,229.7984619140625,,,
BeijingAir_Tiantan,PatchTST,drift,0,2329,572,0.5964974164962769,MSE,0.019361652433872223,0.33530983328819275,input,55.0,54,TEMP,False,28.5,28.5,,,
BeijingAir_Tiantan,PatchTST,drift,0,2329,572,0.5964974164962769,MSE,0.019361652433872223,0.33530983328819275,input,55.0,54,PRES,False,1000.0999755859375,1000.0999755859375,,,
BeijingAir_Tiantan,PatchTST,drift,0,2329,572,0.5964974164962769,MSE,0.019361652433872223,0.33530983328819275,input,55.0,54,DEWP,True,14.299999237060547,20.524423599243164,,,
BeijingAir_Tiantan,PatchTST,drift,0,2329,572,0.5964974164962769,MSE,0.019361652433872223,0.33530983328819275,input,55.0,54,RAIN,False,0.0,0.0,,,
BeijingAir_Tiantan,PatchTST,drift,0,2329,572,0.5964974164962769,MSE,0.019361652433872223,0.33530983328819275,input,55.0,54,WSPM,False,1.0999999046325684,1.0999999046325684,,,
BeijingAir_Tiantan,PatchTST,drift,0,2329,572,0.5964974164962769,MSE,0.019361652433872223,0.33530983328819275,input,55.0,54,wd,False,6.0,6.0,,,
BeijingAir_Tiantan,PatchTST,drift,0,2329,572,0.5964974164962769,MSE,0.019361652433872223,0.33530983328819275,input,56.0,55,PM2.5,True,24.000003814697266,60.462806701660156,,,
BeijingAir_Tiantan,PatchTST,drift,0,2329,572,0.5964974164962769,MSE,0.019361652433872223,0.33530983328819275,input,56.0,55,PM10,False,114.0,114.0,,,
BeijingAir_Tiantan,PatchTST,drift,0,2329,572,0.5964974164962769,MSE,0.019361652433872223,0.33530983328819275,input,56.0,55,SO2,False,8.0,8.0,,,
BeijingAir_Tiantan,PatchTST,drift,0,2329,572,0.5964974164962769,MSE,0.019361652433872223,0.33530983328819275,input,56.0,55,NO2,False,28.0,28.0,,,
BeijingAir_Tiantan,PatchTST,drift,0,2329,572,0.5964974164962769,MSE,0.019361652433872223,0.33530983328819275,input,56.0,55,CO,False,600.0000610351562,600.0000610351562,,,
BeijingAir_Tiantan,PatchTST,drift,0,2329,572,0.5964974164962769,MSE,0.019361652433872223,0.33530983328819275,input,56.0,55,O3,True,136.0,163.7984619140625,,,
BeijingAir_Tiantan,PatchTST,drift,0,2329,572,0.5964974164962769,MSE,0.019361652433872223,0.33530983328819275,input,56.0,55,TEMP,False,19.399999618530273,19.399999618530273,,,
BeijingAir_Tiantan,PatchTST,drift,0,2329,572,0.5964974164962769,MSE,0.019361652433872223,0.33530983328819275,input,56.0,55,PRES,False,1003.5,1003.5,,,
BeijingAir_Tiantan,PatchTST,drift,0,2329,572,0.5964974164962769,MSE,0.019361652433872223,0.33530983328819275,input,56.0,55,DEWP,True,15.5,21.724424362182617,,,
BeijingAir_Tiantan,PatchTST,drift,0,2329,572,0.5964974164962769,MSE,0.019361652433872223,0.33530983328819275,input,56.0,55,RAIN,False,4.800000190734863,4.800000190734863,,,
BeijingAir_Tiantan,PatchTST,drift,0,2329,572,0.5964974164962769,MSE,0.019361652433872223,0.33530983328819275,input,56.0,55,WSPM,False,8.899999618530273,8.899999618530273,,,
BeijingAir_Tiantan,PatchTST,drift,0,2329,572,0.5964974164962769,MSE,0.019361652433872223,0.33530983328819275,input,56.0,55,wd,False,13.0,13.0,,,
BeijingAir_Tiantan,PatchTST,drift,0,2329,572,0.5964974164962769,MSE,0.019361652433872223,0.33530983328819275,input,57.0,56,PM2.5,True,20.0,56.46280288696289,,,
BeijingAir_Tiantan,PatchTST,drift,0,2329,572,0.5964974164962769,MSE,0.019361652433872223,0.33530983328819275,input,57.0,56,PM10,False,50.0,50.0,,,
BeijingAir_Tiantan,PatchTST,drift,0,2329,572,0.5964974164962769,MSE,0.019361652433872223,0.33530983328819275,input,57.0,56,SO2,False,3.0,3.0,,,
BeijingAir_Tiantan,PatchTST,drift,0,2329,572,0.5964974164962769,MSE,0.019361652433872223,0.33530983328819275,input,57.0,56,NO2,False,28.0,28.0,,,
BeijingAir_Tiantan,PatchTST,drift,0,2329,572,0.5964974164962769,MSE,0.019361652433872223,0.33530983328819275,input,57.0,56,CO,False,600.0000610351562,600.0000610351562,,,
BeijingAir_Tiantan,PatchTST,drift,0,2329,572,0.5964974164962769,MSE,0.019361652433872223,0.33530983328819275,input,57.0,56,O3,True,83.0,110.7984619140625,,,
BeijingAir_Tiantan,PatchTST,drift,0,2329,572,0.5964974164962769,MSE,0.019361652433872223,0.33530983328819275,input,57.0,56,TEMP,False,20.799999237060547,20.799999237060547,,,
BeijingAir_Tiantan,PatchTST,drift,0,2329,572,0.5964974164962769,MSE,0.019361652433872223,0.33530983328819275,input,57.0,56,PRES,False,1002.2000122070312,1002.2000122070312,,,
BeijingAir_Tiantan,PatchTST,drift,0,2329,572,0.5964974164962769,MSE,0.019361652433872223,0.33530983328819275,input,57.0,56,DEWP,True,15.600000381469727,21.824424743652344,,,
BeijingAir_Tiantan,PatchTST,drift,0,2329,572,0.5964974164962769,MSE,0.019361652433872223,0.33530983328819275,input,57.0,56,RAIN,False,21.700000762939453,21.700000762939453,,,
BeijingAir_Tiantan,PatchTST,drift,0,2329,572,0.5964974164962769,MSE,0.019361652433872223,0.33530983328819275,input,57.0,56,WSPM,False,3.9000000953674316,3.9000000953674316,,,
BeijingAir_Tiantan,PatchTST,drift,0,2329,572,0.5964974164962769,MSE,0.019361652433872223,0.33530983328819275,input,57.0,56,wd,False,10.0,10.0,,,
BeijingAir_Tiantan,PatchTST,drift,0,2329,572,0.5964974164962769,MSE,0.019361652433872223,0.33530983328819275,input,58.0,57,PM2.5,True,23.0,59.46280288696289,,,
BeijingAir_Tiantan,PatchTST,drift,0,2329,572,0.5964974164962769,MSE,0.019361652433872223,0.33530983328819275,input,58.0,57,PM10,False,23.0,23.0,,,
BeijingAir_Tiantan,PatchTST,drift,0,2329,572,0.5964974164962769,MSE,0.019361652433872223,0.33530983328819275,input,58.0,57,SO2,False,3.0,3.0,,,
BeijingAir_Tiantan,PatchTST,drift,0,2329,572,0.5964974164962769,MSE,0.019361652433872223,0.33530983328819275,input,58.0,57,NO2,False,40.0,40.0,,,
BeijingAir_Tiantan,PatchTST,drift,0,2329,572,0.5964974164962769,MSE,0.019361652433872223,0.33530983328819275,input,58.0,57,CO,False,700.0,700.0,,,
BeijingAir_Tiantan,PatchTST,drift,0,2329,572,0.5964974164962769,MSE,0.019361652433872223,0.33530983328819275,input,58.0,57,O3,True,67.0,94.7984619140625,,,
BeijingAir_Tiantan,PatchTST,drift,0,2329,572,0.5964974164962769,MSE,0.019361652433872223,0.33530983328819275,input,58.0,57,TEMP,False,21.299999237060547,21.299999237060547,,,
BeijingAir_Tiantan,PatchTST,drift,0,2329,572,0.5964974164962769,MSE,0.019361652433872223,0.33530983328819275,input,58.0,57,PRES,False,1002.2999877929688,1002.2999877929688,,,
BeijingAir_Tiantan,PatchTST,drift,0,2329,572,0.5964974164962769,MSE,0.019361652433872223,0.33530983328819275,input,58.0,57,DEWP,True,16.0,22.224424362182617,,,
BeijingAir_Tiantan,PatchTST,drift,0,2329,572,0.5964974164962769,MSE,0.019361652433872223,0.33530983328819275,input,58.0,57,RAIN,False,0.6000000238418579,0.6000000238418579,,,
BeijingAir_Tiantan,PatchTST,drift,0,2329,572,0.5964974164962769,MSE,0.019361652433872223,0.33530983328819275,input,58.0,57,WSPM,False,2.5,2.5,,,
BeijingAir_Tiantan,PatchTST,drift,0,2329,572,0.5964974164962769,MSE,0.019361652433872223,0.33530983328819275,input,58.0,57,wd,False,14.0,14.0,,,
BeijingAir_Tiantan,PatchTST,drift,0,2329,572,0.5964974164962769,MSE,0.019361652433872223,0.33530983328819275,input,59.0,58,PM2.5,True,17.0,53.462806701660156,,,
BeijingAir_Tiantan,PatchTST,drift,0,2329,572,0.5964974164962769,MSE,0.019361652433872223,0.33530983328819275,input,59.0,58,PM10,False,17.0,17.0,,,
BeijingAir_Tiantan,PatchTST,drift,0,2329,572,0.5964974164962769,MSE,0.019361652433872223,0.33530983328819275,input,59.0,58,SO2,False,3.0,3.0,,,
BeijingAir_Tiantan,PatchTST,drift,0,2329,572,0.5964974164962769,MSE,0.019361652433872223,0.33530983328819275,input,59.0,58,NO2,False,46.0,46.0,,,
BeijingAir_Tiantan,PatchTST,drift,0,2329,572,0.5964974164962769,MSE,0.019361652433872223,0.33530983328819275,input,59.0,58,CO,False,600.0000610351562,600.0000610351562,,,
BeijingAir_Tiantan,PatchTST,drift,0,2329,572,0.5964974164962769,MSE,0.019361652433872223,0.33530983328819275,input,59.0,58,O3,True,20.0,47.7984619140625,,,
BeijingAir_Tiantan,PatchTST,drift,0,2329,572,0.5964974164962769,MSE,0.019361652433872223,0.33530983328819275,input,59.0,58,TEMP,False,19.200000762939453,19.200000762939453,,,
BeijingAir_Tiantan,PatchTST,drift,0,2329,572,0.5964974164962769,MSE,0.019361652433872223,0.33530983328819275,input,59.0,58,PRES,False,1003.0999755859375,1003.0999755859375,,,
BeijingAir_Tiantan,PatchTST,drift,0,2329,572,0.5964974164962769,MSE,0.019361652433872223,0.33530983328819275,input,59.0,58,DEWP,True,17.299999237060547,23.524423599243164,,,
BeijingAir_Tiantan,PatchTST,drift,0,2329,572,0.5964974164962769,MSE,0.019361652433872223,0.33530983328819275,input,59.0,58,RAIN,False,0.0,0.0,,,
BeijingAir_Tiantan,PatchTST,drift,0,2329,572,0.5964974164962769,MSE,0.019361652433872223,0.33530983328819275,input,59.0,58,WSPM,False,1.5,1.5,,,
BeijingAir_Tiantan,PatchTST,drift,0,2329,572,0.5964974164962769,MSE,0.019361652433872223,0.33530983328819275,input,59.0,58,wd,False,4.0,4.0,,,
BeijingAir_Tiantan,PatchTST,drift,0,2329,572,0.5964974164962769,MSE,0.019361652433872223,0.33530983328819275,input,60.0,59,PM2.5,True,12.0,48.46280288696289,,,
BeijingAir_Tiantan,PatchTST,drift,0,2329,572,0.5964974164962769,MSE,0.019361652433872223,0.33530983328819275,input,60.0,59,PM10,False,12.0,12.0,,,
BeijingAir_Tiantan,PatchTST,drift,0,2329,572,0.5964974164962769,MSE,0.019361652433872223,0.33530983328819275,input,60.0,59,SO2,False,3.0,3.0,,,
BeijingAir_Tiantan,PatchTST,drift,0,2329,572,0.5964974164962769,MSE,0.019361652433872223,0.33530983328819275,input,60.0,59,NO2,False,37.0,37.0,,,
BeijingAir_Tiantan,PatchTST,drift,0,2329,572,0.5964974164962769,MSE,0.019361652433872223,0.33530983328819275,input,60.0,59,CO,False,500.0,500.0,,,
BeijingAir_Tiantan,PatchTST,drift,0,2329,572,0.5964974164962769,MSE,0.019361652433872223,0.33530983328819275,input,60.0,59,O3,True,25.0,52.7984619140625,,,
BeijingAir_Tiantan,PatchTST,drift,0,2329,572,0.5964974164962769,MSE,0.019361652433872223,0.33530983328819275,input,60.0,59,TEMP,False,18.799999237060547,18.799999237060547,,,
BeijingAir_Tiantan,PatchTST,drift,0,2329,572,0.5964974164962769,MSE,0.019361652433872223,0.33530983328819275,input,60.0,59,PRES,False,1003.2000122070312,1003.2000122070312,,,
BeijingAir_Tiantan,PatchTST,drift,0,2329,572,0.5964974164962769,MSE,0.019361652433872223,0.33530983328819275,input,60.0,59,DEWP,True,17.600000381469727,23.824424743652344,,,
BeijingAir_Tiantan,PatchTST,drift,0,2329,572,0.5964974164962769,MSE,0.019361652433872223,0.33530983328819275,input,60.0,59,RAIN,False,0.0,0.0,,,
BeijingAir_Tiantan,PatchTST,drift,0,2329,572,0.5964974164962769,MSE,0.019361652433872223,0.33530983328819275,input,60.0,59,WSPM,False,1.0999999046325684,1.0999999046325684,,,
BeijingAir_Tiantan,PatchTST,drift,0,2329,572,0.5964974164962769,MSE,0.019361652433872223,0.33530983328819275,input,60.0,59,wd,False,5.0,5.0,,,
BeijingAir_Tiantan,PatchTST,drift,0,2329,572,0.5964974164962769,MSE,0.019361652433872223,0.33530983328819275,input,61.0,60,PM2.5,True,22.0,58.462799072265625,,,
BeijingAir_Tiantan,PatchTST,drift,0,2329,572,0.5964974164962769,MSE,0.019361652433872223,0.33530983328819275,input,61.0,60,PM10,False,22.0,22.0,,,
BeijingAir_Tiantan,PatchTST,drift,0,2329,572,0.5964974164962769,MSE,0.019361652433872223,0.33530983328819275,input,61.0,60,SO2,False,2.0,2.0,,,
BeijingAir_Tiantan,PatchTST,drift,0,2329,572,0.5964974164962769,MSE,0.019361652433872223,0.33530983328819275,input,61.0,60,NO2,False,49.0,49.0,,,
BeijingAir_Tiantan,PatchTST,drift,0,2329,572,0.5964974164962769,MSE,0.019361652433872223,0.33530983328819275,input,61.0,60,CO,False,600.0000610351562,600.0000610351562,,,
BeijingAir_Tiantan,PatchTST,drift,0,2329,572,0.5964974164962769,MSE,0.019361652433872223,0.33530983328819275,input,61.0,60,O3,True,9.0,36.7984619140625,,,
BeijingAir_Tiantan,PatchTST,drift,0,2329,572,0.5964974164962769,MSE,0.019361652433872223,0.33530983328819275,input,61.0,60,TEMP,False,18.799999237060547,18.799999237060547,,,
BeijingAir_Tiantan,PatchTST,drift,0,2329,572,0.5964974164962769,MSE,0.019361652433872223,0.33530983328819275,input,61.0,60,PRES,False,1003.0,1003.0,,,
BeijingAir_Tiantan,PatchTST,drift,0,2329,572,0.5964974164962769,MSE,0.019361652433872223,0.33530983328819275,input,61.0,60,DEWP,True,17.600000381469727,23.824424743652344,,,
BeijingAir_Tiantan,PatchTST,drift,0,2329,572,0.5964974164962769,MSE,0.019361652433872223,0.33530983328819275,input,61.0,60,RAIN,False,0.0,0.0,,,
BeijingAir_Tiantan,PatchTST,drift,0,2329,572,0.5964974164962769,MSE,0.019361652433872223,0.33530983328819275,input,61.0,60,WSPM,False,0.0,0.0,,,
BeijingAir_Tiantan,PatchTST,drift,0,2329,572,0.5964974164962769,MSE,0.019361652433872223,0.33530983328819275,input,61.0,60,wd,False,10.0,10.0,,,
BeijingAir_Tiantan,PatchTST,drift,0,2329,572,0.5964974164962769,MSE,0.019361652433872223,0.33530983328819275,input,62.0,61,PM2.5,True,16.0,52.46280288696289,,,
BeijingAir_Tiantan,PatchTST,drift,0,2329,572,0.5964974164962769,MSE,0.019361652433872223,0.33530983328819275,input,62.0,61,PM10,False,16.0,16.0,,,
BeijingAir_Tiantan,PatchTST,drift,0,2329,572,0.5964974164962769,MSE,0.019361652433872223,0.33530983328819275,input,62.0,61,SO2,False,3.0,3.0,,,
BeijingAir_Tiantan,PatchTST,drift,0,2329,572,0.5964974164962769,MSE,0.019361652433872223,0.33530983328819275,input,62.0,61,NO2,False,42.0,42.0,,,
BeijingAir_Tiantan,PatchTST,drift,0,2329,572,0.5964974164962769,MSE,0.019361652433872223,0.33530983328819275,input,62.0,61,CO,False,600.0000610351562,600.0000610351562,,,
BeijingAir_Tiantan,PatchTST,drift,0,2329,572,0.5964974164962769,MSE,0.019361652433872223,0.33530983328819275,input,62.0,61,O3,True,6.0,33.7984619140625,,,
BeijingAir_Tiantan,PatchTST,drift,0,2329,572,0.5964974164962769,MSE,0.019361652433872223,0.33530983328819275,input,62.0,61,TEMP,False,18.399999618530273,18.399999618530273,,,
BeijingAir_Tiantan,PatchTST,drift,0,2329,572,0.5964974164962769,MSE,0.019361652433872223,0.33530983328819275,input,62.0,61,PRES,False,1002.5,1002.5,,,
BeijingAir_Tiantan,PatchTST,drift,0,2329,572,0.5964974164962769,MSE,0.019361652433872223,0.33530983328819275,input,62.0,61,DEWP,True,17.399999618530273,23.624422073364258,,,
BeijingAir_Tiantan,PatchTST,drift,0,2329,572,0.5964974164962769,MSE,0.019361652433872223,0.33530983328819275,input,62.0,61,RAIN,False,0.0,0.0,,,
BeijingAir_Tiantan,PatchTST,drift,0,2329,572,0.5964974164962769,MSE,0.019361652433872223,0.33530983328819275,input,62.0,61,WSPM,False,0.0,0.0,,,
BeijingAir_Tiantan,PatchTST,drift,0,2329,572,0.5964974164962769,MSE,0.019361652433872223,0.33530983328819275,input,62.0,61,wd,False,10.0,10.0,,,
BeijingAir_Tiantan,PatchTST,drift,0,2329,572,0.5964974164962769,MSE,0.019361652433872223,0.33530983328819275,input,63.0,62,PM2.5,True,16.0,52.46280288696289,,,
BeijingAir_Tiantan,PatchTST,drift,0,2329,572,0.5964974164962769,MSE,0.019361652433872223,0.33530983328819275,input,63.0,62,PM10,False,16.0,16.0,,,
BeijingAir_Tiantan,PatchTST,drift,0,2329,572,0.5964974164962769,MSE,0.019361652433872223,0.33530983328819275,input,63.0,62,SO2,False,2.0,2.0,,,
BeijingAir_Tiantan,PatchTST,drift,0,2329,572,0.5964974164962769,MSE,0.019361652433872223,0.33530983328819275,input,63.0,62,NO2,False,41.0,41.0,,,
BeijingAir_Tiantan,PatchTST,drift,0,2329,572,0.5964974164962769,MSE,0.019361652433872223,0.33530983328819275,input,63.0,62,CO,False,600.0000610351562,600.0000610351562,,,
BeijingAir_Tiantan,PatchTST,drift,0,2329,572,0.5964974164962769,MSE,0.019361652433872223,0.33530983328819275,input,63.0,62,O3,True,2.0,29.7984619140625,,,
BeijingAir_Tiantan,PatchTST,drift,0,2329,572,0.5964974164962769,MSE,0.019361652433872223,0.33530983328819275,input,63.0,62,TEMP,False,18.200000762939453,18.200000762939453,,,
BeijingAir_Tiantan,PatchTST,drift,0,2329,572,0.5964974164962769,MSE,0.019361652433872223,0.33530983328819275,input,63.0,62,PRES,False,1002.4000244140625,1002.4000244140625,,,
BeijingAir_Tiantan,PatchTST,drift,0,2329,572,0.5964974164962769,MSE,0.019361652433872223,0.33530983328819275,input,63.0,62,DEWP,True,17.0,23.224424362182617,,,
BeijingAir_Tiantan,PatchTST,drift,0,2329,572,0.5964974164962769,MSE,0.019361652433872223,0.33530983328819275,input,63.0,62,RAIN,False,0.0,0.0,,,
BeijingAir_Tiantan,PatchTST,drift,0,2329,572,0.5964974164962769,MSE,0.019361652433872223,0.33530983328819275,input,63.0,62,WSPM,False,0.0,0.0,,,
BeijingAir_Tiantan,PatchTST,drift,0,2329,572,0.5964974164962769,MSE,0.019361652433872223,0.33530983328819275,input,63.0,62,wd,False,10.0,10.0,,,
BeijingAir_Tiantan,PatchTST,drift,0,2329,572,0.5964974164962769,MSE,0.019361652433872223,0.33530983328819275,input,64.0,63,PM2.5,True,20.0,56.46280288696289,,,
BeijingAir_Tiantan,PatchTST,drift,0,2329,572,0.5964974164962769,MSE,0.019361652433872223,0.33530983328819275,input,64.0,63,PM10,False,20.0,20.0,,,
BeijingAir_Tiantan,PatchTST,drift,0,2329,572,0.5964974164962769,MSE,0.019361652433872223,0.33530983328819275,input,64.0,63,SO2,False,2.0,2.0,,,
BeijingAir_Tiantan,PatchTST,drift,0,2329,572,0.5964974164962769,MSE,0.019361652433872223,0.33530983328819275,input,64.0,63,NO2,False,34.0,34.0,,,
BeijingAir_Tiantan,PatchTST,drift,0,2329,572,0.5964974164962769,MSE,0.019361652433872223,0.33530983328819275,input,64.0,63,CO,False,600.0000610351562,600.0000610351562,,,
BeijingAir_Tiantan,PatchTST,drift,0,2329,572,0.5964974164962769,MSE,0.019361652433872223,0.33530983328819275,input,64.0,63,O3,True,2.0,29.7984619140625,,,
BeijingAir_Tiantan,PatchTST,drift,0,2329,572,0.5964974164962769,MSE,0.019361652433872223,0.33530983328819275,input,64.0,63,TEMP,False,17.600000381469727,17.600000381469727,,,
BeijingAir_Tiantan,PatchTST,drift,0,2329,572,0.5964974164962769,MSE,0.019361652433872223,0.33530983328819275,input,64.0,63,PRES,False,1002.2000122070312,1002.2000122070312,,,
BeijingAir_Tiantan,PatchTST,drift,0,2329,572,0.5964974164962769,MSE,0.019361652433872223,0.33530983328819275,input,64.0,63,DEWP,True,16.799999237060547,23.024423599243164,,,
BeijingAir_Tiantan,PatchTST,drift,0,2329,572,0.5964974164962769,MSE,0.019361652433872223,0.33530983328819275,input,64.0,63,RAIN,False,0.0,0.0,,,
BeijingAir_Tiantan,PatchTST,drift,0,2329,572,0.5964974164962769,MSE,0.019361652433872223,0.33530983328819275,input,64.0,63,WSPM,False,0.0,0.0,,,
BeijingAir_Tiantan,PatchTST,drift,0,2329,572,0.5964974164962769,MSE,0.019361652433872223,0.33530983328819275,input,64.0,63,wd,False,10.0,10.0,,,
BeijingAir_Tiantan,PatchTST,drift,0,2329,572,0.5964974164962769,MSE,0.019361652433872223,0.33530983328819275,input,65.0,64,PM2.5,True,22.0,58.462799072265625,,,
BeijingAir_Tiantan,PatchTST,drift,0,2329,572,0.5964974164962769,MSE,0.019361652433872223,0.33530983328819275,input,65.0,64,PM10,False,22.0,22.0,,,
BeijingAir_Tiantan,PatchTST,drift,0,2329,572,0.5964974164962769,MSE,0.019361652433872223,0.33530983328819275,input,65.0,64,SO2,False,2.0,2.0,,,
BeijingAir_Tiantan,PatchTST,drift,0,2329,572,0.5964974164962769,MSE,0.019361652433872223,0.33530983328819275,input,65.0,64,NO2,False,32.0,32.0,,,
BeijingAir_Tiantan,PatchTST,drift,0,2329,572,0.5964974164962769,MSE,0.019361652433872223,0.33530983328819275,input,65.0,64,CO,False,700.0,700.0,,,
BeijingAir_Tiantan,PatchTST,drift,0,2329,572,0.5964974164962769,MSE,0.019361652433872223,0.33530983328819275,input,65.0,64,O3,True,2.0,29.7984619140625,,,
BeijingAir_Tiantan,PatchTST,drift,0,2329,572,0.5964974164962769,MSE,0.019361652433872223,0.33530983328819275,input,65.0,64,TEMP,False,17.200000762939453,17.200000762939453,,,
BeijingAir_Tiantan,PatchTST,drift,0,2329,572,0.5964974164962769,MSE,0.019361652433872223,0.33530983328819275,input,65.0,64,PRES,False,1002.2000122070312,1002.2000122070312,,,
BeijingAir_Tiantan,PatchTST,drift,0,2329,572,0.5964974164962769,MSE,0.019361652433872223,0.33530983328819275,input,65.0,64,DEWP,True,16.399999618530273,22.62442398071289,,,
BeijingAir_Tiantan,PatchTST,drift,0,2329,572,0.5964974164962769,MSE,0.019361652433872223,0.33530983328819275,input,65.0,64,RAIN,False,0.0,0.0,,,
BeijingAir_Tiantan,PatchTST,drift,0,2329,572,0.5964974164962769,MSE,0.019361652433872223,0.33530983328819275,input,65.0,64,WSPM,False,0.0,0.0,,,
BeijingAir_Tiantan,PatchTST,drift,0,2329,572,0.5964974164962769,MSE,0.019361652433872223,0.33530983328819275,input,65.0,64,wd,False,1.0,1.0,,,
BeijingAir_Tiantan,PatchTST,drift,0,2329,572,0.5964974164962769,MSE,0.019361652433872223,0.33530983328819275,input,66.0,65,PM2.5,True,19.0,55.46280288696289,,,
BeijingAir_Tiantan,PatchTST,drift,0,2329,572,0.5964974164962769,MSE,0.019361652433872223,0.33530983328819275,input,66.0,65,PM10,False,19.0,19.0,,,
BeijingAir_Tiantan,PatchTST,drift,0,2329,572,0.5964974164962769,MSE,0.019361652433872223,0.33530983328819275,input,66.0,65,SO2,False,3.0,3.0,,,
BeijingAir_Tiantan,PatchTST,drift,0,2329,572,0.5964974164962769,MSE,0.019361652433872223,0.33530983328819275,input,66.0,65,NO2,False,33.0,33.0,,,
BeijingAir_Tiantan,PatchTST,drift,0,2329,572,0.5964974164962769,MSE,0.019361652433872223,0.33530983328819275,input,66.0,65,CO,False,800.0,800.0,,,
BeijingAir_Tiantan,PatchTST,drift,0,2329,572,0.5964974164962769,MSE,0.019361652433872223,0.33530983328819275,input,66.0,65,O3,True,2.0,29.7984619140625,,,
BeijingAir_Tiantan,PatchTST,drift,0,2329,572,0.5964974164962769,MSE,0.019361652433872223,0.33530983328819275,input,66.0,65,TEMP,False,16.799999237060547,16.799999237060547,,,
BeijingAir_Tiantan,PatchTST,drift,0,2329,572,0.5964974164962769,MSE,0.019361652433872223,0.33530983328819275,input,66.0,65,PRES,False,1002.2000122070312,1002.2000122070312,,,
BeijingAir_Tiantan,PatchTST,drift,0,2329,572,0.5964974164962769,MSE,0.019361652433872223,0.33530983328819275,input,66.0,65,DEWP,True,16.0,22.224424362182617,,,
BeijingAir_Tiantan,PatchTST,drift,0,2329,572,0.5964974164962769,MSE,0.019361652433872223,0.33530983328819275,input,66.0,65,RAIN,False,0.0,0.0,,,
BeijingAir_Tiantan,PatchTST,drift,0,2329,572,0.5964974164962769,MSE,0.019361652433872223,0.33530983328819275,input,66.0,65,WSPM,False,0.6000000238418579,0.6000000238418579,,,
BeijingAir_Tiantan,PatchTST,drift,0,2329,572,0.5964974164962769,MSE,0.019361652433872223,0.33530983328819275,input,66.0,65,wd,False,2.0,2.0,,,
BeijingAir_Tiantan,PatchTST,drift,0,2329,572,0.5964974164962769,MSE,0.019361652433872223,0.33530983328819275,input,67.0,66,PM2.5,True,19.0,55.46280288696289,,,
BeijingAir_Tiantan,PatchTST,drift,0,2329,572,0.5964974164962769,MSE,0.019361652433872223,0.33530983328819275,input,67.0,66,PM10,False,19.0,19.0,,,
BeijingAir_Tiantan,PatchTST,drift,0,2329,572,0.5964974164962769,MSE,0.019361652433872223,0.33530983328819275,input,67.0,66,SO2,False,2.0,2.0,,,
BeijingAir_Tiantan,PatchTST,drift,0,2329,572,0.5964974164962769,MSE,0.019361652433872223,0.33530983328819275,input,67.0,66,NO2,False,27.0,27.0,,,
BeijingAir_Tiantan,PatchTST,drift,0,2329,572,0.5964974164962769,MSE,0.019361652433872223,0.33530983328819275,input,67.0,66,CO,False,800.0,800.0,,,
BeijingAir_Tiantan,PatchTST,drift,0,2329,572,0.5964974164962769,MSE,0.019361652433872223,0.33530983328819275,input,67.0,66,O3,True,2.0,29.7984619140625,,,
BeijingAir_Tiantan,PatchTST,drift,0,2329,572,0.5964974164962769,MSE,0.019361652433872223,0.33530983328819275,input,67.0,66,TEMP,False,17.0,17.0,,,
BeijingAir_Tiantan,PatchTST,drift,0,2329,572,0.5964974164962769,MSE,0.019361652433872223,0.33530983328819275,input,67.0,66,PRES,False,1002.7000122070312,1002.7000122070312,,,
BeijingAir_Tiantan,PatchTST,drift,0,2329,572,0.5964974164962769,MSE,0.019361652433872223,0.33530983328819275,input,67.0,66,DEWP,True,16.399999618530273,22.62442398071289,,,
BeijingAir_Tiantan,PatchTST,drift,0,2329,572,0.5964974164962769,MSE,0.019361652433872223,0.33530983328819275,input,67.0,66,RAIN,False,0.10000000149011612,0.10000000149011612,,,
BeijingAir_Tiantan,PatchTST,drift,0,2329,572,0.5964974164962769,MSE,0.019361652433872223,0.33530983328819275,input,67.0,66,WSPM,False,0.8000000715255737,0.8000000715255737,,,
BeijingAir_Tiantan,PatchTST,drift,0,2329,572,0.5964974164962769,MSE,0.019361652433872223,0.33530983328819275,input,67.0,66,wd,False,10.0,10.0,,,
BeijingAir_Tiantan,PatchTST,drift,0,2329,572,0.5964974164962769,MSE,0.019361652433872223,0.33530983328819275,input,68.0,67,PM2.5,True,20.999996185302734,57.462799072265625,,,
BeijingAir_Tiantan,PatchTST,drift,0,2329,572,0.5964974164962769,MSE,0.019361652433872223,0.33530983328819275,input,68.0,67,PM10,False,42.999996185302734,42.999996185302734,,,
BeijingAir_Tiantan,PatchTST,drift,0,2329,572,0.5964974164962769,MSE,0.019361652433872223,0.33530983328819275,input,68.0,67,SO2,False,2.0,2.0,,,
BeijingAir_Tiantan,PatchTST,drift,0,2329,572,0.5964974164962769,MSE,0.019361652433872223,0.33530983328819275,input,68.0,67,NO2,False,33.0,33.0,,,
BeijingAir_Tiantan,PatchTST,drift,0,2329,572,0.5964974164962769,MSE,0.019361652433872223,0.33530983328819275,input,68.0,67,CO,False,900.0,900.0,,,
BeijingAir_Tiantan,PatchTST,drift,0,2329,572,0.5964974164962769,MSE,0.019361652433872223,0.33530983328819275,input,68.0,67,O3,True,2.0,29.7984619140625,,,
BeijingAir_Tiantan,PatchTST,drift,0,2329,572,0.5964974164962769,MSE,0.019361652433872223,0.33530983328819275,input,68.0,67,TEMP,False,18.200000762939453,18.200000762939453,,,
BeijingAir_Tiantan,PatchTST,drift,0,2329,572,0.5964974164962769,MSE,0.019361652433872223,0.33530983328819275,input,68.0,67,PRES,False,1003.0999755859375,1003.0999755859375,,,
BeijingAir_Tiantan,PatchTST,drift,0,2329,572,0.5964974164962769,MSE,0.019361652433872223,0.33530983328819275,input,68.0,67,DEWP,True,16.700000762939453,22.92442512512207,,,
BeijingAir_Tiantan,PatchTST,drift,0,2329,572,0.5964974164962769,MSE,0.019361652433872223,0.33530983328819275,input,68.0,67,RAIN,False,0.0,0.0,,,
BeijingAir_Tiantan,PatchTST,drift,0,2329,572,0.5964974164962769,MSE,0.019361652433872223,0.33530983328819275,input,68.0,67,WSPM,False,0.3999999761581421,0.3999999761581421,,,
BeijingAir_Tiantan,PatchTST,drift,0,2329,572,0.5964974164962769,MSE,0.019361652433872223,0.33530983328819275,input,68.0,67,wd,False,0.0,0.0,,,
BeijingAir_Tiantan,PatchTST,drift,0,2329,572,0.5964974164962769,MSE,0.019361652433872223,0.33530983328819275,input,69.0,68,PM2.5,True,32.0,68.46279907226562,,,
BeijingAir_Tiantan,PatchTST,drift,0,2329,572,0.5964974164962769,MSE,0.019361652433872223,0.33530983328819275,input,69.0,68,PM10,False,65.0,65.0,,,
BeijingAir_Tiantan,PatchTST,drift,0,2329,572,0.5964974164962769,MSE,0.019361652433872223,0.33530983328819275,input,69.0,68,SO2,False,2.0,2.0,,,
BeijingAir_Tiantan,PatchTST,drift,0,2329,572,0.5964974164962769,MSE,0.019361652433872223,0.33530983328819275,input,69.0,68,NO2,False,49.0,49.0,,,
BeijingAir_Tiantan,PatchTST,drift,0,2329,572,0.5964974164962769,MSE,0.019361652433872223,0.33530983328819275,input,69.0,68,CO,False,800.0,800.0,,,
BeijingAir_Tiantan,PatchTST,drift,0,2329,572,0.5964974164962769,MSE,0.019361652433872223,0.33530983328819275,input,69.0,68,O3,True,4.0,31.798460006713867,,,
BeijingAir_Tiantan,PatchTST,drift,0,2329,572,0.5964974164962769,MSE,0.019361652433872223,0.33530983328819275,input,69.0,68,TEMP,False,20.799999237060547,20.799999237060547,,,
BeijingAir_Tiantan,PatchTST,drift,0,2329,572,0.5964974164962769,MSE,0.019361652433872223,0.33530983328819275,input,69.0,68,PRES,False,1003.4000244140625,1003.4000244140625,,,
BeijingAir_Tiantan,PatchTST,drift,0,2329,572,0.5964974164962769,MSE,0.019361652433872223,0.33530983328819275,input,69.0,68,DEWP,True,16.200000762939453,22.42442512512207,,,
BeijingAir_Tiantan,PatchTST,drift,0,2329,572,0.5964974164962769,MSE,0.019361652433872223,0.33530983328819275,input,69.0,68,RAIN,False,0.0,0.0,,,
BeijingAir_Tiantan,PatchTST,drift,0,2329,572,0.5964974164962769,MSE,0.019361652433872223,0.33530983328819275,input,69.0,68,WSPM,False,1.2000000476837158,1.2000000476837158,,,
BeijingAir_Tiantan,PatchTST,drift,0,2329,572,0.5964974164962769,MSE,0.019361652433872223,0.33530983328819275,input,69.0,68,wd,False,2.0,2.0,,,
BeijingAir_Tiantan,PatchTST,drift,0,2329,572,0.5964974164962769,MSE,0.019361652433872223,0.33530983328819275,input,70.0,69,PM2.5,True,35.0,71.46279907226562,,,
BeijingAir_Tiantan,PatchTST,drift,0,2329,572,0.5964974164962769,MSE,0.019361652433872223,0.33530983328819275,input,70.0,69,PM10,False,35.0,35.0,,,
BeijingAir_Tiantan,PatchTST,drift,0,2329,572,0.5964974164962769,MSE,0.019361652433872223,0.33530983328819275,input,70.0,69,SO2,False,2.0,2.0,,,
BeijingAir_Tiantan,PatchTST,drift,0,2329,572,0.5964974164962769,MSE,0.019361652433872223,0.33530983328819275,input,70.0,69,NO2,False,60.0,60.0,,,
BeijingAir_Tiantan,PatchTST,drift,0,2329,572,0.5964974164962769,MSE,0.019361652433872223,0.33530983328819275,input,70.0,69,CO,False,800.0,800.0,,,
BeijingAir_Tiantan,PatchTST,drift,0,2329,572,0.5964974164962769,MSE,0.019361652433872223,0.33530983328819275,input,70.0,69,O3,True,8.0,35.7984619140625,,,
BeijingAir_Tiantan,PatchTST,drift,0,2329,572,0.5964974164962769,MSE,0.019361652433872223,0.33530983328819275,input,70.0,69,TEMP,False,22.200000762939453,22.200000762939453,,,
BeijingAir_Tiantan,PatchTST,drift,0,2329,572,0.5964974164962769,MSE,0.019361652433872223,0.33530983328819275,input,70.0,69,PRES,False,1003.7000122070312,1003.7000122070312,,,
BeijingAir_Tiantan,PatchTST,drift,0,2329,572,0.5964974164962769,MSE,0.019361652433872223,0.33530983328819275,input,70.0,69,DEWP,True,16.700000762939453,22.92442512512207,,,
BeijingAir_Tiantan,PatchTST,drift,0,2329,572,0.5964974164962769,MSE,0.019361652433872223,0.33530983328819275,input,70.0,69,RAIN,False,0.0,0.0,,,
BeijingAir_Tiantan,PatchTST,drift,0,2329,572,0.5964974164962769,MSE,0.019361652433872223,0.33530983328819275,input,70.0,69,WSPM,False,0.8999999761581421,0.8999999761581421,,,
BeijingAir_Tiantan,PatchTST,drift,0,2329,572,0.5964974164962769,MSE,0.019361652433872223,0.33530983328819275,input,70.0,69,wd,False,4.0,4.0,,,
BeijingAir_Tiantan,PatchTST,drift,0,2329,572,0.5964974164962769,MSE,0.019361652433872223,0.33530983328819275,input,71.0,70,PM2.5,True,39.0,75.46279907226562,,,
BeijingAir_Tiantan,PatchTST,drift,0,2329,572,0.5964974164962769,MSE,0.019361652433872223,0.33530983328819275,input,71.0,70,PM10,False,39.0,39.0,,,
BeijingAir_Tiantan,PatchTST,drift,0,2329,572,0.5964974164962769,MSE,0.019361652433872223,0.33530983328819275,input,71.0,70,SO2,False,2.0,2.0,,,
BeijingAir_Tiantan,PatchTST,drift,0,2329,572,0.5964974164962769,MSE,0.019361652433872223,0.33530983328819275,input,71.0,70,NO2,False,54.0,54.0,,,
BeijingAir_Tiantan,PatchTST,drift,0,2329,572,0.5964974164962769,MSE,0.019361652433872223,0.33530983328819275,input,71.0,70,CO,False,700.0,700.0,,,
BeijingAir_Tiantan,PatchTST,drift,0,2329,572,0.5964974164962769,MSE,0.019361652433872223,0.33530983328819275,input,71.0,70,O3,True,31.0,58.7984619140625,,,
BeijingAir_Tiantan,PatchTST,drift,0,2329,572,0.5964974164962769,MSE,0.019361652433872223,0.33530983328819275,input,71.0,70,TEMP,False,24.899999618530273,24.899999618530273,,,
BeijingAir_Tiantan,PatchTST,drift,0,2329,572,0.5964974164962769,MSE,0.019361652433872223,0.33530983328819275,input,71.0,70,PRES,False,1003.7999877929688,1003.7999877929688,,,
BeijingAir_Tiantan,PatchTST,drift,0,2329,572,0.5964974164962769,MSE,0.019361652433872223,0.33530983328819275,input,71.0,70,DEWP,True,15.799999237060547,22.024423599243164,,,
BeijingAir_Tiantan,PatchTST,drift,0,2329,572,0.5964974164962769,MSE,0.019361652433872223,0.33530983328819275,input,71.0,70,RAIN,False,0.0,0.0,,,
BeijingAir_Tiantan,PatchTST,drift,0,2329,572,0.5964974164962769,MSE,0.019361652433872223,0.33530983328819275,input,71.0,70,WSPM,False,1.0,1.0,,,
BeijingAir_Tiantan,PatchTST,drift,0,2329,572,0.5964974164962769,MSE,0.019361652433872223,0.33530983328819275,input,71.0,70,wd,False,7.0,7.0,,,
BeijingAir_Tiantan,PatchTST,drift,0,2329,572,0.5964974164962769,MSE,0.019361652433872223,0.33530983328819275,input,72.0,71,PM2.5,True,29.0,65.46279907226562,,,
BeijingAir_Tiantan,PatchTST,drift,0,2329,572,0.5964974164962769,MSE,0.019361652433872223,0.33530983328819275,input,72.0,71,PM10,False,30.0,30.0,,,
BeijingAir_Tiantan,PatchTST,drift,0,2329,572,0.5964974164962769,MSE,0.019361652433872223,0.33530983328819275,input,72.0,71,SO2,False,3.0,3.0,,,
BeijingAir_Tiantan,PatchTST,drift,0,2329,572,0.5964974164962769,MSE,0.019361652433872223,0.33530983328819275,input,72.0,71,NO2,False,53.0,53.0,,,
BeijingAir_Tiantan,PatchTST,drift,0,2329,572,0.5964974164962769,MSE,0.019361652433872223,0.33530983328819275,input,72.0,71,CO,False,700.0,700.0,,,
BeijingAir_Tiantan,PatchTST,drift,0,2329,572,0.5964974164962769,MSE,0.019361652433872223,0.33530983328819275,input,72.0,71,O3,True,50.0,77.7984619140625,,,
BeijingAir_Tiantan,PatchTST,drift,0,2329,572,0.5964974164962769,MSE,0.019361652433872223,0.33530983328819275,input,72.0,71,TEMP,False,27.299999237060547,27.299999237060547,,,
BeijingAir_Tiantan,PatchTST,drift,0,2329,572,0.5964974164962769,MSE,0.019361652433872223,0.33530983328819275,input,72.0,71,PRES,False,1003.2999877929688,1003.2999877929688,,,
BeijingAir_Tiantan,PatchTST,drift,0,2329,572,0.5964974164962769,MSE,0.019361652433872223,0.33530983328819275,input,72.0,71,DEWP,True,14.0,20.224424362182617,,,
BeijingAir_Tiantan,PatchTST,drift,0,2329,572,0.5964974164962769,MSE,0.019361652433872223,0.33530983328819275,input,72.0,71,RAIN,False,0.0,0.0,,,
BeijingAir_Tiantan,PatchTST,drift,0,2329,572,0.5964974164962769,MSE,0.019361652433872223,0.33530983328819275,input,72.0,71,WSPM,False,1.2999999523162842,1.2999999523162842,,,
BeijingAir_Tiantan,PatchTST,drift,0,2329,572,0.5964974164962769,MSE,0.019361652433872223,0.33530983328819275,input,72.0,71,wd,False,12.0,12.0,,,
BeijingAir_Tiantan,PatchTST,drift,0,2329,572,0.5964974164962769,MSE,0.019361652433872223,0.33530983328819275,input,73.0,72,PM2.5,True,29.0,65.46279907226562,,,
BeijingAir_Tiantan,PatchTST,drift,0,2329,572,0.5964974164962769,MSE,0.019361652433872223,0.33530983328819275,input,73.0,72,PM10,False,30.0,30.0,,,
BeijingAir_Tiantan,PatchTST,drift,0,2329,572,0.5964974164962769,MSE,0.019361652433872223,0.33530983328819275,input,73.0,72,SO2,False,3.0,3.0,,,
BeijingAir_Tiantan,PatchTST,drift,0,2329,572,0.5964974164962769,MSE,0.019361652433872223,0.33530983328819275,input,73.0,72,NO2,False,53.0,53.0,,,
BeijingAir_Tiantan,PatchTST,drift,0,2329,572,0.5964974164962769,MSE,0.019361652433872223,0.33530983328819275,input,73.0,72,CO,False,700.0,700.0,,,
BeijingAir_Tiantan,PatchTST,drift,0,2329,572,0.5964974164962769,MSE,0.019361652433872223,0.33530983328819275,input,73.0,72,O3,True,50.0,77.7984619140625,,,
BeijingAir_Tiantan,PatchTST,drift,0,2329,572,0.5964974164962769,MSE,0.019361652433872223,0.33530983328819275,input,73.0,72,TEMP,False,28.399999618530273,28.399999618530273,,,
BeijingAir_Tiantan,PatchTST,drift,0,2329,572,0.5964974164962769,MSE,0.019361652433872223,0.33530983328819275,input,73.0,72,PRES,False,1002.5999755859375,1002.5999755859375,,,
BeijingAir_Tiantan,PatchTST,drift,0,2329,572,0.5964974164962769,MSE,0.019361652433872223,0.33530983328819275,input,73.0,72,DEWP,True,12.299999237060547,18.524423599243164,,,
BeijingAir_Tiantan,PatchTST,drift,0,2329,572,0.5964974164962769,MSE,0.019361652433872223,0.33530983328819275,input,73.0,72,RAIN,False,0.0,0.0,,,
BeijingAir_Tiantan,PatchTST,drift,0,2329,572,0.5964974164962769,MSE,0.019361652433872223,0.33530983328819275,input,73.0,72,WSPM,False,2.0,2.0,,,
BeijingAir_Tiantan,PatchTST,drift,0,2329,572,0.5964974164962769,MSE,0.019361652433872223,0.33530983328819275,input,73.0,72,wd,False,12.0,12.0,,,
BeijingAir_Tiantan,PatchTST,drift,0,2329,572,0.5964974164962769,MSE,0.019361652433872223,0.33530983328819275,input,74.0,73,PM2.5,True,29.0,65.46279907226562,,,
BeijingAir_Tiantan,PatchTST,drift,0,2329,572,0.5964974164962769,MSE,0.019361652433872223,0.33530983328819275,input,74.0,73,PM10,False,30.0,30.0,,,
BeijingAir_Tiantan,PatchTST,drift,0,2329,572,0.5964974164962769,MSE,0.019361652433872223,0.33530983328819275,input,74.0,73,SO2,False,3.0,3.0,,,
BeijingAir_Tiantan,PatchTST,drift,0,2329,572,0.5964974164962769,MSE,0.019361652433872223,0.33530983328819275,input,74.0,73,NO2,False,53.0,53.0,,,
BeijingAir_Tiantan,PatchTST,drift,0,2329,572,0.5964974164962769,MSE,0.019361652433872223,0.33530983328819275,input,74.0,73,CO,False,700.0,700.0,,,
BeijingAir_Tiantan,PatchTST,drift,0,2329,572,0.5964974164962769,MSE,0.019361652433872223,0.33530983328819275,input,74.0,73,O3,True,50.0,77.7984619140625,,,
BeijingAir_Tiantan,PatchTST,drift,0,2329,572,0.5964974164962769,MSE,0.019361652433872223,0.33530983328819275,input,74.0,73,TEMP,False,30.200000762939453,30.200000762939453,,,
BeijingAir_Tiantan,PatchTST,drift,0,2329,572,0.5964974164962769,MSE,0.019361652433872223,0.33530983328819275,input,74.0,73,PRES,False,1002.0,1002.0,,,
BeijingAir_Tiantan,PatchTST,drift,0,2329,572,0.5964974164962769,MSE,0.019361652433872223,0.33530983328819275,input,74.0,73,DEWP,True,11.69999885559082,17.924423217773438,,,
BeijingAir_Tiantan,PatchTST,drift,0,2329,572,0.5964974164962769,MSE,0.019361652433872223,0.33530983328819275,input,74.0,73,RAIN,False,0.0,0.0,,,
BeijingAir_Tiantan,PatchTST,drift,0,2329,572,0.5964974164962769,MSE,0.019361652433872223,0.33530983328819275,input,74.0,73,WSPM,False,1.5,1.5,,,
BeijingAir_Tiantan,PatchTST,drift,0,2329,572,0.5964974164962769,MSE,0.019361652433872223,0.33530983328819275,input,74.0,73,wd,False,13.0,13.0,,,
BeijingAir_Tiantan,PatchTST,drift,0,2329,572,0.5964974164962769,MSE,0.019361652433872223,0.33530983328819275,input,75.0,74,PM2.5,True,11.0,47.462799072265625,,,
BeijingAir_Tiantan,PatchTST,drift,0,2329,572,0.5964974164962769,MSE,0.019361652433872223,0.33530983328819275,input,75.0,74,PM10,False,11.000007629394531,11.000007629394531,,,
BeijingAir_Tiantan,PatchTST,drift,0,2329,572,0.5964974164962769,MSE,0.019361652433872223,0.33530983328819275,input,75.0,74,SO2,False,3.0,3.0,,,
BeijingAir_Tiantan,PatchTST,drift,0,2329,572,0.5964974164962769,MSE,0.019361652433872223,0.33530983328819275,input,75.0,74,NO2,False,22.0,22.0,,,
BeijingAir_Tiantan,PatchTST,drift,0,2329,572,0.5964974164962769,MSE,0.019361652433872223,0.33530983328819275,input,75.0,74,CO,False,300.0,300.0,,,
BeijingAir_Tiantan,PatchTST,drift,0,2329,572,0.5964974164962769,MSE,0.019361652433872223,0.33530983328819275,input,75.0,74,O3,True,50.0,77.7984619140625,,,
BeijingAir_Tiantan,PatchTST,drift,0,2329,572,0.5964974164962769,MSE,0.019361652433872223,0.33530983328819275,input,75.0,74,TEMP,False,30.899999618530273,30.899999618530273,,,
BeijingAir_Tiantan,PatchTST,drift,0,2329,572,0.5964974164962769,MSE,0.019361652433872223,0.33530983328819275,input,75.0,74,PRES,False,1001.5999755859375,1001.5999755859375,,,
BeijingAir_Tiantan,PatchTST,drift,0,2329,572,0.5964974164962769,MSE,0.019361652433872223,0.33530983328819275,input,75.0,74,DEWP,True,8.0,14.224424362182617,,,
BeijingAir_Tiantan,PatchTST,drift,0,2329,572,0.5964974164962769,MSE,0.019361652433872223,0.33530983328819275,input,75.0,74,RAIN,False,0.0,0.0,,,
BeijingAir_Tiantan,PatchTST,drift,0,2329,572,0.5964974164962769,MSE,0.019361652433872223,0.33530983328819275,input,75.0,74,WSPM,False,3.299999713897705,3.299999713897705,,,
BeijingAir_Tiantan,PatchTST,drift,0,2329,572,0.5964974164962769,MSE,0.019361652433872223,0.33530983328819275,input,75.0,74,wd,False,13.0,13.0,,,
BeijingAir_Tiantan,PatchTST,drift,0,2329,572,0.5964974164962769,MSE,0.019361652433872223,0.33530983328819275,input,76.0,75,PM2.5,True,15.0,51.462799072265625,,,
BeijingAir_Tiantan,PatchTST,drift,0,2329,572,0.5964974164962769,MSE,0.019361652433872223,0.33530983328819275,input,76.0,75,PM10,False,44.0,44.0,,,
BeijingAir_Tiantan,PatchTST,drift,0,2329,572,0.5964974164962769,MSE,0.019361652433872223,0.33530983328819275,input,76.0,75,SO2,False,2.0,2.0,,,
BeijingAir_Tiantan,PatchTST,drift,0,2329,572,0.5964974164962769,MSE,0.019361652433872223,0.33530983328819275,input,76.0,75,NO2,False,20.0,20.0,,,
BeijingAir_Tiantan,PatchTST,drift,0,2329,572,0.5964974164962769,MSE,0.019361652433872223,0.33530983328819275,input,76.0,75,CO,False,300.0,300.0,,,
BeijingAir_Tiantan,PatchTST,drift,0,2329,572,0.5964974164962769,MSE,0.019361652433872223,0.33530983328819275,input,76.0,75,O3,True,50.0,77.7984619140625,,,
BeijingAir_Tiantan,PatchTST,drift,0,2329,572,0.5964974164962769,MSE,0.019361652433872223,0.33530983328819275,input,76.0,75,TEMP,False,31.399999618530273,31.399999618530273,,,
BeijingAir_Tiantan,PatchTST,drift,0,2329,572,0.5964974164962769,MSE,0.019361652433872223,0.33530983328819275,input,76.0,75,PRES,False,1001.2000122070312,1001.2000122070312,,,
BeijingAir_Tiantan,PatchTST,drift,0,2329,572,0.5964974164962769,MSE,0.019361652433872223,0.33530983328819275,input,76.0,75,DEWP,True,7.100000381469727,13.324424743652344,,,
BeijingAir_Tiantan,PatchTST,drift,0,2329,572,0.5964974164962769,MSE,0.019361652433872223,0.33530983328819275,input,76.0,75,RAIN,False,0.0,0.0,,,
BeijingAir_Tiantan,PatchTST,drift,0,2329,572,0.5964974164962769,MSE,0.019361652433872223,0.33530983328819275,input,76.0,75,WSPM,False,3.5999999046325684,3.5999999046325684,,,
BeijingAir_Tiantan,PatchTST,drift,0,2329,572,0.5964974164962769,MSE,0.019361652433872223,0.33530983328819275,input,76.0,75,wd,False,14.0,14.0,,,
BeijingAir_Tiantan,PatchTST,drift,0,2329,572,0.5964974164962769,MSE,0.019361652433872223,0.33530983328819275,input,77.0,76,PM2.5,True,13.0,49.46280288696289,,,
BeijingAir_Tiantan,PatchTST,drift,0,2329,572,0.5964974164962769,MSE,0.019361652433872223,0.33530983328819275,input,77.0,76,PM10,False,45.0,45.0,,,
BeijingAir_Tiantan,PatchTST,drift,0,2329,572,0.5964974164962769,MSE,0.019361652433872223,0.33530983328819275,input,77.0,76,SO2,False,3.0,3.0,,,
BeijingAir_Tiantan,PatchTST,drift,0,2329,572,0.5964974164962769,MSE,0.019361652433872223,0.33530983328819275,input,77.0,76,NO2,False,22.0,22.0,,,
BeijingAir_Tiantan,PatchTST,drift,0,2329,572,0.5964974164962769,MSE,0.019361652433872223,0.33530983328819275,input,77.0,76,CO,False,300.0,300.0,,,
BeijingAir_Tiantan,PatchTST,drift,0,2329,572,0.5964974164962769,MSE,0.019361652433872223,0.33530983328819275,input,77.0,76,O3,True,50.0,77.7984619140625,,,
BeijingAir_Tiantan,PatchTST,drift,0,2329,572,0.5964974164962769,MSE,0.019361652433872223,0.33530983328819275,input,77.0,76,TEMP,False,31.299999237060547,31.299999237060547,,,
BeijingAir_Tiantan,PatchTST,drift,0,2329,572,0.5964974164962769,MSE,0.019361652433872223,0.33530983328819275,input,77.0,76,PRES,False,1001.0,1001.0,,,
BeijingAir_Tiantan,PatchTST,drift,0,2329,572,0.5964974164962769,MSE,0.019361652433872223,0.33530983328819275,input,77.0,76,DEWP,True,5.699999809265137,11.92442512512207,,,
BeijingAir_Tiantan,PatchTST,drift,0,2329,572,0.5964974164962769,MSE,0.019361652433872223,0.33530983328819275,input,77.0,76,RAIN,False,0.0,0.0,,,
BeijingAir_Tiantan,PatchTST,drift,0,2329,572,0.5964974164962769,MSE,0.019361652433872223,0.33530983328819275,input,77.0,76,WSPM,False,3.299999713897705,3.299999713897705,,,
BeijingAir_Tiantan,PatchTST,drift,0,2329,572,0.5964974164962769,MSE,0.019361652433872223,0.33530983328819275,input,77.0,76,wd,False,14.0,14.0,,,
BeijingAir_Tiantan,PatchTST,drift,0,2329,572,0.5964974164962769,MSE,0.019361652433872223,0.33530983328819275,input,78.0,77,PM2.5,True,12.0,48.46280288696289,,,
BeijingAir_Tiantan,PatchTST,drift,0,2329,572,0.5964974164962769,MSE,0.019361652433872223,0.33530983328819275,input,78.0,77,PM10,False,63.0,63.0,,,
BeijingAir_Tiantan,PatchTST,drift,0,2329,572,0.5964974164962769,MSE,0.019361652433872223,0.33530983328819275,input,78.0,77,SO2,False,4.0,4.0,,,
BeijingAir_Tiantan,PatchTST,drift,0,2329,572,0.5964974164962769,MSE,0.019361652433872223,0.33530983328819275,input,78.0,77,NO2,False,18.0,18.0,,,
BeijingAir_Tiantan,PatchTST,drift,0,2329,572,0.5964974164962769,MSE,0.019361652433872223,0.33530983328819275,input,78.0,77,CO,False,300.0,300.0,,,
BeijingAir_Tiantan,PatchTST,drift,0,2329,572,0.5964974164962769,MSE,0.019361652433872223,0.33530983328819275,input,78.0,77,O3,True,165.0,192.7984619140625,,,
BeijingAir_Tiantan,PatchTST,drift,0,2329,572,0.5964974164962769,MSE,0.019361652433872223,0.33530983328819275,input,78.0,77,TEMP,False,31.399999618530273,31.399999618530273,,,
BeijingAir_Tiantan,PatchTST,drift,0,2329,572,0.5964974164962769,MSE,0.019361652433872223,0.33530983328819275,input,78.0,77,PRES,False,1001.0,1001.0,,,
BeijingAir_Tiantan,PatchTST,drift,0,2329,572,0.5964974164962769,MSE,0.019361652433872223,0.33530983328819275,input,78.0,77,DEWP,True,7.100000381469727,13.324424743652344,,,
BeijingAir_Tiantan,PatchTST,drift,0,2329,572,0.5964974164962769,MSE,0.019361652433872223,0.33530983328819275,input,78.0,77,RAIN,False,0.0,0.0,,,
BeijingAir_Tiantan,PatchTST,drift,0,2329,572,0.5964974164962769,MSE,0.019361652433872223,0.33530983328819275,input,78.0,77,WSPM,False,1.399999976158142,1.399999976158142,,,
BeijingAir_Tiantan,PatchTST,drift,0,2329,572,0.5964974164962769,MSE,0.019361652433872223,0.33530983328819275,input,78.0,77,wd,False,14.0,14.0,,,
BeijingAir_Tiantan,PatchTST,drift,0,2329,572,0.5964974164962769,MSE,0.019361652433872223,0.33530983328819275,input,79.0,78,PM2.5,True,10.0,46.46280288696289,,,
BeijingAir_Tiantan,PatchTST,drift,0,2329,572,0.5964974164962769,MSE,0.019361652433872223,0.33530983328819275,input,79.0,78,PM10,False,53.0,53.0,,,
BeijingAir_Tiantan,PatchTST,drift,0,2329,572,0.5964974164962769,MSE,0.019361652433872223,0.33530983328819275,input,79.0,78,SO2,False,3.0,3.0,,,
BeijingAir_Tiantan,PatchTST,drift,0,2329,572,0.5964974164962769,MSE,0.019361652433872223,0.33530983328819275,input,79.0,78,NO2,False,22.0,22.0,,,
BeijingAir_Tiantan,PatchTST,drift,0,2329,572,0.5964974164962769,MSE,0.019361652433872223,0.33530983328819275,input,79.0,78,CO,False,400.0,400.0,,,
BeijingAir_Tiantan,PatchTST,drift,0,2329,572,0.5964974164962769,MSE,0.019361652433872223,0.33530983328819275,input,79.0,78,O3,True,148.0,175.7984619140625,,,
BeijingAir_Tiantan,PatchTST,drift,0,2329,572,0.5964974164962769,MSE,0.019361652433872223,0.33530983328819275,input,79.0,78,TEMP,False,29.700000762939453,29.700000762939453,,,
BeijingAir_Tiantan,PatchTST,drift,0,2329,572,0.5964974164962769,MSE,0.019361652433872223,0.33530983328819275,input,79.0,78,PRES,False,1001.2999877929688,1001.2999877929688,,,
BeijingAir_Tiantan,PatchTST,drift,0,2329,572,0.5964974164962769,MSE,0.019361652433872223,0.33530983328819275,input,79.0,78,DEWP,True,11.199999809265137,17.424423217773438,,,
BeijingAir_Tiantan,PatchTST,drift,0,2329,572,0.5964974164962769,MSE,0.019361652433872223,0.33530983328819275,input,79.0,78,RAIN,False,0.0,0.0,,,
BeijingAir_Tiantan,PatchTST,drift,0,2329,572,0.5964974164962769,MSE,0.019361652433872223,0.33530983328819275,input,79.0,78,WSPM,False,2.200000047683716,2.200000047683716,,,
BeijingAir_Tiantan,PatchTST,drift,0,2329,572,0.5964974164962769,MSE,0.019361652433872223,0.33530983328819275,input,79.0,78,wd,False,11.0,11.0,,,
BeijingAir_Tiantan,PatchTST,drift,0,2329,572,0.5964974164962769,MSE,0.019361652433872223,0.33530983328819275,input,80.0,79,PM2.5,True,10.0,46.46280288696289,,,
BeijingAir_Tiantan,PatchTST,drift,0,2329,572,0.5964974164962769,MSE,0.019361652433872223,0.33530983328819275,input,80.0,79,PM10,False,47.000003814697266,47.000003814697266,,,
BeijingAir_Tiantan,PatchTST,drift,0,2329,572,0.5964974164962769,MSE,0.019361652433872223,0.33530983328819275,input,80.0,79,SO2,False,2.0,2.0,,,
BeijingAir_Tiantan,PatchTST,drift,0,2329,572,0.5964974164962769,MSE,0.019361652433872223,0.33530983328819275,input,80.0,79,NO2,False,28.0,28.0,,,
BeijingAir_Tiantan,PatchTST,drift,0,2329,572,0.5964974164962769,MSE,0.019361652433872223,0.33530983328819275,input,80.0,79,CO,False,400.0,400.0,,,
BeijingAir_Tiantan,PatchTST,drift,0,2329,572,0.5964974164962769,MSE,0.019361652433872223,0.33530983328819275,input,80.0,79,O3,True,112.0,139.7984619140625,,,
BeijingAir_Tiantan,PatchTST,drift,0,2329,572,0.5964974164962769,MSE,0.019361652433872223,0.33530983328819275,input,80.0,79,TEMP,False,27.5,27.5,,,
BeijingAir_Tiantan,PatchTST,drift,0,2329,572,0.5964974164962769,MSE,0.019361652433872223,0.33530983328819275,input,80.0,79,PRES,False,1001.7999877929688,1001.7999877929688,,,
BeijingAir_Tiantan,PatchTST,drift,0,2329,572,0.5964974164962769,MSE,0.019361652433872223,0.33530983328819275,input,80.0,79,DEWP,True,13.399999618530273,19.62442398071289,,,
BeijingAir_Tiantan,PatchTST,drift,0,2329,572,0.5964974164962769,MSE,0.019361652433872223,0.33530983328819275,input,80.0,79,RAIN,False,0.0,0.0,,,
BeijingAir_Tiantan,PatchTST,drift,0,2329,572,0.5964974164962769,MSE,0.019361652433872223,0.33530983328819275,input,80.0,79,WSPM,False,2.0,2.0,,,
BeijingAir_Tiantan,PatchTST,drift,0,2329,572,0.5964974164962769,MSE,0.019361652433872223,0.33530983328819275,input,80.0,79,wd,False,11.0,11.0,,,
BeijingAir_Tiantan,PatchTST,drift,0,2329,572,0.5964974164962769,MSE,0.019361652433872223,0.33530983328819275,input,81.0,80,PM2.5,True,13.0,49.46280288696289,,,
BeijingAir_Tiantan,PatchTST,drift,0,2329,572,0.5964974164962769,MSE,0.019361652433872223,0.33530983328819275,input,81.0,80,PM10,False,52.000003814697266,52.000003814697266,,,
BeijingAir_Tiantan,PatchTST,drift,0,2329,572,0.5964974164962769,MSE,0.019361652433872223,0.33530983328819275,input,81.0,80,SO2,False,2.0,2.0,,,
BeijingAir_Tiantan,PatchTST,drift,0,2329,572,0.5964974164962769,MSE,0.019361652433872223,0.33530983328819275,input,81.0,80,NO2,False,41.0,41.0,,,
BeijingAir_Tiantan,PatchTST,drift,0,2329,572,0.5964974164962769,MSE,0.019361652433872223,0.33530983328819275,input,81.0,80,CO,False,500.0,500.0,,,
BeijingAir_Tiantan,PatchTST,drift,0,2329,572,0.5964974164962769,MSE,0.019361652433872223,0.33530983328819275,input,81.0,80,O3,True,63.0,90.7984619140625,,,
BeijingAir_Tiantan,PatchTST,drift,0,2329,572,0.5964974164962769,MSE,0.019361652433872223,0.33530983328819275,input,81.0,80,TEMP,False,27.0,27.0,,,
BeijingAir_Tiantan,PatchTST,drift,0,2329,572,0.5964974164962769,MSE,0.019361652433872223,0.33530983328819275,input,81.0,80,PRES,False,1002.5999755859375,1002.5999755859375,,,
BeijingAir_Tiantan,PatchTST,drift,0,2329,572,0.5964974164962769,MSE,0.019361652433872223,0.33530983328819275,input,81.0,80,DEWP,True,13.0,19.224424362182617,,,
BeijingAir_Tiantan,PatchTST,drift,0,2329,572,0.5964974164962769,MSE,0.019361652433872223,0.33530983328819275,input,81.0,80,RAIN,False,0.0,0.0,,,
BeijingAir_Tiantan,PatchTST,drift,0,2329,572,0.5964974164962769,MSE,0.019361652433872223,0.33530983328819275,input,81.0,80,WSPM,False,1.899999976158142,1.899999976158142,,,
BeijingAir_Tiantan,PatchTST,drift,0,2329,572,0.5964974164962769,MSE,0.019361652433872223,0.33530983328819275,input,81.0,80,wd,False,10.0,10.0,,,
BeijingAir_Tiantan,PatchTST,drift,0,2329,572,0.5964974164962769,MSE,0.019361652433872223,0.33530983328819275,input,82.0,81,PM2.5,True,23.0,59.46280288696289,,,
BeijingAir_Tiantan,PatchTST,drift,0,2329,572,0.5964974164962769,MSE,0.019361652433872223,0.33530983328819275,input,82.0,81,PM10,False,60.0,60.0,,,
BeijingAir_Tiantan,PatchTST,drift,0,2329,572,0.5964974164962769,MSE,0.019361652433872223,0.33530983328819275,input,82.0,81,SO2,False,3.0,3.0,,,
BeijingAir_Tiantan,PatchTST,drift,0,2329,572,0.5964974164962769,MSE,0.019361652433872223,0.33530983328819275,input,82.0,81,NO2,False,57.0,57.0,,,
BeijingAir_Tiantan,PatchTST,drift,0,2329,572,0.5964974164962769,MSE,0.019361652433872223,0.33530983328819275,input,82.0,81,CO,False,600.0000610351562,600.0000610351562,,,
BeijingAir_Tiantan,PatchTST,drift,0,2329,572,0.5964974164962769,MSE,0.019361652433872223,0.33530983328819275,input,82.0,81,O3,True,58.0,85.7984619140625,,,
BeijingAir_Tiantan,PatchTST,drift,0,2329,572,0.5964974164962769,MSE,0.019361652433872223,0.33530983328819275,input,82.0,81,TEMP,False,24.100000381469727,24.100000381469727,,,
BeijingAir_Tiantan,PatchTST,drift,0,2329,572,0.5964974164962769,MSE,0.019361652433872223,0.33530983328819275,input,82.0,81,PRES,False,1003.0,1003.0,,,
BeijingAir_Tiantan,PatchTST,drift,0,2329,572,0.5964974164962769,MSE,0.019361652433872223,0.33530983328819275,input,82.0,81,DEWP,True,15.0,21.224424362182617,,,
BeijingAir_Tiantan,PatchTST,drift,0,2329,572,0.5964974164962769,MSE,0.019361652433872223,0.33530983328819275,input,82.0,81,RAIN,False,0.0,0.0,,,
BeijingAir_Tiantan,PatchTST,drift,0,2329,572,0.5964974164962769,MSE,0.019361652433872223,0.33530983328819275,input,82.0,81,WSPM,False,0.5,0.5,,,
BeijingAir_Tiantan,PatchTST,drift,0,2329,572,0.5964974164962769,MSE,0.019361652433872223,0.33530983328819275,input,82.0,81,wd,False,8.0,8.0,,,
BeijingAir_Tiantan,PatchTST,drift,0,2329,572,0.5964974164962769,MSE,0.019361652433872223,0.33530983328819275,input,83.0,82,PM2.5,True,33.999996185302734,70.46279907226562,,,
BeijingAir_Tiantan,PatchTST,drift,0,2329,572,0.5964974164962769,MSE,0.019361652433872223,0.33530983328819275,input,83.0,82,PM10,False,67.0,67.0,,,
BeijingAir_Tiantan,PatchTST,drift,0,2329,572,0.5964974164962769,MSE,0.019361652433872223,0.33530983328819275,input,83.0,82,SO2,False,2.0,2.0,,,
BeijingAir_Tiantan,PatchTST,drift,0,2329,572,0.5964974164962769,MSE,0.019361652433872223,0.33530983328819275,input,83.0,82,NO2,False,58.0,58.0,,,
BeijingAir_Tiantan,PatchTST,drift,0,2329,572,0.5964974164962769,MSE,0.019361652433872223,0.33530983328819275,input,83.0,82,CO,False,600.0000610351562,600.0000610351562,,,
BeijingAir_Tiantan,PatchTST,drift,0,2329,572,0.5964974164962769,MSE,0.019361652433872223,0.33530983328819275,input,83.0,82,O3,True,54.0,81.7984619140625,,,
BeijingAir_Tiantan,PatchTST,drift,0,2329,572,0.5964974164962769,MSE,0.019361652433872223,0.33530983328819275,input,83.0,82,TEMP,False,24.299999237060547,24.299999237060547,,,
BeijingAir_Tiantan,PatchTST,drift,0,2329,572,0.5964974164962769,MSE,0.019361652433872223,0.33530983328819275,input,83.0,82,PRES,False,1003.0999755859375,1003.0999755859375,,,
BeijingAir_Tiantan,PatchTST,drift,0,2329,572,0.5964974164962769,MSE,0.019361652433872223,0.33530983328819275,input,83.0,82,DEWP,True,15.0,21.224424362182617,,,
BeijingAir_Tiantan,PatchTST,drift,0,2329,572,0.5964974164962769,MSE,0.019361652433872223,0.33530983328819275,input,83.0,82,RAIN,False,0.0,0.0,,,
BeijingAir_Tiantan,PatchTST,drift,0,2329,572,0.5964974164962769,MSE,0.019361652433872223,0.33530983328819275,input,83.0,82,WSPM,False,1.5,1.5,,,
BeijingAir_Tiantan,PatchTST,drift,0,2329,572,0.5964974164962769,MSE,0.019361652433872223,0.33530983328819275,input,83.0,82,wd,False,11.0,11.0,,,
BeijingAir_Tiantan,PatchTST,drift,0,2329,572,0.5964974164962769,MSE,0.019361652433872223,0.33530983328819275,input,84.0,83,PM2.5,True,36.0,72.46279907226562,,,
BeijingAir_Tiantan,PatchTST,drift,0,2329,572,0.5964974164962769,MSE,0.019361652433872223,0.33530983328819275,input,84.0,83,PM10,False,65.0,65.0,,,
BeijingAir_Tiantan,PatchTST,drift,0,2329,572,0.5964974164962769,MSE,0.019361652433872223,0.33530983328819275,input,84.0,83,SO2,False,2.0,2.0,,,
BeijingAir_Tiantan,PatchTST,drift,0,2329,572,0.5964974164962769,MSE,0.019361652433872223,0.33530983328819275,input,84.0,83,NO2,False,58.0,58.0,,,
BeijingAir_Tiantan,PatchTST,drift,0,2329,572,0.5964974164962769,MSE,0.019361652433872223,0.33530983328819275,input,84.0,83,CO,False,600.0000610351562,600.0000610351562,,,
BeijingAir_Tiantan,PatchTST,drift,0,2329,572,0.5964974164962769,MSE,0.019361652433872223,0.33530983328819275,input,84.0,83,O3,True,39.0,66.7984619140625,,,
BeijingAir_Tiantan,PatchTST,drift,0,2329,572,0.5964974164962769,MSE,0.019361652433872223,0.33530983328819275,input,84.0,83,TEMP,False,24.0,24.0,,,
BeijingAir_Tiantan,PatchTST,drift,0,2329,572,0.5964974164962769,MSE,0.019361652433872223,0.33530983328819275,input,84.0,83,PRES,False,1003.2000122070312,1003.2000122070312,,,
BeijingAir_Tiantan,PatchTST,drift,0,2329,572,0.5964974164962769,MSE,0.019361652433872223,0.33530983328819275,input,84.0,83,DEWP,True,15.19999885559082,21.424423217773438,,,
BeijingAir_Tiantan,PatchTST,drift,0,2329,572,0.5964974164962769,MSE,0.019361652433872223,0.33530983328819275,input,84.0,83,RAIN,False,0.0,0.0,,,
BeijingAir_Tiantan,PatchTST,drift,0,2329,572,0.5964974164962769,MSE,0.019361652433872223,0.33530983328819275,input,84.0,83,WSPM,False,1.399999976158142,1.399999976158142,,,
BeijingAir_Tiantan,PatchTST,drift,0,2329,572,0.5964974164962769,MSE,0.019361652433872223,0.33530983328819275,input,84.0,83,wd,False,11.0,11.0,,,
BeijingAir_Tiantan,PatchTST,drift,0,2329,572,0.5964974164962769,MSE,0.019361652433872223,0.33530983328819275,input,85.0,84,PM2.5,True,28.0,64.46279907226562,,,
BeijingAir_Tiantan,PatchTST,drift,0,2329,572,0.5964974164962769,MSE,0.019361652433872223,0.33530983328819275,input,85.0,84,PM10,False,58.0,58.0,,,
BeijingAir_Tiantan,PatchTST,drift,0,2329,572,0.5964974164962769,MSE,0.019361652433872223,0.33530983328819275,input,85.0,84,SO2,False,2.0,2.0,,,
BeijingAir_Tiantan,PatchTST,drift,0,2329,572,0.5964974164962769,MSE,0.019361652433872223,0.33530983328819275,input,85.0,84,NO2,False,52.0,52.0,,,
BeijingAir_Tiantan,PatchTST,drift,0,2329,572,0.5964974164962769,MSE,0.019361652433872223,0.33530983328819275,input,85.0,84,CO,False,600.0000610351562,600.0000610351562,,,
BeijingAir_Tiantan,PatchTST,drift,0,2329,572,0.5964974164962769,MSE,0.019361652433872223,0.33530983328819275,input,85.0,84,O3,True,29.0,56.7984619140625,,,
BeijingAir_Tiantan,PatchTST,drift,0,2329,572,0.5964974164962769,MSE,0.019361652433872223,0.33530983328819275,input,85.0,84,TEMP,False,22.700000762939453,22.700000762939453,,,
BeijingAir_Tiantan,PatchTST,drift,0,2329,572,0.5964974164962769,MSE,0.019361652433872223,0.33530983328819275,input,85.0,84,PRES,False,1003.4000244140625,1003.4000244140625,,,
BeijingAir_Tiantan,PatchTST,drift,0,2329,572,0.5964974164962769,MSE,0.019361652433872223,0.33530983328819275,input,85.0,84,DEWP,True,16.0,22.224424362182617,,,
BeijingAir_Tiantan,PatchTST,drift,0,2329,572,0.5964974164962769,MSE,0.019361652433872223,0.33530983328819275,input,85.0,84,RAIN,False,0.0,0.0,,,
BeijingAir_Tiantan,PatchTST,drift,0,2329,572,0.5964974164962769,MSE,0.019361652433872223,0.33530983328819275,input,85.0,84,WSPM,False,0.10000002384185791,0.10000002384185791,,,
BeijingAir_Tiantan,PatchTST,drift,0,2329,572,0.5964974164962769,MSE,0.019361652433872223,0.33530983328819275,input,85.0,84,wd,False,10.0,10.0,,,
BeijingAir_Tiantan,PatchTST,drift,0,2329,572,0.5964974164962769,MSE,0.019361652433872223,0.33530983328819275,input,86.0,85,PM2.5,True,30.0,66.46280670166016,,,
BeijingAir_Tiantan,PatchTST,drift,0,2329,572,0.5964974164962769,MSE,0.019361652433872223,0.33530983328819275,input,86.0,85,PM10,False,58.0,58.0,,,
BeijingAir_Tiantan,PatchTST,drift,0,2329,572,0.5964974164962769,MSE,0.019361652433872223,0.33530983328819275,input,86.0,85,SO2,False,2.0,2.0,,,
BeijingAir_Tiantan,PatchTST,drift,0,2329,572,0.5964974164962769,MSE,0.019361652433872223,0.33530983328819275,input,86.0,85,NO2,False,55.0,55.0,,,
BeijingAir_Tiantan,PatchTST,drift,0,2329,572,0.5964974164962769,MSE,0.019361652433872223,0.33530983328819275,input,86.0,85,CO,False,500.0,500.0,,,
BeijingAir_Tiantan,PatchTST,drift,0,2329,572,0.5964974164962769,MSE,0.019361652433872223,0.33530983328819275,input,86.0,85,O3,True,20.0,47.7984619140625,,,
BeijingAir_Tiantan,PatchTST,drift,0,2329,572,0.5964974164962769,MSE,0.019361652433872223,0.33530983328819275,input,86.0,85,TEMP,False,20.899999618530273,20.899999618530273,,,
BeijingAir_Tiantan,PatchTST,drift,0,2329,572,0.5964974164962769,MSE,0.019361652433872223,0.33530983328819275,input,86.0,85,PRES,False,1003.2999877929688,1003.2999877929688,,,
BeijingAir_Tiantan,PatchTST,drift,0,2329,572,0.5964974164962769,MSE,0.019361652433872223,0.33530983328819275,input,86.0,85,DEWP,True,15.69999885559082,21.924423217773438,,,
BeijingAir_Tiantan,PatchTST,drift,0,2329,572,0.5964974164962769,MSE,0.019361652433872223,0.33530983328819275,input,86.0,85,RAIN,False,0.0,0.0,,,
BeijingAir_Tiantan,PatchTST,drift,0,2329,572,0.5964974164962769,MSE,0.019361652433872223,0.33530983328819275,input,86.0,85,WSPM,False,1.399999976158142,1.399999976158142,,,
BeijingAir_Tiantan,PatchTST,drift,0,2329,572,0.5964974164962769,MSE,0.019361652433872223,0.33530983328819275,input,86.0,85,wd,False,2.0,2.0,,,
BeijingAir_Tiantan,PatchTST,drift,0,2329,572,0.5964974164962769,MSE,0.019361652433872223,0.33530983328819275,input,87.0,86,PM2.5,True,28.0,64.46279907226562,,,
BeijingAir_Tiantan,PatchTST,drift,0,2329,572,0.5964974164962769,MSE,0.019361652433872223,0.33530983328819275,input,87.0,86,PM10,False,55.0,55.0,,,
BeijingAir_Tiantan,PatchTST,drift,0,2329,572,0.5964974164962769,MSE,0.019361652433872223,0.33530983328819275,input,87.0,86,SO2,False,2.0,2.0,,,
BeijingAir_Tiantan,PatchTST,drift,0,2329,572,0.5964974164962769,MSE,0.019361652433872223,0.33530983328819275,input,87.0,86,NO2,False,49.0,49.0,,,
BeijingAir_Tiantan,PatchTST,drift,0,2329,572,0.5964974164962769,MSE,0.019361652433872223,0.33530983328819275,input,87.0,86,CO,False,500.0,500.0,,,
BeijingAir_Tiantan,PatchTST,drift,0,2329,572,0.5964974164962769,MSE,0.019361652433872223,0.33530983328819275,input,87.0,86,O3,True,9.0,36.7984619140625,,,
BeijingAir_Tiantan,PatchTST,drift,0,2329,572,0.5964974164962769,MSE,0.019361652433872223,0.33530983328819275,input,87.0,86,TEMP,False,19.299999237060547,19.299999237060547,,,
BeijingAir_Tiantan,PatchTST,drift,0,2329,572,0.5964974164962769,MSE,0.019361652433872223,0.33530983328819275,input,87.0,86,PRES,False,1003.7000122070312,1003.7000122070312,,,
BeijingAir_Tiantan,PatchTST,drift,0,2329,572,0.5964974164962769,MSE,0.019361652433872223,0.33530983328819275,input,87.0,86,DEWP,True,16.0,22.224424362182617,,,
BeijingAir_Tiantan,PatchTST,drift,0,2329,572,0.5964974164962769,MSE,0.019361652433872223,0.33530983328819275,input,87.0,86,RAIN,False,0.0,0.0,,,
BeijingAir_Tiantan,PatchTST,drift,0,2329,572,0.5964974164962769,MSE,0.019361652433872223,0.33530983328819275,input,87.0,86,WSPM,False,0.20000004768371582,0.20000004768371582,,,
BeijingAir_Tiantan,PatchTST,drift,0,2329,572,0.5964974164962769,MSE,0.019361652433872223,0.33530983328819275,input,87.0,86,wd,False,6.0,6.0,,,
BeijingAir_Tiantan,PatchTST,drift,0,2329,572,0.5964974164962769,MSE,0.019361652433872223,0.33530983328819275,input,88.0,87,PM2.5,True,40.0,76.46280670166016,,,
BeijingAir_Tiantan,PatchTST,drift,0,2329,572,0.5964974164962769,MSE,0.019361652433872223,0.33530983328819275,input,88.0,87,PM10,False,88.0,88.0,,,
BeijingAir_Tiantan,PatchTST,drift,0,2329,572,0.5964974164962769,MSE,0.019361652433872223,0.33530983328819275,input,88.0,87,SO2,False,3.0,3.0,,,
BeijingAir_Tiantan,PatchTST,drift,0,2329,572,0.5964974164962769,MSE,0.019361652433872223,0.33530983328819275,input,88.0,87,NO2,False,77.0,77.0,,,
BeijingAir_Tiantan,PatchTST,drift,0,2329,572,0.5964974164962769,MSE,0.019361652433872223,0.33530983328819275,input,88.0,87,CO,False,800.0,800.0,,,
BeijingAir_Tiantan,PatchTST,drift,0,2329,572,0.5964974164962769,MSE,0.019361652433872223,0.33530983328819275,input,88.0,87,O3,True,2.0,29.7984619140625,,,
BeijingAir_Tiantan,PatchTST,drift,0,2329,572,0.5964974164962769,MSE,0.019361652433872223,0.33530983328819275,input,88.0,87,TEMP,False,19.200000762939453,19.200000762939453,,,
BeijingAir_Tiantan,PatchTST,drift,0,2329,572,0.5964974164962769,MSE,0.019361652433872223,0.33530983328819275,input,88.0,87,PRES,False,1003.5999755859375,1003.5999755859375,,,
BeijingAir_Tiantan,PatchTST,drift,0,2329,572,0.5964974164962769,MSE,0.019361652433872223,0.33530983328819275,input,88.0,87,DEWP,True,14.69999885559082,20.924423217773438,,,
BeijingAir_Tiantan,PatchTST,drift,0,2329,572,0.5964974164962769,MSE,0.019361652433872223,0.33530983328819275,input,88.0,87,RAIN,False,0.0,0.0,,,
BeijingAir_Tiantan,PatchTST,drift,0,2329,572,0.5964974164962769,MSE,0.019361652433872223,0.33530983328819275,input,88.0,87,WSPM,False,1.2000000476837158,1.2000000476837158,,,
BeijingAir_Tiantan,PatchTST,drift,0,2329,572,0.5964974164962769,MSE,0.019361652433872223,0.33530983328819275,input,88.0,87,wd,False,2.0,2.0,,,
BeijingAir_Tiantan,PatchTST,drift,0,2329,572,0.5964974164962769,MSE,0.019361652433872223,0.33530983328819275,input,89.0,88,PM2.5,True,29.0,65.46279907226562,,,
BeijingAir_Tiantan,PatchTST,drift,0,2329,572,0.5964974164962769,MSE,0.019361652433872223,0.33530983328819275,input,89.0,88,PM10,False,59.0,59.0,,,
BeijingAir_Tiantan,PatchTST,drift,0,2329,572,0.5964974164962769,MSE,0.019361652433872223,0.33530983328819275,input,89.0,88,SO2,False,2.0,2.0,,,
BeijingAir_Tiantan,PatchTST,drift,0,2329,572,0.5964974164962769,MSE,0.019361652433872223,0.33530983328819275,input,89.0,88,NO2,False,62.0,62.0,,,
BeijingAir_Tiantan,PatchTST,drift,0,2329,572,0.5964974164962769,MSE,0.019361652433872223,0.33530983328819275,input,89.0,88,CO,False,600.0000610351562,600.0000610351562,,,
BeijingAir_Tiantan,PatchTST,drift,0,2329,572,0.5964974164962769,MSE,0.019361652433872223,0.33530983328819275,input,89.0,88,O3,True,2.0,29.7984619140625,,,
BeijingAir_Tiantan,PatchTST,drift,0,2329,572,0.5964974164962769,MSE,0.019361652433872223,0.33530983328819275,input,89.0,88,TEMP,False,19.100000381469727,19.100000381469727,,,
BeijingAir_Tiantan,PatchTST,drift,0,2329,572,0.5964974164962769,MSE,0.019361652433872223,0.33530983328819275,input,89.0,88,PRES,False,1003.7000122070312,1003.7000122070312,,,
BeijingAir_Tiantan,PatchTST,drift,0,2329,572,0.5964974164962769,MSE,0.019361652433872223,0.33530983328819275,input,89.0,88,DEWP,True,13.5,19.724424362182617,,,
BeijingAir_Tiantan,PatchTST,drift,0,2329,572,0.5964974164962769,MSE,0.019361652433872223,0.33530983328819275,input,89.0,88,RAIN,False,0.0,0.0,,,
BeijingAir_Tiantan,PatchTST,drift,0,2329,572,0.5964974164962769,MSE,0.019361652433872223,0.33530983328819275,input,89.0,88,WSPM,False,1.2999999523162842,1.2999999523162842,,,
BeijingAir_Tiantan,PatchTST,drift,0,2329,572,0.5964974164962769,MSE,0.019361652433872223,0.33530983328819275,input,89.0,88,wd,False,2.0,2.0,,,
BeijingAir_Tiantan,PatchTST,drift,0,2329,572,0.5964974164962769,MSE,0.019361652433872223,0.33530983328819275,input,90.0,89,PM2.5,True,20.0,56.46280288696289,,,
BeijingAir_Tiantan,PatchTST,drift,0,2329,572,0.5964974164962769,MSE,0.019361652433872223,0.33530983328819275,input,90.0,89,PM10,False,47.999996185302734,47.999996185302734,,,
BeijingAir_Tiantan,PatchTST,drift,0,2329,572,0.5964974164962769,MSE,0.019361652433872223,0.33530983328819275,input,90.0,89,SO2,False,2.0,2.0,,,
BeijingAir_Tiantan,PatchTST,drift,0,2329,572,0.5964974164962769,MSE,0.019361652433872223,0.33530983328819275,input,90.0,89,NO2,False,54.0,54.0,,,
BeijingAir_Tiantan,PatchTST,drift,0,2329,572,0.5964974164962769,MSE,0.019361652433872223,0.33530983328819275,input,90.0,89,CO,False,400.0,400.0,,,
BeijingAir_Tiantan,PatchTST,drift,0,2329,572,0.5964974164962769,MSE,0.019361652433872223,0.33530983328819275,input,90.0,89,O3,True,4.0,31.798460006713867,,,
BeijingAir_Tiantan,PatchTST,drift,0,2329,572,0.5964974164962769,MSE,0.019361652433872223,0.33530983328819275,input,90.0,89,TEMP,False,19.600000381469727,19.600000381469727,,,
BeijingAir_Tiantan,PatchTST,drift,0,2329,572,0.5964974164962769,MSE,0.019361652433872223,0.33530983328819275,input,90.0,89,PRES,False,1003.7999877929688,1003.7999877929688,,,
BeijingAir_Tiantan,PatchTST,drift,0,2329,572,0.5964974164962769,MSE,0.019361652433872223,0.33530983328819275,input,90.0,89,DEWP,True,13.299999237060547,19.524423599243164,,,
BeijingAir_Tiantan,PatchTST,drift,0,2329,572,0.5964974164962769,MSE,0.019361652433872223,0.33530983328819275,input,90.0,89,RAIN,False,0.0,0.0,,,
BeijingAir_Tiantan,PatchTST,drift,0,2329,572,0.5964974164962769,MSE,0.019361652433872223,0.33530983328819275,input,90.0,89,WSPM,False,2.200000047683716,2.200000047683716,,,
BeijingAir_Tiantan,PatchTST,drift,0,2329,572,0.5964974164962769,MSE,0.019361652433872223,0.33530983328819275,input,90.0,89,wd,False,1.0,1.0,,,
BeijingAir_Tiantan,PatchTST,drift,0,2329,572,0.5964974164962769,MSE,0.019361652433872223,0.33530983328819275,input,91.0,90,PM2.5,True,19.0,55.46280288696289,,,
BeijingAir_Tiantan,PatchTST,drift,0,2329,572,0.5964974164962769,MSE,0.019361652433872223,0.33530983328819275,input,91.0,90,PM10,False,38.0,38.0,,,
BeijingAir_Tiantan,PatchTST,drift,0,2329,572,0.5964974164962769,MSE,0.019361652433872223,0.33530983328819275,input,91.0,90,SO2,False,2.0,2.0,,,
BeijingAir_Tiantan,PatchTST,drift,0,2329,572,0.5964974164962769,MSE,0.019361652433872223,0.33530983328819275,input,91.0,90,NO2,False,45.0,45.0,,,
BeijingAir_Tiantan,PatchTST,drift,0,2329,572,0.5964974164962769,MSE,0.019361652433872223,0.33530983328819275,input,91.0,90,CO,False,400.0,400.0,,,
BeijingAir_Tiantan,PatchTST,drift,0,2329,572,0.5964974164962769,MSE,0.019361652433872223,0.33530983328819275,input,91.0,90,O3,True,4.0,31.798460006713867,,,
BeijingAir_Tiantan,PatchTST,drift,0,2329,572,0.5964974164962769,MSE,0.019361652433872223,0.33530983328819275,input,91.0,90,TEMP,False,18.100000381469727,18.100000381469727,,,
BeijingAir_Tiantan,PatchTST,drift,0,2329,572,0.5964974164962769,MSE,0.019361652433872223,0.33530983328819275,input,91.0,90,PRES,False,1004.2000122070312,1004.2000122070312,,,
BeijingAir_Tiantan,PatchTST,drift,0,2329,572,0.5964974164962769,MSE,0.019361652433872223,0.33530983328819275,input,91.0,90,DEWP,True,14.0,20.224424362182617,,,
BeijingAir_Tiantan,PatchTST,drift,0,2329,572,0.5964974164962769,MSE,0.019361652433872223,0.33530983328819275,input,91.0,90,RAIN,False,0.0,0.0,,,
BeijingAir_Tiantan,PatchTST,drift,0,2329,572,0.5964974164962769,MSE,0.019361652433872223,0.33530983328819275,input,91.0,90,WSPM,False,1.0999999046325684,1.0999999046325684,,,
BeijingAir_Tiantan,PatchTST,drift,0,2329,572,0.5964974164962769,MSE,0.019361652433872223,0.33530983328819275,input,91.0,90,wd,False,2.0,2.0,,,
BeijingAir_Tiantan,PatchTST,drift,0,2329,572,0.5964974164962769,MSE,0.019361652433872223,0.33530983328819275,input,92.0,91,PM2.5,True,22.0,58.462799072265625,,,
BeijingAir_Tiantan,PatchTST,drift,0,2329,572,0.5964974164962769,MSE,0.019361652433872223,0.33530983328819275,input,92.0,91,PM10,False,50.0,50.0,,,
BeijingAir_Tiantan,PatchTST,drift,0,2329,572,0.5964974164962769,MSE,0.019361652433872223,0.33530983328819275,input,92.0,91,SO2,False,2.0,2.0,,,
BeijingAir_Tiantan,PatchTST,drift,0,2329,572,0.5964974164962769,MSE,0.019361652433872223,0.33530983328819275,input,92.0,91,NO2,False,54.0,54.0,,,
BeijingAir_Tiantan,PatchTST,drift,0,2329,572,0.5964974164962769,MSE,0.019361652433872223,0.33530983328819275,input,92.0,91,CO,False,600.0000610351562,600.0000610351562,,,
BeijingAir_Tiantan,PatchTST,drift,0,2329,572,0.5964974164962769,MSE,0.019361652433872223,0.33530983328819275,input,92.0,91,O3,True,5.0,32.7984619140625,,,
BeijingAir_Tiantan,PatchTST,drift,0,2329,572,0.5964974164962769,MSE,0.019361652433872223,0.33530983328819275,input,92.0,91,TEMP,False,20.600000381469727,20.600000381469727,,,
BeijingAir_Tiantan,PatchTST,drift,0,2329,572,0.5964974164962769,MSE,0.019361652433872223,0.33530983328819275,input,92.0,91,PRES,False,1004.7999877929688,1004.7999877929688,,,
BeijingAir_Tiantan,PatchTST,drift,0,2329,572,0.5964974164962769,MSE,0.019361652433872223,0.33530983328819275,input,92.0,91,DEWP,True,14.0,20.224424362182617,,,
BeijingAir_Tiantan,PatchTST,drift,0,2329,572,0.5964974164962769,MSE,0.019361652433872223,0.33530983328819275,input,92.0,91,RAIN,False,0.0,0.0,,,
BeijingAir_Tiantan,PatchTST,drift,0,2329,572,0.5964974164962769,MSE,0.019361652433872223,0.33530983328819275,input,92.0,91,WSPM,False,1.5,1.5,,,
BeijingAir_Tiantan,PatchTST,drift,0,2329,572,0.5964974164962769,MSE,0.019361652433872223,0.33530983328819275,input,92.0,91,wd,False,2.0,2.0,,,
BeijingAir_Tiantan,PatchTST,drift,0,2329,572,0.5964974164962769,MSE,0.019361652433872223,0.33530983328819275,input,93.0,92,PM2.5,True,25.0,61.462799072265625,,,
BeijingAir_Tiantan,PatchTST,drift,0,2329,572,0.5964974164962769,MSE,0.019361652433872223,0.33530983328819275,input,93.0,92,PM10,False,61.0,61.0,,,
BeijingAir_Tiantan,PatchTST,drift,0,2329,572,0.5964974164962769,MSE,0.019361652433872223,0.33530983328819275,input,93.0,92,SO2,False,3.0,3.0,,,
BeijingAir_Tiantan,PatchTST,drift,0,2329,572,0.5964974164962769,MSE,0.019361652433872223,0.33530983328819275,input,93.0,92,NO2,False,62.0,62.0,,,
BeijingAir_Tiantan,PatchTST,drift,0,2329,572,0.5964974164962769,MSE,0.019361652433872223,0.33530983328819275,input,93.0,92,CO,False,700.0,700.0,,,
BeijingAir_Tiantan,PatchTST,drift,0,2329,572,0.5964974164962769,MSE,0.019361652433872223,0.33530983328819275,input,93.0,92,O3,True,9.0,36.7984619140625,,,
BeijingAir_Tiantan,PatchTST,drift,0,2329,572,0.5964974164962769,MSE,0.019361652433872223,0.33530983328819275,input,93.0,92,TEMP,False,23.200000762939453,23.200000762939453,,,
BeijingAir_Tiantan,PatchTST,drift,0,2329,572,0.5964974164962769,MSE,0.019361652433872223,0.33530983328819275,input,93.0,92,PRES,False,1005.0999755859375,1005.0999755859375,,,
BeijingAir_Tiantan,PatchTST,drift,0,2329,572,0.5964974164962769,MSE,0.019361652433872223,0.33530983328819275,input,93.0,92,DEWP,True,14.19999885559082,20.424423217773438,,,
BeijingAir_Tiantan,PatchTST,drift,0,2329,572,0.5964974164962769,MSE,0.019361652433872223,0.33530983328819275,input,93.0,92,RAIN,False,0.0,0.0,,,
BeijingAir_Tiantan,PatchTST,drift,0,2329,572,0.5964974164962769,MSE,0.019361652433872223,0.33530983328819275,input,93.0,92,WSPM,False,1.0999999046325684,1.0999999046325684,,,
BeijingAir_Tiantan,PatchTST,drift,0,2329,572,0.5964974164962769,MSE,0.019361652433872223,0.33530983328819275,input,93.0,92,wd,False,0.0,0.0,,,
BeijingAir_Tiantan,PatchTST,drift,0,2329,572,0.5964974164962769,MSE,0.019361652433872223,0.33530983328819275,input,94.0,93,PM2.5,True,22.0,58.462799072265625,,,
BeijingAir_Tiantan,PatchTST,drift,0,2329,572,0.5964974164962769,MSE,0.019361652433872223,0.33530983328819275,input,94.0,93,PM10,False,54.0,54.0,,,
BeijingAir_Tiantan,PatchTST,drift,0,2329,572,0.5964974164962769,MSE,0.019361652433872223,0.33530983328819275,input,94.0,93,SO2,False,7.0,7.0,,,
BeijingAir_Tiantan,PatchTST,drift,0,2329,572,0.5964974164962769,MSE,0.019361652433872223,0.33530983328819275,input,94.0,93,NO2,False,60.0,60.0,,,
BeijingAir_Tiantan,PatchTST,drift,0,2329,572,0.5964974164962769,MSE,0.019361652433872223,0.33530983328819275,input,94.0,93,CO,False,800.0,800.0,,,
BeijingAir_Tiantan,PatchTST,drift,0,2329,572,0.5964974164962769,MSE,0.019361652433872223,0.33530983328819275,input,94.0,93,O3,True,18.0,45.7984619140625,,,
BeijingAir_Tiantan,PatchTST,drift,0,2329,572,0.5964974164962769,MSE,0.019361652433872223,0.33530983328819275,input,94.0,93,TEMP,False,24.799999237060547,24.799999237060547,,,
BeijingAir_Tiantan,PatchTST,drift,0,2329,572,0.5964974164962769,MSE,0.019361652433872223,0.33530983328819275,input,94.0,93,PRES,False,1005.2000122070312,1005.2000122070312,,,
BeijingAir_Tiantan,PatchTST,drift,0,2329,572,0.5964974164962769,MSE,0.019361652433872223,0.33530983328819275,input,94.0,93,DEWP,True,13.69999885559082,19.924423217773438,,,
BeijingAir_Tiantan,PatchTST,drift,0,2329,572,0.5964974164962769,MSE,0.019361652433872223,0.33530983328819275,input,94.0,93,RAIN,False,0.0,0.0,,,
BeijingAir_Tiantan,PatchTST,drift,0,2329,572,0.5964974164962769,MSE,0.019361652433872223,0.33530983328819275,input,94.0,93,WSPM,False,2.0999999046325684,2.0999999046325684,,,
BeijingAir_Tiantan,PatchTST,drift,0,2329,572,0.5964974164962769,MSE,0.019361652433872223,0.33530983328819275,input,94.0,93,wd,False,0.0,0.0,,,
BeijingAir_Tiantan,PatchTST,drift,0,2329,572,0.5964974164962769,MSE,0.019361652433872223,0.33530983328819275,input,95.0,94,PM2.5,True,26.0,62.46280288696289,,,
BeijingAir_Tiantan,PatchTST,drift,0,2329,572,0.5964974164962769,MSE,0.019361652433872223,0.33530983328819275,input,95.0,94,PM10,False,65.0,65.0,,,
BeijingAir_Tiantan,PatchTST,drift,0,2329,572,0.5964974164962769,MSE,0.019361652433872223,0.33530983328819275,input,95.0,94,SO2,False,11.0,11.0,,,
BeijingAir_Tiantan,PatchTST,drift,0,2329,572,0.5964974164962769,MSE,0.019361652433872223,0.33530983328819275,input,95.0,94,NO2,False,56.0,56.0,,,
BeijingAir_Tiantan,PatchTST,drift,0,2329,572,0.5964974164962769,MSE,0.019361652433872223,0.33530983328819275,input,95.0,94,CO,False,700.0,700.0,,,
BeijingAir_Tiantan,PatchTST,drift,0,2329,572,0.5964974164962769,MSE,0.019361652433872223,0.33530983328819275,input,95.0,94,O3,True,25.0,52.7984619140625,,,
BeijingAir_Tiantan,PatchTST,drift,0,2329,572,0.5964974164962769,MSE,0.019361652433872223,0.33530983328819275,input,95.0,94,TEMP,False,26.799999237060547,26.799999237060547,,,
BeijingAir_Tiantan,PatchTST,drift,0,2329,572,0.5964974164962769,MSE,0.019361652433872223,0.33530983328819275,input,95.0,94,PRES,False,1005.0999755859375,1005.0999755859375,,,
BeijingAir_Tiantan,PatchTST,drift,0,2329,572,0.5964974164962769,MSE,0.019361652433872223,0.33530983328819275,input,95.0,94,DEWP,True,12.100000381469727,18.324424743652344,,,
BeijingAir_Tiantan,PatchTST,drift,0,2329,572,0.5964974164962769,MSE,0.019361652433872223,0.33530983328819275,input,95.0,94,RAIN,False,0.0,0.0,,,
BeijingAir_Tiantan,PatchTST,drift,0,2329,572,0.5964974164962769,MSE,0.019361652433872223,0.33530983328819275,input,95.0,94,WSPM,False,2.5,2.5,,,
BeijingAir_Tiantan,PatchTST,drift,0,2329,572,0.5964974164962769,MSE,0.019361652433872223,0.33530983328819275,input,95.0,94,wd,False,14.0,14.0,,,
BeijingAir_Tiantan,PatchTST,drift,0,2329,572,0.5964974164962769,MSE,0.019361652433872223,0.33530983328819275,input,96.0,95,PM2.5,True,23.0,59.46280288696289,,,
BeijingAir_Tiantan,PatchTST,drift,0,2329,572,0.5964974164962769,MSE,0.019361652433872223,0.33530983328819275,input,96.0,95,PM10,False,59.0,59.0,,,
BeijingAir_Tiantan,PatchTST,drift,0,2329,572,0.5964974164962769,MSE,0.019361652433872223,0.33530983328819275,input,96.0,95,SO2,False,8.0,8.0,,,
BeijingAir_Tiantan,PatchTST,drift,0,2329,572,0.5964974164962769,MSE,0.019361652433872223,0.33530983328819275,input,96.0,95,NO2,False,38.0,38.0,,,
BeijingAir_Tiantan,PatchTST,drift,0,2329,572,0.5964974164962769,MSE,0.019361652433872223,0.33530983328819275,input,96.0,95,CO,False,600.0000610351562,600.0000610351562,,,
BeijingAir_Tiantan,PatchTST,drift,0,2329,572,0.5964974164962769,MSE,0.019361652433872223,0.33530983328819275,input,96.0,95,O3,True,45.0,72.7984619140625,,,
BeijingAir_Tiantan,PatchTST,drift,0,2329,572,0.5964974164962769,MSE,0.019361652433872223,0.33530983328819275,input,96.0,95,TEMP,False,28.700000762939453,28.700000762939453,,,
BeijingAir_Tiantan,PatchTST,drift,0,2329,572,0.5964974164962769,MSE,0.019361652433872223,0.33530983328819275,input,96.0,95,PRES,False,1005.2000122070312,1005.2000122070312,,,
BeijingAir_Tiantan,PatchTST,drift,0,2329,572,0.5964974164962769,MSE,0.019361652433872223,0.33530983328819275,input,96.0,95,DEWP,True,10.399999618530273,16.62442398071289,,,
BeijingAir_Tiantan,PatchTST,drift,0,2329,572,0.5964974164962769,MSE,0.019361652433872223,0.33530983328819275,input,96.0,95,RAIN,False,0.0,0.0,,,
BeijingAir_Tiantan,PatchTST,drift,0,2329,572,0.5964974164962769,MSE,0.019361652433872223,0.33530983328819275,input,96.0,95,WSPM,False,2.299999952316284,2.299999952316284,,,
BeijingAir_Tiantan,PatchTST,drift,0,2329,572,0.5964974164962769,MSE,0.019361652433872223,0.33530983328819275,input,96.0,95,wd,False,0.0,0.0,,,
BeijingAir_Tiantan,PatchTST,drift,0,2329,572,0.5964974164962769,MSE,0.019361652433872223,0.33530983328819275,forecast,97.0,0,PM2.5,True,,,14.0,22.206539154052734,58.669342041015625
BeijingAir_Tiantan,PatchTST,drift,0,2329,572,0.5964974164962769,MSE,0.019361652433872223,0.33530983328819275,forecast,98.0,1,PM2.5,True,,,15.0,19.528797149658203,55.99160385131836
BeijingAir_Tiantan,PatchTST,drift,0,2329,572,0.5964974164962769,MSE,0.019361652433872223,0.33530983328819275,forecast,99.0,2,PM2.5,True,,,7.0,22.46176528930664,58.9245719909668
BeijingAir_Tiantan,PatchTST,drift,0,2329,572,0.5964974164962769,MSE,0.019361652433872223,0.33530983328819275,forecast,100.0,3,PM2.5,True,,,9.0,21.25430679321289,57.71710968017578
BeijingAir_Tiantan,PatchTST,drift,0,2329,572,0.5964974164962769,MSE,0.019361652433872223,0.33530983328819275,forecast,101.0,4,PM2.5,True,,,14.0,21.31433868408203,57.77714157104492
BeijingAir_Tiantan,PatchTST,drift,0,2329,572,0.5964974164962769,MSE,0.019361652433872223,0.33530983328819275,forecast,102.0,5,PM2.5,True,,,7.0,22.52800750732422,58.990814208984375
