dataset,arch,scenario,pert_idx,sample_id,source_sample_idx,severity,score_metric,clean_sample_score,perturbed_sample_score,segment,time_index,time_step,feature,affected_feature,clean_input,perturbed_input,ground_truth,clean_prediction,perturbed_prediction
ETTh1,PatchTST,stuck_sensor,6,8111,427,0.186315655708313,MSE,0.32950615882873535,0.7308433055877686,input,1.0,0,HUFL,False,9.913000106811523,9.913000106811523,,,
ETTh1,PatchTST,stuck_sensor,6,8111,427,0.186315655708313,MSE,0.32950615882873535,0.7308433055877686,input,1.0,0,HULL,False,1.2059999704360962,1.2059999704360962,,,
ETTh1,PatchTST,stuck_sensor,6,8111,427,0.186315655708313,MSE,0.32950615882873535,0.7308433055877686,input,1.0,0,MUFL,True,5.89900016784668,5.89900016784668,,,
ETTh1,PatchTST,stuck_sensor,6,8111,427,0.186315655708313,MSE,0.32950615882873535,0.7308433055877686,input,1.0,0,MULL,False,0.21299999952316284,0.21299999952316284,,,
ETTh1,PatchTST,stuck_sensor,6,8111,427,0.186315655708313,MSE,0.32950615882873535,0.7308433055877686,input,1.0,0,LUFL,False,4.051000118255615,4.051000118255615,,,
ETTh1,PatchTST,stuck_sensor,6,8111,427,0.186315655708313,MSE,0.32950615882873535,0.7308433055877686,input,1.0,0,LULL,False,0.5479999780654907,0.5479999780654907,,,
ETTh1,PatchTST,stuck_sensor,6,8111,427,0.186315655708313,MSE,0.32950615882873535,0.7308433055877686,input,1.0,0,OT,False,0.7740001678466797,0.7740001678466797,,,
ETTh1,PatchTST,stuck_sensor,6,8111,427,0.186315655708313,MSE,0.32950615882873535,0.7308433055877686,input,2.0,1,HUFL,False,11.253000259399414,11.253000259399414,,,
ETTh1,PatchTST,stuck_sensor,6,8111,427,0.186315655708313,MSE,0.32950615882873535,0.7308433055877686,input,2.0,1,HULL,False,1.5410000085830688,1.5410000085830688,,,
ETTh1,PatchTST,stuck_sensor,6,8111,427,0.186315655708313,MSE,0.32950615882873535,0.7308433055877686,input,2.0,1,MUFL,True,7.249000072479248,7.249000072479248,,,
ETTh1,PatchTST,stuck_sensor,6,8111,427,0.186315655708313,MSE,0.32950615882873535,0.7308433055877686,input,2.0,1,MULL,False,0.3199999928474426,0.3199999928474426,,,
ETTh1,PatchTST,stuck_sensor,6,8111,427,0.186315655708313,MSE,0.32950615882873535,0.7308433055877686,input,2.0,1,LUFL,False,3.868000030517578,3.868000030517578,,,
ETTh1,PatchTST,stuck_sensor,6,8111,427,0.186315655708313,MSE,0.32950615882873535,0.7308433055877686,input,2.0,1,LULL,False,0.6399999856948853,0.6399999856948853,,,
ETTh1,PatchTST,stuck_sensor,6,8111,427,0.186315655708313,MSE,0.32950615882873535,0.7308433055877686,input,2.0,1,OT,False,2.392000198364258,2.392000198364258,,,
ETTh1,PatchTST,stuck_sensor,6,8111,427,0.186315655708313,MSE,0.32950615882873535,0.7308433055877686,input,3.0,2,HUFL,False,11.119000434875488,11.119000434875488,,,
ETTh1,PatchTST,stuck_sensor,6,8111,427,0.186315655708313,MSE,0.32950615882873535,0.7308433055877686,input,3.0,2,HULL,False,1.4739999771118164,1.4739999771118164,,,
ETTh1,PatchTST,stuck_sensor,6,8111,427,0.186315655708313,MSE,0.32950615882873535,0.7308433055877686,input,3.0,2,MUFL,True,7.214000225067139,7.214000225067139,,,
ETTh1,PatchTST,stuck_sensor,6,8111,427,0.186315655708313,MSE,0.32950615882873535,0.7308433055877686,input,3.0,2,MULL,False,0.39100000262260437,0.39100000262260437,,,
ETTh1,PatchTST,stuck_sensor,6,8111,427,0.186315655708313,MSE,0.32950615882873535,0.7308433055877686,input,3.0,2,LUFL,False,3.8380000591278076,3.8380000591278076,,,
ETTh1,PatchTST,stuck_sensor,6,8111,427,0.186315655708313,MSE,0.32950615882873535,0.7308433055877686,input,3.0,2,LULL,False,0.609000027179718,0.609000027179718,,,
ETTh1,PatchTST,stuck_sensor,6,8111,427,0.186315655708313,MSE,0.32950615882873535,0.7308433055877686,input,3.0,2,OT,False,2.109999656677246,2.109999656677246,,,
ETTh1,PatchTST,stuck_sensor,6,8111,427,0.186315655708313,MSE,0.32950615882873535,0.7308433055877686,input,4.0,3,HUFL,False,10.3149995803833,10.3149995803833,,,
ETTh1,PatchTST,stuck_sensor,6,8111,427,0.186315655708313,MSE,0.32950615882873535,0.7308433055877686,input,4.0,3,HULL,False,1.406999945640564,1.406999945640564,,,
ETTh1,PatchTST,stuck_sensor,6,8111,427,0.186315655708313,MSE,0.32950615882873535,0.7308433055877686,input,4.0,3,MUFL,True,6.502999782562256,6.502999782562256,,,
ETTh1,PatchTST,stuck_sensor,6,8111,427,0.186315655708313,MSE,0.32950615882873535,0.7308433055877686,input,4.0,3,MULL,False,0.39100000262260437,0.39100000262260437,,,
ETTh1,PatchTST,stuck_sensor,6,8111,427,0.186315655708313,MSE,0.32950615882873535,0.7308433055877686,input,4.0,3,LUFL,False,3.8380000591278076,3.8380000591278076,,,
ETTh1,PatchTST,stuck_sensor,6,8111,427,0.186315655708313,MSE,0.32950615882873535,0.7308433055877686,input,4.0,3,LULL,False,0.609000027179718,0.609000027179718,,,
ETTh1,PatchTST,stuck_sensor,6,8111,427,0.186315655708313,MSE,0.32950615882873535,0.7308433055877686,input,4.0,3,OT,False,2.9549999237060547,2.9549999237060547,,,
ETTh1,PatchTST,stuck_sensor,6,8111,427,0.186315655708313,MSE,0.32950615882873535,0.7308433055877686,input,5.0,4,HUFL,False,11.588000297546387,11.588000297546387,,,
ETTh1,PatchTST,stuck_sensor,6,8111,427,0.186315655708313,MSE,0.32950615882873535,0.7308433055877686,input,5.0,4,HULL,False,1.5410000085830688,1.5410000085830688,,,
ETTh1,PatchTST,stuck_sensor,6,8111,427,0.186315655708313,MSE,0.32950615882873535,0.7308433055877686,input,5.0,4,MUFL,True,7.676000118255615,7.676000118255615,,,
ETTh1,PatchTST,stuck_sensor,6,8111,427,0.186315655708313,MSE,0.32950615882873535,0.7308433055877686,input,5.0,4,MULL,False,0.4259999990463257,0.4259999990463257,,,
ETTh1,PatchTST,stuck_sensor,6,8111,427,0.186315655708313,MSE,0.32950615882873535,0.7308433055877686,input,5.0,4,LUFL,False,3.928999900817871,3.928999900817871,,,
ETTh1,PatchTST,stuck_sensor,6,8111,427,0.186315655708313,MSE,0.32950615882873535,0.7308433055877686,input,5.0,4,LULL,False,0.609000027179718,0.609000027179718,,,
ETTh1,PatchTST,stuck_sensor,6,8111,427,0.186315655708313,MSE,0.32950615882873535,0.7308433055877686,input,5.0,4,OT,False,2.9549999237060547,2.9549999237060547,,,
ETTh1,PatchTST,stuck_sensor,6,8111,427,0.186315655708313,MSE,0.32950615882873535,0.7308433055877686,input,6.0,5,HUFL,False,12.927000045776367,12.927000045776367,,,
ETTh1,PatchTST,stuck_sensor,6,8111,427,0.186315655708313,MSE,0.32950615882873535,0.7308433055877686,input,6.0,5,HULL,False,1.8079999685287476,1.8079999685287476,,,
ETTh1,PatchTST,stuck_sensor,6,8111,427,0.186315655708313,MSE,0.32950615882873535,0.7308433055877686,input,6.0,5,MUFL,True,8.883999824523926,8.883999824523926,,,
ETTh1,PatchTST,stuck_sensor,6,8111,427,0.186315655708313,MSE,0.32950615882873535,0.7308433055877686,input,6.0,5,MULL,False,0.6039999723434448,0.6039999723434448,,,
ETTh1,PatchTST,stuck_sensor,6,8111,427,0.186315655708313,MSE,0.32950615882873535,0.7308433055877686,input,6.0,5,LUFL,False,4.081999778747559,4.081999778747559,,,
ETTh1,PatchTST,stuck_sensor,6,8111,427,0.186315655708313,MSE,0.32950615882873535,0.7308433055877686,input,6.0,5,LULL,False,0.5789999961853027,0.5789999961853027,,,
ETTh1,PatchTST,stuck_sensor,6,8111,427,0.186315655708313,MSE,0.32950615882873535,0.7308433055877686,input,6.0,5,OT,False,2.883999824523926,2.883999824523926,,,
ETTh1,PatchTST,stuck_sensor,6,8111,427,0.186315655708313,MSE,0.32950615882873535,0.7308433055877686,input,7.0,6,HUFL,False,13.730999946594238,13.730999946594238,,,
ETTh1,PatchTST,stuck_sensor,6,8111,427,0.186315655708313,MSE,0.32950615882873535,0.7308433055877686,input,7.0,6,HULL,False,1.8079999685287476,1.8079999685287476,,,
ETTh1,PatchTST,stuck_sensor,6,8111,427,0.186315655708313,MSE,0.32950615882873535,0.7308433055877686,input,7.0,6,MUFL,True,9.060999870300293,9.060999870300293,,,
ETTh1,PatchTST,stuck_sensor,6,8111,427,0.186315655708313,MSE,0.32950615882873535,0.7308433055877686,input,7.0,6,MULL,False,0.4970000088214874,0.4970000088214874,,,
ETTh1,PatchTST,stuck_sensor,6,8111,427,0.186315655708313,MSE,0.32950615882873535,0.7308433055877686,input,7.0,6,LUFL,False,4.598999977111816,4.598999977111816,,,
ETTh1,PatchTST,stuck_sensor,6,8111,427,0.186315655708313,MSE,0.32950615882873535,0.7308433055877686,input,7.0,6,LULL,False,0.609000027179718,0.609000027179718,,,
ETTh1,PatchTST,stuck_sensor,6,8111,427,0.186315655708313,MSE,0.32950615882873535,0.7308433055877686,input,7.0,6,OT,False,3.0249996185302734,3.0249996185302734,,,
ETTh1,PatchTST,stuck_sensor,6,8111,427,0.186315655708313,MSE,0.32950615882873535,0.7308433055877686,input,8.0,7,HUFL,False,14.468000411987305,14.468000411987305,,,
ETTh1,PatchTST,stuck_sensor,6,8111,427,0.186315655708313,MSE,0.32950615882873535,0.7308433055877686,input,8.0,7,HULL,False,2.0759999752044678,2.0759999752044678,,,
ETTh1,PatchTST,stuck_sensor,6,8111,427,0.186315655708313,MSE,0.32950615882873535,0.7308433055877686,input,8.0,7,MUFL,True,9.807999610900879,9.807999610900879,,,
ETTh1,PatchTST,stuck_sensor,6,8111,427,0.186315655708313,MSE,0.32950615882873535,0.7308433055877686,input,8.0,7,MULL,False,0.6399999856948853,0.6399999856948853,,,
ETTh1,PatchTST,stuck_sensor,6,8111,427,0.186315655708313,MSE,0.32950615882873535,0.7308433055877686,input,8.0,7,LUFL,False,4.568999767303467,4.568999767303467,,,
ETTh1,PatchTST,stuck_sensor,6,8111,427,0.186315655708313,MSE,0.32950615882873535,0.7308433055877686,input,8.0,7,LULL,False,0.5789999961853027,0.5789999961853027,,,
ETTh1,PatchTST,stuck_sensor,6,8111,427,0.186315655708313,MSE,0.32950615882873535,0.7308433055877686,input,8.0,7,OT,False,3.0249996185302734,3.0249996185302734,,,
ETTh1,PatchTST,stuck_sensor,6,8111,427,0.186315655708313,MSE,0.32950615882873535,0.7308433055877686,input,9.0,8,HUFL,False,17.079999923706055,17.079999923706055,,,
ETTh1,PatchTST,stuck_sensor,6,8111,427,0.186315655708313,MSE,0.32950615882873535,0.7308433055877686,input,9.0,8,HULL,False,2.5450000762939453,2.5450000762939453,,,
ETTh1,PatchTST,stuck_sensor,6,8111,427,0.186315655708313,MSE,0.32950615882873535,0.7308433055877686,input,9.0,8,MUFL,True,11.79800033569336,11.79800033569336,,,
ETTh1,PatchTST,stuck_sensor,6,8111,427,0.186315655708313,MSE,0.32950615882873535,0.7308433055877686,input,9.0,8,MULL,False,1.1019999980926514,1.1019999980926514,,,
ETTh1,PatchTST,stuck_sensor,6,8111,427,0.186315655708313,MSE,0.32950615882873535,0.7308433055877686,input,9.0,8,LUFL,False,5.208000183105469,5.208000183105469,,,
ETTh1,PatchTST,stuck_sensor,6,8111,427,0.186315655708313,MSE,0.32950615882873535,0.7308433055877686,input,9.0,8,LULL,False,0.5789999961853027,0.5789999961853027,,,
ETTh1,PatchTST,stuck_sensor,6,8111,427,0.186315655708313,MSE,0.32950615882873535,0.7308433055877686,input,9.0,8,OT,False,3.517001152038574,3.517001152038574,,,
ETTh1,PatchTST,stuck_sensor,6,8111,427,0.186315655708313,MSE,0.32950615882873535,0.7308433055877686,input,10.0,9,HUFL,False,17.347999572753906,17.347999572753906,,,
ETTh1,PatchTST,stuck_sensor,6,8111,427,0.186315655708313,MSE,0.32950615882873535,0.7308433055877686,input,10.0,9,HULL,False,2.812999963760376,2.812999963760376,,,
ETTh1,PatchTST,stuck_sensor,6,8111,427,0.186315655708313,MSE,0.32950615882873535,0.7308433055877686,input,10.0,9,MUFL,True,12.116998672485352,12.116998672485352,,,
ETTh1,PatchTST,stuck_sensor,6,8111,427,0.186315655708313,MSE,0.32950615882873535,0.7308433055877686,input,10.0,9,MULL,False,1.065999984741211,1.065999984741211,,,
ETTh1,PatchTST,stuck_sensor,6,8111,427,0.186315655708313,MSE,0.32950615882873535,0.7308433055877686,input,10.0,9,LUFL,False,5.208000183105469,5.208000183105469,,,
ETTh1,PatchTST,stuck_sensor,6,8111,427,0.186315655708313,MSE,0.32950615882873535,0.7308433055877686,input,10.0,9,LULL,False,0.5789999961853027,0.5789999961853027,,,
ETTh1,PatchTST,stuck_sensor,6,8111,427,0.186315655708313,MSE,0.32950615882873535,0.7308433055877686,input,10.0,9,OT,False,3.305999755859375,3.305999755859375,,,
ETTh1,PatchTST,stuck_sensor,6,8111,427,0.186315655708313,MSE,0.32950615882873535,0.7308433055877686,input,11.0,10,HUFL,False,16.54400062561035,16.54400062561035,,,
ETTh1,PatchTST,stuck_sensor,6,8111,427,0.186315655708313,MSE,0.32950615882873535,0.7308433055877686,input,11.0,10,HULL,False,2.4779999256134033,2.4779999256134033,,,
ETTh1,PatchTST,stuck_sensor,6,8111,427,0.186315655708313,MSE,0.32950615882873535,0.7308433055877686,input,11.0,10,MUFL,True,11.548999786376953,11.548999786376953,,,
ETTh1,PatchTST,stuck_sensor,6,8111,427,0.186315655708313,MSE,0.32950615882873535,0.7308433055877686,input,11.0,10,MULL,False,1.031000018119812,1.031000018119812,,,
ETTh1,PatchTST,stuck_sensor,6,8111,427,0.186315655708313,MSE,0.32950615882873535,0.7308433055877686,input,11.0,10,LUFL,False,4.994999885559082,4.994999885559082,,,
ETTh1,PatchTST,stuck_sensor,6,8111,427,0.186315655708313,MSE,0.32950615882873535,0.7308433055877686,input,11.0,10,LULL,False,0.5789999961853027,0.5789999961853027,,,
ETTh1,PatchTST,stuck_sensor,6,8111,427,0.186315655708313,MSE,0.32950615882873535,0.7308433055877686,input,11.0,10,OT,False,3.6579999923706055,3.6579999923706055,,,
ETTh1,PatchTST,stuck_sensor,6,8111,427,0.186315655708313,MSE,0.32950615882873535,0.7308433055877686,input,12.0,11,HUFL,False,14.937000274658203,14.937000274658203,,,
ETTh1,PatchTST,stuck_sensor,6,8111,427,0.186315655708313,MSE,0.32950615882873535,0.7308433055877686,input,12.0,11,HULL,False,2.2769999504089355,2.2769999504089355,,,
ETTh1,PatchTST,stuck_sensor,6,8111,427,0.186315655708313,MSE,0.32950615882873535,0.7308433055877686,input,12.0,11,MUFL,True,10.482999801635742,10.482999801635742,,,
ETTh1,PatchTST,stuck_sensor,6,8111,427,0.186315655708313,MSE,0.32950615882873535,0.7308433055877686,input,12.0,11,MULL,False,0.9240000247955322,0.9240000247955322,,,
ETTh1,PatchTST,stuck_sensor,6,8111,427,0.186315655708313,MSE,0.32950615882873535,0.7308433055877686,input,12.0,11,LUFL,False,4.4770002365112305,4.4770002365112305,,,
ETTh1,PatchTST,stuck_sensor,6,8111,427,0.186315655708313,MSE,0.32950615882873535,0.7308433055877686,input,12.0,11,LULL,False,0.5479999780654907,0.5479999780654907,,,
ETTh1,PatchTST,stuck_sensor,6,8111,427,0.186315655708313,MSE,0.32950615882873535,0.7308433055877686,input,12.0,11,OT,False,3.447000503540039,3.447000503540039,,,
ETTh1,PatchTST,stuck_sensor,6,8111,427,0.186315655708313,MSE,0.32950615882873535,0.7308433055877686,input,13.0,12,HUFL,False,12.859999656677246,12.859999656677246,,,
ETTh1,PatchTST,stuck_sensor,6,8111,427,0.186315655708313,MSE,0.32950615882873535,0.7308433055877686,input,13.0,12,HULL,False,1.875,1.875,,,
ETTh1,PatchTST,stuck_sensor,6,8111,427,0.186315655708313,MSE,0.32950615882873535,0.7308433055877686,input,13.0,12,MUFL,True,9.168000221252441,9.168000221252441,,,
ETTh1,PatchTST,stuck_sensor,6,8111,427,0.186315655708313,MSE,0.32950615882873535,0.7308433055877686,input,13.0,12,MULL,False,0.7459999918937683,0.7459999918937683,,,
ETTh1,PatchTST,stuck_sensor,6,8111,427,0.186315655708313,MSE,0.32950615882873535,0.7308433055877686,input,13.0,12,LUFL,False,3.625,3.625,,,
ETTh1,PatchTST,stuck_sensor,6,8111,427,0.186315655708313,MSE,0.32950615882873535,0.7308433055877686,input,13.0,12,LULL,False,0.5180000066757202,0.5180000066757202,,,
ETTh1,PatchTST,stuck_sensor,6,8111,427,0.186315655708313,MSE,0.32950615882873535,0.7308433055877686,input,13.0,12,OT,False,3.727999687194824,3.727999687194824,,,
ETTh1,PatchTST,stuck_sensor,6,8111,427,0.186315655708313,MSE,0.32950615882873535,0.7308433055877686,input,14.0,13,HUFL,False,10.3149995803833,10.3149995803833,,,
ETTh1,PatchTST,stuck_sensor,6,8111,427,0.186315655708313,MSE,0.32950615882873535,0.7308433055877686,input,14.0,13,HULL,False,1.3399999141693115,1.3399999141693115,,,
ETTh1,PatchTST,stuck_sensor,6,8111,427,0.186315655708313,MSE,0.32950615882873535,0.7308433055877686,input,14.0,13,MUFL,True,7.390999794006348,7.390999794006348,,,
ETTh1,PatchTST,stuck_sensor,6,8111,427,0.186315655708313,MSE,0.32950615882873535,0.7308433055877686,input,14.0,13,MULL,False,0.4970000088214874,0.4970000088214874,,,
ETTh1,PatchTST,stuck_sensor,6,8111,427,0.186315655708313,MSE,0.32950615882873535,0.7308433055877686,input,14.0,13,LUFL,False,2.9549999237060547,2.9549999237060547,,,
ETTh1,PatchTST,stuck_sensor,6,8111,427,0.186315655708313,MSE,0.32950615882873535,0.7308433055877686,input,14.0,13,LULL,False,0.4569999873638153,0.4569999873638153,,,
ETTh1,PatchTST,stuck_sensor,6,8111,427,0.186315655708313,MSE,0.32950615882873535,0.7308433055877686,input,14.0,13,OT,False,3.798999786376953,3.798999786376953,,,
ETTh1,PatchTST,stuck_sensor,6,8111,427,0.186315655708313,MSE,0.32950615882873535,0.7308433055877686,input,15.0,14,HUFL,False,8.572999954223633,8.572999954223633,,,
ETTh1,PatchTST,stuck_sensor,6,8111,427,0.186315655708313,MSE,0.32950615882873535,0.7308433055877686,input,15.0,14,HULL,False,1.1390000581741333,1.1390000581741333,,,
ETTh1,PatchTST,stuck_sensor,6,8111,427,0.186315655708313,MSE,0.32950615882873535,0.7308433055877686,input,15.0,14,MUFL,True,6.1479997634887695,6.1479997634887695,,,
ETTh1,PatchTST,stuck_sensor,6,8111,427,0.186315655708313,MSE,0.32950615882873535,0.7308433055877686,input,15.0,14,MULL,False,0.3199999928474426,0.3199999928474426,,,
ETTh1,PatchTST,stuck_sensor,6,8111,427,0.186315655708313,MSE,0.32950615882873535,0.7308433055877686,input,15.0,14,LUFL,False,2.437000036239624,2.437000036239624,,,
ETTh1,PatchTST,stuck_sensor,6,8111,427,0.186315655708313,MSE,0.32950615882873535,0.7308433055877686,input,15.0,14,LULL,False,0.4569999873638153,0.4569999873638153,,,
ETTh1,PatchTST,stuck_sensor,6,8111,427,0.186315655708313,MSE,0.32950615882873535,0.7308433055877686,input,15.0,14,OT,False,4.079999923706055,4.079999923706055,,,
ETTh1,PatchTST,stuck_sensor,6,8111,427,0.186315655708313,MSE,0.32950615882873535,0.7308433055877686,input,16.0,15,HUFL,False,7.636000156402588,7.636000156402588,,,
ETTh1,PatchTST,stuck_sensor,6,8111,427,0.186315655708313,MSE,0.32950615882873535,0.7308433055877686,input,16.0,15,HULL,False,0.937999963760376,0.937999963760376,,,
ETTh1,PatchTST,stuck_sensor,6,8111,427,0.186315655708313,MSE,0.32950615882873535,0.7308433055877686,input,16.0,15,MUFL,True,5.4720001220703125,5.4720001220703125,,,
ETTh1,PatchTST,stuck_sensor,6,8111,427,0.186315655708313,MSE,0.32950615882873535,0.7308433055877686,input,16.0,15,MULL,False,0.2840000092983246,0.2840000092983246,,,
ETTh1,PatchTST,stuck_sensor,6,8111,427,0.186315655708313,MSE,0.32950615882873535,0.7308433055877686,input,16.0,15,LUFL,False,2.193000078201294,2.193000078201294,,,
ETTh1,PatchTST,stuck_sensor,6,8111,427,0.186315655708313,MSE,0.32950615882873535,0.7308433055877686,input,16.0,15,LULL,False,0.4259999990463257,0.4259999990463257,,,
ETTh1,PatchTST,stuck_sensor,6,8111,427,0.186315655708313,MSE,0.32950615882873535,0.7308433055877686,input,16.0,15,OT,False,3.447000503540039,3.447000503540039,,,
ETTh1,PatchTST,stuck_sensor,6,8111,427,0.186315655708313,MSE,0.32950615882873535,0.7308433055877686,input,17.0,16,HUFL,False,7.368000030517578,7.368000030517578,,,
ETTh1,PatchTST,stuck_sensor,6,8111,427,0.186315655708313,MSE,0.32950615882873535,0.7308433055877686,input,17.0,16,HULL,False,1.0049999952316284,1.0049999952316284,,,
ETTh1,PatchTST,stuck_sensor,6,8111,427,0.186315655708313,MSE,0.32950615882873535,0.7308433055877686,input,17.0,16,MUFL,True,4.796999931335449,4.796999931335449,,,
ETTh1,PatchTST,stuck_sensor,6,8111,427,0.186315655708313,MSE,0.32950615882873535,0.7308433055877686,input,17.0,16,MULL,False,0.24900001287460327,0.24900001287460327,,,
ETTh1,PatchTST,stuck_sensor,6,8111,427,0.186315655708313,MSE,0.32950615882873535,0.7308433055877686,input,17.0,16,LUFL,False,2.1630001068115234,2.1630001068115234,,,
ETTh1,PatchTST,stuck_sensor,6,8111,427,0.186315655708313,MSE,0.32950615882873535,0.7308433055877686,input,17.0,16,LULL,False,0.3959999978542328,0.3959999978542328,,,
ETTh1,PatchTST,stuck_sensor,6,8111,427,0.186315655708313,MSE,0.32950615882873535,0.7308433055877686,input,17.0,16,OT,False,3.6579999923706055,3.6579999923706055,,,
ETTh1,PatchTST,stuck_sensor,6,8111,427,0.186315655708313,MSE,0.32950615882873535,0.7308433055877686,input,18.0,17,HUFL,False,6.764999866485596,6.764999866485596,,,
ETTh1,PatchTST,stuck_sensor,6,8111,427,0.186315655708313,MSE,0.32950615882873535,0.7308433055877686,input,18.0,17,HULL,False,0.7369999885559082,0.7369999885559082,,,
ETTh1,PatchTST,stuck_sensor,6,8111,427,0.186315655708313,MSE,0.32950615882873535,0.7308433055877686,input,18.0,17,MUFL,True,4.619999885559082,4.619999885559082,,,
ETTh1,PatchTST,stuck_sensor,6,8111,427,0.186315655708313,MSE,0.32950615882873535,0.7308433055877686,input,18.0,17,MULL,False,0.07099997997283936,0.07099997997283936,,,
ETTh1,PatchTST,stuck_sensor,6,8111,427,0.186315655708313,MSE,0.32950615882873535,0.7308433055877686,input,18.0,17,LUFL,False,2.071000099182129,2.071000099182129,,,
ETTh1,PatchTST,stuck_sensor,6,8111,427,0.186315655708313,MSE,0.32950615882873535,0.7308433055877686,input,18.0,17,LULL,False,0.4259999990463257,0.4259999990463257,,,
ETTh1,PatchTST,stuck_sensor,6,8111,427,0.186315655708313,MSE,0.32950615882873535,0.7308433055877686,input,18.0,17,OT,False,3.2360000610351562,3.2360000610351562,,,
ETTh1,PatchTST,stuck_sensor,6,8111,427,0.186315655708313,MSE,0.32950615882873535,0.7308433055877686,input,19.0,18,HUFL,False,6.697999954223633,6.697999954223633,,,
ETTh1,PatchTST,stuck_sensor,6,8111,427,0.186315655708313,MSE,0.32950615882873535,0.7308433055877686,input,19.0,18,HULL,False,0.7369999885559082,0.7369999885559082,,,
ETTh1,PatchTST,stuck_sensor,6,8111,427,0.186315655708313,MSE,0.32950615882873535,0.7308433055877686,input,19.0,18,MUFL,True,4.584000110626221,4.584000110626221,,,
ETTh1,PatchTST,stuck_sensor,6,8111,427,0.186315655708313,MSE,0.32950615882873535,0.7308433055877686,input,19.0,18,MULL,False,0.07099997997283936,0.07099997997283936,,,
ETTh1,PatchTST,stuck_sensor,6,8111,427,0.186315655708313,MSE,0.32950615882873535,0.7308433055877686,input,19.0,18,LUFL,False,2.1019999980926514,2.1019999980926514,,,
ETTh1,PatchTST,stuck_sensor,6,8111,427,0.186315655708313,MSE,0.32950615882873535,0.7308433055877686,input,19.0,18,LULL,False,0.4569999873638153,0.4569999873638153,,,
ETTh1,PatchTST,stuck_sensor,6,8111,427,0.186315655708313,MSE,0.32950615882873535,0.7308433055877686,input,19.0,18,OT,False,3.517001152038574,3.517001152038574,,,
ETTh1,PatchTST,stuck_sensor,6,8111,427,0.186315655708313,MSE,0.32950615882873535,0.7308433055877686,input,20.0,19,HUFL,False,7.166999816894531,7.166999816894531,,,
ETTh1,PatchTST,stuck_sensor,6,8111,427,0.186315655708313,MSE,0.32950615882873535,0.7308433055877686,input,20.0,19,HULL,False,0.8710000514984131,0.8710000514984131,,,
ETTh1,PatchTST,stuck_sensor,6,8111,427,0.186315655708313,MSE,0.32950615882873535,0.7308433055877686,input,20.0,19,MUFL,True,4.9039998054504395,4.9039998054504395,,,
ETTh1,PatchTST,stuck_sensor,6,8111,427,0.186315655708313,MSE,0.32950615882873535,0.7308433055877686,input,20.0,19,MULL,False,0.10699999332427979,0.10699999332427979,,,
ETTh1,PatchTST,stuck_sensor,6,8111,427,0.186315655708313,MSE,0.32950615882873535,0.7308433055877686,input,20.0,19,LUFL,False,2.315000057220459,2.315000057220459,,,
ETTh1,PatchTST,stuck_sensor,6,8111,427,0.186315655708313,MSE,0.32950615882873535,0.7308433055877686,input,20.0,19,LULL,False,0.4869999885559082,0.4869999885559082,,,
ETTh1,PatchTST,stuck_sensor,6,8111,427,0.186315655708313,MSE,0.32950615882873535,0.7308433055877686,input,20.0,19,OT,False,2.814000129699707,2.814000129699707,,,
ETTh1,PatchTST,stuck_sensor,6,8111,427,0.186315655708313,MSE,0.32950615882873535,0.7308433055877686,input,21.0,20,HUFL,False,9.444000244140625,9.444000244140625,,,
ETTh1,PatchTST,stuck_sensor,6,8111,427,0.186315655708313,MSE,0.32950615882873535,0.7308433055877686,input,21.0,20,HULL,False,1.1390000581741333,1.1390000581741333,,,
ETTh1,PatchTST,stuck_sensor,6,8111,427,0.186315655708313,MSE,0.32950615882873535,0.7308433055877686,input,21.0,20,MUFL,True,6.289999961853027,6.289999961853027,,,
ETTh1,PatchTST,stuck_sensor,6,8111,427,0.186315655708313,MSE,0.32950615882873535,0.7308433055877686,input,21.0,20,MULL,False,0.17799997329711914,0.17799997329711914,,,
ETTh1,PatchTST,stuck_sensor,6,8111,427,0.186315655708313,MSE,0.32950615882873535,0.7308433055877686,input,21.0,20,LUFL,False,3.1679999828338623,3.1679999828338623,,,
ETTh1,PatchTST,stuck_sensor,6,8111,427,0.186315655708313,MSE,0.32950615882873535,0.7308433055877686,input,21.0,20,LULL,False,0.5180000066757202,0.5180000066757202,,,
ETTh1,PatchTST,stuck_sensor,6,8111,427,0.186315655708313,MSE,0.32950615882873535,0.7308433055877686,input,21.0,20,OT,False,2.4619998931884766,2.4619998931884766,,,
ETTh1,PatchTST,stuck_sensor,6,8111,427,0.186315655708313,MSE,0.32950615882873535,0.7308433055877686,input,22.0,21,HUFL,False,12.994000434875488,12.994000434875488,,,
ETTh1,PatchTST,stuck_sensor,6,8111,427,0.186315655708313,MSE,0.32950615882873535,0.7308433055877686,input,22.0,21,HULL,False,1.8079999685287476,1.8079999685287476,,,
ETTh1,PatchTST,stuck_sensor,6,8111,427,0.186315655708313,MSE,0.32950615882873535,0.7308433055877686,input,22.0,21,MUFL,True,9.097000122070312,9.097000122070312,,,
ETTh1,PatchTST,stuck_sensor,6,8111,427,0.186315655708313,MSE,0.32950615882873535,0.7308433055877686,input,22.0,21,MULL,False,0.6399999856948853,0.6399999856948853,,,
ETTh1,PatchTST,stuck_sensor,6,8111,427,0.186315655708313,MSE,0.32950615882873535,0.7308433055877686,input,22.0,21,LUFL,False,3.868000030517578,3.868000030517578,,,
ETTh1,PatchTST,stuck_sensor,6,8111,427,0.186315655708313,MSE,0.32950615882873535,0.7308433055877686,input,22.0,21,LULL,False,0.5180000066757202,0.5180000066757202,,,
ETTh1,PatchTST,stuck_sensor,6,8111,427,0.186315655708313,MSE,0.32950615882873535,0.7308433055877686,input,22.0,21,OT,False,2.6730003356933594,2.6730003356933594,,,
ETTh1,PatchTST,stuck_sensor,6,8111,427,0.186315655708313,MSE,0.32950615882873535,0.7308433055877686,input,23.0,22,HUFL,False,11.98900032043457,11.98900032043457,,,
ETTh1,PatchTST,stuck_sensor,6,8111,427,0.186315655708313,MSE,0.32950615882873535,0.7308433055877686,input,23.0,22,HULL,False,1.6080000400543213,1.6080000400543213,,,
ETTh1,PatchTST,stuck_sensor,6,8111,427,0.186315655708313,MSE,0.32950615882873535,0.7308433055877686,input,23.0,22,MUFL,True,8.279999732971191,8.279999732971191,,,
ETTh1,PatchTST,stuck_sensor,6,8111,427,0.186315655708313,MSE,0.32950615882873535,0.7308433055877686,input,23.0,22,MULL,False,0.5329999923706055,0.5329999923706055,,,
ETTh1,PatchTST,stuck_sensor,6,8111,427,0.186315655708313,MSE,0.32950615882873535,0.7308433055877686,input,23.0,22,LUFL,False,3.7160000801086426,3.7160000801086426,,,
ETTh1,PatchTST,stuck_sensor,6,8111,427,0.186315655708313,MSE,0.32950615882873535,0.7308433055877686,input,23.0,22,LULL,False,0.5479999780654907,0.5479999780654907,,,
ETTh1,PatchTST,stuck_sensor,6,8111,427,0.186315655708313,MSE,0.32950615882873535,0.7308433055877686,input,23.0,22,OT,False,2.6730003356933594,2.6730003356933594,,,
ETTh1,PatchTST,stuck_sensor,6,8111,427,0.186315655708313,MSE,0.32950615882873535,0.7308433055877686,input,24.0,23,HUFL,False,10.649999618530273,10.649999618530273,,,
ETTh1,PatchTST,stuck_sensor,6,8111,427,0.186315655708313,MSE,0.32950615882873535,0.7308433055877686,input,24.0,23,HULL,False,1.406999945640564,1.406999945640564,,,
ETTh1,PatchTST,stuck_sensor,6,8111,427,0.186315655708313,MSE,0.32950615882873535,0.7308433055877686,input,24.0,23,MUFL,True,6.928999900817871,6.928999900817871,,,
ETTh1,PatchTST,stuck_sensor,6,8111,427,0.186315655708313,MSE,0.32950615882873535,0.7308433055877686,input,24.0,23,MULL,False,0.35499998927116394,0.35499998927116394,,,
ETTh1,PatchTST,stuck_sensor,6,8111,427,0.186315655708313,MSE,0.32950615882873535,0.7308433055877686,input,24.0,23,LUFL,False,3.625,3.625,,,
ETTh1,PatchTST,stuck_sensor,6,8111,427,0.186315655708313,MSE,0.32950615882873535,0.7308433055877686,input,24.0,23,LULL,False,0.4869999885559082,0.4869999885559082,,,
ETTh1,PatchTST,stuck_sensor,6,8111,427,0.186315655708313,MSE,0.32950615882873535,0.7308433055877686,input,24.0,23,OT,False,1.9700002670288086,1.9700002670288086,,,
ETTh1,PatchTST,stuck_sensor,6,8111,427,0.186315655708313,MSE,0.32950615882873535,0.7308433055877686,input,25.0,24,HUFL,False,11.454000473022461,11.454000473022461,,,
ETTh1,PatchTST,stuck_sensor,6,8111,427,0.186315655708313,MSE,0.32950615882873535,0.7308433055877686,input,25.0,24,HULL,False,1.5410000085830688,1.5410000085830688,,,
ETTh1,PatchTST,stuck_sensor,6,8111,427,0.186315655708313,MSE,0.32950615882873535,0.7308433055877686,input,25.0,24,MUFL,True,7.355999946594238,7.355999946594238,,,
ETTh1,PatchTST,stuck_sensor,6,8111,427,0.186315655708313,MSE,0.32950615882873535,0.7308433055877686,input,25.0,24,MULL,False,0.4259999990463257,0.4259999990463257,,,
ETTh1,PatchTST,stuck_sensor,6,8111,427,0.186315655708313,MSE,0.32950615882873535,0.7308433055877686,input,25.0,24,LUFL,False,4.111999988555908,4.111999988555908,,,
ETTh1,PatchTST,stuck_sensor,6,8111,427,0.186315655708313,MSE,0.32950615882873535,0.7308433055877686,input,25.0,24,LULL,False,0.5789999961853027,0.5789999961853027,,,
ETTh1,PatchTST,stuck_sensor,6,8111,427,0.186315655708313,MSE,0.32950615882873535,0.7308433055877686,input,25.0,24,OT,False,0.7029991149902344,0.7029991149902344,,,
ETTh1,PatchTST,stuck_sensor,6,8111,427,0.186315655708313,MSE,0.32950615882873535,0.7308433055877686,input,26.0,25,HUFL,False,10.515999794006348,10.515999794006348,,,
ETTh1,PatchTST,stuck_sensor,6,8111,427,0.186315655708313,MSE,0.32950615882873535,0.7308433055877686,input,26.0,25,HULL,False,1.4739999771118164,1.4739999771118164,,,
ETTh1,PatchTST,stuck_sensor,6,8111,427,0.186315655708313,MSE,0.32950615882873535,0.7308433055877686,input,26.0,25,MUFL,True,6.4670000076293945,6.4670000076293945,,,
ETTh1,PatchTST,stuck_sensor,6,8111,427,0.186315655708313,MSE,0.32950615882873535,0.7308433055877686,input,26.0,25,MULL,False,0.4620000123977661,0.4620000123977661,,,
ETTh1,PatchTST,stuck_sensor,6,8111,427,0.186315655708313,MSE,0.32950615882873535,0.7308433055877686,input,26.0,25,LUFL,False,4.051000118255615,4.051000118255615,,,
ETTh1,PatchTST,stuck_sensor,6,8111,427,0.186315655708313,MSE,0.32950615882873535,0.7308433055877686,input,26.0,25,LULL,False,0.5479999780654907,0.5479999780654907,,,
ETTh1,PatchTST,stuck_sensor,6,8111,427,0.186315655708313,MSE,0.32950615882873535,0.7308433055877686,input,26.0,25,OT,False,0.0,0.0,,,
ETTh1,PatchTST,stuck_sensor,6,8111,427,0.186315655708313,MSE,0.32950615882873535,0.7308433055877686,input,27.0,26,HUFL,False,11.119000434875488,11.119000434875488,,,
ETTh1,PatchTST,stuck_sensor,6,8111,427,0.186315655708313,MSE,0.32950615882873535,0.7308433055877686,input,27.0,26,HULL,False,1.6080000400543213,1.6080000400543213,,,
ETTh1,PatchTST,stuck_sensor,6,8111,427,0.186315655708313,MSE,0.32950615882873535,0.7308433055877686,input,27.0,26,MUFL,True,7.214000225067139,7.214000225067139,,,
ETTh1,PatchTST,stuck_sensor,6,8111,427,0.186315655708313,MSE,0.32950615882873535,0.7308433055877686,input,27.0,26,MULL,False,0.5690000057220459,0.5690000057220459,,,
ETTh1,PatchTST,stuck_sensor,6,8111,427,0.186315655708313,MSE,0.32950615882873535,0.7308433055877686,input,27.0,26,LUFL,False,3.990000009536743,3.990000009536743,,,
ETTh1,PatchTST,stuck_sensor,6,8111,427,0.186315655708313,MSE,0.32950615882873535,0.7308433055877686,input,27.0,26,LULL,False,0.5789999961853027,0.5789999961853027,,,
ETTh1,PatchTST,stuck_sensor,6,8111,427,0.186315655708313,MSE,0.32950615882873535,0.7308433055877686,input,27.0,26,OT,False,0.0,0.0,,,
ETTh1,PatchTST,stuck_sensor,6,8111,427,0.186315655708313,MSE,0.32950615882873535,0.7308433055877686,input,28.0,27,HUFL,False,11.185999870300293,11.185999870300293,,,
ETTh1,PatchTST,stuck_sensor,6,8111,427,0.186315655708313,MSE,0.32950615882873535,0.7308433055877686,input,28.0,27,HULL,False,1.6080000400543213,1.6080000400543213,,,
ETTh1,PatchTST,stuck_sensor,6,8111,427,0.186315655708313,MSE,0.32950615882873535,0.7308433055877686,input,28.0,27,MUFL,True,7.284999847412109,7.284999847412109,,,
ETTh1,PatchTST,stuck_sensor,6,8111,427,0.186315655708313,MSE,0.32950615882873535,0.7308433055877686,input,28.0,27,MULL,False,0.6039999723434448,0.6039999723434448,,,
ETTh1,PatchTST,stuck_sensor,6,8111,427,0.186315655708313,MSE,0.32950615882873535,0.7308433055877686,input,28.0,27,LUFL,False,3.8989999294281006,3.8989999294281006,,,
ETTh1,PatchTST,stuck_sensor,6,8111,427,0.186315655708313,MSE,0.32950615882873535,0.7308433055877686,input,28.0,27,LULL,False,0.5479999780654907,0.5479999780654907,,,
ETTh1,PatchTST,stuck_sensor,6,8111,427,0.186315655708313,MSE,0.32950615882873535,0.7308433055877686,input,28.0,27,OT,False,0.0,0.0,,,
ETTh1,PatchTST,stuck_sensor,6,8111,427,0.186315655708313,MSE,0.32950615882873535,0.7308433055877686,input,29.0,28,HUFL,False,12.055999755859375,12.055999755859375,,,
ETTh1,PatchTST,stuck_sensor,6,8111,427,0.186315655708313,MSE,0.32950615882873535,0.7308433055877686,input,29.0,28,HULL,False,1.6740000247955322,1.6740000247955322,,,
ETTh1,PatchTST,stuck_sensor,6,8111,427,0.186315655708313,MSE,0.32950615882873535,0.7308433055877686,input,29.0,28,MUFL,True,7.888999938964844,7.888999938964844,,,
ETTh1,PatchTST,stuck_sensor,6,8111,427,0.186315655708313,MSE,0.32950615882873535,0.7308433055877686,input,29.0,28,MULL,False,0.6039999723434448,0.6039999723434448,,,
ETTh1,PatchTST,stuck_sensor,6,8111,427,0.186315655708313,MSE,0.32950615882873535,0.7308433055877686,input,29.0,28,LUFL,False,4.051000118255615,4.051000118255615,,,
ETTh1,PatchTST,stuck_sensor,6,8111,427,0.186315655708313,MSE,0.32950615882873535,0.7308433055877686,input,29.0,28,LULL,False,0.5789999961853027,0.5789999961853027,,,
ETTh1,PatchTST,stuck_sensor,6,8111,427,0.186315655708313,MSE,0.32950615882873535,0.7308433055877686,input,29.0,28,OT,False,0.6329994201660156,0.6329994201660156,,,
ETTh1,PatchTST,stuck_sensor,6,8111,427,0.186315655708313,MSE,0.32950615882873535,0.7308433055877686,input,30.0,29,HUFL,False,13.99899959564209,13.99899959564209,,,
ETTh1,PatchTST,stuck_sensor,6,8111,427,0.186315655708313,MSE,0.32950615882873535,0.7308433055877686,input,30.0,29,HULL,False,2.1429998874664307,2.1429998874664307,,,
ETTh1,PatchTST,stuck_sensor,6,8111,427,0.186315655708313,MSE,0.32950615882873535,0.7308433055877686,input,30.0,29,MUFL,True,9.630000114440918,9.630000114440918,,,
ETTh1,PatchTST,stuck_sensor,6,8111,427,0.186315655708313,MSE,0.32950615882873535,0.7308433055877686,input,30.0,29,MULL,False,0.7459999918937683,0.7459999918937683,,,
ETTh1,PatchTST,stuck_sensor,6,8111,427,0.186315655708313,MSE,0.32950615882873535,0.7308433055877686,input,30.0,29,LUFL,False,4.355999946594238,4.355999946594238,,,
ETTh1,PatchTST,stuck_sensor,6,8111,427,0.186315655708313,MSE,0.32950615882873535,0.7308433055877686,input,30.0,29,LULL,False,0.5479999780654907,0.5479999780654907,,,
ETTh1,PatchTST,stuck_sensor,6,8111,427,0.186315655708313,MSE,0.32950615882873535,0.7308433055877686,input,30.0,29,OT,False,0.0,0.0,,,
ETTh1,PatchTST,stuck_sensor,6,8111,427,0.186315655708313,MSE,0.32950615882873535,0.7308433055877686,input,31.0,30,HUFL,False,14.333999633789062,14.333999633789062,,,
ETTh1,PatchTST,stuck_sensor,6,8111,427,0.186315655708313,MSE,0.32950615882873535,0.7308433055877686,input,31.0,30,HULL,False,2.009000062942505,2.009000062942505,,,
ETTh1,PatchTST,stuck_sensor,6,8111,427,0.186315655708313,MSE,0.32950615882873535,0.7308433055877686,input,31.0,30,MUFL,True,9.772000312805176,9.772000312805176,,,
ETTh1,PatchTST,stuck_sensor,6,8111,427,0.186315655708313,MSE,0.32950615882873535,0.7308433055877686,input,31.0,30,MULL,False,0.7110000252723694,0.7110000252723694,,,
ETTh1,PatchTST,stuck_sensor,6,8111,427,0.186315655708313,MSE,0.32950615882873535,0.7308433055877686,input,31.0,30,LUFL,False,4.630000114440918,4.630000114440918,,,
ETTh1,PatchTST,stuck_sensor,6,8111,427,0.186315655708313,MSE,0.32950615882873535,0.7308433055877686,input,31.0,30,LULL,False,0.5479999780654907,0.5479999780654907,,,
ETTh1,PatchTST,stuck_sensor,6,8111,427,0.186315655708313,MSE,0.32950615882873535,0.7308433055877686,input,31.0,30,OT,False,0.0,0.0,,,
ETTh1,PatchTST,stuck_sensor,6,8111,427,0.186315655708313,MSE,0.32950615882873535,0.7308433055877686,input,32.0,31,HUFL,False,15.270999908447266,15.270999908447266,,,
ETTh1,PatchTST,stuck_sensor,6,8111,427,0.186315655708313,MSE,0.32950615882873535,0.7308433055877686,input,32.0,31,HULL,False,2.2100000381469727,2.2100000381469727,,,
ETTh1,PatchTST,stuck_sensor,6,8111,427,0.186315655708313,MSE,0.32950615882873535,0.7308433055877686,input,32.0,31,MUFL,True,10.517999649047852,10.517999649047852,,,
ETTh1,PatchTST,stuck_sensor,6,8111,427,0.186315655708313,MSE,0.32950615882873535,0.7308433055877686,input,32.0,31,MULL,False,0.8880000114440918,0.8880000114440918,,,
ETTh1,PatchTST,stuck_sensor,6,8111,427,0.186315655708313,MSE,0.32950615882873535,0.7308433055877686,input,32.0,31,LUFL,False,4.751999855041504,4.751999855041504,,,
ETTh1,PatchTST,stuck_sensor,6,8111,427,0.186315655708313,MSE,0.32950615882873535,0.7308433055877686,input,32.0,31,LULL,False,0.5479999780654907,0.5479999780654907,,,
ETTh1,PatchTST,stuck_sensor,6,8111,427,0.186315655708313,MSE,0.32950615882873535,0.7308433055877686,input,32.0,31,OT,False,0.0,0.0,,,
ETTh1,PatchTST,stuck_sensor,6,8111,427,0.186315655708313,MSE,0.32950615882873535,0.7308433055877686,input,33.0,32,HUFL,False,17.548999786376953,17.548999786376953,,,
ETTh1,PatchTST,stuck_sensor,6,8111,427,0.186315655708313,MSE,0.32950615882873535,0.7308433055877686,input,33.0,32,HULL,False,2.812999963760376,2.812999963760376,,,
ETTh1,PatchTST,stuck_sensor,6,8111,427,0.186315655708313,MSE,0.32950615882873535,0.7308433055877686,input,33.0,32,MUFL,True,12.189000129699707,12.189000129699707,,,
ETTh1,PatchTST,stuck_sensor,6,8111,427,0.186315655708313,MSE,0.32950615882873535,0.7308433055877686,input,33.0,32,MULL,False,1.1369999647140503,1.1369999647140503,,,
ETTh1,PatchTST,stuck_sensor,6,8111,427,0.186315655708313,MSE,0.32950615882873535,0.7308433055877686,input,33.0,32,LUFL,False,5.361000061035156,5.361000061035156,,,
ETTh1,PatchTST,stuck_sensor,6,8111,427,0.186315655708313,MSE,0.32950615882873535,0.7308433055877686,input,33.0,32,LULL,False,0.5789999961853027,0.5789999961853027,,,
ETTh1,PatchTST,stuck_sensor,6,8111,427,0.186315655708313,MSE,0.32950615882873535,0.7308433055877686,input,33.0,32,OT,False,0.0,0.0,,,
ETTh1,PatchTST,stuck_sensor,6,8111,427,0.186315655708313,MSE,0.32950615882873535,0.7308433055877686,input,34.0,33,HUFL,False,18.285999298095703,18.285999298095703,,,
ETTh1,PatchTST,stuck_sensor,6,8111,427,0.186315655708313,MSE,0.32950615882873535,0.7308433055877686,input,34.0,33,HULL,False,3.0810000896453857,3.0810000896453857,,,
ETTh1,PatchTST,stuck_sensor,6,8111,427,0.186315655708313,MSE,0.32950615882873535,0.7308433055877686,input,34.0,33,MUFL,True,12.793000221252441,12.793000221252441,,,
ETTh1,PatchTST,stuck_sensor,6,8111,427,0.186315655708313,MSE,0.32950615882873535,0.7308433055877686,input,34.0,33,MULL,False,1.315000057220459,1.315000057220459,,,
ETTh1,PatchTST,stuck_sensor,6,8111,427,0.186315655708313,MSE,0.32950615882873535,0.7308433055877686,input,34.0,33,LUFL,False,5.544000148773193,5.544000148773193,,,
ETTh1,PatchTST,stuck_sensor,6,8111,427,0.186315655708313,MSE,0.32950615882873535,0.7308433055877686,input,34.0,33,LULL,False,0.609000027179718,0.609000027179718,,,
ETTh1,PatchTST,stuck_sensor,6,8111,427,0.186315655708313,MSE,0.32950615882873535,0.7308433055877686,input,34.0,33,OT,False,0.0,0.0,,,
ETTh1,PatchTST,stuck_sensor,6,8111,427,0.186315655708313,MSE,0.32950615882873535,0.7308433055877686,input,35.0,34,HUFL,False,17.415000915527344,17.415000915527344,,,
ETTh1,PatchTST,stuck_sensor,6,8111,427,0.186315655708313,MSE,0.32950615882873535,0.7308433055877686,input,35.0,34,HULL,False,2.746000051498413,2.746000051498413,,,
ETTh1,PatchTST,stuck_sensor,6,8111,427,0.186315655708313,MSE,0.32950615882873535,0.7308433055877686,input,35.0,34,MUFL,True,12.260000228881836,12.260000228881836,,,
ETTh1,PatchTST,stuck_sensor,6,8111,427,0.186315655708313,MSE,0.32950615882873535,0.7308433055877686,input,35.0,34,MULL,False,1.24399995803833,1.24399995803833,,,
ETTh1,PatchTST,stuck_sensor,6,8111,427,0.186315655708313,MSE,0.32950615882873535,0.7308433055877686,input,35.0,34,LUFL,False,5.238999843597412,5.238999843597412,,,
ETTh1,PatchTST,stuck_sensor,6,8111,427,0.186315655708313,MSE,0.32950615882873535,0.7308433055877686,input,35.0,34,LULL,False,0.609000027179718,0.609000027179718,,,
ETTh1,PatchTST,stuck_sensor,6,8111,427,0.186315655708313,MSE,0.32950615882873535,0.7308433055877686,input,35.0,34,OT,False,1.8990001678466797,1.8990001678466797,,,
ETTh1,PatchTST,stuck_sensor,6,8111,427,0.186315655708313,MSE,0.32950615882873535,0.7308433055877686,input,36.0,35,HUFL,False,15.807000160217285,15.807000160217285,,,
ETTh1,PatchTST,stuck_sensor,6,8111,427,0.186315655708313,MSE,0.32950615882873535,0.7308433055877686,input,36.0,35,HULL,False,2.4779999256134033,2.4779999256134033,,,
ETTh1,PatchTST,stuck_sensor,6,8111,427,0.186315655708313,MSE,0.32950615882873535,0.7308433055877686,input,36.0,35,MUFL,True,11.121999740600586,11.121999740600586,,,
ETTh1,PatchTST,stuck_sensor,6,8111,427,0.186315655708313,MSE,0.32950615882873535,0.7308433055877686,input,36.0,35,MULL,False,1.065999984741211,1.065999984741211,,,
ETTh1,PatchTST,stuck_sensor,6,8111,427,0.186315655708313,MSE,0.32950615882873535,0.7308433055877686,input,36.0,35,LUFL,False,4.690999984741211,4.690999984741211,,,
ETTh1,PatchTST,stuck_sensor,6,8111,427,0.186315655708313,MSE,0.32950615882873535,0.7308433055877686,input,36.0,35,LULL,False,0.5479999780654907,0.5479999780654907,,,
ETTh1,PatchTST,stuck_sensor,6,8111,427,0.186315655708313,MSE,0.32950615882873535,0.7308433055877686,input,36.0,35,OT,False,2.180999755859375,2.180999755859375,,,
ETTh1,PatchTST,stuck_sensor,6,8111,427,0.186315655708313,MSE,0.32950615882873535,0.7308433055877686,input,37.0,36,HUFL,False,13.932000160217285,13.932000160217285,,,
ETTh1,PatchTST,stuck_sensor,6,8111,427,0.186315655708313,MSE,0.32950615882873535,0.7308433055877686,input,37.0,36,HULL,False,2.2100000381469727,2.2100000381469727,,,
ETTh1,PatchTST,stuck_sensor,6,8111,427,0.186315655708313,MSE,0.32950615882873535,0.7308433055877686,input,37.0,36,MUFL,True,9.878999710083008,9.878999710083008,,,
ETTh1,PatchTST,stuck_sensor,6,8111,427,0.186315655708313,MSE,0.32950615882873535,0.7308433055877686,input,37.0,36,MULL,False,0.9950000047683716,0.9950000047683716,,,
ETTh1,PatchTST,stuck_sensor,6,8111,427,0.186315655708313,MSE,0.32950615882873535,0.7308433055877686,input,37.0,36,LUFL,False,3.990000009536743,3.990000009536743,,,
ETTh1,PatchTST,stuck_sensor,6,8111,427,0.186315655708313,MSE,0.32950615882873535,0.7308433055877686,input,37.0,36,LULL,False,0.5180000066757202,0.5180000066757202,,,
ETTh1,PatchTST,stuck_sensor,6,8111,427,0.186315655708313,MSE,0.32950615882873535,0.7308433055877686,input,37.0,36,OT,False,2.321000099182129,2.321000099182129,,,
ETTh1,PatchTST,stuck_sensor,6,8111,427,0.186315655708313,MSE,0.32950615882873535,0.7308433055877686,input,38.0,37,HUFL,False,11.520999908447266,11.520999908447266,,,
ETTh1,PatchTST,stuck_sensor,6,8111,427,0.186315655708313,MSE,0.32950615882873535,0.7308433055877686,input,38.0,37,HULL,False,1.8079999685287476,1.8079999685287476,,,
ETTh1,PatchTST,stuck_sensor,6,8111,427,0.186315655708313,MSE,0.32950615882873535,0.7308433055877686,input,38.0,37,MUFL,True,8.279999732971191,8.279999732971191,,,
ETTh1,PatchTST,stuck_sensor,6,8111,427,0.186315655708313,MSE,0.32950615882873535,0.7308433055877686,input,38.0,37,MULL,False,0.6399999856948853,0.6399999856948853,,,
ETTh1,PatchTST,stuck_sensor,6,8111,427,0.186315655708313,MSE,0.32950615882873535,0.7308433055877686,input,38.0,37,LUFL,False,3.2290000915527344,3.2290000915527344,,,
ETTh1,PatchTST,stuck_sensor,6,8111,427,0.186315655708313,MSE,0.32950615882873535,0.7308433055877686,input,38.0,37,LULL,False,0.5479999780654907,0.5479999780654907,,,
ETTh1,PatchTST,stuck_sensor,6,8111,427,0.186315655708313,MSE,0.32950615882873535,0.7308433055877686,input,38.0,37,OT,False,2.5319995880126953,2.5319995880126953,,,
ETTh1,PatchTST,stuck_sensor,6,8111,427,0.186315655708313,MSE,0.32950615882873535,0.7308433055877686,input,39.0,38,HUFL,False,9.711999893188477,9.711999893188477,,,
ETTh1,PatchTST,stuck_sensor,6,8111,427,0.186315655708313,MSE,0.32950615882873535,0.7308433055877686,input,39.0,38,HULL,False,1.3399999141693115,1.3399999141693115,,,
ETTh1,PatchTST,stuck_sensor,6,8111,427,0.186315655708313,MSE,0.32950615882873535,0.7308433055877686,input,39.0,38,MUFL,True,6.928999900817871,6.928999900817871,,,
ETTh1,PatchTST,stuck_sensor,6,8111,427,0.186315655708313,MSE,0.32950615882873535,0.7308433055877686,input,39.0,38,MULL,False,0.39100000262260437,0.39100000262260437,,,
ETTh1,PatchTST,stuck_sensor,6,8111,427,0.186315655708313,MSE,0.32950615882873535,0.7308433055877686,input,39.0,38,LUFL,False,2.740999937057495,2.740999937057495,,,
ETTh1,PatchTST,stuck_sensor,6,8111,427,0.186315655708313,MSE,0.32950615882873535,0.7308433055877686,input,39.0,38,LULL,False,0.4869999885559082,0.4869999885559082,,,
ETTh1,PatchTST,stuck_sensor,6,8111,427,0.186315655708313,MSE,0.32950615882873535,0.7308433055877686,input,39.0,38,OT,False,2.4619998931884766,2.4619998931884766,,,
ETTh1,PatchTST,stuck_sensor,6,8111,427,0.186315655708313,MSE,0.32950615882873535,0.7308433055877686,input,40.0,39,HUFL,False,8.706999778747559,8.706999778747559,,,
ETTh1,PatchTST,stuck_sensor,6,8111,427,0.186315655708313,MSE,0.32950615882873535,0.7308433055877686,input,40.0,39,HULL,False,1.1390000581741333,1.1390000581741333,,,
ETTh1,PatchTST,stuck_sensor,6,8111,427,0.186315655708313,MSE,0.32950615882873535,0.7308433055877686,input,40.0,39,MUFL,True,6.254000186920166,6.254000186920166,,,
ETTh1,PatchTST,stuck_sensor,6,8111,427,0.186315655708313,MSE,0.32950615882873535,0.7308433055877686,input,40.0,39,MULL,False,0.3199999928474426,0.3199999928474426,,,
ETTh1,PatchTST,stuck_sensor,6,8111,427,0.186315655708313,MSE,0.32950615882873535,0.7308433055877686,input,40.0,39,LUFL,False,2.4670000076293945,2.4670000076293945,,,
ETTh1,PatchTST,stuck_sensor,6,8111,427,0.186315655708313,MSE,0.32950615882873535,0.7308433055877686,input,40.0,39,LULL,False,0.4259999990463257,0.4259999990463257,,,
ETTh1,PatchTST,stuck_sensor,6,8111,427,0.186315655708313,MSE,0.32950615882873535,0.7308433055877686,input,40.0,39,OT,False,2.814000129699707,2.814000129699707,,,
ETTh1,PatchTST,stuck_sensor,6,8111,427,0.186315655708313,MSE,0.32950615882873535,0.7308433055877686,input,41.0,40,HUFL,False,8.305999755859375,8.305999755859375,,,
ETTh1,PatchTST,stuck_sensor,6,8111,427,0.186315655708313,MSE,0.32950615882873535,0.7308433055877686,input,41.0,40,HULL,False,1.1390000581741333,1.1390000581741333,,,
ETTh1,PatchTST,stuck_sensor,6,8111,427,0.186315655708313,MSE,0.32950615882873535,0.7308433055877686,input,41.0,40,MUFL,True,5.89900016784668,5.89900016784668,,,
ETTh1,PatchTST,stuck_sensor,6,8111,427,0.186315655708313,MSE,0.32950615882873535,0.7308433055877686,input,41.0,40,MULL,False,0.35499998927116394,0.35499998927116394,,,
ETTh1,PatchTST,stuck_sensor,6,8111,427,0.186315655708313,MSE,0.32950615882873535,0.7308433055877686,input,41.0,40,LUFL,False,2.375999927520752,2.375999927520752,,,
ETTh1,PatchTST,stuck_sensor,6,8111,427,0.186315655708313,MSE,0.32950615882873535,0.7308433055877686,input,41.0,40,LULL,False,0.4569999873638153,0.4569999873638153,,,
ETTh1,PatchTST,stuck_sensor,6,8111,427,0.186315655708313,MSE,0.32950615882873535,0.7308433055877686,input,41.0,40,OT,False,2.4619998931884766,2.4619998931884766,,,
ETTh1,PatchTST,stuck_sensor,6,8111,427,0.186315655708313,MSE,0.32950615882873535,0.7308433055877686,input,42.0,41,HUFL,False,7.836999893188477,7.836999893188477,,,
ETTh1,PatchTST,stuck_sensor,6,8111,427,0.186315655708313,MSE,0.32950615882873535,0.7308433055877686,input,42.0,41,HULL,False,0.937999963760376,0.937999963760376,,,
ETTh1,PatchTST,stuck_sensor,6,8111,427,0.186315655708313,MSE,0.32950615882873535,0.7308433055877686,input,42.0,41,MUFL,True,5.578999996185303,5.578999996185303,,,
ETTh1,PatchTST,stuck_sensor,6,8111,427,0.186315655708313,MSE,0.32950615882873535,0.7308433055877686,input,42.0,41,MULL,False,0.24900001287460327,0.24900001287460327,,,
ETTh1,PatchTST,stuck_sensor,6,8111,427,0.186315655708313,MSE,0.32950615882873535,0.7308433055877686,input,42.0,41,LUFL,False,2.315000057220459,2.315000057220459,,,
ETTh1,PatchTST,stuck_sensor,6,8111,427,0.186315655708313,MSE,0.32950615882873535,0.7308433055877686,input,42.0,41,LULL,False,0.3959999978542328,0.3959999978542328,,,
ETTh1,PatchTST,stuck_sensor,6,8111,427,0.186315655708313,MSE,0.32950615882873535,0.7308433055877686,input,42.0,41,OT,False,2.602999687194824,2.602999687194824,,,
ETTh1,PatchTST,stuck_sensor,6,8111,427,0.186315655708313,MSE,0.32950615882873535,0.7308433055877686,input,43.0,42,HUFL,False,7.9039998054504395,7.9039998054504395,,,
ETTh1,PatchTST,stuck_sensor,6,8111,427,0.186315655708313,MSE,0.32950615882873535,0.7308433055877686,input,43.0,42,HULL,False,0.7369999885559082,0.7369999885559082,,,
ETTh1,PatchTST,stuck_sensor,6,8111,427,0.186315655708313,MSE,0.32950615882873535,0.7308433055877686,input,43.0,42,MUFL,True,5.578999996185303,5.578999996185303,,,
ETTh1,PatchTST,stuck_sensor,6,8111,427,0.186315655708313,MSE,0.32950615882873535,0.7308433055877686,input,43.0,42,MULL,False,0.10699999332427979,0.10699999332427979,,,
ETTh1,PatchTST,stuck_sensor,6,8111,427,0.186315655708313,MSE,0.32950615882873535,0.7308433055877686,input,43.0,42,LUFL,False,2.3450000286102295,2.3450000286102295,,,
ETTh1,PatchTST,stuck_sensor,6,8111,427,0.186315655708313,MSE,0.32950615882873535,0.7308433055877686,input,43.0,42,LULL,False,0.3659999966621399,0.3659999966621399,,,
ETTh1,PatchTST,stuck_sensor,6,8111,427,0.186315655708313,MSE,0.32950615882873535,0.7308433055877686,input,43.0,42,OT,False,2.5319995880126953,2.5319995880126953,,,
ETTh1,PatchTST,stuck_sensor,6,8111,427,0.186315655708313,MSE,0.32950615882873535,0.7308433055877686,input,44.0,43,HUFL,False,8.371999740600586,8.371999740600586,,,
ETTh1,PatchTST,stuck_sensor,6,8111,427,0.186315655708313,MSE,0.32950615882873535,0.7308433055877686,input,44.0,43,HULL,False,0.8040000200271606,0.8040000200271606,,,
ETTh1,PatchTST,stuck_sensor,6,8111,427,0.186315655708313,MSE,0.32950615882873535,0.7308433055877686,input,44.0,43,MUFL,True,5.756999969482422,5.756999969482422,,,
ETTh1,PatchTST,stuck_sensor,6,8111,427,0.186315655708313,MSE,0.32950615882873535,0.7308433055877686,input,44.0,43,MULL,False,0.10699999332427979,0.10699999332427979,,,
ETTh1,PatchTST,stuck_sensor,6,8111,427,0.186315655708313,MSE,0.32950615882873535,0.7308433055877686,input,44.0,43,LUFL,False,2.61899995803833,2.61899995803833,,,
ETTh1,PatchTST,stuck_sensor,6,8111,427,0.186315655708313,MSE,0.32950615882873535,0.7308433055877686,input,44.0,43,LULL,False,0.3659999966621399,0.3659999966621399,,,
ETTh1,PatchTST,stuck_sensor,6,8111,427,0.186315655708313,MSE,0.32950615882873535,0.7308433055877686,input,44.0,43,OT,False,2.4619998931884766,2.4619998931884766,,,
ETTh1,PatchTST,stuck_sensor,6,8111,427,0.186315655708313,MSE,0.32950615882873535,0.7308433055877686,input,45.0,44,HUFL,False,10.984999656677246,10.984999656677246,,,
ETTh1,PatchTST,stuck_sensor,6,8111,427,0.186315655708313,MSE,0.32950615882873535,0.7308433055877686,input,45.0,44,HULL,False,1.1390000581741333,1.1390000581741333,,,
ETTh1,PatchTST,stuck_sensor,6,8111,427,0.186315655708313,MSE,0.32950615882873535,0.7308433055877686,input,45.0,44,MUFL,True,7.461999893188477,7.461999893188477,,,
ETTh1,PatchTST,stuck_sensor,6,8111,427,0.186315655708313,MSE,0.32950615882873535,0.7308433055877686,input,45.0,44,MULL,False,0.21299999952316284,0.21299999952316284,,,
ETTh1,PatchTST,stuck_sensor,6,8111,427,0.186315655708313,MSE,0.32950615882873535,0.7308433055877686,input,45.0,44,LUFL,False,3.441999912261963,3.441999912261963,,,
ETTh1,PatchTST,stuck_sensor,6,8111,427,0.186315655708313,MSE,0.32950615882873535,0.7308433055877686,input,45.0,44,LULL,False,0.4259999990463257,0.4259999990463257,,,
ETTh1,PatchTST,stuck_sensor,6,8111,427,0.186315655708313,MSE,0.32950615882873535,0.7308433055877686,input,45.0,44,OT,False,2.6730003356933594,2.6730003356933594,,,
ETTh1,PatchTST,stuck_sensor,6,8111,427,0.186315655708313,MSE,0.32950615882873535,0.7308433055877686,input,46.0,45,HUFL,False,12.859999656677246,12.859999656677246,,,
ETTh1,PatchTST,stuck_sensor,6,8111,427,0.186315655708313,MSE,0.32950615882873535,0.7308433055877686,input,46.0,45,HULL,False,1.6080000400543213,1.6080000400543213,,,
ETTh1,PatchTST,stuck_sensor,6,8111,427,0.186315655708313,MSE,0.32950615882873535,0.7308433055877686,input,46.0,45,MUFL,True,8.777000427246094,8.777000427246094,,,
ETTh1,PatchTST,stuck_sensor,6,8111,427,0.186315655708313,MSE,0.32950615882873535,0.7308433055877686,input,46.0,45,MULL,False,0.4970000088214874,0.4970000088214874,,,
ETTh1,PatchTST,stuck_sensor,6,8111,427,0.186315655708313,MSE,0.32950615882873535,0.7308433055877686,input,46.0,45,LUFL,False,4.081999778747559,4.081999778747559,,,
ETTh1,PatchTST,stuck_sensor,6,8111,427,0.186315655708313,MSE,0.32950615882873535,0.7308433055877686,input,46.0,45,LULL,False,0.4569999873638153,0.4569999873638153,,,
ETTh1,PatchTST,stuck_sensor,6,8111,427,0.186315655708313,MSE,0.32950615882873535,0.7308433055877686,input,46.0,45,OT,False,2.814000129699707,2.814000129699707,,,
ETTh1,PatchTST,stuck_sensor,6,8111,427,0.186315655708313,MSE,0.32950615882873535,0.7308433055877686,input,47.0,46,HUFL,False,9.041999816894531,9.041999816894531,,,
ETTh1,PatchTST,stuck_sensor,6,8111,427,0.186315655708313,MSE,0.32950615882873535,0.7308433055877686,input,47.0,46,HULL,False,1.1390000581741333,1.1390000581741333,,,
ETTh1,PatchTST,stuck_sensor,6,8111,427,0.186315655708313,MSE,0.32950615882873535,0.7308433055877686,input,47.0,46,MUFL,True,5.685999870300293,5.685999870300293,,,
ETTh1,PatchTST,stuck_sensor,6,8111,427,0.186315655708313,MSE,0.32950615882873535,0.7308433055877686,input,47.0,46,MULL,False,0.2840000092983246,0.2840000092983246,,,
ETTh1,PatchTST,stuck_sensor,6,8111,427,0.186315655708313,MSE,0.32950615882873535,0.7308433055877686,input,47.0,46,LUFL,False,3.441999912261963,3.441999912261963,,,
ETTh1,PatchTST,stuck_sensor,6,8111,427,0.186315655708313,MSE,0.32950615882873535,0.7308433055877686,input,47.0,46,LULL,False,0.4869999885559082,0.4869999885559082,,,
ETTh1,PatchTST,stuck_sensor,6,8111,427,0.186315655708313,MSE,0.32950615882873535,0.7308433055877686,input,47.0,46,OT,False,2.743999481201172,2.743999481201172,,,
ETTh1,PatchTST,stuck_sensor,6,8111,427,0.186315655708313,MSE,0.32950615882873535,0.7308433055877686,input,48.0,47,HUFL,False,7.9039998054504395,7.9039998054504395,,,
ETTh1,PatchTST,stuck_sensor,6,8111,427,0.186315655708313,MSE,0.32950615882873535,0.7308433055877686,input,48.0,47,HULL,False,1.0049999952316284,1.0049999952316284,,,
ETTh1,PatchTST,stuck_sensor,6,8111,427,0.186315655708313,MSE,0.32950615882873535,0.7308433055877686,input,48.0,47,MUFL,True,4.72599983215332,4.72599983215332,,,
ETTh1,PatchTST,stuck_sensor,6,8111,427,0.186315655708313,MSE,0.32950615882873535,0.7308433055877686,input,48.0,47,MULL,False,0.21299999952316284,0.21299999952316284,,,
ETTh1,PatchTST,stuck_sensor,6,8111,427,0.186315655708313,MSE,0.32950615882873535,0.7308433055877686,input,48.0,47,LUFL,False,3.13700008392334,3.13700008392334,,,
ETTh1,PatchTST,stuck_sensor,6,8111,427,0.186315655708313,MSE,0.32950615882873535,0.7308433055877686,input,48.0,47,LULL,False,0.4569999873638153,0.4569999873638153,,,
ETTh1,PatchTST,stuck_sensor,6,8111,427,0.186315655708313,MSE,0.32950615882873535,0.7308433055877686,input,48.0,47,OT,False,2.743999481201172,2.743999481201172,,,
ETTh1,PatchTST,stuck_sensor,6,8111,427,0.186315655708313,MSE,0.32950615882873535,0.7308433055877686,input,49.0,48,HUFL,False,6.966000080108643,6.966000080108643,,,
ETTh1,PatchTST,stuck_sensor,6,8111,427,0.186315655708313,MSE,0.32950615882873535,0.7308433055877686,input,49.0,48,HULL,False,1.0049999952316284,1.0049999952316284,,,
ETTh1,PatchTST,stuck_sensor,6,8111,427,0.186315655708313,MSE,0.32950615882873535,0.7308433055877686,input,49.0,48,MUFL,True,3.2690000534057617,3.2690000534057617,,,
ETTh1,PatchTST,stuck_sensor,6,8111,427,0.186315655708313,MSE,0.32950615882873535,0.7308433055877686,input,49.0,48,MULL,False,0.17799997329711914,0.17799997329711914,,,
ETTh1,PatchTST,stuck_sensor,6,8111,427,0.186315655708313,MSE,0.32950615882873535,0.7308433055877686,input,49.0,48,LUFL,False,3.7160000801086426,3.7160000801086426,,,
ETTh1,PatchTST,stuck_sensor,6,8111,427,0.186315655708313,MSE,0.32950615882873535,0.7308433055877686,input,49.0,48,LULL,False,0.5479999780654907,0.5479999780654907,,,
ETTh1,PatchTST,stuck_sensor,6,8111,427,0.186315655708313,MSE,0.32950615882873535,0.7308433055877686,input,49.0,48,OT,False,2.883999824523926,2.883999824523926,,,
ETTh1,PatchTST,stuck_sensor,6,8111,427,0.186315655708313,MSE,0.32950615882873535,0.7308433055877686,input,50.0,49,HUFL,False,8.640000343322754,8.640000343322754,,,
ETTh1,PatchTST,stuck_sensor,6,8111,427,0.186315655708313,MSE,0.32950615882873535,0.7308433055877686,input,50.0,49,HULL,False,1.3399999141693115,1.3399999141693115,,,
ETTh1,PatchTST,stuck_sensor,6,8111,427,0.186315655708313,MSE,0.32950615882873535,0.7308433055877686,input,50.0,49,MUFL,True,5.010000228881836,5.010000228881836,,,
ETTh1,PatchTST,stuck_sensor,6,8111,427,0.186315655708313,MSE,0.32950615882873535,0.7308433055877686,input,50.0,49,MULL,False,0.39100000262260437,0.39100000262260437,,,
ETTh1,PatchTST,stuck_sensor,6,8111,427,0.186315655708313,MSE,0.32950615882873535,0.7308433055877686,input,50.0,49,LUFL,False,3.5329999923706055,3.5329999923706055,,,
ETTh1,PatchTST,stuck_sensor,6,8111,427,0.186315655708313,MSE,0.32950615882873535,0.7308433055877686,input,50.0,49,LULL,False,0.609000027179718,0.609000027179718,,,
ETTh1,PatchTST,stuck_sensor,6,8111,427,0.186315655708313,MSE,0.32950615882873535,0.7308433055877686,input,50.0,49,OT,False,2.602999687194824,2.602999687194824,,,
ETTh1,PatchTST,stuck_sensor,6,8111,427,0.186315655708313,MSE,0.32950615882873535,0.7308433055877686,input,51.0,50,HUFL,False,11.185999870300293,11.185999870300293,,,
ETTh1,PatchTST,stuck_sensor,6,8111,427,0.186315655708313,MSE,0.32950615882873535,0.7308433055877686,input,51.0,50,HULL,False,1.6080000400543213,1.6080000400543213,,,
ETTh1,PatchTST,stuck_sensor,6,8111,427,0.186315655708313,MSE,0.32950615882873535,0.7308433055877686,input,51.0,50,MUFL,True,7.390999794006348,7.390999794006348,,,
ETTh1,PatchTST,stuck_sensor,6,8111,427,0.186315655708313,MSE,0.32950615882873535,0.7308433055877686,input,51.0,50,MULL,False,0.5690000057220459,0.5690000057220459,,,
ETTh1,PatchTST,stuck_sensor,6,8111,427,0.186315655708313,MSE,0.32950615882873535,0.7308433055877686,input,51.0,50,LUFL,False,3.806999921798706,3.806999921798706,,,
ETTh1,PatchTST,stuck_sensor,6,8111,427,0.186315655708313,MSE,0.32950615882873535,0.7308433055877686,input,51.0,50,LULL,False,0.609000027179718,0.609000027179718,,,
ETTh1,PatchTST,stuck_sensor,6,8111,427,0.186315655708313,MSE,0.32950615882873535,0.7308433055877686,input,51.0,50,OT,False,2.743999481201172,2.743999481201172,,,
ETTh1,PatchTST,stuck_sensor,6,8111,427,0.186315655708313,MSE,0.32950615882873535,0.7308433055877686,input,52.0,51,HUFL,False,11.454000473022461,11.454000473022461,,,
ETTh1,PatchTST,stuck_sensor,6,8111,427,0.186315655708313,MSE,0.32950615882873535,0.7308433055877686,input,52.0,51,HULL,False,1.4739999771118164,1.4739999771118164,,,
ETTh1,PatchTST,stuck_sensor,6,8111,427,0.186315655708313,MSE,0.32950615882873535,0.7308433055877686,input,52.0,51,MUFL,True,7.639999866485596,7.639999866485596,,,
ETTh1,PatchTST,stuck_sensor,6,8111,427,0.186315655708313,MSE,0.32950615882873535,0.7308433055877686,input,52.0,51,MULL,False,0.5690000057220459,0.5690000057220459,,,
ETTh1,PatchTST,stuck_sensor,6,8111,427,0.186315655708313,MSE,0.32950615882873535,0.7308433055877686,input,52.0,51,LUFL,False,3.746000051498413,3.746000051498413,,,
ETTh1,PatchTST,stuck_sensor,6,8111,427,0.186315655708313,MSE,0.32950615882873535,0.7308433055877686,input,52.0,51,LULL,False,0.5789999961853027,0.5789999961853027,,,
ETTh1,PatchTST,stuck_sensor,6,8111,427,0.186315655708313,MSE,0.32950615882873535,0.7308433055877686,input,52.0,51,OT,False,2.5319995880126953,2.5319995880126953,,,
ETTh1,PatchTST,stuck_sensor,6,8111,427,0.186315655708313,MSE,0.32950615882873535,0.7308433055877686,input,53.0,52,HUFL,False,11.520999908447266,11.520999908447266,,,
ETTh1,PatchTST,stuck_sensor,6,8111,427,0.186315655708313,MSE,0.32950615882873535,0.7308433055877686,input,53.0,52,HULL,False,1.6740000247955322,1.6740000247955322,,,
ETTh1,PatchTST,stuck_sensor,6,8111,427,0.186315655708313,MSE,0.32950615882873535,0.7308433055877686,input,53.0,52,MUFL,True,7.710999965667725,7.710999965667725,,,
ETTh1,PatchTST,stuck_sensor,6,8111,427,0.186315655708313,MSE,0.32950615882873535,0.7308433055877686,input,53.0,52,MULL,False,0.6399999856948853,0.6399999856948853,,,
ETTh1,PatchTST,stuck_sensor,6,8111,427,0.186315655708313,MSE,0.32950615882873535,0.7308433055877686,input,53.0,52,LUFL,False,3.746000051498413,3.746000051498413,,,
ETTh1,PatchTST,stuck_sensor,6,8111,427,0.186315655708313,MSE,0.32950615882873535,0.7308433055877686,input,53.0,52,LULL,False,0.5479999780654907,0.5479999780654907,,,
ETTh1,PatchTST,stuck_sensor,6,8111,427,0.186315655708313,MSE,0.32950615882873535,0.7308433055877686,input,53.0,52,OT,False,2.9549999237060547,2.9549999237060547,,,
ETTh1,PatchTST,stuck_sensor,6,8111,427,0.186315655708313,MSE,0.32950615882873535,0.7308433055877686,input,54.0,53,HUFL,False,12.055999755859375,12.055999755859375,,,
ETTh1,PatchTST,stuck_sensor,6,8111,427,0.186315655708313,MSE,0.32950615882873535,0.7308433055877686,input,54.0,53,HULL,False,1.8079999685287476,1.8079999685287476,,,
ETTh1,PatchTST,stuck_sensor,6,8111,427,0.186315655708313,MSE,0.32950615882873535,0.7308433055877686,input,54.0,53,MUFL,True,8.065999984741211,8.065999984741211,,,
ETTh1,PatchTST,stuck_sensor,6,8111,427,0.186315655708313,MSE,0.32950615882873535,0.7308433055877686,input,54.0,53,MULL,False,0.675000011920929,0.675000011920929,,,
ETTh1,PatchTST,stuck_sensor,6,8111,427,0.186315655708313,MSE,0.32950615882873535,0.7308433055877686,input,54.0,53,LUFL,False,3.868000030517578,3.868000030517578,,,
ETTh1,PatchTST,stuck_sensor,6,8111,427,0.186315655708313,MSE,0.32950615882873535,0.7308433055877686,input,54.0,53,LULL,False,0.5479999780654907,0.5479999780654907,,,
ETTh1,PatchTST,stuck_sensor,6,8111,427,0.186315655708313,MSE,0.32950615882873535,0.7308433055877686,input,54.0,53,OT,False,2.883999824523926,2.883999824523926,,,
ETTh1,PatchTST,stuck_sensor,6,8111,427,0.186315655708313,MSE,0.32950615882873535,0.7308433055877686,input,55.0,54,HUFL,False,12.458000183105469,12.458000183105469,,,
ETTh1,PatchTST,stuck_sensor,6,8111,427,0.186315655708313,MSE,0.32950615882873535,0.7308433055877686,input,55.0,54,HULL,False,1.8079999685287476,1.8079999685287476,,,
ETTh1,PatchTST,stuck_sensor,6,8111,427,0.186315655708313,MSE,0.32950615882873535,0.7308433055877686,input,55.0,54,MUFL,True,8.38599967956543,8.38599967956543,,,
ETTh1,PatchTST,stuck_sensor,6,8111,427,0.186315655708313,MSE,0.32950615882873535,0.7308433055877686,input,55.0,54,MULL,False,0.6039999723434448,0.6039999723434448,,,
ETTh1,PatchTST,stuck_sensor,6,8111,427,0.186315655708313,MSE,0.32950615882873535,0.7308433055877686,input,55.0,54,LUFL,False,3.990000009536743,3.990000009536743,,,
ETTh1,PatchTST,stuck_sensor,6,8111,427,0.186315655708313,MSE,0.32950615882873535,0.7308433055877686,input,55.0,54,LULL,False,0.5789999961853027,0.5789999961853027,,,
ETTh1,PatchTST,stuck_sensor,6,8111,427,0.186315655708313,MSE,0.32950615882873535,0.7308433055877686,input,55.0,54,OT,False,3.1660003662109375,3.1660003662109375,,,
ETTh1,PatchTST,stuck_sensor,6,8111,427,0.186315655708313,MSE,0.32950615882873535,0.7308433055877686,input,56.0,55,HUFL,False,13.26200008392334,13.26200008392334,,,
ETTh1,PatchTST,stuck_sensor,6,8111,427,0.186315655708313,MSE,0.32950615882873535,0.7308433055877686,input,56.0,55,HULL,False,1.875,1.875,,,
ETTh1,PatchTST,stuck_sensor,6,8111,427,0.186315655708313,MSE,0.32950615882873535,0.7308433055877686,input,56.0,55,MUFL,True,9.168000221252441,9.168000221252441,,,
ETTh1,PatchTST,stuck_sensor,6,8111,427,0.186315655708313,MSE,0.32950615882873535,0.7308433055877686,input,56.0,55,MULL,False,0.675000011920929,0.675000011920929,,,
ETTh1,PatchTST,stuck_sensor,6,8111,427,0.186315655708313,MSE,0.32950615882873535,0.7308433055877686,input,56.0,55,LUFL,False,4.081999778747559,4.081999778747559,,,
ETTh1,PatchTST,stuck_sensor,6,8111,427,0.186315655708313,MSE,0.32950615882873535,0.7308433055877686,input,56.0,55,LULL,False,0.5180000066757202,0.5180000066757202,,,
ETTh1,PatchTST,stuck_sensor,6,8111,427,0.186315655708313,MSE,0.32950615882873535,0.7308433055877686,input,56.0,55,OT,False,3.2360000610351562,3.2360000610351562,,,
ETTh1,PatchTST,stuck_sensor,6,8111,427,0.186315655708313,MSE,0.32950615882873535,0.7308433055877686,input,57.0,56,HUFL,False,15.874000549316406,15.874000549316406,,,
ETTh1,PatchTST,stuck_sensor,6,8111,427,0.186315655708313,MSE,0.32950615882873535,0.7308433055877686,input,57.0,56,HULL,False,2.2769999504089355,2.2769999504089355,,,
ETTh1,PatchTST,stuck_sensor,6,8111,427,0.186315655708313,MSE,0.32950615882873535,0.7308433055877686,input,57.0,56,MUFL,True,10.87399959564209,10.87399959564209,,,
ETTh1,PatchTST,stuck_sensor,6,8111,427,0.186315655708313,MSE,0.32950615882873535,0.7308433055877686,input,57.0,56,MULL,False,0.8169999718666077,0.8169999718666077,,,
ETTh1,PatchTST,stuck_sensor,6,8111,427,0.186315655708313,MSE,0.32950615882873535,0.7308433055877686,input,57.0,56,LUFL,False,4.994999885559082,4.994999885559082,,,
ETTh1,PatchTST,stuck_sensor,6,8111,427,0.186315655708313,MSE,0.32950615882873535,0.7308433055877686,input,57.0,56,LULL,False,0.5789999961853027,0.5789999961853027,,,
ETTh1,PatchTST,stuck_sensor,6,8111,427,0.186315655708313,MSE,0.32950615882873535,0.7308433055877686,input,57.0,56,OT,False,3.868999481201172,3.868999481201172,,,
ETTh1,PatchTST,stuck_sensor,6,8111,427,0.186315655708313,MSE,0.32950615882873535,0.7308433055877686,input,58.0,57,HUFL,False,16.7450008392334,16.7450008392334,,,
ETTh1,PatchTST,stuck_sensor,6,8111,427,0.186315655708313,MSE,0.32950615882873535,0.7308433055877686,input,58.0,57,HULL,False,2.5450000762939453,2.5450000762939453,,,
ETTh1,PatchTST,stuck_sensor,6,8111,427,0.186315655708313,MSE,0.32950615882873535,0.7308433055877686,input,58.0,57,MUFL,True,11.548999786376953,11.548999786376953,,,
ETTh1,PatchTST,stuck_sensor,6,8111,427,0.186315655708313,MSE,0.32950615882873535,0.7308433055877686,input,58.0,57,MULL,False,0.9589999914169312,0.9589999914169312,,,
ETTh1,PatchTST,stuck_sensor,6,8111,427,0.186315655708313,MSE,0.32950615882873535,0.7308433055877686,input,58.0,57,LUFL,False,5.177999973297119,5.177999973297119,,,
ETTh1,PatchTST,stuck_sensor,6,8111,427,0.186315655708313,MSE,0.32950615882873535,0.7308433055877686,input,58.0,57,LULL,False,0.609000027179718,0.609000027179718,,,
ETTh1,PatchTST,stuck_sensor,6,8111,427,0.186315655708313,MSE,0.32950615882873535,0.7308433055877686,input,58.0,57,OT,False,4.221000671386719,4.221000671386719,,,
ETTh1,PatchTST,stuck_sensor,6,8111,427,0.186315655708313,MSE,0.32950615882873535,0.7308433055877686,input,59.0,58,HUFL,False,17.2810001373291,17.2810001373291,,,
ETTh1,PatchTST,stuck_sensor,6,8111,427,0.186315655708313,MSE,0.32950615882873535,0.7308433055877686,input,59.0,58,HULL,False,2.812999963760376,2.812999963760376,,,
ETTh1,PatchTST,stuck_sensor,6,8111,427,0.186315655708313,MSE,0.32950615882873535,0.7308433055877686,input,59.0,58,MUFL,True,12.01099967956543,12.01099967956543,,,
ETTh1,PatchTST,stuck_sensor,6,8111,427,0.186315655708313,MSE,0.32950615882873535,0.7308433055877686,input,59.0,58,MULL,False,1.1019999980926514,1.1019999980926514,,,
ETTh1,PatchTST,stuck_sensor,6,8111,427,0.186315655708313,MSE,0.32950615882873535,0.7308433055877686,input,59.0,58,LUFL,False,5.238999843597412,5.238999843597412,,,
ETTh1,PatchTST,stuck_sensor,6,8111,427,0.186315655708313,MSE,0.32950615882873535,0.7308433055877686,input,59.0,58,LULL,False,0.609000027179718,0.609000027179718,,,
ETTh1,PatchTST,stuck_sensor,6,8111,427,0.186315655708313,MSE,0.32950615882873535,0.7308433055877686,input,59.0,58,OT,False,5.346000671386719,5.346000671386719,,,
ETTh1,PatchTST,stuck_sensor,6,8111,427,0.186315655708313,MSE,0.32950615882873535,0.7308433055877686,input,60.0,59,HUFL,False,15.538999557495117,15.538999557495117,,,
ETTh1,PatchTST,stuck_sensor,6,8111,427,0.186315655708313,MSE,0.32950615882873535,0.7308433055877686,input,60.0,59,HULL,False,2.2769999504089355,2.2769999504089355,,,
ETTh1,PatchTST,stuck_sensor,6,8111,427,0.186315655708313,MSE,0.32950615882873535,0.7308433055877686,input,60.0,59,MUFL,True,11.015999794006348,11.015999794006348,,,
ETTh1,PatchTST,stuck_sensor,6,8111,427,0.186315655708313,MSE,0.32950615882873535,0.7308433055877686,input,60.0,59,MULL,False,0.8880000114440918,0.8880000114440918,,,
ETTh1,PatchTST,stuck_sensor,6,8111,427,0.186315655708313,MSE,0.32950615882873535,0.7308433055877686,input,60.0,59,LUFL,False,4.4770002365112305,4.4770002365112305,,,
ETTh1,PatchTST,stuck_sensor,6,8111,427,0.186315655708313,MSE,0.32950615882873535,0.7308433055877686,input,60.0,59,LULL,False,0.5479999780654907,0.5479999780654907,,,
ETTh1,PatchTST,stuck_sensor,6,8111,427,0.186315655708313,MSE,0.32950615882873535,0.7308433055877686,input,60.0,59,OT,False,5.346000671386719,5.346000671386719,,,
ETTh1,PatchTST,stuck_sensor,6,8111,427,0.186315655708313,MSE,0.32950615882873535,0.7308433055877686,input,61.0,60,HUFL,False,13.060999870300293,13.060999870300293,,,
ETTh1,PatchTST,stuck_sensor,6,8111,427,0.186315655708313,MSE,0.32950615882873535,0.7308433055877686,input,61.0,60,HULL,False,1.875,1.875,,,
ETTh1,PatchTST,stuck_sensor,6,8111,427,0.186315655708313,MSE,0.32950615882873535,0.7308433055877686,input,61.0,60,MUFL,True,9.45199966430664,9.45199966430664,,,
ETTh1,PatchTST,stuck_sensor,6,8111,427,0.186315655708313,MSE,0.32950615882873535,0.7308433055877686,input,61.0,60,MULL,False,0.7110000252723694,0.7110000252723694,,,
ETTh1,PatchTST,stuck_sensor,6,8111,427,0.186315655708313,MSE,0.32950615882873535,0.7308433055877686,input,61.0,60,LUFL,False,3.6549999713897705,3.6549999713897705,,,
ETTh1,PatchTST,stuck_sensor,6,8111,427,0.186315655708313,MSE,0.32950615882873535,0.7308433055877686,input,61.0,60,LULL,False,0.4869999885559082,0.4869999885559082,,,
ETTh1,PatchTST,stuck_sensor,6,8111,427,0.186315655708313,MSE,0.32950615882873535,0.7308433055877686,input,61.0,60,OT,False,5.205999374389648,5.205999374389648,,,
ETTh1,PatchTST,stuck_sensor,6,8111,427,0.186315655708313,MSE,0.32950615882873535,0.7308433055877686,input,62.0,61,HUFL,False,10.717000007629395,10.717000007629395,,,
ETTh1,PatchTST,stuck_sensor,6,8111,427,0.186315655708313,MSE,0.32950615882873535,0.7308433055877686,input,62.0,61,HULL,False,1.406999945640564,1.406999945640564,,,
ETTh1,PatchTST,stuck_sensor,6,8111,427,0.186315655708313,MSE,0.32950615882873535,0.7308433055877686,input,62.0,61,MUFL,True,7.817999839782715,7.817999839782715,,,
ETTh1,PatchTST,stuck_sensor,6,8111,427,0.186315655708313,MSE,0.32950615882873535,0.7308433055877686,input,62.0,61,MULL,False,0.4970000088214874,0.4970000088214874,,,
ETTh1,PatchTST,stuck_sensor,6,8111,427,0.186315655708313,MSE,0.32950615882873535,0.7308433055877686,input,62.0,61,LUFL,False,2.9240000247955322,2.9240000247955322,,,
ETTh1,PatchTST,stuck_sensor,6,8111,427,0.186315655708313,MSE,0.32950615882873535,0.7308433055877686,input,62.0,61,LULL,False,0.4569999873638153,0.4569999873638153,,,
ETTh1,PatchTST,stuck_sensor,6,8111,427,0.186315655708313,MSE,0.32950615882873535,0.7308433055877686,input,62.0,61,OT,False,5.205999374389648,5.205999374389648,,,
ETTh1,PatchTST,stuck_sensor,6,8111,427,0.186315655708313,MSE,0.32950615882873535,0.7308433055877686,input,63.0,62,HUFL,False,9.109000205993652,9.109000205993652,,,
ETTh1,PatchTST,stuck_sensor,6,8111,427,0.186315655708313,MSE,0.32950615882873535,0.7308433055877686,input,63.0,62,HULL,False,1.2059999704360962,1.2059999704360962,,,
ETTh1,PatchTST,stuck_sensor,6,8111,427,0.186315655708313,MSE,0.32950615882873535,0.7308433055877686,input,63.0,62,MUFL,True,6.610000133514404,7.817999839782715,,,
ETTh1,PatchTST,stuck_sensor,6,8111,427,0.186315655708313,MSE,0.32950615882873535,0.7308433055877686,input,63.0,62,MULL,False,0.35499998927116394,0.35499998927116394,,,
ETTh1,PatchTST,stuck_sensor,6,8111,427,0.186315655708313,MSE,0.32950615882873535,0.7308433055877686,input,63.0,62,LUFL,False,2.497999906539917,2.497999906539917,,,
ETTh1,PatchTST,stuck_sensor,6,8111,427,0.186315655708313,MSE,0.32950615882873535,0.7308433055877686,input,63.0,62,LULL,False,0.4569999873638153,0.4569999873638153,,,
ETTh1,PatchTST,stuck_sensor,6,8111,427,0.186315655708313,MSE,0.32950615882873535,0.7308433055877686,input,63.0,62,OT,False,5.48699951171875,5.48699951171875,,,
ETTh1,PatchTST,stuck_sensor,6,8111,427,0.186315655708313,MSE,0.32950615882873535,0.7308433055877686,input,64.0,63,HUFL,False,8.23900032043457,8.23900032043457,,,
ETTh1,PatchTST,stuck_sensor,6,8111,427,0.186315655708313,MSE,0.32950615882873535,0.7308433055877686,input,64.0,63,HULL,False,1.0720000267028809,1.0720000267028809,,,
ETTh1,PatchTST,stuck_sensor,6,8111,427,0.186315655708313,MSE,0.32950615882873535,0.7308433055877686,input,64.0,63,MUFL,True,5.89900016784668,7.817999839782715,,,
ETTh1,PatchTST,stuck_sensor,6,8111,427,0.186315655708313,MSE,0.32950615882873535,0.7308433055877686,input,64.0,63,MULL,False,0.2840000092983246,0.2840000092983246,,,
ETTh1,PatchTST,stuck_sensor,6,8111,427,0.186315655708313,MSE,0.32950615882873535,0.7308433055877686,input,64.0,63,LUFL,False,2.315000057220459,2.315000057220459,,,
ETTh1,PatchTST,stuck_sensor,6,8111,427,0.186315655708313,MSE,0.32950615882873535,0.7308433055877686,input,64.0,63,LULL,False,0.4569999873638153,0.4569999873638153,,,
ETTh1,PatchTST,stuck_sensor,6,8111,427,0.186315655708313,MSE,0.32950615882873535,0.7308433055877686,input,64.0,63,OT,False,5.205999374389648,5.205999374389648,,,
ETTh1,PatchTST,stuck_sensor,6,8111,427,0.186315655708313,MSE,0.32950615882873535,0.7308433055877686,input,65.0,64,HUFL,False,7.636000156402588,7.636000156402588,,,
ETTh1,PatchTST,stuck_sensor,6,8111,427,0.186315655708313,MSE,0.32950615882873535,0.7308433055877686,input,65.0,64,HULL,False,0.937999963760376,0.937999963760376,,,
ETTh1,PatchTST,stuck_sensor,6,8111,427,0.186315655708313,MSE,0.32950615882873535,0.7308433055877686,input,65.0,64,MUFL,True,5.436999797821045,7.817999839782715,,,
ETTh1,PatchTST,stuck_sensor,6,8111,427,0.186315655708313,MSE,0.32950615882873535,0.7308433055877686,input,65.0,64,MULL,False,0.1420000195503235,0.1420000195503235,,,
ETTh1,PatchTST,stuck_sensor,6,8111,427,0.186315655708313,MSE,0.32950615882873535,0.7308433055877686,input,65.0,64,LUFL,False,2.1630001068115234,2.1630001068115234,,,
ETTh1,PatchTST,stuck_sensor,6,8111,427,0.186315655708313,MSE,0.32950615882873535,0.7308433055877686,input,65.0,64,LULL,False,0.4569999873638153,0.4569999873638153,,,
ETTh1,PatchTST,stuck_sensor,6,8111,427,0.186315655708313,MSE,0.32950615882873535,0.7308433055877686,input,65.0,64,OT,False,4.854000091552734,4.854000091552734,,,
ETTh1,PatchTST,stuck_sensor,6,8111,427,0.186315655708313,MSE,0.32950615882873535,0.7308433055877686,input,66.0,65,HUFL,False,7.368000030517578,7.368000030517578,,,
ETTh1,PatchTST,stuck_sensor,6,8111,427,0.186315655708313,MSE,0.32950615882873535,0.7308433055877686,input,66.0,65,HULL,False,0.8040000200271606,0.8040000200271606,,,
ETTh1,PatchTST,stuck_sensor,6,8111,427,0.186315655708313,MSE,0.32950615882873535,0.7308433055877686,input,66.0,65,MUFL,True,5.188000202178955,7.817999839782715,,,
ETTh1,PatchTST,stuck_sensor,6,8111,427,0.186315655708313,MSE,0.32950615882873535,0.7308433055877686,input,66.0,65,MULL,False,0.10699999332427979,0.10699999332427979,,,
ETTh1,PatchTST,stuck_sensor,6,8111,427,0.186315655708313,MSE,0.32950615882873535,0.7308433055877686,input,66.0,65,LUFL,False,2.1630001068115234,2.1630001068115234,,,
ETTh1,PatchTST,stuck_sensor,6,8111,427,0.186315655708313,MSE,0.32950615882873535,0.7308433055877686,input,66.0,65,LULL,False,0.4569999873638153,0.4569999873638153,,,
ETTh1,PatchTST,stuck_sensor,6,8111,427,0.186315655708313,MSE,0.32950615882873535,0.7308433055877686,input,66.0,65,OT,False,4.923999786376953,4.923999786376953,,,
ETTh1,PatchTST,stuck_sensor,6,8111,427,0.186315655708313,MSE,0.32950615882873535,0.7308433055877686,input,67.0,66,HUFL,False,7.368000030517578,7.368000030517578,,,
ETTh1,PatchTST,stuck_sensor,6,8111,427,0.186315655708313,MSE,0.32950615882873535,0.7308433055877686,input,67.0,66,HULL,False,0.8040000200271606,0.8040000200271606,,,
ETTh1,PatchTST,stuck_sensor,6,8111,427,0.186315655708313,MSE,0.32950615882873535,0.7308433055877686,input,67.0,66,MUFL,True,5.188000202178955,7.817999839782715,,,
ETTh1,PatchTST,stuck_sensor,6,8111,427,0.186315655708313,MSE,0.32950615882873535,0.7308433055877686,input,67.0,66,MULL,False,0.1420000195503235,0.1420000195503235,,,
ETTh1,PatchTST,stuck_sensor,6,8111,427,0.186315655708313,MSE,0.32950615882873535,0.7308433055877686,input,67.0,66,LUFL,False,2.131999969482422,2.131999969482422,,,
ETTh1,PatchTST,stuck_sensor,6,8111,427,0.186315655708313,MSE,0.32950615882873535,0.7308433055877686,input,67.0,66,LULL,False,0.4259999990463257,0.4259999990463257,,,
ETTh1,PatchTST,stuck_sensor,6,8111,427,0.186315655708313,MSE,0.32950615882873535,0.7308433055877686,input,67.0,66,OT,False,4.994999885559082,4.994999885559082,,,
ETTh1,PatchTST,stuck_sensor,6,8111,427,0.186315655708313,MSE,0.32950615882873535,0.7308433055877686,input,68.0,67,HUFL,False,7.568999767303467,7.568999767303467,,,
ETTh1,PatchTST,stuck_sensor,6,8111,427,0.186315655708313,MSE,0.32950615882873535,0.7308433055877686,input,68.0,67,HULL,False,0.8710000514984131,0.8710000514984131,,,
ETTh1,PatchTST,stuck_sensor,6,8111,427,0.186315655708313,MSE,0.32950615882873535,0.7308433055877686,input,68.0,67,MUFL,True,5.295000076293945,7.817999839782715,,,
ETTh1,PatchTST,stuck_sensor,6,8111,427,0.186315655708313,MSE,0.32950615882873535,0.7308433055877686,input,68.0,67,MULL,False,0.1420000195503235,0.1420000195503235,,,
ETTh1,PatchTST,stuck_sensor,6,8111,427,0.186315655708313,MSE,0.32950615882873535,0.7308433055877686,input,68.0,67,LUFL,False,2.2839999198913574,2.2839999198913574,,,
ETTh1,PatchTST,stuck_sensor,6,8111,427,0.186315655708313,MSE,0.32950615882873535,0.7308433055877686,input,68.0,67,LULL,False,0.4569999873638153,0.4569999873638153,,,
ETTh1,PatchTST,stuck_sensor,6,8111,427,0.186315655708313,MSE,0.32950615882873535,0.7308433055877686,input,68.0,67,OT,False,4.784000396728516,4.784000396728516,,,
ETTh1,PatchTST,stuck_sensor,6,8111,427,0.186315655708313,MSE,0.32950615882873535,0.7308433055877686,input,69.0,68,HUFL,False,10.11400032043457,10.11400032043457,,,
ETTh1,PatchTST,stuck_sensor,6,8111,427,0.186315655708313,MSE,0.32950615882873535,0.7308433055877686,input,69.0,68,HULL,False,1.0049999952316284,1.0049999952316284,,,
ETTh1,PatchTST,stuck_sensor,6,8111,427,0.186315655708313,MSE,0.32950615882873535,0.7308433055877686,input,69.0,68,MUFL,True,6.822999954223633,7.817999839782715,,,
ETTh1,PatchTST,stuck_sensor,6,8111,427,0.186315655708313,MSE,0.32950615882873535,0.7308433055877686,input,69.0,68,MULL,False,0.1420000195503235,0.1420000195503235,,,
ETTh1,PatchTST,stuck_sensor,6,8111,427,0.186315655708313,MSE,0.32950615882873535,0.7308433055877686,input,69.0,68,LUFL,False,3.319999933242798,3.319999933242798,,,
ETTh1,PatchTST,stuck_sensor,6,8111,427,0.186315655708313,MSE,0.32950615882873535,0.7308433055877686,input,69.0,68,LULL,False,0.4569999873638153,0.4569999873638153,,,
ETTh1,PatchTST,stuck_sensor,6,8111,427,0.186315655708313,MSE,0.32950615882873535,0.7308433055877686,input,69.0,68,OT,False,4.784000396728516,4.784000396728516,,,
ETTh1,PatchTST,stuck_sensor,6,8111,427,0.186315655708313,MSE,0.32950615882873535,0.7308433055877686,input,70.0,69,HUFL,False,9.57800006866455,9.57800006866455,,,
ETTh1,PatchTST,stuck_sensor,6,8111,427,0.186315655708313,MSE,0.32950615882873535,0.7308433055877686,input,70.0,69,HULL,False,1.2730000019073486,1.2730000019073486,,,
ETTh1,PatchTST,stuck_sensor,6,8111,427,0.186315655708313,MSE,0.32950615882873535,0.7308433055877686,input,70.0,69,MUFL,True,5.685999870300293,7.817999839782715,,,
ETTh1,PatchTST,stuck_sensor,6,8111,427,0.186315655708313,MSE,0.32950615882873535,0.7308433055877686,input,70.0,69,MULL,False,0.2840000092983246,0.2840000092983246,,,
ETTh1,PatchTST,stuck_sensor,6,8111,427,0.186315655708313,MSE,0.32950615882873535,0.7308433055877686,input,70.0,69,LUFL,False,3.928999900817871,3.928999900817871,,,
ETTh1,PatchTST,stuck_sensor,6,8111,427,0.186315655708313,MSE,0.32950615882873535,0.7308433055877686,input,70.0,69,LULL,False,0.5789999961853027,0.5789999961853027,,,
ETTh1,PatchTST,stuck_sensor,6,8111,427,0.186315655708313,MSE,0.32950615882873535,0.7308433055877686,input,70.0,69,OT,False,5.205999374389648,5.205999374389648,,,
ETTh1,PatchTST,stuck_sensor,6,8111,427,0.186315655708313,MSE,0.32950615882873535,0.7308433055877686,input,71.0,70,HUFL,False,4.956999778747559,4.956999778747559,,,
ETTh1,PatchTST,stuck_sensor,6,8111,427,0.186315655708313,MSE,0.32950615882873535,0.7308433055877686,input,71.0,70,HULL,False,0.937999963760376,0.937999963760376,,,
ETTh1,PatchTST,stuck_sensor,6,8111,427,0.186315655708313,MSE,0.32950615882873535,0.7308433055877686,input,71.0,70,MUFL,True,1.7409999370574951,7.817999839782715,,,
ETTh1,PatchTST,stuck_sensor,6,8111,427,0.186315655708313,MSE,0.32950615882873535,0.7308433055877686,input,71.0,70,MULL,False,0.1420000195503235,0.1420000195503235,,,
ETTh1,PatchTST,stuck_sensor,6,8111,427,0.186315655708313,MSE,0.32950615882873535,0.7308433055877686,input,71.0,70,LUFL,False,3.259000062942505,3.259000062942505,,,
ETTh1,PatchTST,stuck_sensor,6,8111,427,0.186315655708313,MSE,0.32950615882873535,0.7308433055877686,input,71.0,70,LULL,False,0.5479999780654907,0.5479999780654907,,,
ETTh1,PatchTST,stuck_sensor,6,8111,427,0.186315655708313,MSE,0.32950615882873535,0.7308433055877686,input,71.0,70,OT,False,5.276000022888184,5.276000022888184,,,
ETTh1,PatchTST,stuck_sensor,6,8111,427,0.186315655708313,MSE,0.32950615882873535,0.7308433055877686,input,72.0,71,HUFL,False,-5.3580002784729,-5.3580002784729,,,
ETTh1,PatchTST,stuck_sensor,6,8111,427,0.186315655708313,MSE,0.32950615882873535,0.7308433055877686,input,72.0,71,HULL,False,1.2730000019073486,1.2730000019073486,,,
ETTh1,PatchTST,stuck_sensor,6,8111,427,0.186315655708313,MSE,0.32950615882873535,0.7308433055877686,input,72.0,71,MUFL,True,-8.777000427246094,7.817999839782715,,,
ETTh1,PatchTST,stuck_sensor,6,8111,427,0.186315655708313,MSE,0.32950615882873535,0.7308433055877686,input,72.0,71,MULL,False,0.4259999990463257,0.4259999990463257,,,
ETTh1,PatchTST,stuck_sensor,6,8111,427,0.186315655708313,MSE,0.32950615882873535,0.7308433055877686,input,72.0,71,LUFL,False,3.015000104904175,3.015000104904175,,,
ETTh1,PatchTST,stuck_sensor,6,8111,427,0.186315655708313,MSE,0.32950615882873535,0.7308433055877686,input,72.0,71,LULL,False,0.6399999856948853,0.6399999856948853,,,
ETTh1,PatchTST,stuck_sensor,6,8111,427,0.186315655708313,MSE,0.32950615882873535,0.7308433055877686,input,72.0,71,OT,False,4.642999649047852,4.642999649047852,,,
ETTh1,PatchTST,stuck_sensor,6,8111,427,0.186315655708313,MSE,0.32950615882873535,0.7308433055877686,input,73.0,72,HUFL,False,-2.1430001258850098,-2.1430001258850098,,,
ETTh1,PatchTST,stuck_sensor,6,8111,427,0.186315655708313,MSE,0.32950615882873535,0.7308433055877686,input,73.0,72,HULL,False,1.0720000267028809,1.0720000267028809,,,
ETTh1,PatchTST,stuck_sensor,6,8111,427,0.186315655708313,MSE,0.32950615882873535,0.7308433055877686,input,73.0,72,MUFL,True,-5.720999717712402,7.817999839782715,,,
ETTh1,PatchTST,stuck_sensor,6,8111,427,0.186315655708313,MSE,0.32950615882873535,0.7308433055877686,input,73.0,72,MULL,False,0.24900001287460327,0.24900001287460327,,,
ETTh1,PatchTST,stuck_sensor,6,8111,427,0.186315655708313,MSE,0.32950615882873535,0.7308433055877686,input,73.0,72,LUFL,False,3.4110000133514404,3.4110000133514404,,,
ETTh1,PatchTST,stuck_sensor,6,8111,427,0.186315655708313,MSE,0.32950615882873535,0.7308433055877686,input,73.0,72,LULL,False,0.609000027179718,0.609000027179718,,,
ETTh1,PatchTST,stuck_sensor,6,8111,427,0.186315655708313,MSE,0.32950615882873535,0.7308433055877686,input,73.0,72,OT,False,5.346000671386719,5.346000671386719,,,
ETTh1,PatchTST,stuck_sensor,6,8111,427,0.186315655708313,MSE,0.32950615882873535,0.7308433055877686,input,74.0,73,HUFL,False,-11.052000045776367,-11.052000045776367,,,
ETTh1,PatchTST,stuck_sensor,6,8111,427,0.186315655708313,MSE,0.32950615882873535,0.7308433055877686,input,74.0,73,HULL,False,1.5410000085830688,1.5410000085830688,,,
ETTh1,PatchTST,stuck_sensor,6,8111,427,0.186315655708313,MSE,0.32950615882873535,0.7308433055877686,input,74.0,73,MUFL,True,-13.751999855041504,7.817999839782715,,,
ETTh1,PatchTST,stuck_sensor,6,8111,427,0.186315655708313,MSE,0.32950615882873535,0.7308433055877686,input,74.0,73,MULL,False,0.5690000057220459,0.5690000057220459,,,
ETTh1,PatchTST,stuck_sensor,6,8111,427,0.186315655708313,MSE,0.32950615882873535,0.7308433055877686,input,74.0,73,LUFL,False,2.7720000743865967,2.7720000743865967,,,
ETTh1,PatchTST,stuck_sensor,6,8111,427,0.186315655708313,MSE,0.32950615882873535,0.7308433055877686,input,74.0,73,LULL,False,0.5789999961853027,0.5789999961853027,,,
ETTh1,PatchTST,stuck_sensor,6,8111,427,0.186315655708313,MSE,0.32950615882873535,0.7308433055877686,input,74.0,73,OT,False,4.923999786376953,4.923999786376953,,,
ETTh1,PatchTST,stuck_sensor,6,8111,427,0.186315655708313,MSE,0.32950615882873535,0.7308433055877686,input,75.0,74,HUFL,False,-11.720998764038086,-11.720998764038086,,,
ETTh1,PatchTST,stuck_sensor,6,8111,427,0.186315655708313,MSE,0.32950615882873535,0.7308433055877686,input,75.0,74,HULL,False,1.875,1.875,,,
ETTh1,PatchTST,stuck_sensor,6,8111,427,0.186315655708313,MSE,0.32950615882873535,0.7308433055877686,input,75.0,74,MUFL,True,-14.392001152038574,7.817999839782715,,,
ETTh1,PatchTST,stuck_sensor,6,8111,427,0.186315655708313,MSE,0.32950615882873535,0.7308433055877686,input,75.0,74,MULL,False,0.9240000247955322,0.9240000247955322,,,
ETTh1,PatchTST,stuck_sensor,6,8111,427,0.186315655708313,MSE,0.32950615882873535,0.7308433055877686,input,75.0,74,LUFL,False,2.4670000076293945,2.4670000076293945,,,
ETTh1,PatchTST,stuck_sensor,6,8111,427,0.186315655708313,MSE,0.32950615882873535,0.7308433055877686,input,75.0,74,LULL,False,0.5789999961853027,0.5789999961853027,,,
ETTh1,PatchTST,stuck_sensor,6,8111,427,0.186315655708313,MSE,0.32950615882873535,0.7308433055877686,input,75.0,74,OT,False,4.36199951171875,4.36199951171875,,,
ETTh1,PatchTST,stuck_sensor,6,8111,427,0.186315655708313,MSE,0.32950615882873535,0.7308433055877686,input,76.0,75,HUFL,False,-15.404998779296875,-15.404998779296875,,,
ETTh1,PatchTST,stuck_sensor,6,8111,427,0.186315655708313,MSE,0.32950615882873535,0.7308433055877686,input,76.0,75,HULL,False,2.2769999504089355,2.2769999504089355,,,
ETTh1,PatchTST,stuck_sensor,6,8111,427,0.186315655708313,MSE,0.32950615882873535,0.7308433055877686,input,76.0,75,MUFL,True,-16.84400177001953,7.817999839782715,,,
ETTh1,PatchTST,stuck_sensor,6,8111,427,0.186315655708313,MSE,0.32950615882873535,0.7308433055877686,input,76.0,75,MULL,False,1.065999984741211,1.065999984741211,,,
ETTh1,PatchTST,stuck_sensor,6,8111,427,0.186315655708313,MSE,0.32950615882873535,0.7308433055877686,input,76.0,75,LUFL,False,2.559000015258789,2.559000015258789,,,
ETTh1,PatchTST,stuck_sensor,6,8111,427,0.186315655708313,MSE,0.32950615882873535,0.7308433055877686,input,76.0,75,LULL,False,0.6399999856948853,0.6399999856948853,,,
ETTh1,PatchTST,stuck_sensor,6,8111,427,0.186315655708313,MSE,0.32950615882873535,0.7308433055877686,input,76.0,75,OT,False,5.557000160217285,5.557000160217285,,,
ETTh1,PatchTST,stuck_sensor,6,8111,427,0.186315655708313,MSE,0.32950615882873535,0.7308433055877686,input,77.0,76,HUFL,False,-7.368000507354736,-7.368000507354736,,,
ETTh1,PatchTST,stuck_sensor,6,8111,427,0.186315655708313,MSE,0.32950615882873535,0.7308433055877686,input,77.0,76,HULL,False,1.2730000019073486,1.2730000019073486,,,
ETTh1,PatchTST,stuck_sensor,6,8111,427,0.186315655708313,MSE,0.32950615882873535,0.7308433055877686,input,77.0,76,MUFL,True,-10.234000205993652,7.817999839782715,,,
ETTh1,PatchTST,stuck_sensor,6,8111,427,0.186315655708313,MSE,0.32950615882873535,0.7308433055877686,input,77.0,76,MULL,False,0.3199999928474426,0.3199999928474426,,,
ETTh1,PatchTST,stuck_sensor,6,8111,427,0.186315655708313,MSE,0.32950615882873535,0.7308433055877686,input,77.0,76,LUFL,False,2.740999937057495,2.740999937057495,,,
ETTh1,PatchTST,stuck_sensor,6,8111,427,0.186315655708313,MSE,0.32950615882873535,0.7308433055877686,input,77.0,76,LULL,False,0.6399999856948853,0.6399999856948853,,,
ETTh1,PatchTST,stuck_sensor,6,8111,427,0.186315655708313,MSE,0.32950615882873535,0.7308433055877686,input,77.0,76,OT,False,4.784000396728516,4.784000396728516,,,
ETTh1,PatchTST,stuck_sensor,6,8111,427,0.186315655708313,MSE,0.32950615882873535,0.7308433055877686,input,78.0,77,HUFL,False,2.2100000381469727,2.2100000381469727,,,
ETTh1,PatchTST,stuck_sensor,6,8111,427,0.186315655708313,MSE,0.32950615882873535,0.7308433055877686,input,78.0,77,HULL,False,0.937999963760376,0.937999963760376,,,
ETTh1,PatchTST,stuck_sensor,6,8111,427,0.186315655708313,MSE,0.32950615882873535,0.7308433055877686,input,78.0,77,MUFL,True,-0.9590001106262207,7.817999839782715,,,
ETTh1,PatchTST,stuck_sensor,6,8111,427,0.186315655708313,MSE,0.32950615882873535,0.7308433055877686,input,78.0,77,MULL,False,0.10699999332427979,0.10699999332427979,,,
ETTh1,PatchTST,stuck_sensor,6,8111,427,0.186315655708313,MSE,0.32950615882873535,0.7308433055877686,input,78.0,77,LUFL,False,2.984999895095825,2.984999895095825,,,
ETTh1,PatchTST,stuck_sensor,6,8111,427,0.186315655708313,MSE,0.32950615882873535,0.7308433055877686,input,78.0,77,LULL,False,0.7009999752044678,0.7009999752044678,,,
ETTh1,PatchTST,stuck_sensor,6,8111,427,0.186315655708313,MSE,0.32950615882873535,0.7308433055877686,input,78.0,77,OT,False,4.432000160217285,4.432000160217285,,,
ETTh1,PatchTST,stuck_sensor,6,8111,427,0.186315655708313,MSE,0.32950615882873535,0.7308433055877686,input,79.0,78,HUFL,False,5.090000152587891,5.090000152587891,,,
ETTh1,PatchTST,stuck_sensor,6,8111,427,0.186315655708313,MSE,0.32950615882873535,0.7308433055877686,input,79.0,78,HULL,False,1.0049999952316284,1.0049999952316284,,,
ETTh1,PatchTST,stuck_sensor,6,8111,427,0.186315655708313,MSE,0.32950615882873535,0.7308433055877686,input,79.0,78,MUFL,True,1.7769999504089355,7.817999839782715,,,
ETTh1,PatchTST,stuck_sensor,6,8111,427,0.186315655708313,MSE,0.32950615882873535,0.7308433055877686,input,79.0,78,MULL,False,0.1420000195503235,0.1420000195503235,,,
ETTh1,PatchTST,stuck_sensor,6,8111,427,0.186315655708313,MSE,0.32950615882873535,0.7308433055877686,input,79.0,78,LUFL,False,3.2899999618530273,3.2899999618530273,,,
ETTh1,PatchTST,stuck_sensor,6,8111,427,0.186315655708313,MSE,0.32950615882873535,0.7308433055877686,input,79.0,78,LULL,False,0.609000027179718,0.609000027179718,,,
ETTh1,PatchTST,stuck_sensor,6,8111,427,0.186315655708313,MSE,0.32950615882873535,0.7308433055877686,input,79.0,78,OT,False,4.432000160217285,4.432000160217285,,,
ETTh1,PatchTST,stuck_sensor,6,8111,427,0.186315655708313,MSE,0.32950615882873535,0.7308433055877686,input,80.0,79,HUFL,False,10.583000183105469,10.583000183105469,,,
ETTh1,PatchTST,stuck_sensor,6,8111,427,0.186315655708313,MSE,0.32950615882873535,0.7308433055877686,input,80.0,79,HULL,False,1.406999945640564,1.406999945640564,,,
ETTh1,PatchTST,stuck_sensor,6,8111,427,0.186315655708313,MSE,0.32950615882873535,0.7308433055877686,input,80.0,79,MUFL,True,7.177999973297119,7.817999839782715,,,
ETTh1,PatchTST,stuck_sensor,6,8111,427,0.186315655708313,MSE,0.32950615882873535,0.7308433055877686,input,80.0,79,MULL,False,0.3199999928474426,0.3199999928474426,,,
ETTh1,PatchTST,stuck_sensor,6,8111,427,0.186315655708313,MSE,0.32950615882873535,0.7308433055877686,input,80.0,79,LUFL,False,3.5329999923706055,3.5329999923706055,,,
ETTh1,PatchTST,stuck_sensor,6,8111,427,0.186315655708313,MSE,0.32950615882873535,0.7308433055877686,input,80.0,79,LULL,False,0.609000027179718,0.609000027179718,,,
ETTh1,PatchTST,stuck_sensor,6,8111,427,0.186315655708313,MSE,0.32950615882873535,0.7308433055877686,input,80.0,79,OT,False,5.557000160217285,5.557000160217285,,,
ETTh1,PatchTST,stuck_sensor,6,8111,427,0.186315655708313,MSE,0.32950615882873535,0.7308433055877686,input,81.0,80,HUFL,False,13.463000297546387,13.463000297546387,,,
ETTh1,PatchTST,stuck_sensor,6,8111,427,0.186315655708313,MSE,0.32950615882873535,0.7308433055877686,input,81.0,80,HULL,False,1.6740000247955322,1.6740000247955322,,,
ETTh1,PatchTST,stuck_sensor,6,8111,427,0.186315655708313,MSE,0.32950615882873535,0.7308433055877686,input,81.0,80,MUFL,True,9.274999618530273,9.274999618530273,,,
ETTh1,PatchTST,stuck_sensor,6,8111,427,0.186315655708313,MSE,0.32950615882873535,0.7308433055877686,input,81.0,80,MULL,False,0.4970000088214874,0.4970000088214874,,,
ETTh1,PatchTST,stuck_sensor,6,8111,427,0.186315655708313,MSE,0.32950615882873535,0.7308433055877686,input,81.0,80,LUFL,False,4.203000068664551,4.203000068664551,,,
ETTh1,PatchTST,stuck_sensor,6,8111,427,0.186315655708313,MSE,0.32950615882873535,0.7308433055877686,input,81.0,80,LULL,False,0.5479999780654907,0.5479999780654907,,,
ETTh1,PatchTST,stuck_sensor,6,8111,427,0.186315655708313,MSE,0.32950615882873535,0.7308433055877686,input,81.0,80,OT,False,4.642999649047852,4.642999649047852,,,
ETTh1,PatchTST,stuck_sensor,6,8111,427,0.186315655708313,MSE,0.32950615882873535,0.7308433055877686,input,82.0,81,HUFL,False,14.869999885559082,14.869999885559082,,,
ETTh1,PatchTST,stuck_sensor,6,8111,427,0.186315655708313,MSE,0.32950615882873535,0.7308433055877686,input,82.0,81,HULL,False,1.9420000314712524,1.9420000314712524,,,
ETTh1,PatchTST,stuck_sensor,6,8111,427,0.186315655708313,MSE,0.32950615882873535,0.7308433055877686,input,82.0,81,MUFL,True,10.305000305175781,10.305000305175781,,,
ETTh1,PatchTST,stuck_sensor,6,8111,427,0.186315655708313,MSE,0.32950615882873535,0.7308433055877686,input,82.0,81,MULL,False,0.5690000057220459,0.5690000057220459,,,
ETTh1,PatchTST,stuck_sensor,6,8111,427,0.186315655708313,MSE,0.32950615882873535,0.7308433055877686,input,82.0,81,LUFL,False,4.507999897003174,4.507999897003174,,,
ETTh1,PatchTST,stuck_sensor,6,8111,427,0.186315655708313,MSE,0.32950615882873535,0.7308433055877686,input,82.0,81,LULL,False,0.5479999780654907,0.5479999780654907,,,
ETTh1,PatchTST,stuck_sensor,6,8111,427,0.186315655708313,MSE,0.32950615882873535,0.7308433055877686,input,82.0,81,OT,False,4.854000091552734,4.854000091552734,,,
ETTh1,PatchTST,stuck_sensor,6,8111,427,0.186315655708313,MSE,0.32950615882873535,0.7308433055877686,input,83.0,82,HUFL,False,14.53499984741211,14.53499984741211,,,
ETTh1,PatchTST,stuck_sensor,6,8111,427,0.186315655708313,MSE,0.32950615882873535,0.7308433055877686,input,83.0,82,HULL,False,1.875,1.875,,,
ETTh1,PatchTST,stuck_sensor,6,8111,427,0.186315655708313,MSE,0.32950615882873535,0.7308433055877686,input,83.0,82,MUFL,True,10.126999855041504,10.126999855041504,,,
ETTh1,PatchTST,stuck_sensor,6,8111,427,0.186315655708313,MSE,0.32950615882873535,0.7308433055877686,input,83.0,82,MULL,False,0.6039999723434448,0.6039999723434448,,,
ETTh1,PatchTST,stuck_sensor,6,8111,427,0.186315655708313,MSE,0.32950615882873535,0.7308433055877686,input,83.0,82,LUFL,False,4.324999809265137,4.324999809265137,,,
ETTh1,PatchTST,stuck_sensor,6,8111,427,0.186315655708313,MSE,0.32950615882873535,0.7308433055877686,input,83.0,82,LULL,False,0.4869999885559082,0.4869999885559082,,,
ETTh1,PatchTST,stuck_sensor,6,8111,427,0.186315655708313,MSE,0.32950615882873535,0.7308433055877686,input,83.0,82,OT,False,5.416999816894531,5.416999816894531,,,
ETTh1,PatchTST,stuck_sensor,6,8111,427,0.186315655708313,MSE,0.32950615882873535,0.7308433055877686,input,84.0,83,HUFL,False,13.060999870300293,13.060999870300293,,,
ETTh1,PatchTST,stuck_sensor,6,8111,427,0.186315655708313,MSE,0.32950615882873535,0.7308433055877686,input,84.0,83,HULL,False,1.5410000085830688,1.5410000085830688,,,
ETTh1,PatchTST,stuck_sensor,6,8111,427,0.186315655708313,MSE,0.32950615882873535,0.7308433055877686,input,84.0,83,MUFL,True,9.416999816894531,9.416999816894531,,,
ETTh1,PatchTST,stuck_sensor,6,8111,427,0.186315655708313,MSE,0.32950615882873535,0.7308433055877686,input,84.0,83,MULL,False,0.4970000088214874,0.4970000088214874,,,
ETTh1,PatchTST,stuck_sensor,6,8111,427,0.186315655708313,MSE,0.32950615882873535,0.7308433055877686,input,84.0,83,LUFL,False,3.746000051498413,3.746000051498413,,,
ETTh1,PatchTST,stuck_sensor,6,8111,427,0.186315655708313,MSE,0.32950615882873535,0.7308433055877686,input,84.0,83,LULL,False,0.4259999990463257,0.4259999990463257,,,
ETTh1,PatchTST,stuck_sensor,6,8111,427,0.186315655708313,MSE,0.32950615882873535,0.7308433055877686,input,84.0,83,OT,False,5.276000022888184,5.276000022888184,,,
ETTh1,PatchTST,stuck_sensor,6,8111,427,0.186315655708313,MSE,0.32950615882873535,0.7308433055877686,input,85.0,84,HUFL,False,11.319999694824219,11.319999694824219,,,
ETTh1,PatchTST,stuck_sensor,6,8111,427,0.186315655708313,MSE,0.32950615882873535,0.7308433055877686,input,85.0,84,HULL,False,1.2730000019073486,1.2730000019073486,,,
ETTh1,PatchTST,stuck_sensor,6,8111,427,0.186315655708313,MSE,0.32950615882873535,0.7308433055877686,input,85.0,84,MUFL,True,8.17300033569336,8.17300033569336,,,
ETTh1,PatchTST,stuck_sensor,6,8111,427,0.186315655708313,MSE,0.32950615882873535,0.7308433055877686,input,85.0,84,MULL,False,0.35499998927116394,0.35499998927116394,,,
ETTh1,PatchTST,stuck_sensor,6,8111,427,0.186315655708313,MSE,0.32950615882873535,0.7308433055877686,input,85.0,84,LUFL,False,3.1070001125335693,3.1070001125335693,,,
ETTh1,PatchTST,stuck_sensor,6,8111,427,0.186315655708313,MSE,0.32950615882873535,0.7308433055877686,input,85.0,84,LULL,False,0.4259999990463257,0.4259999990463257,,,
ETTh1,PatchTST,stuck_sensor,6,8111,427,0.186315655708313,MSE,0.32950615882873535,0.7308433055877686,input,85.0,84,OT,False,5.697999954223633,5.697999954223633,,,
ETTh1,PatchTST,stuck_sensor,6,8111,427,0.186315655708313,MSE,0.32950615882873535,0.7308433055877686,input,86.0,85,HUFL,False,9.376999855041504,9.376999855041504,,,
ETTh1,PatchTST,stuck_sensor,6,8111,427,0.186315655708313,MSE,0.32950615882873535,0.7308433055877686,input,86.0,85,HULL,False,1.0720000267028809,1.0720000267028809,,,
ETTh1,PatchTST,stuck_sensor,6,8111,427,0.186315655708313,MSE,0.32950615882873535,0.7308433055877686,input,86.0,85,MUFL,True,6.751999855041504,6.751999855041504,,,
ETTh1,PatchTST,stuck_sensor,6,8111,427,0.186315655708313,MSE,0.32950615882873535,0.7308433055877686,input,86.0,85,MULL,False,0.24900001287460327,0.24900001287460327,,,
ETTh1,PatchTST,stuck_sensor,6,8111,427,0.186315655708313,MSE,0.32950615882873535,0.7308433055877686,input,86.0,85,LUFL,False,2.559000015258789,2.559000015258789,,,
ETTh1,PatchTST,stuck_sensor,6,8111,427,0.186315655708313,MSE,0.32950615882873535,0.7308433055877686,input,86.0,85,LULL,False,0.4259999990463257,0.4259999990463257,,,
ETTh1,PatchTST,stuck_sensor,6,8111,427,0.186315655708313,MSE,0.32950615882873535,0.7308433055877686,input,86.0,85,OT,False,5.697999954223633,5.697999954223633,,,
ETTh1,PatchTST,stuck_sensor,6,8111,427,0.186315655708313,MSE,0.32950615882873535,0.7308433055877686,input,87.0,86,HUFL,False,8.038000106811523,8.038000106811523,,,
ETTh1,PatchTST,stuck_sensor,6,8111,427,0.186315655708313,MSE,0.32950615882873535,0.7308433055877686,input,87.0,86,HULL,False,0.937999963760376,0.937999963760376,,,
ETTh1,PatchTST,stuck_sensor,6,8111,427,0.186315655708313,MSE,0.32950615882873535,0.7308433055877686,input,87.0,86,MUFL,True,5.828000068664551,5.828000068664551,,,
ETTh1,PatchTST,stuck_sensor,6,8111,427,0.186315655708313,MSE,0.32950615882873535,0.7308433055877686,input,87.0,86,MULL,False,0.21299999952316284,0.21299999952316284,,,
ETTh1,PatchTST,stuck_sensor,6,8111,427,0.186315655708313,MSE,0.32950615882873535,0.7308433055877686,input,87.0,86,LUFL,False,2.1630001068115234,2.1630001068115234,,,
ETTh1,PatchTST,stuck_sensor,6,8111,427,0.186315655708313,MSE,0.32950615882873535,0.7308433055877686,input,87.0,86,LULL,False,0.4259999990463257,0.4259999990463257,,,
ETTh1,PatchTST,stuck_sensor,6,8111,427,0.186315655708313,MSE,0.32950615882873535,0.7308433055877686,input,87.0,86,OT,False,4.994999885559082,4.994999885559082,,,
ETTh1,PatchTST,stuck_sensor,6,8111,427,0.186315655708313,MSE,0.32950615882873535,0.7308433055877686,input,88.0,87,HUFL,False,7.099999904632568,7.099999904632568,,,
ETTh1,PatchTST,stuck_sensor,6,8111,427,0.186315655708313,MSE,0.32950615882873535,0.7308433055877686,input,88.0,87,HULL,False,0.937999963760376,0.937999963760376,,,
ETTh1,PatchTST,stuck_sensor,6,8111,427,0.186315655708313,MSE,0.32950615882873535,0.7308433055877686,input,88.0,87,MUFL,True,5.1529998779296875,5.1529998779296875,,,
ETTh1,PatchTST,stuck_sensor,6,8111,427,0.186315655708313,MSE,0.32950615882873535,0.7308433055877686,input,88.0,87,MULL,False,0.21299999952316284,0.21299999952316284,,,
ETTh1,PatchTST,stuck_sensor,6,8111,427,0.186315655708313,MSE,0.32950615882873535,0.7308433055877686,input,88.0,87,LUFL,False,1.9490000009536743,1.9490000009536743,,,
ETTh1,PatchTST,stuck_sensor,6,8111,427,0.186315655708313,MSE,0.32950615882873535,0.7308433055877686,input,88.0,87,LULL,False,0.4569999873638153,0.4569999873638153,,,
ETTh1,PatchTST,stuck_sensor,6,8111,427,0.186315655708313,MSE,0.32950615882873535,0.7308433055877686,input,88.0,87,OT,False,4.994999885559082,4.994999885559082,,,
ETTh1,PatchTST,stuck_sensor,6,8111,427,0.186315655708313,MSE,0.32950615882873535,0.7308433055877686,input,89.0,88,HUFL,False,6.831999778747559,6.831999778747559,,,
ETTh1,PatchTST,stuck_sensor,6,8111,427,0.186315655708313,MSE,0.32950615882873535,0.7308433055877686,input,89.0,88,HULL,False,0.937999963760376,0.937999963760376,,,
ETTh1,PatchTST,stuck_sensor,6,8111,427,0.186315655708313,MSE,0.32950615882873535,0.7308433055877686,input,89.0,88,MUFL,True,4.939000129699707,4.939000129699707,,,
ETTh1,PatchTST,stuck_sensor,6,8111,427,0.186315655708313,MSE,0.32950615882873535,0.7308433055877686,input,89.0,88,MULL,False,0.17799997329711914,0.17799997329711914,,,
ETTh1,PatchTST,stuck_sensor,6,8111,427,0.186315655708313,MSE,0.32950615882873535,0.7308433055877686,input,89.0,88,LUFL,False,1.9190000295639038,1.9190000295639038,,,
ETTh1,PatchTST,stuck_sensor,6,8111,427,0.186315655708313,MSE,0.32950615882873535,0.7308433055877686,input,89.0,88,LULL,False,0.4569999873638153,0.4569999873638153,,,
ETTh1,PatchTST,stuck_sensor,6,8111,427,0.186315655708313,MSE,0.32950615882873535,0.7308433055877686,input,89.0,88,OT,False,5.276000022888184,5.276000022888184,,,
ETTh1,PatchTST,stuck_sensor,6,8111,427,0.186315655708313,MSE,0.32950615882873535,0.7308433055877686,input,90.0,89,HUFL,False,6.63100004196167,6.63100004196167,,,
ETTh1,PatchTST,stuck_sensor,6,8111,427,0.186315655708313,MSE,0.32950615882873535,0.7308433055877686,input,90.0,89,HULL,False,0.7369999885559082,0.7369999885559082,,,
ETTh1,PatchTST,stuck_sensor,6,8111,427,0.186315655708313,MSE,0.32950615882873535,0.7308433055877686,input,90.0,89,MUFL,True,4.796999931335449,4.796999931335449,,,
ETTh1,PatchTST,stuck_sensor,6,8111,427,0.186315655708313,MSE,0.32950615882873535,0.7308433055877686,input,90.0,89,MULL,False,0.10699999332427979,0.10699999332427979,,,
ETTh1,PatchTST,stuck_sensor,6,8111,427,0.186315655708313,MSE,0.32950615882873535,0.7308433055877686,input,90.0,89,LUFL,False,1.8580000400543213,1.8580000400543213,,,
ETTh1,PatchTST,stuck_sensor,6,8111,427,0.186315655708313,MSE,0.32950615882873535,0.7308433055877686,input,90.0,89,LULL,False,0.3959999978542328,0.3959999978542328,,,
ETTh1,PatchTST,stuck_sensor,6,8111,427,0.186315655708313,MSE,0.32950615882873535,0.7308433055877686,input,90.0,89,OT,False,4.501999855041504,4.501999855041504,,,
ETTh1,PatchTST,stuck_sensor,6,8111,427,0.186315655708313,MSE,0.32950615882873535,0.7308433055877686,input,91.0,90,HUFL,False,6.697999954223633,6.697999954223633,,,
ETTh1,PatchTST,stuck_sensor,6,8111,427,0.186315655708313,MSE,0.32950615882873535,0.7308433055877686,input,91.0,90,HULL,False,0.7369999885559082,0.7369999885559082,,,
ETTh1,PatchTST,stuck_sensor,6,8111,427,0.186315655708313,MSE,0.32950615882873535,0.7308433055877686,input,91.0,90,MUFL,True,4.76200008392334,4.76200008392334,,,
ETTh1,PatchTST,stuck_sensor,6,8111,427,0.186315655708313,MSE,0.32950615882873535,0.7308433055877686,input,91.0,90,MULL,False,0.07099997997283936,0.07099997997283936,,,
ETTh1,PatchTST,stuck_sensor,6,8111,427,0.186315655708313,MSE,0.32950615882873535,0.7308433055877686,input,91.0,90,LUFL,False,1.9490000009536743,1.9490000009536743,,,
ETTh1,PatchTST,stuck_sensor,6,8111,427,0.186315655708313,MSE,0.32950615882873535,0.7308433055877686,input,91.0,90,LULL,False,0.3959999978542328,0.3959999978542328,,,
ETTh1,PatchTST,stuck_sensor,6,8111,427,0.186315655708313,MSE,0.32950615882873535,0.7308433055877686,input,91.0,90,OT,False,4.501999855041504,4.501999855041504,,,
ETTh1,PatchTST,stuck_sensor,6,8111,427,0.186315655708313,MSE,0.32950615882873535,0.7308433055877686,input,92.0,91,HUFL,False,7.368000030517578,7.368000030517578,,,
ETTh1,PatchTST,stuck_sensor,6,8111,427,0.186315655708313,MSE,0.32950615882873535,0.7308433055877686,input,92.0,91,HULL,False,0.8710000514984131,0.8710000514984131,,,
ETTh1,PatchTST,stuck_sensor,6,8111,427,0.186315655708313,MSE,0.32950615882873535,0.7308433055877686,input,92.0,91,MUFL,True,5.223999977111816,5.223999977111816,,,
ETTh1,PatchTST,stuck_sensor,6,8111,427,0.186315655708313,MSE,0.32950615882873535,0.7308433055877686,input,92.0,91,MULL,False,0.17799997329711914,0.17799997329711914,,,
ETTh1,PatchTST,stuck_sensor,6,8111,427,0.186315655708313,MSE,0.32950615882873535,0.7308433055877686,input,92.0,91,LUFL,False,2.131999969482422,2.131999969482422,,,
ETTh1,PatchTST,stuck_sensor,6,8111,427,0.186315655708313,MSE,0.32950615882873535,0.7308433055877686,input,92.0,91,LULL,False,0.4259999990463257,0.4259999990463257,,,
ETTh1,PatchTST,stuck_sensor,6,8111,427,0.186315655708313,MSE,0.32950615882873535,0.7308433055877686,input,92.0,91,OT,False,4.221000671386719,4.221000671386719,,,
ETTh1,PatchTST,stuck_sensor,6,8111,427,0.186315655708313,MSE,0.32950615882873535,0.7308433055877686,input,93.0,92,HUFL,False,10.515999794006348,10.515999794006348,,,
ETTh1,PatchTST,stuck_sensor,6,8111,427,0.186315655708313,MSE,0.32950615882873535,0.7308433055877686,input,93.0,92,HULL,False,1.2059999704360962,1.2059999704360962,,,
ETTh1,PatchTST,stuck_sensor,6,8111,427,0.186315655708313,MSE,0.32950615882873535,0.7308433055877686,input,93.0,92,MUFL,True,7.249000072479248,7.249000072479248,,,
ETTh1,PatchTST,stuck_sensor,6,8111,427,0.186315655708313,MSE,0.32950615882873535,0.7308433055877686,input,93.0,92,MULL,False,0.35499998927116394,0.35499998927116394,,,
ETTh1,PatchTST,stuck_sensor,6,8111,427,0.186315655708313,MSE,0.32950615882873535,0.7308433055877686,input,93.0,92,LUFL,False,3.2899999618530273,3.2899999618530273,,,
ETTh1,PatchTST,stuck_sensor,6,8111,427,0.186315655708313,MSE,0.32950615882873535,0.7308433055877686,input,93.0,92,LULL,False,0.4569999873638153,0.4569999873638153,,,
ETTh1,PatchTST,stuck_sensor,6,8111,427,0.186315655708313,MSE,0.32950615882873535,0.7308433055877686,input,93.0,92,OT,False,3.939000129699707,3.939000129699707,,,
ETTh1,PatchTST,stuck_sensor,6,8111,427,0.186315655708313,MSE,0.32950615882873535,0.7308433055877686,input,94.0,93,HUFL,False,5.760000228881836,5.760000228881836,,,
ETTh1,PatchTST,stuck_sensor,6,8111,427,0.186315655708313,MSE,0.32950615882873535,0.7308433055877686,input,94.0,93,HULL,False,1.0720000267028809,1.0720000267028809,,,
ETTh1,PatchTST,stuck_sensor,6,8111,427,0.186315655708313,MSE,0.32950615882873535,0.7308433055877686,input,94.0,93,MUFL,True,2.061000108718872,2.061000108718872,,,
ETTh1,PatchTST,stuck_sensor,6,8111,427,0.186315655708313,MSE,0.32950615882873535,0.7308433055877686,input,94.0,93,MULL,False,0.21299999952316284,0.21299999952316284,,,
ETTh1,PatchTST,stuck_sensor,6,8111,427,0.186315655708313,MSE,0.32950615882873535,0.7308433055877686,input,94.0,93,LUFL,False,3.5329999923706055,3.5329999923706055,,,
ETTh1,PatchTST,stuck_sensor,6,8111,427,0.186315655708313,MSE,0.32950615882873535,0.7308433055877686,input,94.0,93,LULL,False,0.6399999856948853,0.6399999856948853,,,
ETTh1,PatchTST,stuck_sensor,6,8111,427,0.186315655708313,MSE,0.32950615882873535,0.7308433055877686,input,94.0,93,OT,False,4.854000091552734,4.854000091552734,,,
ETTh1,PatchTST,stuck_sensor,6,8111,427,0.186315655708313,MSE,0.32950615882873535,0.7308433055877686,input,95.0,94,HUFL,False,-5.558999538421631,-5.558999538421631,,,
ETTh1,PatchTST,stuck_sensor,6,8111,427,0.186315655708313,MSE,0.32950615882873535,0.7308433055877686,input,95.0,94,HULL,False,1.1390000581741333,1.1390000581741333,,,
ETTh1,PatchTST,stuck_sensor,6,8111,427,0.186315655708313,MSE,0.32950615882873535,0.7308433055877686,input,95.0,94,MUFL,True,-8.527999877929688,-8.527999877929688,,,
ETTh1,PatchTST,stuck_sensor,6,8111,427,0.186315655708313,MSE,0.32950615882873535,0.7308433055877686,input,95.0,94,MULL,False,0.21299999952316284,0.21299999952316284,,,
ETTh1,PatchTST,stuck_sensor,6,8111,427,0.186315655708313,MSE,0.32950615882873535,0.7308433055877686,input,95.0,94,LUFL,False,2.802000045776367,2.802000045776367,,,
ETTh1,PatchTST,stuck_sensor,6,8111,427,0.186315655708313,MSE,0.32950615882873535,0.7308433055877686,input,95.0,94,LULL,False,0.7310000061988831,0.7310000061988831,,,
ETTh1,PatchTST,stuck_sensor,6,8111,427,0.186315655708313,MSE,0.32950615882873535,0.7308433055877686,input,95.0,94,OT,False,4.642999649047852,4.642999649047852,,,
ETTh1,PatchTST,stuck_sensor,6,8111,427,0.186315655708313,MSE,0.32950615882873535,0.7308433055877686,input,96.0,95,HUFL,False,-13.194999694824219,-13.194999694824219,,,
ETTh1,PatchTST,stuck_sensor,6,8111,427,0.186315655708313,MSE,0.32950615882873535,0.7308433055877686,input,96.0,95,HULL,False,1.7410000562667847,1.7410000562667847,,,
ETTh1,PatchTST,stuck_sensor,6,8111,427,0.186315655708313,MSE,0.32950615882873535,0.7308433055877686,input,96.0,95,MUFL,True,-15.920001029968262,-15.920001029968262,,,
ETTh1,PatchTST,stuck_sensor,6,8111,427,0.186315655708313,MSE,0.32950615882873535,0.7308433055877686,input,96.0,95,MULL,False,0.675000011920929,0.675000011920929,,,
ETTh1,PatchTST,stuck_sensor,6,8111,427,0.186315655708313,MSE,0.32950615882873535,0.7308433055877686,input,96.0,95,LUFL,False,2.497999906539917,2.497999906539917,,,
ETTh1,PatchTST,stuck_sensor,6,8111,427,0.186315655708313,MSE,0.32950615882873535,0.7308433055877686,input,96.0,95,LULL,False,0.6700000166893005,0.6700000166893005,,,
ETTh1,PatchTST,stuck_sensor,6,8111,427,0.186315655708313,MSE,0.32950615882873535,0.7308433055877686,input,96.0,95,OT,False,5.839000701904297,5.839000701904297,,,
ETTh1,PatchTST,stuck_sensor,6,8111,427,0.186315655708313,MSE,0.32950615882873535,0.7308433055877686,forecast,97.0,0,HUFL,False,,,-16.67799949645996,-9.81450080871582,-9.81450080871582
ETTh1,PatchTST,stuck_sensor,6,8111,427,0.186315655708313,MSE,0.32950615882873535,0.7308433055877686,forecast,97.0,0,HULL,False,,,2.678999900817871,1.4414578676223755,1.4414578676223755
ETTh1,PatchTST,stuck_sensor,6,8111,427,0.186315655708313,MSE,0.32950615882873535,0.7308433055877686,forecast,97.0,0,MUFL,True,,,-19.685997009277344,-12.363635063171387,-8.579276084899902
ETTh1,PatchTST,stuck_sensor,6,8111,427,0.186315655708313,MSE,0.32950615882873535,0.7308433055877686,forecast,97.0,0,MULL,False,,,1.031000018119812,0.43338313698768616,0.43338313698768616
ETTh1,PatchTST,stuck_sensor,6,8111,427,0.186315655708313,MSE,0.32950615882873535,0.7308433055877686,forecast,97.0,0,LUFL,False,,,2.8329999446868896,2.779651641845703,2.779651641845703
ETTh1,PatchTST,stuck_sensor,6,8111,427,0.186315655708313,MSE,0.32950615882873535,0.7308433055877686,forecast,97.0,0,LULL,False,,,0.7310000061988831,0.6528014540672302,0.6528014540672302
ETTh1,PatchTST,stuck_sensor,6,8111,427,0.186315655708313,MSE,0.32950615882873535,0.7308433055877686,forecast,97.0,0,OT,False,,,5.767999649047852,5.013886451721191,5.013886451721191
ETTh1,PatchTST,stuck_sensor,6,8111,427,0.186315655708313,MSE,0.32950615882873535,0.7308433055877686,forecast,98.0,1,HUFL,False,,,-18.152000427246094,-10.59177017211914,-10.59177017211914
ETTh1,PatchTST,stuck_sensor,6,8111,427,0.186315655708313,MSE,0.32950615882873535,0.7308433055877686,forecast,98.0,1,HULL,False,,,2.947000026702881,1.5292739868164062,1.5292739868164062
ETTh1,PatchTST,stuck_sensor,6,8111,427,0.186315655708313,MSE,0.32950615882873535,0.7308433055877686,forecast,98.0,1,MUFL,True,,,-20.645999908447266,-13.166596412658691,-8.470093727111816
ETTh1,PatchTST,stuck_sensor,6,8111,427,0.186315655708313,MSE,0.32950615882873535,0.7308433055877686,forecast,98.0,1,MULL,False,,,1.350000023841858,0.5080808997154236,0.5080808997154236
ETTh1,PatchTST,stuck_sensor,6,8111,427,0.186315655708313,MSE,0.32950615882873535,0.7308433055877686,forecast,98.0,1,LUFL,False,,,2.2839999198913574,2.7643957138061523,2.7643957138061523
ETTh1,PatchTST,stuck_sensor,6,8111,427,0.186315655708313,MSE,0.32950615882873535,0.7308433055877686,forecast,98.0,1,LULL,False,,,0.7310000061988831,0.6539914608001709,0.6539914608001709
ETTh1,PatchTST,stuck_sensor,6,8111,427,0.186315655708313,MSE,0.32950615882873535,0.7308433055877686,forecast,98.0,1,OT,False,,,5.628000259399414,4.98953914642334,4.98953914642334
ETTh1,PatchTST,stuck_sensor,6,8111,427,0.186315655708313,MSE,0.32950615882873535,0.7308433055877686,forecast,99.0,2,HUFL,False,,,-18.55299949645996,-8.689022064208984,-8.689022064208984
ETTh1,PatchTST,stuck_sensor,6,8111,427,0.186315655708313,MSE,0.32950615882873535,0.7308433055877686,forecast,99.0,2,HULL,False,,,2.678999900817871,1.7035067081451416,1.7035067081451416
ETTh1,PatchTST,stuck_sensor,6,8111,427,0.186315655708313,MSE,0.32950615882873535,0.7308433055877686,forecast,99.0,2,MUFL,True,,,-20.788002014160156,-11.222201347351074,-8.40353012084961
ETTh1,PatchTST,stuck_sensor,6,8111,427,0.186315655708313,MSE,0.32950615882873535,0.7308433055877686,forecast,99.0,2,MULL,False,,,1.2790000438690186,0.6230054497718811,0.6230054497718811
ETTh1,PatchTST,stuck_sensor,6,8111,427,0.186315655708313,MSE,0.32950615882873535,0.7308433055877686,forecast,99.0,2,LUFL,False,,,1.9800000190734863,2.8828349113464355,2.8828349113464355
ETTh1,PatchTST,stuck_sensor,6,8111,427,0.186315655708313,MSE,0.32950615882873535,0.7308433055877686,forecast,99.0,2,LULL,False,,,0.6399999856948853,0.6501018404960632,0.6501018404960632
ETTh1,PatchTST,stuck_sensor,6,8111,427,0.186315655708313,MSE,0.32950615882873535,0.7308433055877686,forecast,99.0,2,OT,False,,,4.854000091552734,4.919878959655762,4.919878959655762
ETTh1,PatchTST,stuck_sensor,6,8111,427,0.186315655708313,MSE,0.32950615882873535,0.7308433055877686,forecast,100.0,3,HUFL,False,,,-17.415000915527344,-6.452459812164307,-6.452459812164307
ETTh1,PatchTST,stuck_sensor,6,8111,427,0.186315655708313,MSE,0.32950615882873535,0.7308433055877686,forecast,100.0,3,HULL,False,,,2.2769999504089355,1.7048394680023193,1.7048394680023193
ETTh1,PatchTST,stuck_sensor,6,8111,427,0.186315655708313,MSE,0.32950615882873535,0.7308433055877686,forecast,100.0,3,MUFL,True,,,-19.685997009277344,-9.108869552612305,-8.064927101135254
ETTh1,PatchTST,stuck_sensor,6,8111,427,0.186315655708313,MSE,0.32950615882873535,0.7308433055877686,forecast,100.0,3,MULL,False,,,1.1019999980926514,0.6296014189720154,0.6296014189720154
ETTh1,PatchTST,stuck_sensor,6,8111,427,0.186315655708313,MSE,0.32950615882873535,0.7308433055877686,forecast,100.0,3,LUFL,False,,,2.071000099182129,3.0152111053466797,3.0152111053466797
ETTh1,PatchTST,stuck_sensor,6,8111,427,0.186315655708313,MSE,0.32950615882873535,0.7308433055877686,forecast,100.0,3,LULL,False,,,0.7310000061988831,0.6457870602607727,0.6457870602607727
ETTh1,PatchTST,stuck_sensor,6,8111,427,0.186315655708313,MSE,0.32950615882873535,0.7308433055877686,forecast,100.0,3,OT,False,,,8.371000289916992,4.739806175231934,4.739806175231934
ETTh1,PatchTST,stuck_sensor,6,8111,427,0.186315655708313,MSE,0.32950615882873535,0.7308433055877686,forecast,101.0,4,HUFL,False,,,-13.194999694824219,-2.8650755882263184,-2.8650755882263184
ETTh1,PatchTST,stuck_sensor,6,8111,427,0.186315655708313,MSE,0.32950615882873535,0.7308433055877686,forecast,101.0,4,HULL,False,,,1.6740000247955322,1.648532509803772,1.648532509803772
ETTh1,PatchTST,stuck_sensor,6,8111,427,0.186315655708313,MSE,0.32950615882873535,0.7308433055877686,forecast,101.0,4,MUFL,True,,,-15.351000785827637,-5.656988143920898,-6.131322860717773
ETTh1,PatchTST,stuck_sensor,6,8111,427,0.186315655708313,MSE,0.32950615882873535,0.7308433055877686,forecast,101.0,4,MULL,False,,,0.5329999923706055,0.5734629034996033,0.5734629034996033
ETTh1,PatchTST,stuck_sensor,6,8111,427,0.186315655708313,MSE,0.32950615882873535,0.7308433055877686,forecast,101.0,4,LUFL,False,,,2.1019999980926514,3.212350368499756,3.212350368499756
ETTh1,PatchTST,stuck_sensor,6,8111,427,0.186315655708313,MSE,0.32950615882873535,0.7308433055877686,forecast,101.0,4,LULL,False,,,0.7009999752044678,0.6340089440345764,0.6340089440345764
ETTh1,PatchTST,stuck_sensor,6,8111,427,0.186315655708313,MSE,0.32950615882873535,0.7308433055877686,forecast,101.0,4,OT,False,,,6.894000053405762,4.853647232055664,4.853647232055664
ETTh1,PatchTST,stuck_sensor,6,8111,427,0.186315655708313,MSE,0.32950615882873535,0.7308433055877686,forecast,102.0,5,HUFL,False,,,-6.429999828338623,1.310610294342041,1.310610294342041
ETTh1,PatchTST,stuck_sensor,6,8111,427,0.186315655708313,MSE,0.32950615882873535,0.7308433055877686,forecast,102.0,5,HULL,False,,,0.8040000200271606,1.6931134462356567,1.6931134462356567
ETTh1,PatchTST,stuck_sensor,6,8111,427,0.186315655708313,MSE,0.32950615882873535,0.7308433055877686,forecast,102.0,5,MUFL,True,,,-8.919000625610352,-1.6841578483581543,-6.85014533996582
ETTh1,PatchTST,stuck_sensor,6,8111,427,0.186315655708313,MSE,0.32950615882873535,0.7308433055877686,forecast,102.0,5,MULL,False,,,0.03600001335144043,0.5796106457710266,0.5796106457710266
ETTh1,PatchTST,stuck_sensor,6,8111,427,0.186315655708313,MSE,0.32950615882873535,0.7308433055877686,forecast,102.0,5,LUFL,False,,,2.3450000286102295,3.359689235687256,3.359689235687256
ETTh1,PatchTST,stuck_sensor,6,8111,427,0.186315655708313,MSE,0.32950615882873535,0.7308433055877686,forecast,102.0,5,LULL,False,,,0.5789999961853027,0.6125115156173706,0.6125115156173706
ETTh1,PatchTST,stuck_sensor,6,8111,427,0.186315655708313,MSE,0.32950615882873535,0.7308433055877686,forecast,102.0,5,OT,False,,,7.38599967956543,4.825190544128418,4.825190544128418
ETTh1,PatchTST,stuck_sensor,6,8111,427,0.186315655708313,MSE,0.32950615882873535,0.7308433055877686,forecast,103.0,6,HUFL,False,,,2.880000114440918,5.531476020812988,5.531476020812988
ETTh1,PatchTST,stuck_sensor,6,8111,427,0.186315655708313,MSE,0.32950615882873535,0.7308433055877686,forecast,103.0,6,HULL,False,,,0.6700000762939453,1.7063463926315308,1.7063463926315308
ETTh1,PatchTST,stuck_sensor,6,8111,427,0.186315655708313,MSE,0.32950615882873535,0.7308433055877686,forecast,103.0,6,MUFL,True,,,0.03599977493286133,2.3261330127716064,-6.195193290710449
ETTh1,PatchTST,stuck_sensor,6,8111,427,0.186315655708313,MSE,0.32950615882873535,0.7308433055877686,forecast,103.0,6,MULL,False,,,-0.07099997997283936,0.5718691349029541,0.5718691349029541
ETTh1,PatchTST,stuck_sensor,6,8111,427,0.186315655708313,MSE,0.32950615882873535,0.7308433055877686,forecast,103.0,6,LUFL,False,,,2.740999937057495,3.5502710342407227,3.5502710342407227
ETTh1,PatchTST,stuck_sensor,6,8111,427,0.186315655708313,MSE,0.32950615882873535,0.7308433055877686,forecast,103.0,6,LULL,False,,,0.6399999856948853,0.5978110432624817,0.5978110432624817
ETTh1,PatchTST,stuck_sensor,6,8111,427,0.186315655708313,MSE,0.32950615882873535,0.7308433055877686,forecast,103.0,6,OT,False,,,7.104999542236328,4.721141815185547,4.721141815185547
ETTh1,PatchTST,stuck_sensor,6,8111,427,0.186315655708313,MSE,0.32950615882873535,0.7308433055877686,forecast,104.0,7,HUFL,False,,,8.77400016784668,8.96780014038086,8.96780014038086
ETTh1,PatchTST,stuck_sensor,6,8111,427,0.186315655708313,MSE,0.32950615882873535,0.7308433055877686,forecast,104.0,7,HULL,False,,,1.0049999952316284,1.8234186172485352,1.8234186172485352
ETTh1,PatchTST,stuck_sensor,6,8111,427,0.186315655708313,MSE,0.32950615882873535,0.7308433055877686,forecast,104.0,7,MUFL,True,,,5.96999979019165,5.58464241027832,-5.574062347412109
ETTh1,PatchTST,stuck_sensor,6,8111,427,0.186315655708313,MSE,0.32950615882873535,0.7308433055877686,forecast,104.0,7,MULL,False,,,0.10699999332427979,0.6222997903823853,0.6222997903823853
ETTh1,PatchTST,stuck_sensor,6,8111,427,0.186315655708313,MSE,0.32950615882873535,0.7308433055877686,forecast,104.0,7,LUFL,False,,,2.7720000743865967,3.8773245811462402,3.8773245811462402
ETTh1,PatchTST,stuck_sensor,6,8111,427,0.186315655708313,MSE,0.32950615882873535,0.7308433055877686,forecast,104.0,7,LULL,False,,,0.5479999780654907,0.5969078540802002,0.5969078540802002
ETTh1,PatchTST,stuck_sensor,6,8111,427,0.186315655708313,MSE,0.32950615882873535,0.7308433055877686,forecast,104.0,7,OT,False,,,7.73799991607666,4.648775100708008,4.648775100708008
ETTh1,PatchTST,stuck_sensor,6,8111,427,0.186315655708313,MSE,0.32950615882873535,0.7308433055877686,forecast,105.0,8,HUFL,False,,,11.119000434875488,11.617198944091797,11.617198944091797
ETTh1,PatchTST,stuck_sensor,6,8111,427,0.186315655708313,MSE,0.32950615882873535,0.7308433055877686,forecast,105.0,8,HULL,False,,,1.0720000267028809,2.067941188812256,2.067941188812256
ETTh1,PatchTST,stuck_sensor,6,8111,427,0.186315655708313,MSE,0.32950615882873535,0.7308433055877686,forecast,105.0,8,MUFL,True,,,7.676000118255615,8.026240348815918,-4.686870574951172
ETTh1,PatchTST,stuck_sensor,6,8111,427,0.186315655708313,MSE,0.32950615882873535,0.7308433055877686,forecast,105.0,8,MULL,False,,,0.1420000195503235,0.7474972009658813,0.7474972009658813
ETTh1,PatchTST,stuck_sensor,6,8111,427,0.186315655708313,MSE,0.32950615882873535,0.7308433055877686,forecast,105.0,8,LUFL,False,,,3.441999912261963,4.191402435302734,4.191402435302734
ETTh1,PatchTST,stuck_sensor,6,8111,427,0.186315655708313,MSE,0.32950615882873535,0.7308433055877686,forecast,105.0,8,LULL,False,,,0.4569999873638153,0.5805919170379639,0.5805919170379639
ETTh1,PatchTST,stuck_sensor,6,8111,427,0.186315655708313,MSE,0.32950615882873535,0.7308433055877686,forecast,105.0,8,OT,False,,,6.894000053405762,4.841876983642578,4.841876983642578
ETTh1,PatchTST,stuck_sensor,6,8111,427,0.186315655708313,MSE,0.32950615882873535,0.7308433055877686,forecast,106.0,9,HUFL,False,,,12.458000183105469,12.319131851196289,12.319131851196289
ETTh1,PatchTST,stuck_sensor,6,8111,427,0.186315655708313,MSE,0.32950615882873535,0.7308433055877686,forecast,106.0,9,HULL,False,,,1.3399999141693115,2.2236368656158447,2.2236368656158447
ETTh1,PatchTST,stuck_sensor,6,8111,427,0.186315655708313,MSE,0.32950615882873535,0.7308433055877686,forecast,106.0,9,MUFL,True,,,8.564000129699707,8.639595985412598,-6.55240535736084
ETTh1,PatchTST,stuck_sensor,6,8111,427,0.186315655708313,MSE,0.32950615882873535,0.7308433055877686,forecast,106.0,9,MULL,False,,,0.2840000092983246,0.8223240375518799,0.8223240375518799
ETTh1,PatchTST,stuck_sensor,6,8111,427,0.186315655708313,MSE,0.32950615882873535,0.7308433055877686,forecast,106.0,9,LUFL,False,,,3.8380000591278076,4.354486465454102,4.354486465454102
ETTh1,PatchTST,stuck_sensor,6,8111,427,0.186315655708313,MSE,0.32950615882873535,0.7308433055877686,forecast,106.0,9,LULL,False,,,0.4569999873638153,0.574315071105957,0.574315071105957
ETTh1,PatchTST,stuck_sensor,6,8111,427,0.186315655708313,MSE,0.32950615882873535,0.7308433055877686,forecast,106.0,9,OT,False,,,6.119999885559082,4.927528381347656,4.927528381347656
ETTh1,PatchTST,stuck_sensor,6,8111,427,0.186315655708313,MSE,0.32950615882873535,0.7308433055877686,forecast,107.0,10,HUFL,False,,,12.524999618530273,13.119787216186523,13.119787216186523
ETTh1,PatchTST,stuck_sensor,6,8111,427,0.186315655708313,MSE,0.32950615882873535,0.7308433055877686,forecast,107.0,10,HULL,False,,,1.406999945640564,2.2127342224121094,2.2127342224121094
ETTh1,PatchTST,stuck_sensor,6,8111,427,0.186315655708313,MSE,0.32950615882873535,0.7308433055877686,forecast,107.0,10,MUFL,True,,,8.847999572753906,9.503557205200195,-5.143794059753418
ETTh1,PatchTST,stuck_sensor,6,8111,427,0.186315655708313,MSE,0.32950615882873535,0.7308433055877686,forecast,107.0,10,MULL,False,,,0.35499998927116394,0.8315893411636353,0.8315893411636353
ETTh1,PatchTST,stuck_sensor,6,8111,427,0.186315655708313,MSE,0.32950615882873535,0.7308433055877686,forecast,107.0,10,LUFL,False,,,3.625,4.31151819229126,4.31151819229126
ETTh1,PatchTST,stuck_sensor,6,8111,427,0.186315655708313,MSE,0.32950615882873535,0.7308433055877686,forecast,107.0,10,LULL,False,,,0.4569999873638153,0.5600365400314331,0.5600365400314331
ETTh1,PatchTST,stuck_sensor,6,8111,427,0.186315655708313,MSE,0.32950615882873535,0.7308433055877686,forecast,107.0,10,OT,False,,,5.767999649047852,5.1954545974731445,5.1954545974731445
ETTh1,PatchTST,stuck_sensor,6,8111,427,0.186315655708313,MSE,0.32950615882873535,0.7308433055877686,forecast,108.0,11,HUFL,False,,,10.918000221252441,11.833944320678711,11.833944320678711
ETTh1,PatchTST,stuck_sensor,6,8111,427,0.186315655708313,MSE,0.32950615882873535,0.7308433055877686,forecast,108.0,11,HULL,False,,,1.2059999704360962,2.0040571689605713,2.0040571689605713
ETTh1,PatchTST,stuck_sensor,6,8111,427,0.186315655708313,MSE,0.32950615882873535,0.7308433055877686,forecast,108.0,11,MUFL,True,,,7.853000164031982,8.687771797180176,-4.293193817138672
ETTh1,PatchTST,stuck_sensor,6,8111,427,0.186315655708313,MSE,0.32950615882873535,0.7308433055877686,forecast,108.0,11,MULL,False,,,0.2840000092983246,0.7505694031715393,0.7505694031715393
ETTh1,PatchTST,stuck_sensor,6,8111,427,0.186315655708313,MSE,0.32950615882873535,0.7308433055877686,forecast,108.0,11,LUFL,False,,,2.984999895095825,3.9115498065948486,3.9115498065948486
ETTh1,PatchTST,stuck_sensor,6,8111,427,0.186315655708313,MSE,0.32950615882873535,0.7308433055877686,forecast,108.0,11,LULL,False,,,0.4569999873638153,0.5359275937080383,0.5359275937080383
ETTh1,PatchTST,stuck_sensor,6,8111,427,0.186315655708313,MSE,0.32950615882873535,0.7308433055877686,forecast,108.0,11,OT,False,,,5.346000671386719,5.496982574462891,5.496982574462891
ETTh1,PatchTST,stuck_sensor,6,8111,427,0.186315655708313,MSE,0.32950615882873535,0.7308433055877686,forecast,109.0,12,HUFL,False,,,9.109000205993652,9.21179485321045,9.21179485321045
ETTh1,PatchTST,stuck_sensor,6,8111,427,0.186315655708313,MSE,0.32950615882873535,0.7308433055877686,forecast,109.0,12,HULL,False,,,1.0049999952316284,1.7572150230407715,1.7572150230407715
ETTh1,PatchTST,stuck_sensor,6,8111,427,0.186315655708313,MSE,0.32950615882873535,0.7308433055877686,forecast,109.0,12,MUFL,True,,,6.681000232696533,6.729660987854004,-5.885039329528809
ETTh1,PatchTST,stuck_sensor,6,8111,427,0.186315655708313,MSE,0.32950615882873535,0.7308433055877686,forecast,109.0,12,MULL,False,,,0.1420000195503235,0.6522334218025208,0.6522334218025208
ETTh1,PatchTST,stuck_sensor,6,8111,427,0.186315655708313,MSE,0.32950615882873535,0.7308433055877686,forecast,109.0,12,LUFL,False,,,2.375999927520752,3.360044240951538,3.360044240951538
ETTh1,PatchTST,stuck_sensor,6,8111,427,0.186315655708313,MSE,0.32950615882873535,0.7308433055877686,forecast,109.0,12,LULL,False,,,0.3959999978542328,0.5103026032447815,0.5103026032447815
ETTh1,PatchTST,stuck_sensor,6,8111,427,0.186315655708313,MSE,0.32950615882873535,0.7308433055877686,forecast,109.0,12,OT,False,,,5.135000228881836,5.200754165649414,5.200754165649414
ETTh1,PatchTST,stuck_sensor,6,8111,427,0.186315655708313,MSE,0.32950615882873535,0.7308433055877686,forecast,110.0,13,HUFL,False,,,7.434999942779541,5.9305572509765625,5.9305572509765625
ETTh1,PatchTST,stuck_sensor,6,8111,427,0.186315655708313,MSE,0.32950615882873535,0.7308433055877686,forecast,110.0,13,HULL,False,,,0.6700000762939453,1.4159507751464844,1.4159507751464844
ETTh1,PatchTST,stuck_sensor,6,8111,427,0.186315655708313,MSE,0.32950615882873535,0.7308433055877686,forecast,110.0,13,MUFL,True,,,5.507999897003174,4.340126037597656,-7.915152549743652
ETTh1,PatchTST,stuck_sensor,6,8111,427,0.186315655708313,MSE,0.32950615882873535,0.7308433055877686,forecast,110.0,13,MULL,False,,,0.07099997997283936,0.4686763286590576,0.4686763286590576
ETTh1,PatchTST,stuck_sensor,6,8111,427,0.186315655708313,MSE,0.32950615882873535,0.7308433055877686,forecast,110.0,13,LUFL,False,,,1.9190000295639038,2.700951099395752,2.700951099395752
ETTh1,PatchTST,stuck_sensor,6,8111,427,0.186315655708313,MSE,0.32950615882873535,0.7308433055877686,forecast,110.0,13,LULL,False,,,0.3659999966621399,0.4966515898704529,0.4966515898704529
ETTh1,PatchTST,stuck_sensor,6,8111,427,0.186315655708313,MSE,0.32950615882873535,0.7308433055877686,forecast,110.0,13,OT,False,,,5.48699951171875,5.162418365478516,5.162418365478516
ETTh1,PatchTST,stuck_sensor,6,8111,427,0.186315655708313,MSE,0.32950615882873535,0.7308433055877686,forecast,111.0,14,HUFL,False,,,6.429999828338623,4.1068525314331055,4.1068525314331055
ETTh1,PatchTST,stuck_sensor,6,8111,427,0.186315655708313,MSE,0.32950615882873535,0.7308433055877686,forecast,111.0,14,HULL,False,,,0.6700000762939453,1.2722944021224976,1.2722944021224976
ETTh1,PatchTST,stuck_sensor,6,8111,427,0.186315655708313,MSE,0.32950615882873535,0.7308433055877686,forecast,111.0,14,MUFL,True,,,4.72599983215332,3.2226834297180176,-8.049092292785645
ETTh1,PatchTST,stuck_sensor,6,8111,427,0.186315655708313,MSE,0.32950615882873535,0.7308433055877686,forecast,111.0,14,MULL,False,,,0.03600001335144043,0.3820592164993286,0.3820592164993286
ETTh1,PatchTST,stuck_sensor,6,8111,427,0.186315655708313,MSE,0.32950615882873535,0.7308433055877686,forecast,111.0,14,LUFL,False,,,1.7360000610351562,2.4282312393188477,2.4282312393188477
ETTh1,PatchTST,stuck_sensor,6,8111,427,0.186315655708313,MSE,0.32950615882873535,0.7308433055877686,forecast,111.0,14,LULL,False,,,0.4259999990463257,0.4890035092830658,0.4890035092830658
ETTh1,PatchTST,stuck_sensor,6,8111,427,0.186315655708313,MSE,0.32950615882873535,0.7308433055877686,forecast,111.0,14,OT,False,,,4.994999885559082,5.180937767028809,5.180937767028809
ETTh1,PatchTST,stuck_sensor,6,8111,427,0.186315655708313,MSE,0.32950615882873535,0.7308433055877686,forecast,112.0,15,HUFL,False,,,5.827000141143799,4.019588947296143,4.019588947296143
ETTh1,PatchTST,stuck_sensor,6,8111,427,0.186315655708313,MSE,0.32950615882873535,0.7308433055877686,forecast,112.0,15,HULL,False,,,0.5360000133514404,1.2301795482635498,1.2301795482635498
ETTh1,PatchTST,stuck_sensor,6,8111,427,0.186315655708313,MSE,0.32950615882873535,0.7308433055877686,forecast,112.0,15,MUFL,True,,,4.192999839782715,3.2772879600524902,-6.915225028991699
ETTh1,PatchTST,stuck_sensor,6,8111,427,0.186315655708313,MSE,0.32950615882873535,0.7308433055877686,forecast,112.0,15,MULL,False,,,-0.03600001335144043,0.3618277907371521,0.3618277907371521
ETTh1,PatchTST,stuck_sensor,6,8111,427,0.186315655708313,MSE,0.32950615882873535,0.7308433055877686,forecast,112.0,15,LUFL,False,,,1.6139999628067017,2.289696216583252,2.289696216583252
ETTh1,PatchTST,stuck_sensor,6,8111,427,0.186315655708313,MSE,0.32950615882873535,0.7308433055877686,forecast,112.0,15,LULL,False,,,0.3959999978542328,0.4790918827056885,0.4790918827056885
ETTh1,PatchTST,stuck_sensor,6,8111,427,0.186315655708313,MSE,0.32950615882873535,0.7308433055877686,forecast,112.0,15,OT,False,,,5.065001487731934,5.1890411376953125,5.1890411376953125
ETTh1,PatchTST,stuck_sensor,6,8111,427,0.186315655708313,MSE,0.32950615882873535,0.7308433055877686,forecast,113.0,16,HUFL,False,,,5.425000190734863,2.565481662750244,2.565481662750244
ETTh1,PatchTST,stuck_sensor,6,8111,427,0.186315655708313,MSE,0.32950615882873535,0.7308433055877686,forecast,113.0,16,HULL,False,,,0.46899986267089844,1.0776325464248657,1.0776325464248657
ETTh1,PatchTST,stuck_sensor,6,8111,427,0.186315655708313,MSE,0.32950615882873535,0.7308433055877686,forecast,113.0,16,MUFL,True,,,3.872999906539917,2.0621798038482666,-8.693155288696289
ETTh1,PatchTST,stuck_sensor,6,8111,427,0.186315655708313,MSE,0.32950615882873535,0.7308433055877686,forecast,113.0,16,MULL,False,,,-0.03600001335144043,0.27467086911201477,0.27467086911201477
ETTh1,PatchTST,stuck_sensor,6,8111,427,0.186315655708313,MSE,0.32950615882873535,0.7308433055877686,forecast,113.0,16,LUFL,False,,,1.4919999837875366,2.03425669670105,2.03425669670105
ETTh1,PatchTST,stuck_sensor,6,8111,427,0.186315655708313,MSE,0.32950615882873535,0.7308433055877686,forecast,113.0,16,LULL,False,,,0.3959999978542328,0.46411019563674927,0.46411019563674927
ETTh1,PatchTST,stuck_sensor,6,8111,427,0.186315655708313,MSE,0.32950615882873535,0.7308433055877686,forecast,113.0,16,OT,False,,,4.923999786376953,4.8885040283203125,4.8885040283203125
ETTh1,PatchTST,stuck_sensor,6,8111,427,0.186315655708313,MSE,0.32950615882873535,0.7308433055877686,forecast,114.0,17,HUFL,False,,,5.223999977111816,1.3185005187988281,1.3185005187988281
ETTh1,PatchTST,stuck_sensor,6,8111,427,0.186315655708313,MSE,0.32950615882873535,0.7308433055877686,forecast,114.0,17,HULL,False,,,0.46899986267089844,0.9565588235855103,0.9565588235855103
ETTh1,PatchTST,stuck_sensor,6,8111,427,0.186315655708313,MSE,0.32950615882873535,0.7308433055877686,forecast,114.0,17,MUFL,True,,,3.7309999465942383,1.0598196983337402,-7.856003761291504
ETTh1,PatchTST,stuck_sensor,6,8111,427,0.186315655708313,MSE,0.32950615882873535,0.7308433055877686,forecast,114.0,17,MULL,False,,,-0.03600001335144043,0.21145743131637573,0.21145743131637573
ETTh1,PatchTST,stuck_sensor,6,8111,427,0.186315655708313,MSE,0.32950615882873535,0.7308433055877686,forecast,114.0,17,LUFL,False,,,1.4919999837875366,1.9566524028778076,1.9566524028778076
ETTh1,PatchTST,stuck_sensor,6,8111,427,0.186315655708313,MSE,0.32950615882873535,0.7308433055877686,forecast,114.0,17,LULL,False,,,0.3659999966621399,0.4609259068965912,0.4609259068965912
ETTh1,PatchTST,stuck_sensor,6,8111,427,0.186315655708313,MSE,0.32950615882873535,0.7308433055877686,forecast,114.0,17,OT,False,,,4.854000091552734,4.644325256347656,4.644325256347656
ETTh1,PatchTST,stuck_sensor,6,8111,427,0.186315655708313,MSE,0.32950615882873535,0.7308433055877686,forecast,115.0,18,HUFL,False,,,5.357999801635742,0.68182373046875,0.68182373046875
ETTh1,PatchTST,stuck_sensor,6,8111,427,0.186315655708313,MSE,0.32950615882873535,0.7308433055877686,forecast,115.0,18,HULL,False,,,0.46899986267089844,0.9473953247070312,0.9473953247070312
ETTh1,PatchTST,stuck_sensor,6,8111,427,0.186315655708313,MSE,0.32950615882873535,0.7308433055877686,forecast,115.0,18,MUFL,True,,,3.696000099182129,-0.14873933792114258,-7.397771835327148
ETTh1,PatchTST,stuck_sensor,6,8111,427,0.186315655708313,MSE,0.32950615882873535,0.7308433055877686,forecast,115.0,18,MULL,False,,,-0.07099997997283936,0.20385679602622986,0.20385679602622986
ETTh1,PatchTST,stuck_sensor,6,8111,427,0.186315655708313,MSE,0.32950615882873535,0.7308433055877686,forecast,115.0,18,LUFL,False,,,1.6139999628067017,2.108429431915283,2.108429431915283
ETTh1,PatchTST,stuck_sensor,6,8111,427,0.186315655708313,MSE,0.32950615882873535,0.7308433055877686,forecast,115.0,18,LULL,False,,,0.4259999990463257,0.45993685722351074,0.45993685722351074
ETTh1,PatchTST,stuck_sensor,6,8111,427,0.186315655708313,MSE,0.32950615882873535,0.7308433055877686,forecast,115.0,18,OT,False,,,4.854000091552734,4.532317161560059,4.532317161560059
ETTh1,PatchTST,stuck_sensor,6,8111,427,0.186315655708313,MSE,0.32950615882873535,0.7308433055877686,forecast,116.0,19,HUFL,False,,,5.894000053405762,1.229142665863037,1.229142665863037
ETTh1,PatchTST,stuck_sensor,6,8111,427,0.186315655708313,MSE,0.32950615882873535,0.7308433055877686,forecast,116.0,19,HULL,False,,,0.5360000133514404,1.022424578666687,1.022424578666687
ETTh1,PatchTST,stuck_sensor,6,8111,427,0.186315655708313,MSE,0.32950615882873535,0.7308433055877686,forecast,116.0,19,MUFL,True,,,4.122000217437744,-0.15136289596557617,-8.263551712036133
ETTh1,PatchTST,stuck_sensor,6,8111,427,0.186315655708313,MSE,0.32950615882873535,0.7308433055877686,forecast,116.0,19,MULL,False,,,-0.03600001335144043,0.22821670770645142,0.22821670770645142
ETTh1,PatchTST,stuck_sensor,6,8111,427,0.186315655708313,MSE,0.32950615882873535,0.7308433055877686,forecast,116.0,19,LUFL,False,,,1.7360000610351562,2.4376778602600098,2.4376778602600098
ETTh1,PatchTST,stuck_sensor,6,8111,427,0.186315655708313,MSE,0.32950615882873535,0.7308433055877686,forecast,116.0,19,LULL,False,,,0.3959999978542328,0.4618774950504303,0.4618774950504303
ETTh1,PatchTST,stuck_sensor,6,8111,427,0.186315655708313,MSE,0.32950615882873535,0.7308433055877686,forecast,116.0,19,OT,False,,,5.416999816894531,4.415470123291016,4.415470123291016
ETTh1,PatchTST,stuck_sensor,6,8111,427,0.186315655708313,MSE,0.32950615882873535,0.7308433055877686,forecast,117.0,20,HUFL,False,,,8.23900032043457,2.042171001434326,2.042171001434326
ETTh1,PatchTST,stuck_sensor,6,8111,427,0.186315655708313,MSE,0.32950615882873535,0.7308433055877686,forecast,117.0,20,HULL,False,,,0.7369999885559082,1.1693295240402222,1.1693295240402222
ETTh1,PatchTST,stuck_sensor,6,8111,427,0.186315655708313,MSE,0.32950615882873535,0.7308433055877686,forecast,117.0,20,MUFL,True,,,5.543000221252441,-0.02838277816772461,-7.55116081237793
ETTh1,PatchTST,stuck_sensor,6,8111,427,0.186315655708313,MSE,0.32950615882873535,0.7308433055877686,forecast,117.0,20,MULL,False,,,0.0,0.2857513725757599,0.2857513725757599
ETTh1,PatchTST,stuck_sensor,6,8111,427,0.186315655708313,MSE,0.32950615882873535,0.7308433055877686,forecast,117.0,20,LUFL,False,,,2.61899995803833,2.95182728767395,2.95182728767395
ETTh1,PatchTST,stuck_sensor,6,8111,427,0.186315655708313,MSE,0.32950615882873535,0.7308433055877686,forecast,117.0,20,LULL,False,,,0.4259999990463257,0.49690917134284973,0.49690917134284973
ETTh1,PatchTST,stuck_sensor,6,8111,427,0.186315655708313,MSE,0.32950615882873535,0.7308433055877686,forecast,117.0,20,OT,False,,,4.36199951171875,4.435359954833984,4.435359954833984
ETTh1,PatchTST,stuck_sensor,6,8111,427,0.186315655708313,MSE,0.32950615882873535,0.7308433055877686,forecast,118.0,21,HUFL,False,,,9.444000244140625,2.7631349563598633,2.7631349563598633
ETTh1,PatchTST,stuck_sensor,6,8111,427,0.186315655708313,MSE,0.32950615882873535,0.7308433055877686,forecast,118.0,21,HULL,False,,,1.2059999704360962,1.324498176574707,1.324498176574707
ETTh1,PatchTST,stuck_sensor,6,8111,427,0.186315655708313,MSE,0.32950615882873535,0.7308433055877686,forecast,118.0,21,MUFL,True,,,6.361000061035156,0.1917886734008789,-6.5011138916015625
ETTh1,PatchTST,stuck_sensor,6,8111,427,0.186315655708313,MSE,0.32950615882873535,0.7308433055877686,forecast,118.0,21,MULL,False,,,0.2840000092983246,0.36483249068260193,0.36483249068260193
ETTh1,PatchTST,stuck_sensor,6,8111,427,0.186315655708313,MSE,0.32950615882873535,0.7308433055877686,forecast,118.0,21,LUFL,False,,,3.1070001125335693,3.332519054412842,3.332519054412842
ETTh1,PatchTST,stuck_sensor,6,8111,427,0.186315655708313,MSE,0.32950615882873535,0.7308433055877686,forecast,118.0,21,LULL,False,,,0.4569999873638153,0.528884768486023,0.528884768486023
ETTh1,PatchTST,stuck_sensor,6,8111,427,0.186315655708313,MSE,0.32950615882873535,0.7308433055877686,forecast,118.0,21,OT,False,,,5.135000228881836,4.404392242431641,4.404392242431641
ETTh1,PatchTST,stuck_sensor,6,8111,427,0.186315655708313,MSE,0.32950615882873535,0.7308433055877686,forecast,119.0,22,HUFL,False,,,6.831999778747559,0.1789093017578125,0.1789093017578125
ETTh1,PatchTST,stuck_sensor,6,8111,427,0.186315655708313,MSE,0.32950615882873535,0.7308433055877686,forecast,119.0,22,HULL,False,,,0.2680000066757202,1.3605687618255615,1.3605687618255615
ETTh1,PatchTST,stuck_sensor,6,8111,427,0.186315655708313,MSE,0.32950615882873535,0.7308433055877686,forecast,119.0,22,MUFL,True,,,3.802000045776367,-2.721202850341797,-9.548254013061523
ETTh1,PatchTST,stuck_sensor,6,8111,427,0.186315655708313,MSE,0.32950615882873535,0.7308433055877686,forecast,119.0,22,MULL,False,,,-0.5329999923706055,0.38286343216896057,0.38286343216896057
ETTh1,PatchTST,stuck_sensor,6,8111,427,0.186315655708313,MSE,0.32950615882873535,0.7308433055877686,forecast,119.0,22,LUFL,False,,,2.9549999237060547,3.272387742996216,3.272387742996216
ETTh1,PatchTST,stuck_sensor,6,8111,427,0.186315655708313,MSE,0.32950615882873535,0.7308433055877686,forecast,119.0,22,LULL,False,,,0.609000027179718,0.5636986494064331,0.5636986494064331
ETTh1,PatchTST,stuck_sensor,6,8111,427,0.186315655708313,MSE,0.32950615882873535,0.7308433055877686,forecast,119.0,22,OT,False,,,5.346000671386719,4.298013687133789,4.298013687133789
ETTh1,PatchTST,stuck_sensor,6,8111,427,0.186315655708313,MSE,0.32950615882873535,0.7308433055877686,forecast,120.0,23,HUFL,False,,,5.223999977111816,-3.5582432746887207,-3.5582432746887207
ETTh1,PatchTST,stuck_sensor,6,8111,427,0.186315655708313,MSE,0.32950615882873535,0.7308433055877686,forecast,120.0,23,HULL,False,,,0.33500003814697266,1.4091627597808838,1.4091627597808838
ETTh1,PatchTST,stuck_sensor,6,8111,427,0.186315655708313,MSE,0.32950615882873535,0.7308433055877686,forecast,120.0,23,MUFL,True,,,2.203000068664551,-6.287114143371582,-10.882166862487793
ETTh1,PatchTST,stuck_sensor,6,8111,427,0.186315655708313,MSE,0.32950615882873535,0.7308433055877686,forecast,120.0,23,MULL,False,,,-0.5690000057220459,0.4250331223011017,0.4250331223011017
ETTh1,PatchTST,stuck_sensor,6,8111,427,0.186315655708313,MSE,0.32950615882873535,0.7308433055877686,forecast,120.0,23,LUFL,False,,,2.984999895095825,3.1841464042663574,3.1841464042663574
ETTh1,PatchTST,stuck_sensor,6,8111,427,0.186315655708313,MSE,0.32950615882873535,0.7308433055877686,forecast,120.0,23,LULL,False,,,0.7609999775886536,0.5759183168411255,0.5759183168411255
ETTh1,PatchTST,stuck_sensor,6,8111,427,0.186315655708313,MSE,0.32950615882873535,0.7308433055877686,forecast,120.0,23,OT,False,,,6.330999374389648,4.072481155395508,4.072481155395508
ETTh1,PatchTST,stuck_sensor,6,8111,427,0.186315655708313,MSE,0.32950615882873535,0.7308433055877686,forecast,121.0,24,HUFL,False,,,1.6079998016357422,-5.0086989402771,-5.0086989402771
ETTh1,PatchTST,stuck_sensor,6,8111,427,0.186315655708313,MSE,0.32950615882873535,0.7308433055877686,forecast,121.0,24,HULL,False,,,0.20099997520446777,1.407283902168274,1.407283902168274
ETTh1,PatchTST,stuck_sensor,6,8111,427,0.186315655708313,MSE,0.32950615882873535,0.7308433055877686,forecast,121.0,24,MUFL,True,,,-1.7410001754760742,-7.754787445068359,-9.591530799865723
ETTh1,PatchTST,stuck_sensor,6,8111,427,0.186315655708313,MSE,0.32950615882873535,0.7308433055877686,forecast,121.0,24,MULL,False,,,-0.6039999723434448,0.4240291714668274,0.4240291714668274
ETTh1,PatchTST,stuck_sensor,6,8111,427,0.186315655708313,MSE,0.32950615882873535,0.7308433055877686,forecast,121.0,24,LUFL,False,,,3.3499999046325684,3.2004997730255127,3.2004997730255127
ETTh1,PatchTST,stuck_sensor,6,8111,427,0.186315655708313,MSE,0.32950615882873535,0.7308433055877686,forecast,121.0,24,LULL,False,,,0.7609999775886536,0.5924261808395386,0.5924261808395386
ETTh1,PatchTST,stuck_sensor,6,8111,427,0.186315655708313,MSE,0.32950615882873535,0.7308433055877686,forecast,121.0,24,OT,False,,,5.205999374389648,4.007795333862305,4.007795333862305
ETTh1,PatchTST,stuck_sensor,6,8111,427,0.186315655708313,MSE,0.32950615882873535,0.7308433055877686,forecast,122.0,25,HUFL,False,,,3.2149996757507324,-5.170849323272705,-5.170849323272705
ETTh1,PatchTST,stuck_sensor,6,8111,427,0.186315655708313,MSE,0.32950615882873535,0.7308433055877686,forecast,122.0,25,HULL,False,,,0.20099997520446777,1.4691423177719116,1.4691423177719116
ETTh1,PatchTST,stuck_sensor,6,8111,427,0.186315655708313,MSE,0.32950615882873535,0.7308433055877686,forecast,122.0,25,MUFL,True,,,-0.32000017166137695,-7.835546493530273,-9.644314765930176
ETTh1,PatchTST,stuck_sensor,6,8111,427,0.186315655708313,MSE,0.32950615882873535,0.7308433055877686,forecast,122.0,25,MULL,False,,,-0.5690000057220459,0.48704928159713745,0.48704928159713745
ETTh1,PatchTST,stuck_sensor,6,8111,427,0.186315655708313,MSE,0.32950615882873535,0.7308433055877686,forecast,122.0,25,LUFL,False,,,2.8940000534057617,3.0829710960388184,3.0829710960388184
ETTh1,PatchTST,stuck_sensor,6,8111,427,0.186315655708313,MSE,0.32950615882873535,0.7308433055877686,forecast,122.0,25,LULL,False,,,0.7609999775886536,0.5899615287780762,0.5899615287780762
ETTh1,PatchTST,stuck_sensor,6,8111,427,0.186315655708313,MSE,0.32950615882873535,0.7308433055877686,forecast,122.0,25,OT,False,,,4.572999954223633,3.893307685852051,3.893307685852051
ETTh1,PatchTST,stuck_sensor,6,8111,427,0.186315655708313,MSE,0.32950615882873535,0.7308433055877686,forecast,123.0,26,HUFL,False,,,2.3440003395080566,-2.928898334503174,-2.928898334503174
ETTh1,PatchTST,stuck_sensor,6,8111,427,0.186315655708313,MSE,0.32950615882873535,0.7308433055877686,forecast,123.0,26,HULL,False,,,0.2680000066757202,1.67313551902771,1.67313551902771
ETTh1,PatchTST,stuck_sensor,6,8111,427,0.186315655708313,MSE,0.32950615882873535,0.7308433055877686,forecast,123.0,26,MUFL,True,,,-0.17799997329711914,-5.5316619873046875,-9.223702430725098
ETTh1,PatchTST,stuck_sensor,6,8111,427,0.186315655708313,MSE,0.32950615882873535,0.7308433055877686,forecast,123.0,26,MULL,False,,,-0.6039999723434448,0.6300720572471619,0.6300720572471619
ETTh1,PatchTST,stuck_sensor,6,8111,427,0.186315655708313,MSE,0.32950615882873535,0.7308433055877686,forecast,123.0,26,LUFL,False,,,2.6500000953674316,3.134247064590454,3.134247064590454
ETTh1,PatchTST,stuck_sensor,6,8111,427,0.186315655708313,MSE,0.32950615882873535,0.7308433055877686,forecast,123.0,26,LULL,False,,,0.7919999957084656,0.597724974155426,0.597724974155426
ETTh1,PatchTST,stuck_sensor,6,8111,427,0.186315655708313,MSE,0.32950615882873535,0.7308433055877686,forecast,123.0,26,OT,False,,,4.36199951171875,3.66748046875,3.66748046875
ETTh1,PatchTST,stuck_sensor,6,8111,427,0.186315655708313,MSE,0.32950615882873535,0.7308433055877686,forecast,124.0,27,HUFL,False,,,4.48799991607666,-2.3700509071350098,-2.3700509071350098
ETTh1,PatchTST,stuck_sensor,6,8111,427,0.186315655708313,MSE,0.32950615882873535,0.7308433055877686,forecast,124.0,27,HULL,False,,,0.06700003147125244,1.7084581851959229,1.7084581851959229
ETTh1,PatchTST,stuck_sensor,6,8111,427,0.186315655708313,MSE,0.32950615882873535,0.7308433055877686,forecast,124.0,27,MUFL,True,,,2.0969998836517334,-4.978475570678711,-9.160541534423828
ETTh1,PatchTST,stuck_sensor,6,8111,427,0.186315655708313,MSE,0.32950615882873535,0.7308433055877686,forecast,124.0,27,MULL,False,,,-0.6399999856948853,0.6532153487205505,0.6532153487205505
ETTh1,PatchTST,stuck_sensor,6,8111,427,0.186315655708313,MSE,0.32950615882873535,0.7308433055877686,forecast,124.0,27,LUFL,False,,,2.3450000286102295,3.250372886657715,3.250372886657715
ETTh1,PatchTST,stuck_sensor,6,8111,427,0.186315655708313,MSE,0.32950615882873535,0.7308433055877686,forecast,124.0,27,LULL,False,,,0.609000027179718,0.6008627414703369,0.6008627414703369
ETTh1,PatchTST,stuck_sensor,6,8111,427,0.186315655708313,MSE,0.32950615882873535,0.7308433055877686,forecast,124.0,27,OT,False,,,4.994999885559082,3.767958641052246,3.767958641052246
ETTh1,PatchTST,stuck_sensor,6,8111,427,0.186315655708313,MSE,0.32950615882873535,0.7308433055877686,forecast,125.0,28,HUFL,False,,,2.880000114440918,0.45294761657714844,0.45294761657714844
ETTh1,PatchTST,stuck_sensor,6,8111,427,0.186315655708313,MSE,0.32950615882873535,0.7308433055877686,forecast,125.0,28,HULL,False,,,0.06700003147125244,1.6293224096298218,1.6293224096298218
ETTh1,PatchTST,stuck_sensor,6,8111,427,0.186315655708313,MSE,0.32950615882873535,0.7308433055877686,forecast,125.0,28,MUFL,True,,,0.8880000114440918,-2.230404853820801,-6.839153289794922
ETTh1,PatchTST,stuck_sensor,6,8111,427,0.186315655708313,MSE,0.32950615882873535,0.7308433055877686,forecast,125.0,28,MULL,False,,,-0.6399999856948853,0.5806382298469543,0.5806382298469543
ETTh1,PatchTST,stuck_sensor,6,8111,427,0.186315655708313,MSE,0.32950615882873535,0.7308433055877686,forecast,125.0,28,LUFL,False,,,2.375999927520752,3.3157496452331543,3.3157496452331543
ETTh1,PatchTST,stuck_sensor,6,8111,427,0.186315655708313,MSE,0.32950615882873535,0.7308433055877686,forecast,125.0,28,LULL,False,,,0.609000027179718,0.6031373739242554,0.6031373739242554
ETTh1,PatchTST,stuck_sensor,6,8111,427,0.186315655708313,MSE,0.32950615882873535,0.7308433055877686,forecast,125.0,28,OT,False,,,4.994999885559082,3.9351234436035156,3.9351234436035156
ETTh1,PatchTST,stuck_sensor,6,8111,427,0.186315655708313,MSE,0.32950615882873535,0.7308433055877686,forecast,126.0,29,HUFL,False,,,6.831999778747559,4.188305377960205,4.188305377960205
ETTh1,PatchTST,stuck_sensor,6,8111,427,0.186315655708313,MSE,0.32950615882873535,0.7308433055877686,forecast,126.0,29,HULL,False,,,0.20099997520446777,1.6405014991760254,1.6405014991760254
ETTh1,PatchTST,stuck_sensor,6,8111,427,0.186315655708313,MSE,0.32950615882873535,0.7308433055877686,forecast,126.0,29,MUFL,True,,,4.1579999923706055,1.1155390739440918,-7.836343765258789
ETTh1,PatchTST,stuck_sensor,6,8111,427,0.186315655708313,MSE,0.32950615882873535,0.7308433055877686,forecast,126.0,29,MULL,False,,,-0.39100003242492676,0.5590317249298096,0.5590317249298096
ETTh1,PatchTST,stuck_sensor,6,8111,427,0.186315655708313,MSE,0.32950615882873535,0.7308433055877686,forecast,126.0,29,LUFL,False,,,2.7109999656677246,3.4630274772644043,3.4630274772644043
ETTh1,PatchTST,stuck_sensor,6,8111,427,0.186315655708313,MSE,0.32950615882873535,0.7308433055877686,forecast,126.0,29,LULL,False,,,0.5479999780654907,0.5976862907409668,0.5976862907409668
ETTh1,PatchTST,stuck_sensor,6,8111,427,0.186315655708313,MSE,0.32950615882873535,0.7308433055877686,forecast,126.0,29,OT,False,,,4.432000160217285,3.898026466369629,3.898026466369629
ETTh1,PatchTST,stuck_sensor,6,8111,427,0.186315655708313,MSE,0.32950615882873535,0.7308433055877686,forecast,127.0,30,HUFL,False,,,9.645000457763672,7.668456554412842,7.668456554412842
ETTh1,PatchTST,stuck_sensor,6,8111,427,0.186315655708313,MSE,0.32950615882873535,0.7308433055877686,forecast,127.0,30,HULL,False,,,0.46899986267089844,1.6532516479492188,1.6532516479492188
ETTh1,PatchTST,stuck_sensor,6,8111,427,0.186315655708313,MSE,0.32950615882873535,0.7308433055877686,forecast,127.0,30,MUFL,True,,,6.361000061035156,4.475347518920898,-8.344175338745117
ETTh1,PatchTST,stuck_sensor,6,8111,427,0.186315655708313,MSE,0.32950615882873535,0.7308433055877686,forecast,127.0,30,MULL,False,,,-0.35500001907348633,0.5783928632736206,0.5783928632736206
ETTh1,PatchTST,stuck_sensor,6,8111,427,0.186315655708313,MSE,0.32950615882873535,0.7308433055877686,forecast,127.0,30,LUFL,False,,,3.3499999046325684,3.509681463241577,3.509681463241577
ETTh1,PatchTST,stuck_sensor,6,8111,427,0.186315655708313,MSE,0.32950615882873535,0.7308433055877686,forecast,127.0,30,LULL,False,,,0.5789999961853027,0.5806364417076111,0.5806364417076111
ETTh1,PatchTST,stuck_sensor,6,8111,427,0.186315655708313,MSE,0.32950615882873535,0.7308433055877686,forecast,127.0,30,OT,False,,,4.784000396728516,3.880023956298828,3.880023956298828
ETTh1,PatchTST,stuck_sensor,6,8111,427,0.186315655708313,MSE,0.32950615882873535,0.7308433055877686,forecast,128.0,31,HUFL,False,,,9.845999717712402,9.127768516540527,9.127768516540527
ETTh1,PatchTST,stuck_sensor,6,8111,427,0.186315655708313,MSE,0.32950615882873535,0.7308433055877686,forecast,128.0,31,HULL,False,,,0.46899986267089844,1.7960846424102783,1.7960846424102783
ETTh1,PatchTST,stuck_sensor,6,8111,427,0.186315655708313,MSE,0.32950615882873535,0.7308433055877686,forecast,128.0,31,MUFL,True,,,6.857999801635742,5.908735752105713,-6.279400825500488
ETTh1,PatchTST,stuck_sensor,6,8111,427,0.186315655708313,MSE,0.32950615882873535,0.7308433055877686,forecast,128.0,31,MULL,False,,,-0.4259999990463257,0.6486964225769043,0.6486964225769043
ETTh1,PatchTST,stuck_sensor,6,8111,427,0.186315655708313,MSE,0.32950615882873535,0.7308433055877686,forecast,128.0,31,LUFL,False,,,3.2899999618530273,3.7790842056274414,3.7790842056274414
ETTh1,PatchTST,stuck_sensor,6,8111,427,0.186315655708313,MSE,0.32950615882873535,0.7308433055877686,forecast,128.0,31,LULL,False,,,0.5180000066757202,0.5777920484542847,0.5777920484542847
ETTh1,PatchTST,stuck_sensor,6,8111,427,0.186315655708313,MSE,0.32950615882873535,0.7308433055877686,forecast,128.0,31,OT,False,,,5.979000091552734,4.067876815795898,4.067876815795898
ETTh1,PatchTST,stuck_sensor,6,8111,427,0.186315655708313,MSE,0.32950615882873535,0.7308433055877686,forecast,129.0,32,HUFL,False,,,11.454000473022461,11.536089897155762,11.536089897155762
ETTh1,PatchTST,stuck_sensor,6,8111,427,0.186315655708313,MSE,0.32950615882873535,0.7308433055877686,forecast,129.0,32,HULL,False,,,0.6029999256134033,2.0079190731048584,2.0079190731048584
ETTh1,PatchTST,stuck_sensor,6,8111,427,0.186315655708313,MSE,0.32950615882873535,0.7308433055877686,forecast,129.0,32,MUFL,True,,,7.853000164031982,8.097614288330078,-5.72276496887207
ETTh1,PatchTST,stuck_sensor,6,8111,427,0.186315655708313,MSE,0.32950615882873535,0.7308433055877686,forecast,129.0,32,MULL,False,,,-0.284000039100647,0.7564365267753601,0.7564365267753601
ETTh1,PatchTST,stuck_sensor,6,8111,427,0.186315655708313,MSE,0.32950615882873535,0.7308433055877686,forecast,129.0,32,LUFL,False,,,3.563999891281128,4.045413970947266,4.045413970947266
ETTh1,PatchTST,stuck_sensor,6,8111,427,0.186315655708313,MSE,0.32950615882873535,0.7308433055877686,forecast,129.0,32,LULL,False,,,0.4869999885559082,0.5711609125137329,0.5711609125137329
ETTh1,PatchTST,stuck_sensor,6,8111,427,0.186315655708313,MSE,0.32950615882873535,0.7308433055877686,forecast,129.0,32,OT,False,,,5.767999649047852,4.021831512451172,4.021831512451172
ETTh1,PatchTST,stuck_sensor,6,8111,427,0.186315655708313,MSE,0.32950615882873535,0.7308433055877686,forecast,130.0,33,HUFL,False,,,12.123000144958496,12.586639404296875,12.586639404296875
ETTh1,PatchTST,stuck_sensor,6,8111,427,0.186315655708313,MSE,0.32950615882873535,0.7308433055877686,forecast,130.0,33,HULL,False,,,0.7369999885559082,2.1349663734436035,2.1349663734436035
ETTh1,PatchTST,stuck_sensor,6,8111,427,0.186315655708313,MSE,0.32950615882873535,0.7308433055877686,forecast,130.0,33,MUFL,True,,,8.38599967956543,8.867321014404297,-7.108168601989746
ETTh1,PatchTST,stuck_sensor,6,8111,427,0.186315655708313,MSE,0.32950615882873535,0.7308433055877686,forecast,130.0,33,MULL,False,,,-0.284000039100647,0.811524510383606,0.811524510383606
ETTh1,PatchTST,stuck_sensor,6,8111,427,0.186315655708313,MSE,0.32950615882873535,0.7308433055877686,forecast,130.0,33,LUFL,False,,,3.746000051498413,4.226411819458008,4.226411819458008
ETTh1,PatchTST,stuck_sensor,6,8111,427,0.186315655708313,MSE,0.32950615882873535,0.7308433055877686,forecast,130.0,33,LULL,False,,,0.5479999780654907,0.5727126598358154,0.5727126598358154
ETTh1,PatchTST,stuck_sensor,6,8111,427,0.186315655708313,MSE,0.32950615882873535,0.7308433055877686,forecast,130.0,33,OT,False,,,5.628000259399414,4.197827339172363,4.197827339172363
ETTh1,PatchTST,stuck_sensor,6,8111,427,0.186315655708313,MSE,0.32950615882873535,0.7308433055877686,forecast,131.0,34,HUFL,False,,,11.788000106811523,12.827654838562012,12.827654838562012
ETTh1,PatchTST,stuck_sensor,6,8111,427,0.186315655708313,MSE,0.32950615882873535,0.7308433055877686,forecast,131.0,34,HULL,False,,,0.6700000762939453,2.1134750843048096,2.1134750843048096
ETTh1,PatchTST,stuck_sensor,6,8111,427,0.186315655708313,MSE,0.32950615882873535,0.7308433055877686,forecast,131.0,34,MUFL,True,,,8.35099983215332,9.201810836791992,-6.195348739624023
ETTh1,PatchTST,stuck_sensor,6,8111,427,0.186315655708313,MSE,0.32950615882873535,0.7308433055877686,forecast,131.0,34,MULL,False,,,-0.21299999952316284,0.8098645210266113,0.8098645210266113
ETTh1,PatchTST,stuck_sensor,6,8111,427,0.186315655708313,MSE,0.32950615882873535,0.7308433055877686,forecast,131.0,34,LUFL,False,,,3.4110000133514404,4.244731903076172,4.244731903076172
ETTh1,PatchTST,stuck_sensor,6,8111,427,0.186315655708313,MSE,0.32950615882873535,0.7308433055877686,forecast,131.0,34,LULL,False,,,0.5180000066757202,0.5612412691116333,0.5612412691116333
ETTh1,PatchTST,stuck_sensor,6,8111,427,0.186315655708313,MSE,0.32950615882873535,0.7308433055877686,forecast,131.0,34,OT,False,,,5.48699951171875,4.631351470947266,4.631351470947266
ETTh1,PatchTST,stuck_sensor,6,8111,427,0.186315655708313,MSE,0.32950615882873535,0.7308433055877686,forecast,132.0,35,HUFL,False,,,10.449000358581543,11.961292266845703,11.961292266845703
ETTh1,PatchTST,stuck_sensor,6,8111,427,0.186315655708313,MSE,0.32950615882873535,0.7308433055877686,forecast,132.0,35,HULL,False,,,0.6029999256134033,1.9466363191604614,1.9466363191604614
ETTh1,PatchTST,stuck_sensor,6,8111,427,0.186315655708313,MSE,0.32950615882873535,0.7308433055877686,forecast,132.0,35,MUFL,True,,,7.427000045776367,8.606266975402832,-4.982390403747559
ETTh1,PatchTST,stuck_sensor,6,8111,427,0.186315655708313,MSE,0.32950615882873535,0.7308433055877686,forecast,132.0,35,MULL,False,,,-0.284000039100647,0.742224931716919,0.742224931716919
ETTh1,PatchTST,stuck_sensor,6,8111,427,0.186315655708313,MSE,0.32950615882873535,0.7308433055877686,forecast,132.0,35,LUFL,False,,,2.9240000247955322,3.9529805183410645,3.9529805183410645
ETTh1,PatchTST,stuck_sensor,6,8111,427,0.186315655708313,MSE,0.32950615882873535,0.7308433055877686,forecast,132.0,35,LULL,False,,,0.4869999885559082,0.5357402563095093,0.5357402563095093
ETTh1,PatchTST,stuck_sensor,6,8111,427,0.186315655708313,MSE,0.32950615882873535,0.7308433055877686,forecast,132.0,35,OT,False,,,4.36199951171875,4.907876968383789,4.907876968383789
ETTh1,PatchTST,stuck_sensor,6,8111,427,0.186315655708313,MSE,0.32950615882873535,0.7308433055877686,forecast,133.0,36,HUFL,False,,,8.640000343322754,9.267848014831543,9.267848014831543
ETTh1,PatchTST,stuck_sensor,6,8111,427,0.186315655708313,MSE,0.32950615882873535,0.7308433055877686,forecast,133.0,36,HULL,False,,,0.33500003814697266,1.7099626064300537,1.7099626064300537
ETTh1,PatchTST,stuck_sensor,6,8111,427,0.186315655708313,MSE,0.32950615882873535,0.7308433055877686,forecast,133.0,36,MUFL,True,,,6.324999809265137,6.7242431640625,-6.771493911743164
ETTh1,PatchTST,stuck_sensor,6,8111,427,0.186315655708313,MSE,0.32950615882873535,0.7308433055877686,forecast,133.0,36,MULL,False,,,-0.4259999990463257,0.6419415473937988,0.6419415473937988
ETTh1,PatchTST,stuck_sensor,6,8111,427,0.186315655708313,MSE,0.32950615882873535,0.7308433055877686,forecast,133.0,36,LUFL,False,,,2.3450000286102295,3.3771309852600098,3.3771309852600098
ETTh1,PatchTST,stuck_sensor,6,8111,427,0.186315655708313,MSE,0.32950615882873535,0.7308433055877686,forecast,133.0,36,LULL,False,,,0.4569999873638153,0.5177522897720337,0.5177522897720337
ETTh1,PatchTST,stuck_sensor,6,8111,427,0.186315655708313,MSE,0.32950615882873535,0.7308433055877686,forecast,133.0,36,OT,False,,,4.642999649047852,4.7636308670043945,4.7636308670043945
ETTh1,PatchTST,stuck_sensor,6,8111,427,0.186315655708313,MSE,0.32950615882873535,0.7308433055877686,forecast,134.0,37,HUFL,False,,,7.099999904632568,6.915762424468994,6.915762424468994
ETTh1,PatchTST,stuck_sensor,6,8111,427,0.186315655708313,MSE,0.32950615882873535,0.7308433055877686,forecast,134.0,37,HULL,False,,,0.13400006294250488,1.462793231010437,1.462793231010437
ETTh1,PatchTST,stuck_sensor,6,8111,427,0.186315655708313,MSE,0.32950615882873535,0.7308433055877686,forecast,134.0,37,MUFL,True,,,5.046000003814697,5.188780784606934,-7.584664344787598
ETTh1,PatchTST,stuck_sensor,6,8111,427,0.186315655708313,MSE,0.32950615882873535,0.7308433055877686,forecast,134.0,37,MULL,False,,,-0.5690000057220459,0.5102417469024658,0.5102417469024658
ETTh1,PatchTST,stuck_sensor,6,8111,427,0.186315655708313,MSE,0.32950615882873535,0.7308433055877686,forecast,134.0,37,LUFL,False,,,1.9490000009536743,2.8119590282440186,2.8119590282440186
ETTh1,PatchTST,stuck_sensor,6,8111,427,0.186315655708313,MSE,0.32950615882873535,0.7308433055877686,forecast,134.0,37,LULL,False,,,0.4259999990463257,0.5076916217803955,0.5076916217803955
ETTh1,PatchTST,stuck_sensor,6,8111,427,0.186315655708313,MSE,0.32950615882873535,0.7308433055877686,forecast,134.0,37,OT,False,,,3.868999481201172,4.956560134887695,4.956560134887695
ETTh1,PatchTST,stuck_sensor,6,8111,427,0.186315655708313,MSE,0.32950615882873535,0.7308433055877686,forecast,135.0,38,HUFL,False,,,6.0279998779296875,5.747123718261719,5.747123718261719
ETTh1,PatchTST,stuck_sensor,6,8111,427,0.186315655708313,MSE,0.32950615882873535,0.7308433055877686,forecast,135.0,38,HULL,False,,,0.0,1.3039515018463135,1.3039515018463135
ETTh1,PatchTST,stuck_sensor,6,8111,427,0.186315655708313,MSE,0.32950615882873535,0.7308433055877686,forecast,135.0,38,MUFL,True,,,4.300000190734863,4.541949272155762,-7.1463518142700195
ETTh1,PatchTST,stuck_sensor,6,8111,427,0.186315655708313,MSE,0.32950615882873535,0.7308433055877686,forecast,135.0,38,MULL,False,,,-0.6039999723434448,0.4211868941783905,0.4211868941783905
ETTh1,PatchTST,stuck_sensor,6,8111,427,0.186315655708313,MSE,0.32950615882873535,0.7308433055877686,forecast,135.0,38,LUFL,False,,,1.7360000610351562,2.5588109493255615,2.5588109493255615
ETTh1,PatchTST,stuck_sensor,6,8111,427,0.186315655708313,MSE,0.32950615882873535,0.7308433055877686,forecast,135.0,38,LULL,False,,,0.4259999990463257,0.4961879551410675,0.4961879551410675
ETTh1,PatchTST,stuck_sensor,6,8111,427,0.186315655708313,MSE,0.32950615882873535,0.7308433055877686,forecast,135.0,38,OT,False,,,3.868999481201172,4.741551399230957,4.741551399230957
ETTh1,PatchTST,stuck_sensor,6,8111,427,0.186315655708313,MSE,0.32950615882873535,0.7308433055877686,forecast,136.0,39,HUFL,False,,,5.625999927520752,5.313985824584961,5.313985824584961
ETTh1,PatchTST,stuck_sensor,6,8111,427,0.186315655708313,MSE,0.32950615882873535,0.7308433055877686,forecast,136.0,39,HULL,False,,,0.06700003147125244,1.2571109533309937,1.2571109533309937
ETTh1,PatchTST,stuck_sensor,6,8111,427,0.186315655708313,MSE,0.32950615882873535,0.7308433055877686,forecast,136.0,39,MUFL,True,,,3.9800000190734863,4.25609827041626,-7.380345344543457
ETTh1,PatchTST,stuck_sensor,6,8111,427,0.186315655708313,MSE,0.32950615882873535,0.7308433055877686,forecast,136.0,39,MULL,False,,,-0.5690000057220459,0.390720009803772,0.390720009803772
ETTh1,PatchTST,stuck_sensor,6,8111,427,0.186315655708313,MSE,0.32950615882873535,0.7308433055877686,forecast,136.0,39,LUFL,False,,,1.6449999809265137,2.4159529209136963,2.4159529209136963
ETTh1,PatchTST,stuck_sensor,6,8111,427,0.186315655708313,MSE,0.32950615882873535,0.7308433055877686,forecast,136.0,39,LULL,False,,,0.4569999873638153,0.49290013313293457,0.49290013313293457
ETTh1,PatchTST,stuck_sensor,6,8111,427,0.186315655708313,MSE,0.32950615882873535,0.7308433055877686,forecast,136.0,39,OT,False,,,3.305999755859375,4.715320587158203,4.715320587158203
ETTh1,PatchTST,stuck_sensor,6,8111,427,0.186315655708313,MSE,0.32950615882873535,0.7308433055877686,forecast,137.0,40,HUFL,False,,,5.357999801635742,4.052664756774902,4.052664756774902
ETTh1,PatchTST,stuck_sensor,6,8111,427,0.186315655708313,MSE,0.32950615882873535,0.7308433055877686,forecast,137.0,40,HULL,False,,,0.06700003147125244,1.162453293800354,1.162453293800354
ETTh1,PatchTST,stuck_sensor,6,8111,427,0.186315655708313,MSE,0.32950615882873535,0.7308433055877686,forecast,137.0,40,MUFL,True,,,3.696000099182129,3.2634835243225098,-7.4123382568359375
ETTh1,PatchTST,stuck_sensor,6,8111,427,0.186315655708313,MSE,0.32950615882873535,0.7308433055877686,forecast,137.0,40,MULL,False,,,-0.6039999723434448,0.33990246057510376,0.33990246057510376
ETTh1,PatchTST,stuck_sensor,6,8111,427,0.186315655708313,MSE,0.32950615882873535,0.7308433055877686,forecast,137.0,40,LUFL,False,,,1.6139999628067017,2.2291436195373535,2.2291436195373535
ETTh1,PatchTST,stuck_sensor,6,8111,427,0.186315655708313,MSE,0.32950615882873535,0.7308433055877686,forecast,137.0,40,LULL,False,,,0.4569999873638153,0.4812380373477936,0.4812380373477936
ETTh1,PatchTST,stuck_sensor,6,8111,427,0.186315655708313,MSE,0.32950615882873535,0.7308433055877686,forecast,137.0,40,OT,False,,,3.447000503540039,4.55659294128418,4.55659294128418
ETTh1,PatchTST,stuck_sensor,6,8111,427,0.186315655708313,MSE,0.32950615882873535,0.7308433055877686,forecast,138.0,41,HUFL,False,,,5.090000152587891,3.2359046936035156,3.2359046936035156
ETTh1,PatchTST,stuck_sensor,6,8111,427,0.186315655708313,MSE,0.32950615882873535,0.7308433055877686,forecast,138.0,41,HULL,False,,,0.0,1.0104961395263672,1.0104961395263672
ETTh1,PatchTST,stuck_sensor,6,8111,427,0.186315655708313,MSE,0.32950615882873535,0.7308433055877686,forecast,138.0,41,MUFL,True,,,3.5889999866485596,2.6704444885253906,-6.199460983276367
ETTh1,PatchTST,stuck_sensor,6,8111,427,0.186315655708313,MSE,0.32950615882873535,0.7308433055877686,forecast,138.0,41,MULL,False,,,-0.6039999723434448,0.2566975951194763,0.2566975951194763
ETTh1,PatchTST,stuck_sensor,6,8111,427,0.186315655708313,MSE,0.32950615882873535,0.7308433055877686,forecast,138.0,41,LUFL,False,,,1.4620000123977661,2.1319308280944824,2.1319308280944824
ETTh1,PatchTST,stuck_sensor,6,8111,427,0.186315655708313,MSE,0.32950615882873535,0.7308433055877686,forecast,138.0,41,LULL,False,,,0.4259999990463257,0.46954619884490967,0.46954619884490967
ETTh1,PatchTST,stuck_sensor,6,8111,427,0.186315655708313,MSE,0.32950615882873535,0.7308433055877686,forecast,138.0,41,OT,False,,,3.305999755859375,4.424409866333008,4.424409866333008
ETTh1,PatchTST,stuck_sensor,6,8111,427,0.186315655708313,MSE,0.32950615882873535,0.7308433055877686,forecast,139.0,42,HUFL,False,,,5.223999977111816,2.792280673980713,2.792280673980713
ETTh1,PatchTST,stuck_sensor,6,8111,427,0.186315655708313,MSE,0.32950615882873535,0.7308433055877686,forecast,139.0,42,HULL,False,,,0.0,1.0035526752471924,1.0035526752471924
ETTh1,PatchTST,stuck_sensor,6,8111,427,0.186315655708313,MSE,0.32950615882873535,0.7308433055877686,forecast,139.0,42,MUFL,True,,,3.5889999866485596,1.872251272201538,-5.916716575622559
ETTh1,PatchTST,stuck_sensor,6,8111,427,0.186315655708313,MSE,0.32950615882873535,0.7308433055877686,forecast,139.0,42,MULL,False,,,-0.6039999723434448,0.24082252383232117,0.24082252383232117
ETTh1,PatchTST,stuck_sensor,6,8111,427,0.186315655708313,MSE,0.32950615882873535,0.7308433055877686,forecast,139.0,42,LUFL,False,,,1.6449999809265137,2.2904577255249023,2.2904577255249023
ETTh1,PatchTST,stuck_sensor,6,8111,427,0.186315655708313,MSE,0.32950615882873535,0.7308433055877686,forecast,139.0,42,LULL,False,,,0.4259999990463257,0.46559977531433105,0.46559977531433105
ETTh1,PatchTST,stuck_sensor,6,8111,427,0.186315655708313,MSE,0.32950615882873535,0.7308433055877686,forecast,139.0,42,OT,False,,,2.743999481201172,4.212990760803223,4.212990760803223
ETTh1,PatchTST,stuck_sensor,6,8111,427,0.186315655708313,MSE,0.32950615882873535,0.7308433055877686,forecast,140.0,43,HUFL,False,,,5.559000015258789,3.1785106658935547,3.1785106658935547
ETTh1,PatchTST,stuck_sensor,6,8111,427,0.186315655708313,MSE,0.32950615882873535,0.7308433055877686,forecast,140.0,43,HULL,False,,,0.0,1.0537924766540527,1.0537924766540527
ETTh1,PatchTST,stuck_sensor,6,8111,427,0.186315655708313,MSE,0.32950615882873535,0.7308433055877686,forecast,140.0,43,MUFL,True,,,3.7669999599456787,1.9625725746154785,-6.8545074462890625
ETTh1,PatchTST,stuck_sensor,6,8111,427,0.186315655708313,MSE,0.32950615882873535,0.7308433055877686,forecast,140.0,43,MULL,False,,,-0.6749999523162842,0.25060218572616577,0.25060218572616577
ETTh1,PatchTST,stuck_sensor,6,8111,427,0.186315655708313,MSE,0.32950615882873535,0.7308433055877686,forecast,140.0,43,LUFL,False,,,1.7360000610351562,2.4540224075317383,2.4540224075317383
ETTh1,PatchTST,stuck_sensor,6,8111,427,0.186315655708313,MSE,0.32950615882873535,0.7308433055877686,forecast,140.0,43,LULL,False,,,0.4259999990463257,0.47729161381721497,0.47729161381721497
ETTh1,PatchTST,stuck_sensor,6,8111,427,0.186315655708313,MSE,0.32950615882873535,0.7308433055877686,forecast,140.0,43,OT,False,,,3.1660003662109375,4.1445207595825195,4.1445207595825195
ETTh1,PatchTST,stuck_sensor,6,8111,427,0.186315655708313,MSE,0.32950615882873535,0.7308433055877686,forecast,141.0,44,HUFL,False,,,9.041999816894531,4.419478416442871,4.419478416442871
ETTh1,PatchTST,stuck_sensor,6,8111,427,0.186315655708313,MSE,0.32950615882873535,0.7308433055877686,forecast,141.0,44,HULL,False,,,0.46899986267089844,1.199589490890503,1.199589490890503
ETTh1,PatchTST,stuck_sensor,6,8111,427,0.186315655708313,MSE,0.32950615882873535,0.7308433055877686,forecast,141.0,44,MUFL,True,,,5.756999969482422,2.4558844566345215,-5.777523994445801
ETTh1,PatchTST,stuck_sensor,6,8111,427,0.186315655708313,MSE,0.32950615882873535,0.7308433055877686,forecast,141.0,44,MULL,False,,,-0.5690000057220459,0.3013095557689667,0.3013095557689667
ETTh1,PatchTST,stuck_sensor,6,8111,427,0.186315655708313,MSE,0.32950615882873535,0.7308433055877686,forecast,141.0,44,LUFL,False,,,3.319999933242798,3.0047857761383057,3.0047857761383057
ETTh1,PatchTST,stuck_sensor,6,8111,427,0.186315655708313,MSE,0.32950615882873535,0.7308433055877686,forecast,141.0,44,LULL,False,,,0.7609999775886536,0.5041027069091797,0.5041027069091797
ETTh1,PatchTST,stuck_sensor,6,8111,427,0.186315655708313,MSE,0.32950615882873535,0.7308433055877686,forecast,141.0,44,OT,False,,,4.079999923706055,4.289137840270996,4.289137840270996
ETTh1,PatchTST,stuck_sensor,6,8111,427,0.186315655708313,MSE,0.32950615882873535,0.7308433055877686,forecast,142.0,45,HUFL,False,,,9.645000457763672,3.752981185913086,3.752981185913086
ETTh1,PatchTST,stuck_sensor,6,8111,427,0.186315655708313,MSE,0.32950615882873535,0.7308433055877686,forecast,142.0,45,HULL,False,,,0.6700000762939453,1.2957890033721924,1.2957890033721924
ETTh1,PatchTST,stuck_sensor,6,8111,427,0.186315655708313,MSE,0.32950615882873535,0.7308433055877686,forecast,142.0,45,MUFL,True,,,6.183000087738037,1.1771717071533203,-6.443970680236816
ETTh1,PatchTST,stuck_sensor,6,8111,427,0.186315655708313,MSE,0.32950615882873535,0.7308433055877686,forecast,142.0,45,MULL,False,,,-0.39100003242492676,0.3468520939350128,0.3468520939350128
ETTh1,PatchTST,stuck_sensor,6,8111,427,0.186315655708313,MSE,0.32950615882873535,0.7308433055877686,forecast,142.0,45,LUFL,False,,,3.4719998836517334,3.3560216426849365,3.3560216426849365
ETTh1,PatchTST,stuck_sensor,6,8111,427,0.186315655708313,MSE,0.32950615882873535,0.7308433055877686,forecast,142.0,45,LULL,False,,,0.8529999852180481,0.5465206503868103,0.5465206503868103
ETTh1,PatchTST,stuck_sensor,6,8111,427,0.186315655708313,MSE,0.32950615882873535,0.7308433055877686,forecast,142.0,45,OT,False,,,3.6579999923706055,4.351797103881836,4.351797103881836
ETTh1,PatchTST,stuck_sensor,6,8111,427,0.186315655708313,MSE,0.32950615882873535,0.7308433055877686,forecast,143.0,46,HUFL,False,,,3.884999990463257,1.4645099639892578,1.4645099639892578
ETTh1,PatchTST,stuck_sensor,6,8111,427,0.186315655708313,MSE,0.32950615882873535,0.7308433055877686,forecast,143.0,46,HULL,False,,,0.33500003814697266,1.368539571762085,1.368539571762085
ETTh1,PatchTST,stuck_sensor,6,8111,427,0.186315655708313,MSE,0.32950615882873535,0.7308433055877686,forecast,143.0,46,MUFL,True,,,-0.7820000648498535,-1.3770694732666016,-8.101306915283203
ETTh1,PatchTST,stuck_sensor,6,8111,427,0.186315655708313,MSE,0.32950615882873535,0.7308433055877686,forecast,143.0,46,MULL,False,,,-0.6039999723434448,0.38700297474861145,0.38700297474861145
ETTh1,PatchTST,stuck_sensor,6,8111,427,0.186315655708313,MSE,0.32950615882873535,0.7308433055877686,forecast,143.0,46,LUFL,False,,,3.1070001125335693,3.3294858932495117,3.3294858932495117
ETTh1,PatchTST,stuck_sensor,6,8111,427,0.186315655708313,MSE,0.32950615882873535,0.7308433055877686,forecast,143.0,46,LULL,False,,,0.8830000162124634,0.5758564472198486,0.5758564472198486
ETTh1,PatchTST,stuck_sensor,6,8111,427,0.186315655708313,MSE,0.32950615882873535,0.7308433055877686,forecast,143.0,46,OT,False,,,2.814000129699707,4.248224258422852,4.248224258422852
ETTh1,PatchTST,stuck_sensor,6,8111,427,0.186315655708313,MSE,0.32950615882873535,0.7308433055877686,forecast,144.0,47,HUFL,False,,,4.889999866485596,-1.3745427131652832,-1.3745427131652832
ETTh1,PatchTST,stuck_sensor,6,8111,427,0.186315655708313,MSE,0.32950615882873535,0.7308433055877686,forecast,144.0,47,HULL,False,,,0.6029999256134033,1.4392602443695068,1.4392602443695068
ETTh1,PatchTST,stuck_sensor,6,8111,427,0.186315655708313,MSE,0.32950615882873535,0.7308433055877686,forecast,144.0,47,MUFL,True,,,1.9900000095367432,-4.093184471130371,-10.574782371520996
ETTh1,PatchTST,stuck_sensor,6,8111,427,0.186315655708313,MSE,0.32950615882873535,0.7308433055877686,forecast,144.0,47,MULL,False,,,-0.4259999990463257,0.43352824449539185,0.43352824449539185
ETTh1,PatchTST,stuck_sensor,6,8111,427,0.186315655708313,MSE,0.32950615882873535,0.7308433055877686,forecast,144.0,47,LUFL,False,,,3.015000104904175,3.26362681388855,3.26362681388855
ETTh1,PatchTST,stuck_sensor,6,8111,427,0.186315655708313,MSE,0.32950615882873535,0.7308433055877686,forecast,144.0,47,LULL,False,,,0.9139999747276306,0.5756769180297852,0.5756769180297852
ETTh1,PatchTST,stuck_sensor,6,8111,427,0.186315655708313,MSE,0.32950615882873535,0.7308433055877686,forecast,144.0,47,OT,False,,,3.305999755859375,4.180872917175293,4.180872917175293
ETTh1,PatchTST,stuck_sensor,6,8111,427,0.186315655708313,MSE,0.32950615882873535,0.7308433055877686,forecast,145.0,48,HUFL,False,,,-0.6030001640319824,-1.8720641136169434,-1.8720641136169434
ETTh1,PatchTST,stuck_sensor,6,8111,427,0.186315655708313,MSE,0.32950615882873535,0.7308433055877686,forecast,145.0,48,HULL,False,,,0.46899986267089844,1.4132616519927979,1.4132616519927979
ETTh1,PatchTST,stuck_sensor,6,8111,427,0.186315655708313,MSE,0.32950615882873535,0.7308433055877686,forecast,145.0,48,MUFL,True,,,-3.908999443054199,-4.532271385192871,-7.853812217712402
ETTh1,PatchTST,stuck_sensor,6,8111,427,0.186315655708313,MSE,0.32950615882873535,0.7308433055877686,forecast,145.0,48,MULL,False,,,-0.4620000123977661,0.4200429320335388,0.4200429320335388
ETTh1,PatchTST,stuck_sensor,6,8111,427,0.186315655708313,MSE,0.32950615882873535,0.7308433055877686,forecast,145.0,48,LUFL,False,,,3.259000062942505,3.26615047454834,3.26615047454834
ETTh1,PatchTST,stuck_sensor,6,8111,427,0.186315655708313,MSE,0.32950615882873535,0.7308433055877686,forecast,145.0,48,LULL,False,,,0.8830000162124634,0.5929490327835083,0.5929490327835083
ETTh1,PatchTST,stuck_sensor,6,8111,427,0.186315655708313,MSE,0.32950615882873535,0.7308433055877686,forecast,145.0,48,OT,False,,,4.432000160217285,4.114250183105469,4.114250183105469
ETTh1,PatchTST,stuck_sensor,6,8111,427,0.186315655708313,MSE,0.32950615882873535,0.7308433055877686,forecast,146.0,49,HUFL,False,,,-8.840999603271484,-2.3841614723205566,-2.3841614723205566
ETTh1,PatchTST,stuck_sensor,6,8111,427,0.186315655708313,MSE,0.32950615882873535,0.7308433055877686,forecast,146.0,49,HULL,False,,,0.5360000133514404,1.4652613401412964,1.4652613401412964
ETTh1,PatchTST,stuck_sensor,6,8111,427,0.186315655708313,MSE,0.32950615882873535,0.7308433055877686,forecast,146.0,49,MUFL,True,,,-11.512999534606934,-5.081067085266113,-8.40960693359375
ETTh1,PatchTST,stuck_sensor,6,8111,427,0.186315655708313,MSE,0.32950615882873535,0.7308433055877686,forecast,146.0,49,MULL,False,,,-0.31999993324279785,0.4737624526023865,0.4737624526023865
ETTh1,PatchTST,stuck_sensor,6,8111,427,0.186315655708313,MSE,0.32950615882873535,0.7308433055877686,forecast,146.0,49,LUFL,False,,,2.4059998989105225,3.198709487915039,3.198709487915039
ETTh1,PatchTST,stuck_sensor,6,8111,427,0.186315655708313,MSE,0.32950615882873535,0.7308433055877686,forecast,146.0,49,LULL,False,,,0.7310000061988831,0.5926206707954407,0.5926206707954407
ETTh1,PatchTST,stuck_sensor,6,8111,427,0.186315655708313,MSE,0.32950615882873535,0.7308433055877686,forecast,146.0,49,OT,False,,,5.205999374389648,3.862368583679199,3.862368583679199
ETTh1,PatchTST,stuck_sensor,6,8111,427,0.186315655708313,MSE,0.32950615882873535,0.7308433055877686,forecast,147.0,50,HUFL,False,,,-3.4159998893737793,-0.4917283058166504,-0.4917283058166504
ETTh1,PatchTST,stuck_sensor,6,8111,427,0.186315655708313,MSE,0.32950615882873535,0.7308433055877686,forecast,147.0,50,HULL,False,,,0.5360000133514404,1.6331100463867188,1.6331100463867188
ETTh1,PatchTST,stuck_sensor,6,8111,427,0.186315655708313,MSE,0.32950615882873535,0.7308433055877686,forecast,147.0,50,MUFL,True,,,-6.076000213623047,-3.131295680999756,-9.019980430603027
ETTh1,PatchTST,stuck_sensor,6,8111,427,0.186315655708313,MSE,0.32950615882873535,0.7308433055877686,forecast,147.0,50,MULL,False,,,-0.5690000057220459,0.5967601537704468,0.5967601537704468
ETTh1,PatchTST,stuck_sensor,6,8111,427,0.186315655708313,MSE,0.32950615882873535,0.7308433055877686,forecast,147.0,50,LUFL,False,,,2.4670000076293945,3.184694290161133,3.184694290161133
ETTh1,PatchTST,stuck_sensor,6,8111,427,0.186315655708313,MSE,0.32950615882873535,0.7308433055877686,forecast,147.0,50,LULL,False,,,1.0049999952316284,0.598565399646759,0.598565399646759
ETTh1,PatchTST,stuck_sensor,6,8111,427,0.186315655708313,MSE,0.32950615882873535,0.7308433055877686,forecast,147.0,50,OT,False,,,4.994999885559082,3.801218032836914,3.801218032836914
ETTh1,PatchTST,stuck_sensor,6,8111,427,0.186315655708313,MSE,0.32950615882873535,0.7308433055877686,forecast,148.0,51,HUFL,False,,,-1.6080002784729004,0.12138652801513672,0.12138652801513672
ETTh1,PatchTST,stuck_sensor,6,8111,427,0.186315655708313,MSE,0.32950615882873535,0.7308433055877686,forecast,148.0,51,HULL,False,,,0.20099997520446777,1.7018789052963257,1.7018789052963257
ETTh1,PatchTST,stuck_sensor,6,8111,427,0.186315655708313,MSE,0.32950615882873535,0.7308433055877686,forecast,148.0,51,MUFL,True,,,-4.335000038146973,-2.6077146530151367,-7.637803077697754
ETTh1,PatchTST,stuck_sensor,6,8111,427,0.186315655708313,MSE,0.32950615882873535,0.7308433055877686,forecast,148.0,51,MULL,False,,,-0.6039999723434448,0.6455382704734802,0.6455382704734802
ETTh1,PatchTST,stuck_sensor,6,8111,427,0.186315655708313,MSE,0.32950615882873535,0.7308433055877686,forecast,148.0,51,LUFL,False,,,2.3450000286102295,3.3346939086914062,3.3346939086914062
ETTh1,PatchTST,stuck_sensor,6,8111,427,0.186315655708313,MSE,0.32950615882873535,0.7308433055877686,forecast,148.0,51,LULL,False,,,1.065999984741211,0.602948009967804,0.602948009967804
ETTh1,PatchTST,stuck_sensor,6,8111,427,0.186315655708313,MSE,0.32950615882873535,0.7308433055877686,forecast,148.0,51,OT,False,,,5.276000022888184,3.8697328567504883,3.8697328567504883
ETTh1,PatchTST,stuck_sensor,6,8111,427,0.186315655708313,MSE,0.32950615882873535,0.7308433055877686,forecast,149.0,52,HUFL,False,,,2.4780001640319824,3.0882139205932617,3.0882139205932617
ETTh1,PatchTST,stuck_sensor,6,8111,427,0.186315655708313,MSE,0.32950615882873535,0.7308433055877686,forecast,149.0,52,HULL,False,,,0.2680000066757202,1.6779178380966187,1.6779178380966187
ETTh1,PatchTST,stuck_sensor,6,8111,427,0.186315655708313,MSE,0.32950615882873535,0.7308433055877686,forecast,149.0,52,MUFL,True,,,0.03599977493286133,0.313443660736084,-5.645200729370117
ETTh1,PatchTST,stuck_sensor,6,8111,427,0.186315655708313,MSE,0.32950615882873535,0.7308433055877686,forecast,149.0,52,MULL,False,,,-0.5329999923706055,0.6041032671928406,0.6041032671928406
ETTh1,PatchTST,stuck_sensor,6,8111,427,0.186315655708313,MSE,0.32950615882873535,0.7308433055877686,forecast,149.0,52,LUFL,False,,,2.4059998989105225,3.453322172164917,3.453322172164917
ETTh1,PatchTST,stuck_sensor,6,8111,427,0.186315655708313,MSE,0.32950615882873535,0.7308433055877686,forecast,149.0,52,LULL,False,,,0.7609999775886536,0.5971172451972961,0.5971172451972961
ETTh1,PatchTST,stuck_sensor,6,8111,427,0.186315655708313,MSE,0.32950615882873535,0.7308433055877686,forecast,149.0,52,OT,False,,,5.205999374389648,4.1322174072265625,4.1322174072265625
ETTh1,PatchTST,stuck_sensor,6,8111,427,0.186315655708313,MSE,0.32950615882873535,0.7308433055877686,forecast,150.0,53,HUFL,False,,,6.36299991607666,5.271746635437012,5.271746635437012
ETTh1,PatchTST,stuck_sensor,6,8111,427,0.186315655708313,MSE,0.32950615882873535,0.7308433055877686,forecast,150.0,53,HULL,False,,,1.1390000581741333,1.6509406566619873,1.6509406566619873
ETTh1,PatchTST,stuck_sensor,6,8111,427,0.186315655708313,MSE,0.32950615882873535,0.7308433055877686,forecast,150.0,53,MUFL,True,,,3.8380000591278076,2.2480738162994385,-5.737848281860352
ETTh1,PatchTST,stuck_sensor,6,8111,427,0.186315655708313,MSE,0.32950615882873535,0.7308433055877686,forecast,150.0,53,MULL,False,,,0.0,0.5702102184295654,0.5702102184295654
ETTh1,PatchTST,stuck_sensor,6,8111,427,0.186315655708313,MSE,0.32950615882873535,0.7308433055877686,forecast,150.0,53,LUFL,False,,,2.7109999656677246,3.463123321533203,3.463123321533203
ETTh1,PatchTST,stuck_sensor,6,8111,427,0.186315655708313,MSE,0.32950615882873535,0.7308433055877686,forecast,150.0,53,LULL,False,,,0.7310000061988831,0.5904765725135803,0.5904765725135803
ETTh1,PatchTST,stuck_sensor,6,8111,427,0.186315655708313,MSE,0.32950615882873535,0.7308433055877686,forecast,150.0,53,OT,False,,,4.854000091552734,3.8909683227539062,3.8909683227539062
ETTh1,PatchTST,stuck_sensor,6,8111,427,0.186315655708313,MSE,0.32950615882873535,0.7308433055877686,forecast,151.0,54,HUFL,False,,,9.243000030517578,7.075373649597168,7.075373649597168
ETTh1,PatchTST,stuck_sensor,6,8111,427,0.186315655708313,MSE,0.32950615882873535,0.7308433055877686,forecast,151.0,54,HULL,False,,,1.0720000267028809,1.649972915649414,1.649972915649414
ETTh1,PatchTST,stuck_sensor,6,8111,427,0.186315655708313,MSE,0.32950615882873535,0.7308433055877686,forecast,151.0,54,MUFL,True,,,5.934000015258789,3.9435503482818604,-6.979554176330566
ETTh1,PatchTST,stuck_sensor,6,8111,427,0.186315655708313,MSE,0.32950615882873535,0.7308433055877686,forecast,151.0,54,MULL,False,,,-0.1420000195503235,0.5656068325042725,0.5656068325042725
ETTh1,PatchTST,stuck_sensor,6,8111,427,0.186315655708313,MSE,0.32950615882873535,0.7308433055877686,forecast,151.0,54,LUFL,False,,,3.563999891281128,3.5817997455596924,3.5817997455596924
ETTh1,PatchTST,stuck_sensor,6,8111,427,0.186315655708313,MSE,0.32950615882873535,0.7308433055877686,forecast,151.0,54,LULL,False,,,0.8529999852180481,0.5805589556694031,0.5805589556694031
ETTh1,PatchTST,stuck_sensor,6,8111,427,0.186315655708313,MSE,0.32950615882873535,0.7308433055877686,forecast,151.0,54,OT,False,,,5.557000160217285,4.0386962890625,4.0386962890625
ETTh1,PatchTST,stuck_sensor,6,8111,427,0.186315655708313,MSE,0.32950615882873535,0.7308433055877686,forecast,152.0,55,HUFL,False,,,9.444000244140625,9.158567428588867,9.158567428588867
ETTh1,PatchTST,stuck_sensor,6,8111,427,0.186315655708313,MSE,0.32950615882873535,0.7308433055877686,forecast,152.0,55,HULL,False,,,0.46899986267089844,1.7493878602981567,1.7493878602981567
ETTh1,PatchTST,stuck_sensor,6,8111,427,0.186315655708313,MSE,0.32950615882873535,0.7308433055877686,forecast,152.0,55,MUFL,True,,,6.432000160217285,5.9128804206848145,-4.89509391784668
ETTh1,PatchTST,stuck_sensor,6,8111,427,0.186315655708313,MSE,0.32950615882873535,0.7308433055877686,forecast,152.0,55,MULL,False,,,-0.31999993324279785,0.6135998368263245,0.6135998368263245
ETTh1,PatchTST,stuck_sensor,6,8111,427,0.186315655708313,MSE,0.32950615882873535,0.7308433055877686,forecast,152.0,55,LUFL,False,,,2.9549999237060547,3.79905366897583,3.79905366897583
ETTh1,PatchTST,stuck_sensor,6,8111,427,0.186315655708313,MSE,0.32950615882873535,0.7308433055877686,forecast,152.0,55,LULL,False,,,0.5180000066757202,0.5767125487327576,0.5767125487327576
ETTh1,PatchTST,stuck_sensor,6,8111,427,0.186315655708313,MSE,0.32950615882873535,0.7308433055877686,forecast,152.0,55,OT,False,,,5.979000091552734,4.058341026306152,4.058341026306152
ETTh1,PatchTST,stuck_sensor,6,8111,427,0.186315655708313,MSE,0.32950615882873535,0.7308433055877686,forecast,153.0,56,HUFL,False,,,11.319999694824219,10.58816909790039,10.58816909790039
ETTh1,PatchTST,stuck_sensor,6,8111,427,0.186315655708313,MSE,0.32950615882873535,0.7308433055877686,forecast,153.0,56,HULL,False,,,0.6029999256134033,2.025733709335327,2.025733709335327
ETTh1,PatchTST,stuck_sensor,6,8111,427,0.186315655708313,MSE,0.32950615882873535,0.7308433055877686,forecast,153.0,56,MUFL,True,,,7.853000164031982,6.998394012451172,-5.206541061401367
ETTh1,PatchTST,stuck_sensor,6,8111,427,0.186315655708313,MSE,0.32950615882873535,0.7308433055877686,forecast,153.0,56,MULL,False,,,-0.21299999952316284,0.753093957901001,0.753093957901001
ETTh1,PatchTST,stuck_sensor,6,8111,427,0.186315655708313,MSE,0.32950615882873535,0.7308433055877686,forecast,153.0,56,LUFL,False,,,3.503000020980835,4.1362175941467285,4.1362175941467285
ETTh1,PatchTST,stuck_sensor,6,8111,427,0.186315655708313,MSE,0.32950615882873535,0.7308433055877686,forecast,153.0,56,LULL,False,,,0.4569999873638153,0.57779860496521,0.57779860496521
ETTh1,PatchTST,stuck_sensor,6,8111,427,0.186315655708313,MSE,0.32950615882873535,0.7308433055877686,forecast,153.0,56,OT,False,,,4.994999885559082,4.066225051879883,4.066225051879883
ETTh1,PatchTST,stuck_sensor,6,8111,427,0.186315655708313,MSE,0.32950615882873535,0.7308433055877686,forecast,154.0,57,HUFL,False,,,11.788000106811523,10.96415901184082,10.96415901184082
ETTh1,PatchTST,stuck_sensor,6,8111,427,0.186315655708313,MSE,0.32950615882873535,0.7308433055877686,forecast,154.0,57,HULL,False,,,0.7369999885559082,2.1608965396881104,2.1608965396881104
ETTh1,PatchTST,stuck_sensor,6,8111,427,0.186315655708313,MSE,0.32950615882873535,0.7308433055877686,forecast,154.0,57,MUFL,True,,,8.244000434875488,7.2590012550354,-4.911806106567383
ETTh1,PatchTST,stuck_sensor,6,8111,427,0.186315655708313,MSE,0.32950615882873535,0.7308433055877686,forecast,154.0,57,MULL,False,,,-0.17799997329711914,0.8148927688598633,0.8148927688598633
ETTh1,PatchTST,stuck_sensor,6,8111,427,0.186315655708313,MSE,0.32950615882873535,0.7308433055877686,forecast,154.0,57,LUFL,False,,,3.5329999923706055,4.272800922393799,4.272800922393799
ETTh1,PatchTST,stuck_sensor,6,8111,427,0.186315655708313,MSE,0.32950615882873535,0.7308433055877686,forecast,154.0,57,LULL,False,,,0.4869999885559082,0.5748829245567322,0.5748829245567322
ETTh1,PatchTST,stuck_sensor,6,8111,427,0.186315655708313,MSE,0.32950615882873535,0.7308433055877686,forecast,154.0,57,OT,False,,,5.346000671386719,4.189460754394531,4.189460754394531
ETTh1,PatchTST,stuck_sensor,6,8111,427,0.186315655708313,MSE,0.32950615882873535,0.7308433055877686,forecast,155.0,58,HUFL,False,,,11.588000297546387,11.547372817993164,11.547372817993164
ETTh1,PatchTST,stuck_sensor,6,8111,427,0.186315655708313,MSE,0.32950615882873535,0.7308433055877686,forecast,155.0,58,HULL,False,,,0.33500003814697266,2.1126620769500732,2.1126620769500732
ETTh1,PatchTST,stuck_sensor,6,8111,427,0.186315655708313,MSE,0.32950615882873535,0.7308433055877686,forecast,155.0,58,MUFL,True,,,8.10200023651123,7.956721305847168,-5.167729377746582
ETTh1,PatchTST,stuck_sensor,6,8111,427,0.186315655708313,MSE,0.32950615882873535,0.7308433055877686,forecast,155.0,58,MULL,False,,,-0.7109999656677246,0.7993596792221069,0.7993596792221069
ETTh1,PatchTST,stuck_sensor,6,8111,427,0.186315655708313,MSE,0.32950615882873535,0.7308433055877686,forecast,155.0,58,LUFL,False,,,3.4719998836517334,4.237689018249512,4.237689018249512
ETTh1,PatchTST,stuck_sensor,6,8111,427,0.186315655708313,MSE,0.32950615882873535,0.7308433055877686,forecast,155.0,58,LULL,False,,,0.5789999961853027,0.5712220668792725,0.5712220668792725
ETTh1,PatchTST,stuck_sensor,6,8111,427,0.186315655708313,MSE,0.32950615882873535,0.7308433055877686,forecast,155.0,58,OT,False,,,5.205999374389648,4.50933837890625,4.50933837890625
ETTh1,PatchTST,stuck_sensor,6,8111,427,0.186315655708313,MSE,0.32950615882873535,0.7308433055877686,forecast,156.0,59,HUFL,False,,,11.052000045776367,11.175337791442871,11.175337791442871
ETTh1,PatchTST,stuck_sensor,6,8111,427,0.186315655708313,MSE,0.32950615882873535,0.7308433055877686,forecast,156.0,59,HULL,False,,,1.1390000581741333,1.8994388580322266,1.8994388580322266
ETTh1,PatchTST,stuck_sensor,6,8111,427,0.186315655708313,MSE,0.32950615882873535,0.7308433055877686,forecast,156.0,59,MUFL,True,,,7.568999767303467,8.039977073669434,-4.080024719238281
ETTh1,PatchTST,stuck_sensor,6,8111,427,0.186315655708313,MSE,0.32950615882873535,0.7308433055877686,forecast,156.0,59,MULL,False,,,0.6399999856948853,0.7124504446983337,0.7124504446983337
ETTh1,PatchTST,stuck_sensor,6,8111,427,0.186315655708313,MSE,0.32950615882873535,0.7308433055877686,forecast,156.0,59,LUFL,False,,,2.8329999446868896,3.89233136177063,3.89233136177063
ETTh1,PatchTST,stuck_sensor,6,8111,427,0.186315655708313,MSE,0.32950615882873535,0.7308433055877686,forecast,156.0,59,LULL,False,,,0.5479999780654907,0.5460669994354248,0.5460669994354248
ETTh1,PatchTST,stuck_sensor,6,8111,427,0.186315655708313,MSE,0.32950615882873535,0.7308433055877686,forecast,156.0,59,OT,False,,,5.135000228881836,4.804375648498535,4.804375648498535
ETTh1,PatchTST,stuck_sensor,6,8111,427,0.186315655708313,MSE,0.32950615882873535,0.7308433055877686,forecast,157.0,60,HUFL,False,,,8.975000381469727,8.751263618469238,8.751263618469238
ETTh1,PatchTST,stuck_sensor,6,8111,427,0.186315655708313,MSE,0.32950615882873535,0.7308433055877686,forecast,157.0,60,HULL,False,,,1.3399999141693115,1.7201533317565918,1.7201533317565918
ETTh1,PatchTST,stuck_sensor,6,8111,427,0.186315655708313,MSE,0.32950615882873535,0.7308433055877686,forecast,157.0,60,MUFL,True,,,6.857999801635742,6.193271636962891,-5.103375434875488
ETTh1,PatchTST,stuck_sensor,6,8111,427,0.186315655708313,MSE,0.32950615882873535,0.7308433055877686,forecast,157.0,60,MULL,False,,,0.4259999990463257,0.6354429721832275,0.6354429721832275
ETTh1,PatchTST,stuck_sensor,6,8111,427,0.186315655708313,MSE,0.32950615882873535,0.7308433055877686,forecast,157.0,60,LUFL,False,,,2.375999927520752,3.4398300647735596,3.4398300647735596
ETTh1,PatchTST,stuck_sensor,6,8111,427,0.186315655708313,MSE,0.32950615882873535,0.7308433055877686,forecast,157.0,60,LULL,False,,,0.4869999885559082,0.5255745053291321,0.5255745053291321
ETTh1,PatchTST,stuck_sensor,6,8111,427,0.186315655708313,MSE,0.32950615882873535,0.7308433055877686,forecast,157.0,60,OT,False,,,4.923999786376953,4.773998260498047,4.773998260498047
ETTh1,PatchTST,stuck_sensor,6,8111,427,0.186315655708313,MSE,0.32950615882873535,0.7308433055877686,forecast,158.0,61,HUFL,False,,,8.371999740600586,6.435087203979492,6.435087203979492
ETTh1,PatchTST,stuck_sensor,6,8111,427,0.186315655708313,MSE,0.32950615882873535,0.7308433055877686,forecast,158.0,61,HULL,False,,,1.5410000085830688,1.488847255706787,1.488847255706787
ETTh1,PatchTST,stuck_sensor,6,8111,427,0.186315655708313,MSE,0.32950615882873535,0.7308433055877686,forecast,158.0,61,MUFL,True,,,6.040999889373779,4.60105037689209,-5.996326446533203
ETTh1,PatchTST,stuck_sensor,6,8111,427,0.186315655708313,MSE,0.32950615882873535,0.7308433055877686,forecast,158.0,61,MULL,False,,,0.4259999990463257,0.5130088329315186,0.5130088329315186
ETTh1,PatchTST,stuck_sensor,6,8111,427,0.186315655708313,MSE,0.32950615882873535,0.7308433055877686,forecast,158.0,61,LUFL,False,,,2.1019999980926514,2.92345929145813,2.92345929145813
ETTh1,PatchTST,stuck_sensor,6,8111,427,0.186315655708313,MSE,0.32950615882873535,0.7308433055877686,forecast,158.0,61,LULL,False,,,0.5180000066757202,0.5125290155410767,0.5125290155410767
ETTh1,PatchTST,stuck_sensor,6,8111,427,0.186315655708313,MSE,0.32950615882873535,0.7308433055877686,forecast,158.0,61,OT,False,,,5.135000228881836,4.681448936462402,4.681448936462402
ETTh1,PatchTST,stuck_sensor,6,8111,427,0.186315655708313,MSE,0.32950615882873535,0.7308433055877686,forecast,159.0,62,HUFL,False,,,7.301000118255615,4.787065029144287,4.787065029144287
ETTh1,PatchTST,stuck_sensor,6,8111,427,0.186315655708313,MSE,0.32950615882873535,0.7308433055877686,forecast,159.0,62,HULL,False,,,1.0049999952316284,1.3750221729278564,1.3750221729278564
ETTh1,PatchTST,stuck_sensor,6,8111,427,0.186315655708313,MSE,0.32950615882873535,0.7308433055877686,forecast,159.0,62,MUFL,True,,,5.295000076293945,3.424015998840332,-6.351512908935547
ETTh1,PatchTST,stuck_sensor,6,8111,427,0.186315655708313,MSE,0.32950615882873535,0.7308433055877686,forecast,159.0,62,MULL,False,,,0.17799997329711914,0.43277809023857117,0.43277809023857117
ETTh1,PatchTST,stuck_sensor,6,8111,427,0.186315655708313,MSE,0.32950615882873535,0.7308433055877686,forecast,159.0,62,LUFL,False,,,1.7970000505447388,2.7468183040618896,2.7468183040618896
ETTh1,PatchTST,stuck_sensor,6,8111,427,0.186315655708313,MSE,0.32950615882873535,0.7308433055877686,forecast,159.0,62,LULL,False,,,0.5180000066757202,0.503238320350647,0.503238320350647
ETTh1,PatchTST,stuck_sensor,6,8111,427,0.186315655708313,MSE,0.32950615882873535,0.7308433055877686,forecast,159.0,62,OT,False,,,4.642999649047852,4.836274147033691,4.836274147033691
ETTh1,PatchTST,stuck_sensor,6,8111,427,0.186315655708313,MSE,0.32950615882873535,0.7308433055877686,forecast,160.0,63,HUFL,False,,,6.831999778747559,4.287862777709961,4.287862777709961
ETTh1,PatchTST,stuck_sensor,6,8111,427,0.186315655708313,MSE,0.32950615882873535,0.7308433055877686,forecast,160.0,63,HULL,False,,,1.2730000019073486,1.3356672525405884,1.3356672525405884
ETTh1,PatchTST,stuck_sensor,6,8111,427,0.186315655708313,MSE,0.32950615882873535,0.7308433055877686,forecast,160.0,63,MUFL,True,,,4.513000011444092,3.2638754844665527,-6.549705505371094
ETTh1,PatchTST,stuck_sensor,6,8111,427,0.186315655708313,MSE,0.32950615882873535,0.7308433055877686,forecast,160.0,63,MULL,False,,,0.35499998927116394,0.4072078466415405,0.4072078466415405
ETTh1,PatchTST,stuck_sensor,6,8111,427,0.186315655708313,MSE,0.32950615882873535,0.7308433055877686,forecast,160.0,63,LUFL,False,,,1.7059998512268066,2.5685031414031982,2.5685031414031982
ETTh1,PatchTST,stuck_sensor,6,8111,427,0.186315655708313,MSE,0.32950615882873535,0.7308433055877686,forecast,160.0,63,LULL,False,,,0.5180000066757202,0.49880051612854004,0.49880051612854004
ETTh1,PatchTST,stuck_sensor,6,8111,427,0.186315655708313,MSE,0.32950615882873535,0.7308433055877686,forecast,160.0,63,OT,False,,,4.501999855041504,4.806573867797852,4.806573867797852
ETTh1,PatchTST,stuck_sensor,6,8111,427,0.186315655708313,MSE,0.32950615882873535,0.7308433055877686,forecast,161.0,64,HUFL,False,,,6.564000129699707,2.578098773956299,2.578098773956299
ETTh1,PatchTST,stuck_sensor,6,8111,427,0.186315655708313,MSE,0.32950615882873535,0.7308433055877686,forecast,161.0,64,HULL,False,,,1.2059999704360962,1.2002466917037964,1.2002466917037964
ETTh1,PatchTST,stuck_sensor,6,8111,427,0.186315655708313,MSE,0.32950615882873535,0.7308433055877686,forecast,161.0,64,MUFL,True,,,4.300000190734863,1.7891252040863037,-7.493908882141113
ETTh1,PatchTST,stuck_sensor,6,8111,427,0.186315655708313,MSE,0.32950615882873535,0.7308433055877686,forecast,161.0,64,MULL,False,,,0.0,0.3332642912864685,0.3332642912864685
ETTh1,PatchTST,stuck_sensor,6,8111,427,0.186315655708313,MSE,0.32950615882873535,0.7308433055877686,forecast,161.0,64,LUFL,False,,,1.6749999523162842,2.332099437713623,2.332099437713623
ETTh1,PatchTST,stuck_sensor,6,8111,427,0.186315655708313,MSE,0.32950615882873535,0.7308433055877686,forecast,161.0,64,LULL,False,,,0.4869999885559082,0.48700881004333496,0.48700881004333496
ETTh1,PatchTST,stuck_sensor,6,8111,427,0.186315655708313,MSE,0.32950615882873535,0.7308433055877686,forecast,161.0,64,OT,False,,,4.572999954223633,4.599114418029785,4.599114418029785
ETTh1,PatchTST,stuck_sensor,6,8111,427,0.186315655708313,MSE,0.32950615882873535,0.7308433055877686,forecast,162.0,65,HUFL,False,,,6.229000091552734,1.9660773277282715,1.9660773277282715
ETTh1,PatchTST,stuck_sensor,6,8111,427,0.186315655708313,MSE,0.32950615882873535,0.7308433055877686,forecast,162.0,65,HULL,False,,,1.1390000581741333,1.104557752609253,1.104557752609253
ETTh1,PatchTST,stuck_sensor,6,8111,427,0.186315655708313,MSE,0.32950615882873535,0.7308433055877686,forecast,162.0,65,MUFL,True,,,4.014999866485596,1.405179738998413,-7.008935928344727
ETTh1,PatchTST,stuck_sensor,6,8111,427,0.186315655708313,MSE,0.32950615882873535,0.7308433055877686,forecast,162.0,65,MULL,False,,,-0.03600001335144043,0.27596747875213623,0.27596747875213623
ETTh1,PatchTST,stuck_sensor,6,8111,427,0.186315655708313,MSE,0.32950615882873535,0.7308433055877686,forecast,162.0,65,LUFL,False,,,1.6449999809265137,2.337829113006592,2.337829113006592
ETTh1,PatchTST,stuck_sensor,6,8111,427,0.186315655708313,MSE,0.32950615882873535,0.7308433055877686,forecast,162.0,65,LULL,False,,,0.4869999885559082,0.48491254448890686,0.48491254448890686
ETTh1,PatchTST,stuck_sensor,6,8111,427,0.186315655708313,MSE,0.32950615882873535,0.7308433055877686,forecast,162.0,65,OT,False,,,4.642999649047852,4.457868576049805,4.457868576049805
ETTh1,PatchTST,stuck_sensor,6,8111,427,0.186315655708313,MSE,0.32950615882873535,0.7308433055877686,forecast,163.0,66,HUFL,False,,,6.36299991607666,2.142810344696045,2.142810344696045
ETTh1,PatchTST,stuck_sensor,6,8111,427,0.186315655708313,MSE,0.32950615882873535,0.7308433055877686,forecast,163.0,66,HULL,False,,,1.0720000267028809,1.0719059705734253,1.0719059705734253
ETTh1,PatchTST,stuck_sensor,6,8111,427,0.186315655708313,MSE,0.32950615882873535,0.7308433055877686,forecast,163.0,66,MUFL,True,,,4.192999839782715,1.2510194778442383,-6.767891883850098
ETTh1,PatchTST,stuck_sensor,6,8111,427,0.186315655708313,MSE,0.32950615882873535,0.7308433055877686,forecast,163.0,66,MULL,False,,,0.21299999952316284,0.25054582953453064,0.25054582953453064
ETTh1,PatchTST,stuck_sensor,6,8111,427,0.186315655708313,MSE,0.32950615882873535,0.7308433055877686,forecast,163.0,66,LUFL,False,,,1.4919999837875366,2.440089464187622,2.440089464187622
ETTh1,PatchTST,stuck_sensor,6,8111,427,0.186315655708313,MSE,0.32950615882873535,0.7308433055877686,forecast,163.0,66,LULL,False,,,0.3659999966621399,0.4835187494754791,0.4835187494754791
ETTh1,PatchTST,stuck_sensor,6,8111,427,0.186315655708313,MSE,0.32950615882873535,0.7308433055877686,forecast,163.0,66,OT,False,,,4.501999855041504,4.339902877807617,4.339902877807617
ETTh1,PatchTST,stuck_sensor,6,8111,427,0.186315655708313,MSE,0.32950615882873535,0.7308433055877686,forecast,164.0,67,HUFL,False,,,6.764999866485596,1.9601221084594727,1.9601221084594727
ETTh1,PatchTST,stuck_sensor,6,8111,427,0.186315655708313,MSE,0.32950615882873535,0.7308433055877686,forecast,164.0,67,HULL,False,,,0.46899986267089844,1.1202595233917236,1.1202595233917236
ETTh1,PatchTST,stuck_sensor,6,8111,427,0.186315655708313,MSE,0.32950615882873535,0.7308433055877686,forecast,164.0,67,MUFL,True,,,4.547999858856201,0.5439934730529785,-7.386130332946777
ETTh1,PatchTST,stuck_sensor,6,8111,427,0.186315655708313,MSE,0.32950615882873535,0.7308433055877686,forecast,164.0,67,MULL,False,,,-0.4620000123977661,0.25186872482299805,0.25186872482299805
ETTh1,PatchTST,stuck_sensor,6,8111,427,0.186315655708313,MSE,0.32950615882873535,0.7308433055877686,forecast,164.0,67,LUFL,False,,,1.7669999599456787,2.695366621017456,2.695366621017456
ETTh1,PatchTST,stuck_sensor,6,8111,427,0.186315655708313,MSE,0.32950615882873535,0.7308433055877686,forecast,164.0,67,LULL,False,,,0.4259999990463257,0.48966604471206665,0.48966604471206665
ETTh1,PatchTST,stuck_sensor,6,8111,427,0.186315655708313,MSE,0.32950615882873535,0.7308433055877686,forecast,164.0,67,OT,False,,,4.149999618530273,4.226640701293945,4.226640701293945
ETTh1,PatchTST,stuck_sensor,6,8111,427,0.186315655708313,MSE,0.32950615882873535,0.7308433055877686,forecast,165.0,68,HUFL,False,,,10.248000144958496,4.648931980133057,4.648931980133057
ETTh1,PatchTST,stuck_sensor,6,8111,427,0.186315655708313,MSE,0.32950615882873535,0.7308433055877686,forecast,165.0,68,HULL,False,,,0.6700000762939453,1.2646459341049194,1.2646459341049194
ETTh1,PatchTST,stuck_sensor,6,8111,427,0.186315655708313,MSE,0.32950615882873535,0.7308433055877686,forecast,165.0,68,MUFL,True,,,7.214000225067139,2.5350804328918457,-6.468288421630859
ETTh1,PatchTST,stuck_sensor,6,8111,427,0.186315655708313,MSE,0.32950615882873535,0.7308433055877686,forecast,165.0,68,MULL,False,,,-0.4259999990463257,0.31601718068122864,0.31601718068122864
ETTh1,PatchTST,stuck_sensor,6,8111,427,0.186315655708313,MSE,0.32950615882873535,0.7308433055877686,forecast,165.0,68,LUFL,False,,,2.86299991607666,3.220081090927124,3.220081090927124
ETTh1,PatchTST,stuck_sensor,6,8111,427,0.186315655708313,MSE,0.32950615882873535,0.7308433055877686,forecast,165.0,68,LULL,False,,,0.5789999961853027,0.5123056769371033,0.5123056769371033
ETTh1,PatchTST,stuck_sensor,6,8111,427,0.186315655708313,MSE,0.32950615882873535,0.7308433055877686,forecast,165.0,68,OT,False,,,4.572999954223633,4.350722312927246,4.350722312927246
ETTh1,PatchTST,stuck_sensor,6,8111,427,0.186315655708313,MSE,0.32950615882873535,0.7308433055877686,forecast,166.0,69,HUFL,False,,,7.099999904632568,3.9333879947662354,3.9333879947662354
ETTh1,PatchTST,stuck_sensor,6,8111,427,0.186315655708313,MSE,0.32950615882873535,0.7308433055877686,forecast,166.0,69,HULL,False,,,0.7369999885559082,1.3537347316741943,1.3537347316741943
ETTh1,PatchTST,stuck_sensor,6,8111,427,0.186315655708313,MSE,0.32950615882873535,0.7308433055877686,forecast,166.0,69,MUFL,True,,,3.552999973297119,1.3358447551727295,-6.555891036987305
ETTh1,PatchTST,stuck_sensor,6,8111,427,0.186315655708313,MSE,0.32950615882873535,0.7308433055877686,forecast,166.0,69,MULL,False,,,-0.9240000247955322,0.35469159483909607,0.35469159483909607
ETTh1,PatchTST,stuck_sensor,6,8111,427,0.186315655708313,MSE,0.32950615882873535,0.7308433055877686,forecast,166.0,69,LUFL,False,,,3.441999912261963,3.4911415576934814,3.4911415576934814
ETTh1,PatchTST,stuck_sensor,6,8111,427,0.186315655708313,MSE,0.32950615882873535,0.7308433055877686,forecast,166.0,69,LULL,False,,,0.8220000267028809,0.5514005422592163,0.5514005422592163
ETTh1,PatchTST,stuck_sensor,6,8111,427,0.186315655708313,MSE,0.32950615882873535,0.7308433055877686,forecast,166.0,69,OT,False,,,4.71299934387207,4.383358001708984,4.383358001708984
ETTh1,PatchTST,stuck_sensor,6,8111,427,0.186315655708313,MSE,0.32950615882873535,0.7308433055877686,forecast,167.0,70,HUFL,False,,,1.2059993743896484,1.4881596565246582,1.4881596565246582
ETTh1,PatchTST,stuck_sensor,6,8111,427,0.186315655708313,MSE,0.32950615882873535,0.7308433055877686,forecast,167.0,70,HULL,False,,,0.6700000762939453,1.410996913909912,1.410996913909912
ETTh1,PatchTST,stuck_sensor,6,8111,427,0.186315655708313,MSE,0.32950615882873535,0.7308433055877686,forecast,167.0,70,MUFL,True,,,-1.9190001487731934,-1.3700804710388184,-7.739167213439941
ETTh1,PatchTST,stuck_sensor,6,8111,427,0.186315655708313,MSE,0.32950615882873535,0.7308433055877686,forecast,167.0,70,MULL,False,,,-0.49699997901916504,0.39511868357658386,0.39511868357658386
ETTh1,PatchTST,stuck_sensor,6,8111,427,0.186315655708313,MSE,0.32950615882873535,0.7308433055877686,forecast,167.0,70,LUFL,False,,,2.86299991607666,3.4287772178649902,3.4287772178649902
ETTh1,PatchTST,stuck_sensor,6,8111,427,0.186315655708313,MSE,0.32950615882873535,0.7308433055877686,forecast,167.0,70,LULL,False,,,0.7609999775886536,0.5739337801933289,0.5739337801933289
ETTh1,PatchTST,stuck_sensor,6,8111,427,0.186315655708313,MSE,0.32950615882873535,0.7308433055877686,forecast,167.0,70,OT,False,,,5.346000671386719,4.3806047439575195,4.3806047439575195
ETTh1,PatchTST,stuck_sensor,6,8111,427,0.186315655708313,MSE,0.32950615882873535,0.7308433055877686,forecast,168.0,71,HUFL,False,,,-9.376998901367188,-1.980790615081787,-1.980790615081787
ETTh1,PatchTST,stuck_sensor,6,8111,427,0.186315655708313,MSE,0.32950615882873535,0.7308433055877686,forecast,168.0,71,HULL,False,,,1.4739999771118164,1.4017947912216187,1.4017947912216187
ETTh1,PatchTST,stuck_sensor,6,8111,427,0.186315655708313,MSE,0.32950615882873535,0.7308433055877686,forecast,168.0,71,MUFL,True,,,-12.685999870300293,-4.690503120422363,-9.013587951660156
ETTh1,PatchTST,stuck_sensor,6,8111,427,0.186315655708313,MSE,0.32950615882873535,0.7308433055877686,forecast,168.0,71,MULL,False,,,0.03600001335144043,0.3954666256904602,0.3954666256904602
ETTh1,PatchTST,stuck_sensor,6,8111,427,0.186315655708313,MSE,0.32950615882873535,0.7308433055877686,forecast,168.0,71,LUFL,False,,,2.61899995803833,3.2763915061950684,3.2763915061950684
ETTh1,PatchTST,stuck_sensor,6,8111,427,0.186315655708313,MSE,0.32950615882873535,0.7308433055877686,forecast,168.0,71,LULL,False,,,0.7609999775886536,0.5744761228561401,0.5744761228561401
ETTh1,PatchTST,stuck_sensor,6,8111,427,0.186315655708313,MSE,0.32950615882873535,0.7308433055877686,forecast,168.0,71,OT,False,,,6.190999984741211,4.140641212463379,4.140641212463379
ETTh1,PatchTST,stuck_sensor,6,8111,427,0.186315655708313,MSE,0.32950615882873535,0.7308433055877686,forecast,169.0,72,HUFL,False,,,-13.730998992919922,-2.7460484504699707,-2.7460484504699707
ETTh1,PatchTST,stuck_sensor,6,8111,427,0.186315655708313,MSE,0.32950615882873535,0.7308433055877686,forecast,169.0,72,HULL,False,,,1.6080000400543213,1.4186351299285889,1.4186351299285889
ETTh1,PatchTST,stuck_sensor,6,8111,427,0.186315655708313,MSE,0.32950615882873535,0.7308433055877686,forecast,169.0,72,MUFL,True,,,-16.986000061035156,-5.552366256713867,-8.043848991394043
ETTh1,PatchTST,stuck_sensor,6,8111,427,0.186315655708313,MSE,0.32950615882873535,0.7308433055877686,forecast,169.0,72,MULL,False,,,0.1420000195503235,0.4045335352420807,0.4045335352420807
ETTh1,PatchTST,stuck_sensor,6,8111,427,0.186315655708313,MSE,0.32950615882873535,0.7308433055877686,forecast,169.0,72,LUFL,False,,,2.8940000534057617,3.388967514038086,3.388967514038086
ETTh1,PatchTST,stuck_sensor,6,8111,427,0.186315655708313,MSE,0.32950615882873535,0.7308433055877686,forecast,169.0,72,LULL,False,,,0.7609999775886536,0.5871275067329407,0.5871275067329407
ETTh1,PatchTST,stuck_sensor,6,8111,427,0.186315655708313,MSE,0.32950615882873535,0.7308433055877686,forecast,169.0,72,OT,False,,,6.330999374389648,3.9180002212524414,3.9180002212524414
ETTh1,PatchTST,stuck_sensor,6,8111,427,0.186315655708313,MSE,0.32950615882873535,0.7308433055877686,forecast,170.0,73,HUFL,False,,,-17.214000701904297,-3.373971462249756,-3.373971462249756
ETTh1,PatchTST,stuck_sensor,6,8111,427,0.186315655708313,MSE,0.32950615882873535,0.7308433055877686,forecast,170.0,73,HULL,False,,,1.9420000314712524,1.5068540573120117,1.5068540573120117
ETTh1,PatchTST,stuck_sensor,6,8111,427,0.186315655708313,MSE,0.32950615882873535,0.7308433055877686,forecast,170.0,73,MUFL,True,,,-19.6510009765625,-6.114631652832031,-8.222824096679688
ETTh1,PatchTST,stuck_sensor,6,8111,427,0.186315655708313,MSE,0.32950615882873535,0.7308433055877686,forecast,170.0,73,MULL,False,,,0.5329999923706055,0.476914644241333,0.476914644241333
ETTh1,PatchTST,stuck_sensor,6,8111,427,0.186315655708313,MSE,0.32950615882873535,0.7308433055877686,forecast,170.0,73,LUFL,False,,,2.193000078201294,3.288299798965454,3.288299798965454
ETTh1,PatchTST,stuck_sensor,6,8111,427,0.186315655708313,MSE,0.32950615882873535,0.7308433055877686,forecast,170.0,73,LULL,False,,,0.6700000166893005,0.5915322303771973,0.5915322303771973
ETTh1,PatchTST,stuck_sensor,6,8111,427,0.186315655708313,MSE,0.32950615882873535,0.7308433055877686,forecast,170.0,73,OT,False,,,5.979000091552734,3.813528060913086,3.813528060913086
ETTh1,PatchTST,stuck_sensor,6,8111,427,0.186315655708313,MSE,0.32950615882873535,0.7308433055877686,forecast,171.0,74,HUFL,False,,,-16.878997802734375,-2.549254894256592,-2.549254894256592
ETTh1,PatchTST,stuck_sensor,6,8111,427,0.186315655708313,MSE,0.32950615882873535,0.7308433055877686,forecast,171.0,74,HULL,False,,,1.875,1.6676769256591797,1.6676769256591797
ETTh1,PatchTST,stuck_sensor,6,8111,427,0.186315655708313,MSE,0.32950615882873535,0.7308433055877686,forecast,171.0,74,MUFL,True,,,-19.580001831054688,-5.287182807922363,-8.838520050048828
ETTh1,PatchTST,stuck_sensor,6,8111,427,0.186315655708313,MSE,0.32950615882873535,0.7308433055877686,forecast,171.0,74,MULL,False,,,0.4970000088214874,0.5982471704483032,0.5982471704483032
ETTh1,PatchTST,stuck_sensor,6,8111,427,0.186315655708313,MSE,0.32950615882873535,0.7308433055877686,forecast,171.0,74,LUFL,False,,,1.9800000190734863,3.283907651901245,3.283907651901245
ETTh1,PatchTST,stuck_sensor,6,8111,427,0.186315655708313,MSE,0.32950615882873535,0.7308433055877686,forecast,171.0,74,LULL,False,,,0.7609999775886536,0.5997059941291809,0.5997059941291809
ETTh1,PatchTST,stuck_sensor,6,8111,427,0.186315655708313,MSE,0.32950615882873535,0.7308433055877686,forecast,171.0,74,OT,False,,,6.753000259399414,3.677361488342285,3.677361488342285
ETTh1,PatchTST,stuck_sensor,6,8111,427,0.186315655708313,MSE,0.32950615882873535,0.7308433055877686,forecast,172.0,75,HUFL,False,,,-15.204000473022461,-2.5049633979797363,-2.5049633979797363
ETTh1,PatchTST,stuck_sensor,6,8111,427,0.186315655708313,MSE,0.32950615882873535,0.7308433055877686,forecast,172.0,75,HULL,False,,,1.7410000562667847,1.6624157428741455,1.6624157428741455
ETTh1,PatchTST,stuck_sensor,6,8111,427,0.186315655708313,MSE,0.32950615882873535,0.7308433055877686,forecast,172.0,75,MUFL,True,,,-17.305999755859375,-5.00206184387207,-8.418950080871582
ETTh1,PatchTST,stuck_sensor,6,8111,427,0.186315655708313,MSE,0.32950615882873535,0.7308433055877686,forecast,172.0,75,MULL,False,,,0.10699999332427979,0.594316303730011,0.594316303730011
ETTh1,PatchTST,stuck_sensor,6,8111,427,0.186315655708313,MSE,0.32950615882873535,0.7308433055877686,forecast,172.0,75,LUFL,False,,,1.8580000400543213,3.311001777648926,3.311001777648926
ETTh1,PatchTST,stuck_sensor,6,8111,427,0.186315655708313,MSE,0.32950615882873535,0.7308433055877686,forecast,172.0,75,LULL,False,,,1.0049999952316284,0.6033731698989868,0.6033731698989868
ETTh1,PatchTST,stuck_sensor,6,8111,427,0.186315655708313,MSE,0.32950615882873535,0.7308433055877686,forecast,172.0,75,OT,False,,,7.809000015258789,3.871088981628418,3.871088981628418
ETTh1,PatchTST,stuck_sensor,6,8111,427,0.186315655708313,MSE,0.32950615882873535,0.7308433055877686,forecast,173.0,76,HUFL,False,,,-11.319999694824219,-0.4684300422668457,-0.4684300422668457
ETTh1,PatchTST,stuck_sensor,6,8111,427,0.186315655708313,MSE,0.32950615882873535,0.7308433055877686,forecast,173.0,76,HULL,False,,,0.46899986267089844,1.6127296686172485,1.6127296686172485
ETTh1,PatchTST,stuck_sensor,6,8111,427,0.186315655708313,MSE,0.32950615882873535,0.7308433055877686,forecast,173.0,76,MUFL,True,,,-14.249999046325684,-3.143312931060791,-7.321014404296875
ETTh1,PatchTST,stuck_sensor,6,8111,427,0.186315655708313,MSE,0.32950615882873535,0.7308433055877686,forecast,173.0,76,MULL,False,,,-0.7109999656677246,0.5515082478523254,0.5515082478523254
ETTh1,PatchTST,stuck_sensor,6,8111,427,0.186315655708313,MSE,0.32950615882873535,0.7308433055877686,forecast,173.0,76,LUFL,False,,,2.437000036239624,3.3755369186401367,3.3755369186401367
ETTh1,PatchTST,stuck_sensor,6,8111,427,0.186315655708313,MSE,0.32950615882873535,0.7308433055877686,forecast,173.0,76,LULL,False,,,0.9139999747276306,0.6122846603393555,0.6122846603393555
ETTh1,PatchTST,stuck_sensor,6,8111,427,0.186315655708313,MSE,0.32950615882873535,0.7308433055877686,forecast,173.0,76,OT,False,,,8.15999984741211,3.9194412231445312,3.9194412231445312
ETTh1,PatchTST,stuck_sensor,6,8111,427,0.186315655708313,MSE,0.32950615882873535,0.7308433055877686,forecast,174.0,77,HUFL,False,,,-5.693000316619873,3.6400818824768066,3.6400818824768066
ETTh1,PatchTST,stuck_sensor,6,8111,427,0.186315655708313,MSE,0.32950615882873535,0.7308433055877686,forecast,174.0,77,HULL,False,,,-0.20099997520446777,1.6338534355163574,1.6338534355163574
ETTh1,PatchTST,stuck_sensor,6,8111,427,0.186315655708313,MSE,0.32950615882873535,0.7308433055877686,forecast,174.0,77,MUFL,True,,,-8.279998779296875,0.5784687995910645,-6.8797607421875
ETTh1,PatchTST,stuck_sensor,6,8111,427,0.186315655708313,MSE,0.32950615882873535,0.7308433055877686,forecast,174.0,77,MULL,False,,,-1.315000057220459,0.5395422577857971,0.5395422577857971
ETTh1,PatchTST,stuck_sensor,6,8111,427,0.186315655708313,MSE,0.32950615882873535,0.7308433055877686,forecast,174.0,77,LUFL,False,,,2.375999927520752,3.5026071071624756,3.5026071071624756
ETTh1,PatchTST,stuck_sensor,6,8111,427,0.186315655708313,MSE,0.32950615882873535,0.7308433055877686,forecast,174.0,77,LULL,False,,,1.1269999742507935,0.6053231954574585,0.6053231954574585
ETTh1,PatchTST,stuck_sensor,6,8111,427,0.186315655708313,MSE,0.32950615882873535,0.7308433055877686,forecast,174.0,77,OT,False,,,8.230999946594238,3.9403505325317383,3.9403505325317383
ETTh1,PatchTST,stuck_sensor,6,8111,427,0.186315655708313,MSE,0.32950615882873535,0.7308433055877686,forecast,175.0,78,HUFL,False,,,3.2820000648498535,6.334593296051025,6.334593296051025
ETTh1,PatchTST,stuck_sensor,6,8111,427,0.186315655708313,MSE,0.32950615882873535,0.7308433055877686,forecast,175.0,78,HULL,False,,,-0.5360000133514404,1.6320515871047974,1.6320515871047974
ETTh1,PatchTST,stuck_sensor,6,8111,427,0.186315655708313,MSE,0.32950615882873535,0.7308433055877686,forecast,175.0,78,MUFL,True,,,0.24900007247924805,3.040748119354248,-6.836603164672852
ETTh1,PatchTST,stuck_sensor,6,8111,427,0.186315655708313,MSE,0.32950615882873535,0.7308433055877686,forecast,175.0,78,MULL,False,,,-1.5280001163482666,0.5326490998268127,0.5326490998268127
ETTh1,PatchTST,stuck_sensor,6,8111,427,0.186315655708313,MSE,0.32950615882873535,0.7308433055877686,forecast,175.0,78,LUFL,False,,,2.9549999237060547,3.6131298542022705,3.6131298542022705
ETTh1,PatchTST,stuck_sensor,6,8111,427,0.186315655708313,MSE,0.32950615882873535,0.7308433055877686,forecast,175.0,78,LULL,False,,,0.7009999752044678,0.5932193994522095,0.5932193994522095
ETTh1,PatchTST,stuck_sensor,6,8111,427,0.186315655708313,MSE,0.32950615882873535,0.7308433055877686,forecast,175.0,78,OT,False,,,8.371000289916992,3.6401443481445312,3.6401443481445312
ETTh1,PatchTST,stuck_sensor,6,8111,427,0.186315655708313,MSE,0.32950615882873535,0.7308433055877686,forecast,176.0,79,HUFL,False,,,8.572999954223633,8.138959884643555,8.138959884643555
ETTh1,PatchTST,stuck_sensor,6,8111,427,0.186315655708313,MSE,0.32950615882873535,0.7308433055877686,forecast,176.0,79,HULL,False,,,0.0,1.7936046123504639,1.7936046123504639
ETTh1,PatchTST,stuck_sensor,6,8111,427,0.186315655708313,MSE,0.32950615882873535,0.7308433055877686,forecast,176.0,79,MUFL,True,,,5.507999897003174,4.859771251678467,-5.446496963500977
ETTh1,PatchTST,stuck_sensor,6,8111,427,0.186315655708313,MSE,0.32950615882873535,0.7308433055877686,forecast,176.0,79,MULL,False,,,-0.9589999914169312,0.6242378950119019,0.6242378950119019
ETTh1,PatchTST,stuck_sensor,6,8111,427,0.186315655708313,MSE,0.32950615882873535,0.7308433055877686,forecast,176.0,79,LUFL,False,,,3.0460000038146973,3.870166301727295,3.870166301727295
ETTh1,PatchTST,stuck_sensor,6,8111,427,0.186315655708313,MSE,0.32950615882873535,0.7308433055877686,forecast,176.0,79,LULL,False,,,0.6399999856948853,0.5886865854263306,0.5886865854263306
ETTh1,PatchTST,stuck_sensor,6,8111,427,0.186315655708313,MSE,0.32950615882873535,0.7308433055877686,forecast,176.0,79,OT,False,,,8.15999984741211,3.916995048522949,3.916995048522949
ETTh1,PatchTST,stuck_sensor,6,8111,427,0.186315655708313,MSE,0.32950615882873535,0.7308433055877686,forecast,177.0,80,HUFL,False,,,10.918000221252441,10.472902297973633,10.472902297973633
ETTh1,PatchTST,stuck_sensor,6,8111,427,0.186315655708313,MSE,0.32950615882873535,0.7308433055877686,forecast,177.0,80,HULL,False,,,0.20099997520446777,1.9764223098754883,1.9764223098754883
ETTh1,PatchTST,stuck_sensor,6,8111,427,0.186315655708313,MSE,0.32950615882873535,0.7308433055877686,forecast,177.0,80,MUFL,True,,,7.214000225067139,6.841192245483398,-5.589378356933594
ETTh1,PatchTST,stuck_sensor,6,8111,427,0.186315655708313,MSE,0.32950615882873535,0.7308433055877686,forecast,177.0,80,MULL,False,,,-0.8880000114440918,0.7117162942886353,0.7117162942886353
ETTh1,PatchTST,stuck_sensor,6,8111,427,0.186315655708313,MSE,0.32950615882873535,0.7308433055877686,forecast,177.0,80,LUFL,False,,,3.686000108718872,4.104213237762451,4.104213237762451
ETTh1,PatchTST,stuck_sensor,6,8111,427,0.186315655708313,MSE,0.32950615882873535,0.7308433055877686,forecast,177.0,80,LULL,False,,,0.6399999856948853,0.5856834650039673,0.5856834650039673
ETTh1,PatchTST,stuck_sensor,6,8111,427,0.186315655708313,MSE,0.32950615882873535,0.7308433055877686,forecast,177.0,80,OT,False,,,7.315999984741211,3.8083572387695312,3.8083572387695312
ETTh1,PatchTST,stuck_sensor,6,8111,427,0.186315655708313,MSE,0.32950615882873535,0.7308433055877686,forecast,178.0,81,HUFL,False,,,11.253000259399414,11.092607498168945,11.092607498168945
ETTh1,PatchTST,stuck_sensor,6,8111,427,0.186315655708313,MSE,0.32950615882873535,0.7308433055877686,forecast,178.0,81,HULL,False,,,0.20099997520446777,2.1244161128997803,2.1244161128997803
ETTh1,PatchTST,stuck_sensor,6,8111,427,0.186315655708313,MSE,0.32950615882873535,0.7308433055877686,forecast,178.0,81,MUFL,True,,,7.604000091552734,7.133467674255371,-5.928135871887207
ETTh1,PatchTST,stuck_sensor,6,8111,427,0.186315655708313,MSE,0.32950615882873535,0.7308433055877686,forecast,178.0,81,MULL,False,,,-0.7820000648498535,0.7776066064834595,0.7776066064834595
ETTh1,PatchTST,stuck_sensor,6,8111,427,0.186315655708313,MSE,0.32950615882873535,0.7308433055877686,forecast,178.0,81,LUFL,False,,,3.686000108718872,4.339886665344238,4.339886665344238
ETTh1,PatchTST,stuck_sensor,6,8111,427,0.186315655708313,MSE,0.32950615882873535,0.7308433055877686,forecast,178.0,81,LULL,False,,,0.6399999856948853,0.5800821781158447,0.5800821781158447
ETTh1,PatchTST,stuck_sensor,6,8111,427,0.186315655708313,MSE,0.32950615882873535,0.7308433055877686,forecast,178.0,81,OT,False,,,6.402000427246094,4.047743797302246,4.047743797302246
ETTh1,PatchTST,stuck_sensor,6,8111,427,0.186315655708313,MSE,0.32950615882873535,0.7308433055877686,forecast,179.0,82,HUFL,False,,,10.984999656677246,11.001571655273438,11.001571655273438
ETTh1,PatchTST,stuck_sensor,6,8111,427,0.186315655708313,MSE,0.32950615882873535,0.7308433055877686,forecast,179.0,82,HULL,False,,,0.40199995040893555,2.1027066707611084,2.1027066707611084
ETTh1,PatchTST,stuck_sensor,6,8111,427,0.186315655708313,MSE,0.32950615882873535,0.7308433055877686,forecast,179.0,82,MUFL,True,,,7.639999866485596,7.26951265335083,-5.487932205200195
ETTh1,PatchTST,stuck_sensor,6,8111,427,0.186315655708313,MSE,0.32950615882873535,0.7308433055877686,forecast,179.0,82,MULL,False,,,-0.9589999914169312,0.7800459861755371,0.7800459861755371
ETTh1,PatchTST,stuck_sensor,6,8111,427,0.186315655708313,MSE,0.32950615882873535,0.7308433055877686,forecast,179.0,82,LUFL,False,,,3.1070001125335693,4.314685344696045,4.314685344696045
ETTh1,PatchTST,stuck_sensor,6,8111,427,0.186315655708313,MSE,0.32950615882873535,0.7308433055877686,forecast,179.0,82,LULL,False,,,0.5479999780654907,0.5704760551452637,0.5704760551452637
ETTh1,PatchTST,stuck_sensor,6,8111,427,0.186315655708313,MSE,0.32950615882873535,0.7308433055877686,forecast,179.0,82,OT,False,,,6.119999885559082,4.424533843994141,4.424533843994141
ETTh1,PatchTST,stuck_sensor,6,8111,427,0.186315655708313,MSE,0.32950615882873535,0.7308433055877686,forecast,180.0,83,HUFL,False,,,9.243000030517578,10.663530349731445,10.663530349731445
ETTh1,PatchTST,stuck_sensor,6,8111,427,0.186315655708313,MSE,0.32950615882873535,0.7308433055877686,forecast,180.0,83,HULL,False,,,0.40199995040893555,1.901371717453003,1.901371717453003
ETTh1,PatchTST,stuck_sensor,6,8111,427,0.186315655708313,MSE,0.32950615882873535,0.7308433055877686,forecast,180.0,83,MUFL,True,,,6.681000232696533,7.390091896057129,-3.99289608001709
ETTh1,PatchTST,stuck_sensor,6,8111,427,0.186315655708313,MSE,0.32950615882873535,0.7308433055877686,forecast,180.0,83,MULL,False,,,-1.031000018119812,0.7026470303535461,0.7026470303535461
ETTh1,PatchTST,stuck_sensor,6,8111,427,0.186315655708313,MSE,0.32950615882873535,0.7308433055877686,forecast,180.0,83,LUFL,False,,,2.5889999866485596,3.9231503009796143,3.9231503009796143
ETTh1,PatchTST,stuck_sensor,6,8111,427,0.186315655708313,MSE,0.32950615882873535,0.7308433055877686,forecast,180.0,83,LULL,False,,,0.5180000066757202,0.547141432762146,0.547141432762146
ETTh1,PatchTST,stuck_sensor,6,8111,427,0.186315655708313,MSE,0.32950615882873535,0.7308433055877686,forecast,180.0,83,OT,False,,,5.767999649047852,4.728960037231445,4.728960037231445
ETTh1,PatchTST,stuck_sensor,6,8111,427,0.186315655708313,MSE,0.32950615882873535,0.7308433055877686,forecast,181.0,84,HUFL,False,,,8.640000343322754,7.6506876945495605,7.6506876945495605
ETTh1,PatchTST,stuck_sensor,6,8111,427,0.186315655708313,MSE,0.32950615882873535,0.7308433055877686,forecast,181.0,84,HULL,False,,,0.0,1.7281818389892578,1.7281818389892578
ETTh1,PatchTST,stuck_sensor,6,8111,427,0.186315655708313,MSE,0.32950615882873535,0.7308433055877686,forecast,181.0,84,MUFL,True,,,5.934000015258789,5.068594932556152,-5.201930999755859
ETTh1,PatchTST,stuck_sensor,6,8111,427,0.186315655708313,MSE,0.32950615882873535,0.7308433055877686,forecast,181.0,84,MULL,False,,,-0.6039999723434448,0.6355567574501038,0.6355567574501038
ETTh1,PatchTST,stuck_sensor,6,8111,427,0.186315655708313,MSE,0.32950615882873535,0.7308433055877686,forecast,181.0,84,LUFL,False,,,2.071000099182129,3.4595909118652344,3.4595909118652344
ETTh1,PatchTST,stuck_sensor,6,8111,427,0.186315655708313,MSE,0.32950615882873535,0.7308433055877686,forecast,181.0,84,LULL,False,,,0.4569999873638153,0.5239803194999695,0.5239803194999695
ETTh1,PatchTST,stuck_sensor,6,8111,427,0.186315655708313,MSE,0.32950615882873535,0.7308433055877686,forecast,181.0,84,OT,False,,,5.839000701904297,4.654900550842285,4.654900550842285
ETTh1,PatchTST,stuck_sensor,6,8111,427,0.186315655708313,MSE,0.32950615882873535,0.7308433055877686,forecast,182.0,85,HUFL,False,,,6.764999866485596,5.385443687438965,5.385443687438965
ETTh1,PatchTST,stuck_sensor,6,8111,427,0.186315655708313,MSE,0.32950615882873535,0.7308433055877686,forecast,182.0,85,HULL,False,,,0.2680000066757202,1.4217495918273926,1.4217495918273926
ETTh1,PatchTST,stuck_sensor,6,8111,427,0.186315655708313,MSE,0.32950615882873535,0.7308433055877686,forecast,182.0,85,MUFL,True,,,5.223999977111816,3.587271213531494,-7.132115364074707
ETTh1,PatchTST,stuck_sensor,6,8111,427,0.186315655708313,MSE,0.32950615882873535,0.7308433055877686,forecast,182.0,85,MULL,False,,,-1.24399995803833,0.4674910008907318,0.4674910008907318
ETTh1,PatchTST,stuck_sensor,6,8111,427,0.186315655708313,MSE,0.32950615882873535,0.7308433055877686,forecast,182.0,85,LUFL,False,,,1.8580000400543213,2.859658718109131,2.859658718109131
ETTh1,PatchTST,stuck_sensor,6,8111,427,0.186315655708313,MSE,0.32950615882873535,0.7308433055877686,forecast,182.0,85,LULL,False,,,0.4869999885559082,0.5071760416030884,0.5071760416030884
ETTh1,PatchTST,stuck_sensor,6,8111,427,0.186315655708313,MSE,0.32950615882873535,0.7308433055877686,forecast,182.0,85,OT,False,,,5.697999954223633,4.563377380371094,4.563377380371094
ETTh1,PatchTST,stuck_sensor,6,8111,427,0.186315655708313,MSE,0.32950615882873535,0.7308433055877686,forecast,183.0,86,HUFL,False,,,6.564000129699707,4.670753479003906,4.670753479003906
ETTh1,PatchTST,stuck_sensor,6,8111,427,0.186315655708313,MSE,0.32950615882873535,0.7308433055877686,forecast,183.0,86,HULL,False,,,-0.20099997520446777,1.3120495080947876,1.3120495080947876
ETTh1,PatchTST,stuck_sensor,6,8111,427,0.186315655708313,MSE,0.32950615882873535,0.7308433055877686,forecast,183.0,86,MUFL,True,,,4.370999813079834,3.3137292861938477,-6.938664436340332
ETTh1,PatchTST,stuck_sensor,6,8111,427,0.186315655708313,MSE,0.32950615882873535,0.7308433055877686,forecast,183.0,86,MULL,False,,,-0.8529999256134033,0.3947821259498596,0.3947821259498596
ETTh1,PatchTST,stuck_sensor,6,8111,427,0.186315655708313,MSE,0.32950615882873535,0.7308433055877686,forecast,183.0,86,LUFL,False,,,1.4919999837875366,2.724557638168335,2.724557638168335
ETTh1,PatchTST,stuck_sensor,6,8111,427,0.186315655708313,MSE,0.32950615882873535,0.7308433055877686,forecast,183.0,86,LULL,False,,,0.4259999990463257,0.5029405951499939,0.5029405951499939
ETTh1,PatchTST,stuck_sensor,6,8111,427,0.186315655708313,MSE,0.32950615882873535,0.7308433055877686,forecast,183.0,86,OT,False,,,5.416999816894531,4.490869522094727,4.490869522094727
ETTh1,PatchTST,stuck_sensor,6,8111,427,0.186315655708313,MSE,0.32950615882873535,0.7308433055877686,forecast,184.0,87,HUFL,False,,,6.229000091552734,3.783830165863037,3.783830165863037
ETTh1,PatchTST,stuck_sensor,6,8111,427,0.186315655708313,MSE,0.32950615882873535,0.7308433055877686,forecast,184.0,87,HULL,False,,,0.20099997520446777,1.1985352039337158,1.1985352039337158
ETTh1,PatchTST,stuck_sensor,6,8111,427,0.186315655708313,MSE,0.32950615882873535,0.7308433055877686,forecast,184.0,87,MUFL,True,,,4.192999839782715,2.8895816802978516,-6.472633361816406
ETTh1,PatchTST,stuck_sensor,6,8111,427,0.186315655708313,MSE,0.32950615882873535,0.7308433055877686,forecast,184.0,87,MULL,False,,,-0.8880000114440918,0.3249920904636383,0.3249920904636383
ETTh1,PatchTST,stuck_sensor,6,8111,427,0.186315655708313,MSE,0.32950615882873535,0.7308433055877686,forecast,184.0,87,LUFL,False,,,1.371000051498413,2.4117391109466553,2.4117391109466553
ETTh1,PatchTST,stuck_sensor,6,8111,427,0.186315655708313,MSE,0.32950615882873535,0.7308433055877686,forecast,184.0,87,LULL,False,,,0.4259999990463257,0.49110573530197144,0.49110573530197144
ETTh1,PatchTST,stuck_sensor,6,8111,427,0.186315655708313,MSE,0.32950615882873535,0.7308433055877686,forecast,184.0,87,OT,False,,,5.767999649047852,4.556502342224121,4.556502342224121
ETTh1,PatchTST,stuck_sensor,6,8111,427,0.186315655708313,MSE,0.32950615882873535,0.7308433055877686,forecast,185.0,88,HUFL,False,,,5.894000053405762,3.4244093894958496,3.4244093894958496
ETTh1,PatchTST,stuck_sensor,6,8111,427,0.186315655708313,MSE,0.32950615882873535,0.7308433055877686,forecast,185.0,88,HULL,False,,,-0.13400006294250488,1.140470266342163,1.140470266342163
ETTh1,PatchTST,stuck_sensor,6,8111,427,0.186315655708313,MSE,0.32950615882873535,0.7308433055877686,forecast,185.0,88,MUFL,True,,,4.263999938964844,2.5450637340545654,-5.401991844177246
ETTh1,PatchTST,stuck_sensor,6,8111,427,0.186315655708313,MSE,0.32950615882873535,0.7308433055877686,forecast,185.0,88,MULL,False,,,-0.7460000514984131,0.2968713641166687,0.2968713641166687
ETTh1,PatchTST,stuck_sensor,6,8111,427,0.186315655708313,MSE,0.32950615882873535,0.7308433055877686,forecast,185.0,88,LUFL,False,,,1.340000033378601,2.2897117137908936,2.2897117137908936
ETTh1,PatchTST,stuck_sensor,6,8111,427,0.186315655708313,MSE,0.32950615882873535,0.7308433055877686,forecast,185.0,88,LULL,False,,,0.4569999873638153,0.48386886715888977,0.48386886715888977
ETTh1,PatchTST,stuck_sensor,6,8111,427,0.186315655708313,MSE,0.32950615882873535,0.7308433055877686,forecast,185.0,88,OT,False,,,5.346000671386719,4.297771453857422,4.297771453857422
ETTh1,PatchTST,stuck_sensor,6,8111,427,0.186315655708313,MSE,0.32950615882873535,0.7308433055877686,forecast,186.0,89,HUFL,False,,,5.090000152587891,2.1641311645507812,2.1641311645507812
ETTh1,PatchTST,stuck_sensor,6,8111,427,0.186315655708313,MSE,0.32950615882873535,0.7308433055877686,forecast,186.0,89,HULL,False,,,0.0,1.0037370920181274,1.0037370920181274
ETTh1,PatchTST,stuck_sensor,6,8111,427,0.186315655708313,MSE,0.32950615882873535,0.7308433055877686,forecast,186.0,89,MUFL,True,,,4.122000217437744,1.4349780082702637,-5.373772621154785
ETTh1,PatchTST,stuck_sensor,6,8111,427,0.186315655708313,MSE,0.32950615882873535,0.7308433055877686,forecast,186.0,89,MULL,False,,,-0.6399999856948853,0.2262059450149536,0.2262059450149536
ETTh1,PatchTST,stuck_sensor,6,8111,427,0.186315655708313,MSE,0.32950615882873535,0.7308433055877686,forecast,186.0,89,LUFL,False,,,1.309999942779541,2.248472213745117,2.248472213745117
ETTh1,PatchTST,stuck_sensor,6,8111,427,0.186315655708313,MSE,0.32950615882873535,0.7308433055877686,forecast,186.0,89,LULL,False,,,0.4259999990463257,0.46809422969818115,0.46809422969818115
ETTh1,PatchTST,stuck_sensor,6,8111,427,0.186315655708313,MSE,0.32950615882873535,0.7308433055877686,forecast,186.0,89,OT,False,,,5.628000259399414,3.869187355041504,3.869187355041504
ETTh1,PatchTST,stuck_sensor,6,8111,427,0.186315655708313,MSE,0.32950615882873535,0.7308433055877686,forecast,187.0,90,HUFL,False,,,5.894000053405762,1.8378872871398926,1.8378872871398926
ETTh1,PatchTST,stuck_sensor,6,8111,427,0.186315655708313,MSE,0.32950615882873535,0.7308433055877686,forecast,187.0,90,HULL,False,,,0.06700003147125244,0.9794445037841797,0.9794445037841797
ETTh1,PatchTST,stuck_sensor,6,8111,427,0.186315655708313,MSE,0.32950615882873535,0.7308433055877686,forecast,187.0,90,MUFL,True,,,4.406000137329102,0.757728099822998,-5.966229438781738
ETTh1,PatchTST,stuck_sensor,6,8111,427,0.186315655708313,MSE,0.32950615882873535,0.7308433055877686,forecast,187.0,90,MULL,False,,,-0.9589999914169312,0.1947222352027893,0.1947222352027893
ETTh1,PatchTST,stuck_sensor,6,8111,427,0.186315655708313,MSE,0.32950615882873535,0.7308433055877686,forecast,187.0,90,LUFL,False,,,1.4320001602172852,2.376767873764038,2.376767873764038
ETTh1,PatchTST,stuck_sensor,6,8111,427,0.186315655708313,MSE,0.32950615882873535,0.7308433055877686,forecast,187.0,90,LULL,False,,,0.4259999990463257,0.4743025302886963,0.4743025302886963
ETTh1,PatchTST,stuck_sensor,6,8111,427,0.186315655708313,MSE,0.32950615882873535,0.7308433055877686,forecast,187.0,90,OT,False,,,4.994999885559082,3.745438575744629,3.745438575744629
ETTh1,PatchTST,stuck_sensor,6,8111,427,0.186315655708313,MSE,0.32950615882873535,0.7308433055877686,forecast,188.0,91,HUFL,False,,,6.697999954223633,1.5989484786987305,1.5989484786987305
ETTh1,PatchTST,stuck_sensor,6,8111,427,0.186315655708313,MSE,0.32950615882873535,0.7308433055877686,forecast,188.0,91,HULL,False,,,0.13400006294250488,1.1013317108154297,1.1013317108154297
ETTh1,PatchTST,stuck_sensor,6,8111,427,0.186315655708313,MSE,0.32950615882873535,0.7308433055877686,forecast,188.0,91,MUFL,True,,,4.122000217437744,0.23556756973266602,-6.272197723388672
ETTh1,PatchTST,stuck_sensor,6,8111,427,0.186315655708313,MSE,0.32950615882873535,0.7308433055877686,forecast,188.0,91,MULL,False,,,-1.563999891281128,0.25425148010253906,0.25425148010253906
ETTh1,PatchTST,stuck_sensor,6,8111,427,0.186315655708313,MSE,0.32950615882873535,0.7308433055877686,forecast,188.0,91,LUFL,False,,,2.0409998893737793,2.5811243057250977,2.5811243057250977
ETTh1,PatchTST,stuck_sensor,6,8111,427,0.186315655708313,MSE,0.32950615882873535,0.7308433055877686,forecast,188.0,91,LULL,False,,,0.609000027179718,0.48382651805877686,0.48382651805877686
ETTh1,PatchTST,stuck_sensor,6,8111,427,0.186315655708313,MSE,0.32950615882873535,0.7308433055877686,forecast,188.0,91,OT,False,,,5.205999374389648,3.6012001037597656,3.6012001037597656
ETTh1,PatchTST,stuck_sensor,6,8111,427,0.186315655708313,MSE,0.32950615882873535,0.7308433055877686,forecast,189.0,92,HUFL,False,,,9.645000457763672,2.4774155616760254,2.4774155616760254
ETTh1,PatchTST,stuck_sensor,6,8111,427,0.186315655708313,MSE,0.32950615882873535,0.7308433055877686,forecast,189.0,92,HULL,False,,,0.46899986267089844,1.2274720668792725,1.2274720668792725
ETTh1,PatchTST,stuck_sensor,6,8111,427,0.186315655708313,MSE,0.32950615882873535,0.7308433055877686,forecast,189.0,92,MUFL,True,,,6.395999908447266,0.3713655471801758,-5.624279975891113
ETTh1,PatchTST,stuck_sensor,6,8111,427,0.186315655708313,MSE,0.32950615882873535,0.7308433055877686,forecast,189.0,92,MULL,False,,,-0.4259999990463257,0.30175814032554626,0.30175814032554626
ETTh1,PatchTST,stuck_sensor,6,8111,427,0.186315655708313,MSE,0.32950615882873535,0.7308433055877686,forecast,189.0,92,LUFL,False,,,3.0460000038146973,3.1218605041503906,3.1218605041503906
ETTh1,PatchTST,stuck_sensor,6,8111,427,0.186315655708313,MSE,0.32950615882873535,0.7308433055877686,forecast,189.0,92,LULL,False,,,0.609000027179718,0.5060430765151978,0.5060430765151978
ETTh1,PatchTST,stuck_sensor,6,8111,427,0.186315655708313,MSE,0.32950615882873535,0.7308433055877686,forecast,189.0,92,OT,False,,,5.135000228881836,3.6047983169555664,3.6047983169555664
ETTh1,PatchTST,stuck_sensor,6,8111,427,0.186315655708313,MSE,0.32950615882873535,0.7308433055877686,forecast,190.0,93,HUFL,False,,,2.4109997749328613,1.6828913688659668,1.6828913688659668
ETTh1,PatchTST,stuck_sensor,6,8111,427,0.186315655708313,MSE,0.32950615882873535,0.7308433055877686,forecast,190.0,93,HULL,False,,,0.0,1.3427627086639404,1.3427627086639404
ETTh1,PatchTST,stuck_sensor,6,8111,427,0.186315655708313,MSE,0.32950615882873535,0.7308433055877686,forecast,190.0,93,MUFL,True,,,-0.6040000915527344,-0.8420100212097168,-5.431285858154297
ETTh1,PatchTST,stuck_sensor,6,8111,427,0.186315655708313,MSE,0.32950615882873535,0.7308433055877686,forecast,190.0,93,MULL,False,,,-1.279000163078308,0.36128631234169006,0.36128631234169006
ETTh1,PatchTST,stuck_sensor,6,8111,427,0.186315655708313,MSE,0.32950615882873535,0.7308433055877686,forecast,190.0,93,LUFL,False,,,2.984999895095825,3.390666961669922,3.390666961669922
ETTh1,PatchTST,stuck_sensor,6,8111,427,0.186315655708313,MSE,0.32950615882873535,0.7308433055877686,forecast,190.0,93,LULL,False,,,0.7609999775886536,0.5478951334953308,0.5478951334953308
ETTh1,PatchTST,stuck_sensor,6,8111,427,0.186315655708313,MSE,0.32950615882873535,0.7308433055877686,forecast,190.0,93,OT,False,,,5.557000160217285,3.752656936645508,3.752656936645508
ETTh1,PatchTST,stuck_sensor,6,8111,427,0.186315655708313,MSE,0.32950615882873535,0.7308433055877686,forecast,191.0,94,HUFL,False,,,0.13400030136108398,-0.4706759452819824,-0.4706759452819824
ETTh1,PatchTST,stuck_sensor,6,8111,427,0.186315655708313,MSE,0.32950615882873535,0.7308433055877686,forecast,191.0,94,HULL,False,,,-0.06699991226196289,1.3704850673675537,1.3704850673675537
ETTh1,PatchTST,stuck_sensor,6,8111,427,0.186315655708313,MSE,0.32950615882873535,0.7308433055877686,forecast,191.0,94,MUFL,True,,,-2.38100004196167,-3.34053897857666,-8.213907241821289
ETTh1,PatchTST,stuck_sensor,6,8111,427,0.186315655708313,MSE,0.32950615882873535,0.7308433055877686,forecast,191.0,94,MULL,False,,,-0.8880000114440918,0.3789794445037842,0.3789794445037842
ETTh1,PatchTST,stuck_sensor,6,8111,427,0.186315655708313,MSE,0.32950615882873535,0.7308433055877686,forecast,191.0,94,LUFL,False,,,2.497999906539917,3.3563926219940186,3.3563926219940186
ETTh1,PatchTST,stuck_sensor,6,8111,427,0.186315655708313,MSE,0.32950615882873535,0.7308433055877686,forecast,191.0,94,LULL,False,,,0.7609999775886536,0.584385097026825,0.584385097026825
ETTh1,PatchTST,stuck_sensor,6,8111,427,0.186315655708313,MSE,0.32950615882873535,0.7308433055877686,forecast,191.0,94,OT,False,,,5.135000228881836,3.682361602783203,3.682361602783203
ETTh1,PatchTST,stuck_sensor,6,8111,427,0.186315655708313,MSE,0.32950615882873535,0.7308433055877686,forecast,192.0,95,HUFL,False,,,-10.381999969482422,-3.3476004600524902,-3.3476004600524902
ETTh1,PatchTST,stuck_sensor,6,8111,427,0.186315655708313,MSE,0.32950615882873535,0.7308433055877686,forecast,192.0,95,HULL,False,,,0.33500003814697266,1.440234661102295,1.440234661102295
ETTh1,PatchTST,stuck_sensor,6,8111,427,0.186315655708313,MSE,0.32950615882873535,0.7308433055877686,forecast,192.0,95,MUFL,True,,,-12.436999320983887,-6.07301139831543,-9.586676597595215
ETTh1,PatchTST,stuck_sensor,6,8111,427,0.186315655708313,MSE,0.32950615882873535,0.7308433055877686,forecast,192.0,95,MULL,False,,,-0.7109999656677246,0.42437300086021423,0.42437300086021423
ETTh1,PatchTST,stuck_sensor,6,8111,427,0.186315655708313,MSE,0.32950615882873535,0.7308433055877686,forecast,192.0,95,LUFL,False,,,2.375999927520752,3.2642393112182617,3.2642393112182617
ETTh1,PatchTST,stuck_sensor,6,8111,427,0.186315655708313,MSE,0.32950615882873535,0.7308433055877686,forecast,192.0,95,LULL,False,,,0.7919999957084656,0.5866827368736267,0.5866827368736267
ETTh1,PatchTST,stuck_sensor,6,8111,427,0.186315655708313,MSE,0.32950615882873535,0.7308433055877686,forecast,192.0,95,OT,False,,,5.346000671386719,3.7307214736938477,3.7307214736938477
