,dataset,data_config_signature,run_id,model,loader_kind,model_architecture,pipeline_id,pipeline_method,pipeline_kind,stage,robustness_method,base_pipeline_method,backbone_run_id,backbone_run_ids,backbone_architecture,eval_data_seed,test_metric,MSE_val,MSE_pert_ws_val,MSE_pert_mean_val,MSE_test,best_val_loss,robustness_scoring_semantics,perturbation_channel_fraction_max,perturbation_scenarios_signature,perturbation_scenarios_count,D_w,D_w_CI_lo,D_w_CI_hi,D_mean,D_mean_CI_lo,D_mean_CI_hi,err_pert_ws,err_pert_ws_CI_lo,err_pert_ws_CI_hi,err_pert_mean,err_pert_mean_CI_lo,err_pert_mean_CI_hi,MSE_w,worst_scenario,n_test_samples,selection_pool,mCE_snaive,relative_mCE_snaive,mPC,rPC,rho_eff,rho_eff_status
0,Penmanshiel_Hourly_WT08,d379114cd53cbbe062e0e09b673d66d5a6d103c8d25daba8f040e64926c0f2d0,e78f42efaca24d7996939c737115cc9e,RandomizedSmoothing,RandomizedSmoothing,ModernTCN,rs_backbonebaseline_std0.25_samples30_alpha0.25,randomized_smoothing,wrap,improve,randomized_smoothing,baseline,0a3c1ca1f138463992a2135c0a32d428,,ModernTCN,1515776824,MSE,0.31191471219062805,0.36695494484055474,0.3343583476313433,0.3366118444508291,0.3116857409477234,uniform_severity_degradation,0.5,"[""drift"",""attenuation"",""noise"",""spike"",""time_stretch"",""time_compress"",""stuck_sensor"",""missing_data""]",8,1.1814355609627079,1.162861552010243,1.2011976355035043,1.0714939969613149,1.0650897865317102,1.0783612222165015,0.39768520327545703,0.3850157217762128,0.4096326469090098,0.3606775706351393,0.34925555566381417,0.3711219042346137,0.39768520327545703,noise,10000,winner_pool,0.8409856142687845,0.8389229001596552,0.3606775706351393,0.933276343904803,0.0024461199742302764,computed
1,Penmanshiel_Hourly_WT08,d379114cd53cbbe062e0e09b673d66d5a6d103c8d25daba8f040e64926c0f2d0,91d651009a96427f8455883dcacee85d,RandomizedSmoothing,RandomizedSmoothing,GRU,rs_backbonebaseline_std0.25_samples30_alpha0.35,randomized_smoothing,wrap,improve,randomized_smoothing,baseline,207cb29892c64707a2a730092d2a5c23,,GRU,1515776824,MSE,0.29957959055900574,0.32233022427809194,0.30814123559621176,0.34565211532259127,0.29940178990364075,uniform_severity_degradation,0.5,"[""drift"",""attenuation"",""noise"",""spike"",""time_stretch"",""time_compress"",""stuck_sensor"",""missing_data""]",8,1.0637471424240743,1.056291098058141,1.0726876231124352,1.027417488519025,1.0248609402820765,1.0301898064968649,0.3676864499472431,0.3571993548546533,0.37834815970639757,0.3551290282260252,0.3445940292990211,0.3653620366758865,0.3676864499472431,drift,10000,winner_pool,0.8309935471210826,0.8259528471477413,0.3551290282260252,0.9733141699207921,0.017747516341398373,computed
2,Penmanshiel_Hourly_WT08,d379114cd53cbbe062e0e09b673d66d5a6d103c8d25daba8f040e64926c0f2d0,942603ee56af4830bbd328dfe54df3cf,RandomizedSmoothing,RandomizedSmoothing,PatchTST,rs_backbonebaseline_std0.25_samples30_alpha0.25,randomized_smoothing,wrap,improve,randomized_smoothing,baseline,533ed0154c5c4e8195654b6e744969b6,,PatchTST,1515776824,MSE,0.32523441314697266,0.3967859734526913,0.3613957408556998,0.3571691093969508,0.3227744400501251,uniform_severity_degradation,0.5,"[""drift"",""attenuation"",""noise"",""spike"",""time_stretch"",""time_compress"",""stuck_sensor"",""missing_data""]",8,1.2050371583771515,1.1900436040640245,1.2439893569999407,1.1015558920298072,1.0921984750301157,1.1117925777815816,0.4304020486477995,0.41926444964009063,0.446392345155192,0.39344173690724993,0.3820075345581656,0.40358993531198945,0.4304020486477995,drift,10000,winner_pool,0.9164166638199729,0.9165185446660771,0.39344173690724993,0.9078068641231877,-0.008140370912493256,computed
3,Penmanshiel_Hourly_WT08,d379114cd53cbbe062e0e09b673d66d5a6d103c8d25daba8f040e64926c0f2d0,3535a87476fd41a2b9540ad341962848,RandomizedSmoothing,RandomizedSmoothing,TSMixer,rs_backbonebaseline_std0.25_samples30_alpha0.25,randomized_smoothing,wrap,improve,randomized_smoothing,baseline,81269ff3e448446eb88faf6d72b2ac76,,TSMixer,1515776824,MSE,0.32738178968429565,0.4092753818850809,0.3591509583235602,0.3598260198074626,0.32407164573669434,uniform_severity_degradation,0.5,"[""drift"",""attenuation"",""noise"",""spike"",""time_stretch"",""time_compress"",""stuck_sensor"",""missing_data""]",8,1.2502935165395157,1.2298418402702862,1.271339373923985,1.0923604139169942,1.0864520051242863,1.0986056278317966,0.44988813964748986,0.438167024217663,0.4630413038959366,0.39305969993498435,0.38181296334876824,0.4031104754635592,0.44988813964748986,noise,10000,winner_pool,0.9139396237829145,0.9129448438902388,0.39305969993498435,0.9154487724561462,-0.004891989228929028,computed
4,Penmanshiel_Hourly_WT08,d379114cd53cbbe062e0e09b673d66d5a6d103c8d25daba8f040e64926c0f2d0,74818a93229d4d57978a8241f637c00c,RandomizedSmoothing,RandomizedSmoothing,DLinear,rs_backbonebaseline_std0.25_samples30_alpha0.45,randomized_smoothing,wrap,improve,randomized_smoothing,baseline,60fed0bc9ac241f78ae88438e7a81bd7,,DLinear,1515776824,MSE,0.32581233978271484,0.4024291049335734,0.3584781929877669,0.34254711021562106,0.32475700974464417,uniform_severity_degradation,0.5,"[""drift"",""attenuation"",""noise"",""spike"",""time_stretch"",""time_compress"",""stuck_sensor"",""missing_data""]",8,1.2559659700426895,1.2297306185167456,1.2835620268266488,1.0981522482256036,1.0881978033029676,1.1087112744594594,0.43022751356728256,0.4159373978248604,0.44435094475735704,0.3761688792064679,0.36466287268484676,0.38740638536090877,0.43022751356728256,noise,10000,winner_pool,0.875562510426276,0.8752632202716759,0.3761688792064679,0.9106205461180832,-0.006642087846112754,computed
5,Penmanshiel_Hourly_WT08,d379114cd53cbbe062e0e09b673d66d5a6d103c8d25daba8f040e64926c0f2d0,267c69033e154f2582995bc10fbbc659,Ensemble,Ensemble,ModernTCN,ensemble_top7_mean,ensemble,wrap,improve,ensemble,baseline,,"0a3c1ca1f138463992a2135c0a32d428,f76e7cceb950487aa248426ae1f8e0ed,c2b020d12cff4c6e8cf9d64c1f7f874b,534b1529b3674f06bee8114a955de664,64e1a6462eeb4e7ea686095a17fc7250,e0bec81494d94576bba93f1063ca9729,62582f1968d64227ace89d3c1f550670",ModernTCN,1515776824,MSE,0.30929648876190186,0.36079748577905896,0.3304975634500952,0.33098708972473395,0.3116857409477234,uniform_severity_degradation,0.5,"[""drift"",""attenuation"",""noise"",""spike"",""time_stretch"",""time_compress"",""stuck_sensor"",""missing_data""]",8,1.177388338126221,1.1587778337273422,1.1975237975952184,1.0700618523698409,1.0638789498696104,1.0771718268098622,0.38970033951223887,0.3773105295032093,0.40184094195695974,0.3541766583413515,0.3430453251000974,0.36440612126169614,0.38970033951223887,noise,10000,winner_pool,0.8260126262361092,0.8239131294699016,0.3541766583413515,0.9345254181198251,0.002878923881486639,computed
6,Penmanshiel_Hourly_WT08,d379114cd53cbbe062e0e09b673d66d5a6d103c8d25daba8f040e64926c0f2d0,44b1104ae55f4888a45c4a6bbecc6af1,Ensemble,Ensemble,GRU,ensemble_top10_mean,ensemble,wrap,improve,ensemble,baseline,,"207cb29892c64707a2a730092d2a5c23,c5f8b499dcea47f79cc03b0ffb597fb9,447315075dae4f19b487cfe8d0a8fe91,6328c6c4af0e41c18e408fd583a21eee,f3efbdce366045cfbe1b8aaad0e8691f,6572f0f3b59c45908ea2e79f2b6215bb,762e808cf974466eacb94d91757e321a,480356a20f7649fc902d747bf8673cca,b79fa15009b74f4495f3803a29623fe0,3a18295cc7494834b016de62ee14df63",GRU,1515776824,MSE,0.2959790825843811,0.3175698691038803,0.3038619940393279,0.3374713239961129,0.29940178990364075,uniform_severity_degradation,0.5,"[""drift"",""attenuation"",""noise"",""spike"",""time_stretch"",""time_compress"",""stuck_sensor"",""missing_data""]",8,1.065010597123925,1.0568340586061507,1.0740049309327744,1.0262896513879947,1.023835103303917,1.0289826431554847,0.35941053628130176,0.3488428529008101,0.3696842578339981,0.34634332745741575,0.33577721572692343,0.3563816278914445,0.35941053628130176,drift,10000,winner_pool,0.8104046168721469,0.8053880386239605,0.34634332745741575,0.9743837898468141,0.01770758898989999,computed
7,Penmanshiel_Hourly_WT08,d379114cd53cbbe062e0e09b673d66d5a6d103c8d25daba8f040e64926c0f2d0,29517173c81049f19b34e11332f2ecbd,Ensemble,Ensemble,PatchTST,ensemble_top7_mean,ensemble,wrap,improve,ensemble,baseline,,"533ed0154c5c4e8195654b6e744969b6,8bea439639da4ae0b728f974f654377a,d9168fd9e6354e778514e4f5b9238d41,e5874a5cb6d040368e959761f5a0cdcd,5767142541d74860a384091aef8ebcae,22c7ccbd127948a3a73142b927c39f56,7615ad55a9c04e308d4d56c7d2b99f60",PatchTST,1515776824,MSE,0.3191685676574707,0.38831734968937354,0.35510291966121893,0.3405332779457822,0.3227744400501251,uniform_severity_degradation,0.5,"[""drift"",""attenuation"",""noise"",""spike"",""time_stretch"",""time_compress"",""stuck_sensor"",""missing_data""]",8,1.2203574312550096,1.205224205450051,1.2636517678016022,1.1088091469206744,1.0984940880691902,1.1203558675024807,0.41557231633076297,0.4039468656570899,0.43427762403181175,0.3775864134171637,0.36614394629725994,0.3881013705034753,0.41557231633076297,noise,10000,winner_pool,0.8789678367545074,0.8795327976452879,0.3775864134171637,0.9018684620136356,-0.010232191183616346,computed
8,Penmanshiel_Hourly_WT08,d379114cd53cbbe062e0e09b673d66d5a6d103c8d25daba8f040e64926c0f2d0,29e5bde26f224b84b86a34b701c5437f,Ensemble,Ensemble,TSMixer,ensemble_top10_mean,ensemble,wrap,improve,ensemble,baseline,,"81269ff3e448446eb88faf6d72b2ac76,df78767a19b443d1913c0f402b7b9f7a,e7cb7274794c47ef8c9c0dbe6fdf1fa8,3191deaf401d488299bd641311b273b3,f04f1d3799ff4a9fb9dd0ae04cc24cff,93c2fb8b5241404294fb9c2d1d7e2d47,99e1835573f74124adaf05ae41105390,d1b14ec49ae045e794aadb499fc93bd6,ac8d4aafa1894aaaad261eecc1c627e4,b6d313d3e6554fdf8e9e5dffb3bb982f",TSMixer,1515776824,MSE,0.3139127790927887,0.3572809763579086,0.33234825535941737,0.34638609623718075,0.32407164573669434,uniform_severity_degradation,0.5,"[""drift"",""attenuation"",""noise"",""spike"",""time_stretch"",""time_compress"",""stuck_sensor"",""missing_data""]",8,1.1396484200425598,1.127343703587451,1.1548011736432864,1.05863655115844,1.0542242685591487,1.0633852366981837,0.3947583673014131,0.38280615067265183,0.4060626195243119,0.3666969822897645,0.3547661869122638,0.3769371537139106,0.3947583673014131,noise,10000,winner_pool,0.8551587937600291,0.8520258728753873,0.3666969822897645,0.944611253886638,0.0069713985607028905,computed
9,Penmanshiel_Hourly_WT08,d379114cd53cbbe062e0e09b673d66d5a6d103c8d25daba8f040e64926c0f2d0,401408fed7a842bbb15e7b4784c89b21,Ensemble,Ensemble,DLinear,ensemble_top10_mean,ensemble,wrap,improve,ensemble,baseline,,"60fed0bc9ac241f78ae88438e7a81bd7,03a611b601ec400695a85a06228c0fe7,7dd5201e142847de977bc4d5b42bb539,f5ebe6a0ea1f48fc8e8d26cfcb2749fc,1d0a9933f30841888ba0bb7684d97cd2,7896f95de6ae4b58b66b3f276bb460bc,e8fb408f03be445580fdd56b906b1f7d,690f9e263fea434294d9d16f05cb3aca,57c1215fbadc495b83bf650c31ab0b75,08390dcb7b9c40d4bf436b900b7b541b",DLinear,1515776824,MSE,0.324107825756073,0.3951643314701505,0.3547977030696687,0.3394014749585185,0.32475700974464417,uniform_severity_degradation,0.5,"[""drift"",""attenuation"",""noise"",""spike"",""time_stretch"",""time_compress"",""stuck_sensor"",""missing_data""]",8,1.2456396493268138,1.2206886206666145,1.2724974851756805,1.0969191923240993,1.087747668152612,1.1064569727654805,0.4227719342483324,0.40859577158234694,0.4368600153671324,0.3722959917851062,0.36087532508817133,0.3833515780365326,0.4227719342483324,noise,10000,winner_pool,0.8667678745865935,0.866421932149955,0.3722959917851062,0.9116441821764903,-0.00616278463692177,computed
10,Penmanshiel_Hourly_WT08,d379114cd53cbbe062e0e09b673d66d5a6d103c8d25daba8f040e64926c0f2d0,651591c4ae784e8495f849b46157672c,ModernTCN,ModernTCN,ModernTCN,fa_profholdout_simple_mix0.75_sev1.0_frac0.1,fault_augmentation,train,train,fault_augmentation,baseline,,,ModernTCN,1515776824,MSE,0.31126877665519714,0.3610660682322147,0.33021041059535006,0.337626048943316,0.31126880645751953,uniform_severity_degradation,0.5,"[""drift"",""attenuation"",""noise"",""spike"",""time_stretch"",""time_compress"",""stuck_sensor"",""missing_data""]",8,1.1652380953246055,1.1479568846658144,1.1838879813865144,1.0612059747872153,1.0557768086919153,1.0670542168690003,0.3934147342026816,0.3810702942543509,0.4055649201103425,0.3582907803824477,0.3469789942987317,0.36845036178611806,0.3934147342026816,noise,10000,winner_pool,0.8357877277279553,0.832991354871641,0.3582907803824477,0.9423241328814721,0.0059270568274472635,computed
11,Penmanshiel_Hourly_WT08,d379114cd53cbbe062e0e09b673d66d5a6d103c8d25daba8f040e64926c0f2d0,52c00c5da9904a2f9f778182a4d4f9c7,GRU,GRU,GRU,fa_profholdout_varying_mix0.75_sev0.75_frac0.1,fault_augmentation,train,train,fault_augmentation,baseline,,,GRU,1515776824,MSE,0.301647424697876,0.3274220341399778,0.3111229232937573,0.34509504560066273,0.301647424697876,uniform_severity_degradation,0.5,"[""drift"",""attenuation"",""noise"",""spike"",""time_stretch"",""time_compress"",""stuck_sensor"",""missing_data""]",8,1.065359924617679,1.0599918620553508,1.074651213974101,1.027971722148275,1.0253765258496996,1.0307745874124368,0.3676504317670566,0.35716041674633964,0.37841153945245193,0.35474794833095075,0.3441548552506726,0.36480662559087323,0.3676504317670566,drift,10000,winner_pool,0.8300424399835302,0.8250428202509987,0.35474794833095075,0.9727894050530699,0.017527616071615126,computed
12,Penmanshiel_Hourly_WT08,d379114cd53cbbe062e0e09b673d66d5a6d103c8d25daba8f040e64926c0f2d0,8de8897ab702492cb893ddfa509a8a1a,PatchTST,PatchTST,PatchTST,fa_profholdout_simple_mix1.0_sev1.0_frac0.1,fault_augmentation,train,train,fault_augmentation,baseline,,,PatchTST,1515776824,MSE,0.32259392738342285,0.39928000956756327,0.3596791077219228,0.34523671959769126,0.32259392738342285,uniform_severity_degradation,0.5,"[""drift"",""attenuation"",""noise"",""spike"",""time_stretch"",""time_compress"",""stuck_sensor"",""missing_data""]",8,1.221526708837802,1.2099663464799815,1.2927647654132435,1.1131204578102383,1.1021890031261932,1.1249528413734045,0.4217158738601269,0.41090423956744465,0.4491050600638618,0.38429005537148697,0.37274103560823874,0.39465262011899477,0.4217158738601269,noise,10000,winner_pool,0.8943298929993622,0.8951958592004334,0.38429005537148697,0.898375367179243,-0.011861649671289443,computed
13,Penmanshiel_Hourly_WT08,d379114cd53cbbe062e0e09b673d66d5a6d103c8d25daba8f040e64926c0f2d0,8ca1140a4ea94cb5a5f0d98a278ed380,TSMixer,TSMixer,TSMixer,fa_profholdout_simple_mix0.75_sev0.75_frac0.1,fault_augmentation,train,train,fault_augmentation,baseline,,,TSMixer,1515776824,MSE,0.3221335709095001,0.3736610212957991,0.3422902130464245,0.3555816137491376,0.3221336007118225,uniform_severity_degradation,0.5,"[""drift"",""attenuation"",""noise"",""spike"",""time_stretch"",""time_compress"",""stuck_sensor"",""missing_data""]",8,1.1648328181365486,1.148212655165224,1.1830002491406775,1.0590154815946453,1.0537765772350514,1.0644669614597853,0.4141931332209497,0.4017097280699204,0.42614657093565417,0.37656643393074407,0.36545162038480783,0.38666952384471026,0.4141931332209497,noise,10000,winner_pool,0.8778707573399362,0.8746222019170471,0.37656643393074407,0.9442732588707949,0.007022300657056391,computed
14,Penmanshiel_Hourly_WT08,d379114cd53cbbe062e0e09b673d66d5a6d103c8d25daba8f040e64926c0f2d0,51a4c75f152d495eaea0c1425385cee7,DLinear,DLinear,DLinear,fa_profholdout_simple_mix0.75_sev1.0_frac0.1,fault_augmentation,train,train,fault_augmentation,baseline,,,DLinear,1515776824,MSE,0.3240950405597687,0.39783600317155166,0.3551953377726701,0.339836741187633,0.3240950405597687,uniform_severity_degradation,0.5,"[""drift"",""attenuation"",""noise"",""spike"",""time_stretch"",""time_compress"",""stuck_sensor"",""missing_data""]",8,1.2546756989866592,1.2292849214539707,1.282495098926603,1.097789360965744,1.0884462478470218,1.107553528362028,0.4263849007909419,0.41207604560899025,0.44036303785267955,0.37306915894105264,0.3615030030144903,0.3841174010072919,0.4263849007909419,noise,10000,winner_pool,0.8684063325453484,0.8680955779099332,0.37306915894105264,0.9109215625120313,-0.006466376604574553,computed
15,Penmanshiel_Hourly_WT08,d379114cd53cbbe062e0e09b673d66d5a6d103c8d25daba8f040e64926c0f2d0,7a63d1e925c54195820e2bbc7a31aa01,GRU,GRU,GRU,advtrain_eps0.05_steps3_alpha0.02_channelsall,adversarial_training,train,train,adversarial_training,baseline,,,GRU,1515776824,MSE,0.3014352321624756,0.31654337522282733,0.30620249965196916,0.34035325957185125,0.3014352321624756,uniform_severity_degradation,0.5,"[""drift"",""attenuation"",""noise"",""spike"",""time_stretch"",""time_compress"",""stuck_sensor"",""missing_data""]",8,1.037146794611287,1.0320163003642486,1.0439500360044631,1.0175629311747234,1.0153624115972706,1.0198489046650252,0.3529962922004488,0.3419433998558977,0.3637061330139188,0.34633086044480454,0.3350168740738186,0.3567312502122583,0.3529962922004488,attenuation,10000,winner_pool,0.8105666716059468,0.8048526154645437,0.34633086044480454,0.9827402014787938,0.02082915381242545,computed
16,Penmanshiel_Hourly_WT08,d379114cd53cbbe062e0e09b673d66d5a6d103c8d25daba8f040e64926c0f2d0,023de9cd90734acb81a29ace5ded1ffb,PatchTST,PatchTST,PatchTST,arl_alo0.001_ainit1.0_slo1e-05_sinit0.1,adaptive_robust_loss,train,train,adaptive_robust_loss,baseline,,,PatchTST,1515776824,MSE,0.35370901226997375,0.7033204020632136,0.4318277452107889,0.38365322978944316,0.8042126893997192,uniform_severity_degradation,0.5,"[""drift"",""attenuation"",""noise"",""spike"",""time_stretch"",""time_compress"",""stuck_sensor"",""missing_data""]",8,1.7718300378308731,1.6483029256609267,1.9098996202544574,1.1939547014408065,1.1768470903862376,1.2137357219541967,0.6797683166517657,0.6304464612977655,0.7347060607439684,0.4580645774300558,0.44499565196800595,0.47052283343169815,0.6797683166517657,spike,10000,winner_pool,1.05958084208546,1.066413101713969,0.4580645774300558,0.837552713510193,-0.04419139407621414,computed
17,Penmanshiel_Hourly_WT08,d379114cd53cbbe062e0e09b673d66d5a6d103c8d25daba8f040e64926c0f2d0,c138b1d89f6f4cee9ebf78be7b3622bb,ModernTCN,ModernTCN,ModernTCN,arl_alo0.5_ainit1.0_slo0.01_sinit1.0,adaptive_robust_loss,train,train,adaptive_robust_loss,baseline,,,ModernTCN,1515776824,MSE,0.38814523816108704,0.49882954054667306,0.41357921569186146,0.42006049131648615,0.9074698090553284,uniform_severity_degradation,0.5,"[""drift"",""attenuation"",""noise"",""spike"",""time_stretch"",""time_compress"",""stuck_sensor"",""missing_data""]",8,1.252918809639465,1.229775179556165,1.2773670281582925,1.062484871573918,1.056574452629382,1.0690755665663318,0.5263016907568207,0.5111974488026777,0.5417147968622658,0.4463079171696736,0.43355668734151875,0.45830814205181747,0.5263016907568207,noise,10000,winner_pool,1.0383626344526018,1.0344429123158077,0.4463079171696736,0.9411898717377919,0.006842630729179511,computed
18,Penmanshiel_Hourly_WT08,d379114cd53cbbe062e0e09b673d66d5a6d103c8d25daba8f040e64926c0f2d0,7d5da7ac21eb4fd6862ca355d06a7e5f,GRU,GRU,GRU,arl_alo0.001_ainit1.9_slo0.001_sinit1.0,adaptive_robust_loss,train,train,adaptive_robust_loss,baseline,,,GRU,1515776824,MSE,0.36225229501724243,0.4124877326792242,0.3817394741191007,0.4072365040635108,0.9735094904899597,uniform_severity_degradation,0.5,"[""drift"",""attenuation"",""noise"",""spike"",""time_stretch"",""time_compress"",""stuck_sensor"",""missing_data""]",8,1.1294397334973738,1.1180628896923508,1.1429158394138452,1.0462081640130452,1.0421026998840444,1.05013322273345,0.45994908861989386,0.4481674217194747,0.4716193310488501,0.42605415523537665,0.41473116438825164,0.4365673160308667,0.45994908861989386,drift,10000,winner_pool,0.9968023565322277,0.9926214784867098,0.42605415523537665,0.9558327246885554,0.013261425674451599,computed
19,Penmanshiel_Hourly_WT08,d379114cd53cbbe062e0e09b673d66d5a6d103c8d25daba8f040e64926c0f2d0,b2646f2ccdcf42c2a586a5aa10952cda,TSMixer,TSMixer,TSMixer,arl_alo0.001_ainit1.0_slo0.001_sinit0.1,adaptive_robust_loss,train,train,adaptive_robust_loss,baseline,,,TSMixer,1515776824,MSE,0.32452887296676636,0.3782753863202039,0.3434302819709747,0.3610192412729928,0.6990898847579956,uniform_severity_degradation,0.5,"[""drift"",""attenuation"",""noise"",""spike"",""time_stretch"",""time_compress"",""stuck_sensor"",""missing_data""]",8,1.1672555906051012,1.1484919930125956,1.1898585290990153,1.0552618726749126,1.0488195361085404,1.0623795701104253,0.4214017276919127,0.40726565741237464,0.4355395077168997,0.3809698406174144,0.36788089432557924,0.39285236501956367,0.4214017276919127,noise,10000,winner_pool,0.8877057964339865,0.8840041554944318,0.3809698406174144,0.9476320768276856,0.008485149128298508,computed
20,Penmanshiel_Hourly_WT08,d379114cd53cbbe062e0e09b673d66d5a6d103c8d25daba8f040e64926c0f2d0,005114298d2f467a8d407592de8602be,DLinear,DLinear,DLinear,arl_alo0.001_ainit1.0_slo0.001_sinit0.1,adaptive_robust_loss,train,train,adaptive_robust_loss,baseline,,,DLinear,1515776824,MSE,0.3415791392326355,0.4527716763942056,0.3794899059469581,0.35776115943853654,0.679492175579071,uniform_severity_degradation,0.5,"[""drift"",""attenuation"",""noise"",""spike"",""time_stretch"",""time_compress"",""stuck_sensor"",""missing_data""]",8,1.361178219113065,1.3276781126108872,1.3985096119871803,1.1138536442502767,1.1014186991733053,1.126916818428531,0.48697669787237247,0.46906065751311005,0.5048793234734849,0.3984935712118182,0.38518664774504685,0.41138527845094097,0.48697669787237247,noise,10000,winner_pool,0.9251879593042034,0.925708805598617,0.3984935712118182,0.8977840178213804,-0.012553486192136032,computed
21,Penmanshiel_Hourly_WT08,d379114cd53cbbe062e0e09b673d66d5a6d103c8d25daba8f040e64926c0f2d0,3d95ee92f15b4b179f87da658e9416b8,PatchTST,PatchTST,PatchTST,advtrain_eps0.05_steps7_alpha0.02_channelsall,adversarial_training,train,train,adversarial_training,baseline,,,PatchTST,1515776824,MSE,0.3227425813674927,0.38908570569160655,0.3549497127635497,0.3471860807366378,0.3227425813674927,uniform_severity_degradation,0.5,"[""drift"",""attenuation"",""noise"",""spike"",""time_stretch"",""time_compress"",""stuck_sensor"",""missing_data""]",8,1.201854409783305,1.186020490059268,1.2223502935256247,1.0976755323829104,1.0891332005693635,1.1072721594911437,0.41726712214871076,0.4050384591170991,0.4299117347150757,0.38109766600852507,0.36969062444811385,0.3919105752553268,0.41726712214871076,drift,10000,winner_pool,0.8879265777104961,0.8877723369122397,0.38109766600852507,0.9110160247711182,-0.006566242509524645,computed
22,Penmanshiel_Hourly_WT08,d379114cd53cbbe062e0e09b673d66d5a6d103c8d25daba8f040e64926c0f2d0,5f9778d7530847b8a65f50d7126c94d5,PatchTST,PatchTST,PatchTST,rt_spaceraw_std0.1_channelscontinuous,randomized_training,train,train,randomized_training,baseline,,,PatchTST,1515776824,MSE,0.32726770639419556,0.3954673658422095,0.3607334470954561,0.3484457239113879,0.32726770639419556,uniform_severity_degradation,0.5,"[""drift"",""attenuation"",""noise"",""spike"",""time_stretch"",""time_compress"",""stuck_sensor"",""missing_data""]",8,1.2038515969636967,1.1907718925527133,1.2257428290541033,1.100603818845725,1.0920438566974844,1.109803577860179,0.4194769411858957,0.40795904410999473,0.43307382590449,0.3835006943973367,0.3719099647002435,0.39383437766913204,0.4194769411858957,drift,10000,winner_pool,0.8933053701743967,0.8933392140108711,0.3835006943973367,0.908592159028455,-0.00761033711120529,computed
23,Penmanshiel_Hourly_WT08,d379114cd53cbbe062e0e09b673d66d5a6d103c8d25daba8f040e64926c0f2d0,533ed0154c5c4e8195654b6e744969b6,PatchTST,PatchTST,PatchTST,baseline,baseline,train,train,baseline,,,,PatchTST,1515776824,MSE,0.3227744400501251,,,0.3539782933369628,0.3227744400501251,uniform_severity_degradation,0.5,"[""drift"",""attenuation"",""noise"",""spike"",""time_stretch"",""time_compress"",""stuck_sensor"",""missing_data""]",8,1.2020969749579795,1.1901138285871404,1.2480754964325027,1.1022719556597171,1.093285560884588,1.1126359485219182,0.42551623562115126,0.41476012992565664,0.44398141933448965,0.39018034565762294,0.37891587469200283,0.40049093321476303,0.42551623562115126,drift,10000,winner_pool,0.908671114896459,0.9088036495795564,0.39018034565762294,0.907217129915542,-0.008321314199852659,computed
24,Penmanshiel_Hourly_WT08,d379114cd53cbbe062e0e09b673d66d5a6d103c8d25daba8f040e64926c0f2d0,0f7bc488f0ca48d090b7152800bff9fd,ModernTCN,ModernTCN,ModernTCN,advtrain_eps0.2_steps3_alpha0.02_channelsall,adversarial_training,train,train,adversarial_training,baseline,,,ModernTCN,1515776824,MSE,0.3061239421367645,0.3461292165193202,0.32196791362292787,0.3389717738935724,0.3061239421367645,uniform_severity_degradation,0.5,"[""drift"",""attenuation"",""noise"",""spike"",""time_stretch"",""time_compress"",""stuck_sensor"",""missing_data""]",8,1.1007217972571843,1.0927640754071397,1.1137347958734232,1.0505343004459018,1.046165776059668,1.055472494910636,0.37311362017958893,0.3626365377322031,0.38501546435362816,0.3561014753581905,0.3445945391119832,0.36667778381460997,0.37311362017958893,noise,10000,winner_pool,0.8318968669179292,0.8284928809617396,0.3561014753581905,0.95189657260648,0.009568160462085584,computed
25,Penmanshiel_Hourly_WT08,d379114cd53cbbe062e0e09b673d66d5a6d103c8d25daba8f040e64926c0f2d0,eab37be4347e4eb4b558e1df6fab9afa,TSMixer,TSMixer,TSMixer,advtrain_eps0.1_steps3_alpha0.02_channelsall,adversarial_training,train,train,adversarial_training,baseline,,,TSMixer,1515776824,MSE,0.3097608983516693,0.3454874452683919,0.3273070533197339,0.3359805406098079,0.3097608983516693,uniform_severity_degradation,0.5,"[""drift"",""attenuation"",""noise"",""spike"",""time_stretch"",""time_compress"",""stuck_sensor"",""missing_data""]",8,1.1103591901879053,1.0986560378654129,1.1427543878236763,1.055683784292353,1.0496174762442154,1.0626390032578068,0.37305908099040097,0.36106719026521006,0.38869239713782244,0.35468920855955255,0.3427708480425558,0.36554841102774416,0.37305908099040097,noise,10000,winner_pool,0.8280557738709933,0.8249692459366638,0.35468920855955255,0.9472533488522997,0.00775341737256896,computed
26,Penmanshiel_Hourly_WT08,d379114cd53cbbe062e0e09b673d66d5a6d103c8d25daba8f040e64926c0f2d0,dac780dbd1084104adac95e854b5f958,DLinear,DLinear,DLinear,advtrain_eps0.05_steps7_alpha0.02_channelsall,adversarial_training,train,train,adversarial_training,baseline,,,DLinear,1515776824,MSE,0.3227537274360657,0.38663234594254753,0.3516481603679131,0.3383405032536364,0.3227536976337433,uniform_severity_degradation,0.5,"[""drift"",""attenuation"",""noise"",""spike"",""time_stretch"",""time_compress"",""stuck_sensor"",""missing_data""]",8,1.221883263627264,1.1999435384189057,1.246513502803021,1.0917285151002283,1.0832111485861844,1.1010175735224417,0.4134125983328442,0.4000713552735059,0.426677883095225,0.3693759752153565,0.3579552579010955,0.3799529199383995,0.4134125983328442,noise,10000,winner_pool,0.860441700065081,0.8597884804348601,0.3693759752153565,0.9159786395321853,-0.00438736852575633,computed
27,Penmanshiel_Hourly_WT08,d379114cd53cbbe062e0e09b673d66d5a6d103c8d25daba8f040e64926c0f2d0,5ee5587a822c45ed8fbf5dd85e911272,Chronos2,pretrained,Chronos2,baseline,baseline,train,train,baseline,,,,Chronos2,1515776824,MSE,0.3609877824783325,,,0.4014521331300828,0.3609878420829773,uniform_severity_degradation,0.5,"[""drift"",""attenuation"",""noise"",""spike"",""time_stretch"",""time_compress"",""stuck_sensor"",""missing_data""]",8,1.1599573577847928,1.1456676674408794,1.1775815436316888,1.0518599349424453,1.0456380413780548,1.0584690630489575,0.4656673556226398,0.4505488295620248,0.48113090202027115,0.4222714146367148,0.40863813191391135,0.43565554590404465,0.4656673556226398,drift,10000,winner_pool,0.987027189002587,0.9832177763004698,0.4222714146367148,0.9506969195995825,0.01080379222316713,computed
28,Penmanshiel_Hourly_WT08,d379114cd53cbbe062e0e09b673d66d5a6d103c8d25daba8f040e64926c0f2d0,cb61bcad2c6d4727b0470d8f68f17744,GRU,GRU,GRU,rt_spaceraw_std0.2_channelscontinuous,randomized_training,train,train,randomized_training,baseline,,,GRU,1515776824,MSE,0.29833200573921204,0.31582655126424897,0.3052314551325641,0.3369307619144325,0.29833200573921204,uniform_severity_degradation,0.5,"[""drift"",""attenuation"",""noise"",""spike"",""time_stretch"",""time_compress"",""stuck_sensor"",""missing_data""]",8,1.058134926752879,1.0506245404103256,1.0661331782482215,1.024714445110975,1.0223332083462695,1.0273403250196265,0.35651820707911974,0.3463788855346142,0.36724162043670305,0.3452578187359657,0.33471139568095276,0.3552905746641982,0.35651820707911974,drift,10000,winner_pool,0.8079677543036188,0.8028555400339774,0.3452578187359657,0.9758816270924155,0.018209927180511065,computed
29,Penmanshiel_Hourly_WT08,d379114cd53cbbe062e0e09b673d66d5a6d103c8d25daba8f040e64926c0f2d0,4d8873025efd4d1da4090bf291037930,TSMixer,TSMixer,TSMixer,rt_spaceraw_std0.1_channelscontinuous,randomized_training,train,train,randomized_training,baseline,,,TSMixer,1515776824,MSE,0.3341737389564514,0.399140504358996,0.353709111804698,0.3522980188521091,0.3341737389564514,uniform_severity_degradation,0.5,"[""drift"",""attenuation"",""noise"",""spike"",""time_stretch"",""time_compress"",""stuck_sensor"",""missing_data""]",8,1.1825735228595557,1.1645574913949337,1.2020884375534955,1.0606022047903254,1.0556579031477162,1.066229223900438,0.41661830925038085,0.4046992823347377,0.4285243077346441,0.37364805553781044,0.3616624046711175,0.3838519281549557,0.41661830925038085,noise,10000,winner_pool,0.8710089305864686,0.8679149378240668,0.37364805553781044,0.9428605706111031,0.006398253244477181,computed
30,Penmanshiel_Hourly_WT08,d379114cd53cbbe062e0e09b673d66d5a6d103c8d25daba8f040e64926c0f2d0,38e96ed59f714d25957027c2dc7eb95d,DLinear,DLinear,DLinear,rt_spaceraw_std0.1_channelscontinuous,randomized_training,train,train,randomized_training,baseline,,,DLinear,1515776824,MSE,0.32445043325424194,0.38434637186462833,0.352965121050147,0.34095533681841333,0.32445046305656433,uniform_severity_degradation,0.5,"[""drift"",""attenuation"",""noise"",""spike"",""time_stretch"",""time_compress"",""stuck_sensor"",""missing_data""]",8,1.2115987468590432,1.1900629797088391,1.2354621331601752,1.089475260439873,1.0814886345465693,1.0979640135311206,0.4131010588240926,0.3994290390529533,0.4270478309156303,0.37146240437860545,0.35996307985566356,0.3822956296426261,0.4131010588240926,noise,10000,winner_pool,0.8654898275371146,0.8646895409033428,0.37146240437860545,0.9178730681743544,-0.0036528552699143235,computed
31,Penmanshiel_Hourly_WT08,d379114cd53cbbe062e0e09b673d66d5a6d103c8d25daba8f040e64926c0f2d0,44d49900f195447783004972cddf02af,SeasonalNaive,SeasonalNaive,SeasonalNaive,baseline,baseline,train,train,baseline,,,,SeasonalNaive,1515776824,MSE,0.3674262464046478,,,0.3889769631446924,0.3674262464046478,uniform_severity_degradation,0.5,"[""drift"",""attenuation"",""noise"",""spike"",""time_stretch"",""time_compress"",""stuck_sensor"",""missing_data""]",8,1.3204154727826485,1.2906300803416229,1.3533358562189128,1.1069612040163612,1.0949918829306495,1.1196350362205758,0.5136112006922579,0.4946551243384145,0.5324046831934269,0.4305824074572765,0.4156490696599534,0.44493412077676,0.5136112006922579,noise,10000,winner_pool,1.0,1.0,0.4305824074572765,0.9033740264534326,-0.010965816311530707,computed
32,Penmanshiel_Hourly_WT08,d379114cd53cbbe062e0e09b673d66d5a6d103c8d25daba8f040e64926c0f2d0,c84c01d3a22d4fe5830854e800349edc,ModernTCN,ModernTCN,ModernTCN,revin_affineFalse_eps1e-5,revin,train,train,revin,baseline,,,ModernTCN,1515776824,MSE,0.3116298317909241,0.37879626307159864,0.3459802662505743,0.33099350704477404,0.3116298317909241,uniform_severity_degradation,0.5,"[""drift"",""attenuation"",""noise"",""spike"",""time_stretch"",""time_compress"",""stuck_sensor"",""missing_data""]",8,1.2153565176521544,1.1990103219423773,1.23862863009037,1.1067606404750525,1.0989821093347336,1.1153905036968463,0.4022751160874104,0.38961155252413526,0.41559243305672716,0.3663305858499579,0.3549322282196071,0.3771425631232777,0.4022751160874104,noise,10000,winner_pool,0.8534688403608726,0.8540168812815621,0.3663305858499579,0.9035377329381465,-0.009268080485273666,computed
33,Penmanshiel_Hourly_WT08,d379114cd53cbbe062e0e09b673d66d5a6d103c8d25daba8f040e64926c0f2d0,79bd3aadca3543eb991f6c9bca5feb66,ModernTCN,ModernTCN,ModernTCN,rt_spaceraw_std0.1_channelscontinuous,randomized_training,train,train,randomized_training,baseline,,,ModernTCN,1515776824,MSE,0.3134680986404419,0.35042395899929885,0.3309664915284314,0.33456097908441446,0.3134680986404419,uniform_severity_degradation,0.5,"[""drift"",""attenuation"",""noise"",""spike"",""time_stretch"",""time_compress"",""stuck_sensor"",""missing_data""]",8,1.1290793392260488,1.1141284880243738,1.1440612499199754,1.0592105044619657,1.05449738601265,1.0643311983082193,0.3777458891954506,0.36617460345993663,0.3891759863531233,0.35437050342929177,0.3432613955448281,0.3647249079237824,0.3777458891954506,noise,10000,winner_pool,0.8273874717350516,0.8246072618408522,0.35437050342929177,0.9440993983608177,0.006540668104881797,computed
34,Penmanshiel_Hourly_WT08,d379114cd53cbbe062e0e09b673d66d5a6d103c8d25daba8f040e64926c0f2d0,0a3c1ca1f138463992a2135c0a32d428,ModernTCN,ModernTCN,ModernTCN,baseline,baseline,train,train,baseline,,,,ModernTCN,1515776824,MSE,0.3116857409477234,,,0.335525509723532,0.3116857409477234,uniform_severity_degradation,0.5,"[""drift"",""attenuation"",""noise"",""spike"",""time_stretch"",""time_compress"",""stuck_sensor"",""missing_data""]",8,1.183148641445075,1.1648539910389428,1.202886965368547,1.0714641225017787,1.0654213097708252,1.0781518070973175,0.3969765509995632,0.38428878040683034,0.40882647225363716,0.35950354585288624,0.3480512307448905,0.36979686527958666,0.3969765509995632,noise,10000,winner_pool,0.8382111001494363,0.8361465591322106,0.35950354585288624,0.9333023654259968,0.002448182646010766,computed
35,Penmanshiel_Hourly_WT08,d379114cd53cbbe062e0e09b673d66d5a6d103c8d25daba8f040e64926c0f2d0,4abbffa5460a4c06b355f773b1087f81,GRU,GRU,GRU,revin_affineTrue_eps1e-5,revin,train,train,revin,baseline,,,GRU,1515776824,MSE,0.3061256408691406,0.4437247983685871,0.35007212340158933,0.3465443734268272,0.30612534284591675,uniform_severity_degradation,0.5,"[""drift"",""attenuation"",""noise"",""spike"",""time_stretch"",""time_compress"",""stuck_sensor"",""missing_data""]",8,1.4447972218684952,1.4034079812662699,1.4910825737151414,1.132677184849455,1.1251193598061677,1.141630839390113,0.5006863479812383,0.48392255854018196,0.5183989982289592,0.3925229053185169,0.38050281895627,0.40369533627385074,0.5006863479812383,stuck_sensor,10000,winner_pool,0.9193383537937277,0.923035410851567,0.3925229053185169,0.8828640793474716,-0.018683771212404277,computed
36,Penmanshiel_Hourly_WT08,d379114cd53cbbe062e0e09b673d66d5a6d103c8d25daba8f040e64926c0f2d0,207cb29892c64707a2a730092d2a5c23,GRU,GRU,GRU,baseline,baseline,train,train,baseline,,,,GRU,1515776824,MSE,0.29940178990364075,,,0.3455990934811067,0.29940178990364075,uniform_severity_degradation,0.5,"[""drift"",""attenuation"",""noise"",""spike"",""time_stretch"",""time_compress"",""stuck_sensor"",""missing_data""]",8,1.063679144443995,1.055935523431772,1.072394749806824,1.0272414513836818,1.0246963769756507,1.0300398564008038,0.3676065480746038,0.35722586410931984,0.37820063342044774,0.35501371438441676,0.3444575194713607,0.3652225316487379,0.3676065480746038,drift,10000,winner_pool,0.8307158932617698,0.8256602616766393,0.35501371438441676,0.9734809656025972,0.017805628947492824,computed
37,Penmanshiel_Hourly_WT08,d379114cd53cbbe062e0e09b673d66d5a6d103c8d25daba8f040e64926c0f2d0,249f87b882dc446fa424cb56ad26e859,TSMixer,TSMixer,TSMixer,revin_affineTrue_eps1e-5,revin,train,train,revin,baseline,,,TSMixer,1515776824,MSE,0.3202707767486572,0.41081859298069306,0.36076950394520274,0.34709362146782224,0.3202717900276184,uniform_severity_degradation,0.5,"[""drift"",""attenuation"",""noise"",""spike"",""time_stretch"",""time_compress"",""stuck_sensor"",""missing_data""]",8,1.282929961196296,1.249474398816026,1.3203898614786982,1.1199869208021949,1.1128485662522405,1.128143606782056,0.44529680632119506,0.4292735645992699,0.46178092663403114,0.3887403163378288,0.3768547138918006,0.399769307797793,0.44529680632119506,stuck_sensor,10000,winner_pool,0.9072515647412649,0.9092347526045581,0.3887403163378288,0.8928675696353189,-0.014308640142599194,computed
38,Penmanshiel_Hourly_WT08,d379114cd53cbbe062e0e09b673d66d5a6d103c8d25daba8f040e64926c0f2d0,81269ff3e448446eb88faf6d72b2ac76,TSMixer,TSMixer,TSMixer,baseline,baseline,train,train,baseline,,,,TSMixer,1515776824,MSE,0.3240717947483063,,,0.35292215613917216,0.32407164573669434,uniform_severity_degradation,0.5,"[""drift"",""attenuation"",""noise"",""spike"",""time_stretch"",""time_compress"",""stuck_sensor"",""missing_data""]",8,1.256385327503652,1.2356785148771328,1.2787153360486723,1.094867065431011,1.0889600818128586,1.101422303164988,0.4434062187242089,0.43125483593513086,0.45604276238386754,0.3864028454176805,0.37499594453257495,0.3966188278084989,0.4434062187242089,noise,10000,winner_pool,0.8982741828796393,0.8974688609066778,0.3864028454176805,0.9133528914821589,-0.0056832015781729806,computed
39,Penmanshiel_Hourly_WT08,d379114cd53cbbe062e0e09b673d66d5a6d103c8d25daba8f040e64926c0f2d0,22b8f894079842a39dfe7caa04f2743b,DLinear,DLinear,DLinear,revin_affineFalse_eps1e-5,revin,train,train,revin,baseline,,,DLinear,1515776824,MSE,0.33238375186920166,0.4097130095815998,0.36655806231181315,0.34625841194719176,0.3323838412761688,uniform_severity_degradation,0.5,"[""drift"",""attenuation"",""noise"",""spike"",""time_stretch"",""time_compress"",""stuck_sensor"",""missing_data""]",8,1.2597581701427771,1.2338483085265664,1.2875741580494195,1.1060720470094707,1.0965339333289292,1.1160935321683945,0.4362018634311382,0.4209776322663605,0.4509719962492462,0.382986750496679,0.3709038688502198,0.3950078676404862,0.4362018634311382,noise,10000,winner_pool,0.8912036751947005,0.891492146411438,0.382986750496679,0.9041002371443506,-0.00945611853944156,computed
40,Penmanshiel_Hourly_WT08,d379114cd53cbbe062e0e09b673d66d5a6d103c8d25daba8f040e64926c0f2d0,60fed0bc9ac241f78ae88438e7a81bd7,DLinear,DLinear,DLinear,baseline,baseline,train,train,baseline,,,,DLinear,1515776824,MSE,0.3247569799423218,,,0.3402492441755021,0.32475700974464417,uniform_severity_degradation,0.5,"[""drift"",""attenuation"",""noise"",""spike"",""time_stretch"",""time_compress"",""stuck_sensor"",""missing_data""]",8,1.2593600353792047,1.233293587266708,1.2877108122241374,1.099251064760835,1.0897091026526071,1.1091898227151356,0.428496300182608,0.4139483772604313,0.44258402317309403,0.37401934394398995,0.3624576266717258,0.3852406632989002,0.428496300182608,noise,10000,winner_pool,0.8704926674979354,0.8702701830847648,0.37401934394398995,0.9097102855366086,-0.006971543894172372,computed
41,traffic,41f9af6ab1b86f6fe5ef4323c149934cbaf2f1c6c4b6bb60ffda29c7857cf618,fe2451b69f01484989fc857b0fe329ad,RandomizedSmoothing,RandomizedSmoothing,ModernTCN,rs_backbonebaseline_std0.25_samples30_alpha0.25,randomized_smoothing,wrap,improve,randomized_smoothing,baseline,a0a6f9b2a8754ae0aaf937850b4287bf,,ModernTCN,74851880,MSE,0.4000979959964752,0.528062286088864,0.451843814212208,0.5788665602862835,0.3998897969722748,uniform_severity_degradation,0.5,"[""drift"",""attenuation"",""noise"",""spike"",""time_stretch"",""time_compress"",""stuck_sensor"",""missing_data""]",8,1.2649291249916441,1.2590320599305076,1.2704843571065454,1.1133991420265332,1.1119396233232817,1.1148465809527368,0.7322251715898513,0.7277519424848259,0.7366349034010619,0.6445095315705984,0.6413959035482816,0.6476436006716453,0.7322251715898513,missing_data,10000,winner_pool,0.4671951441184251,0.4684175285797245,0.6445095315705984,0.8981505034931752,0.035197141115647645,computed
42,traffic,41f9af6ab1b86f6fe5ef4323c149934cbaf2f1c6c4b6bb60ffda29c7857cf618,d85f72e3bddb4c26a9f8c41ea567e4ec,RandomizedSmoothing,RandomizedSmoothing,GRU,rs_backbonebaseline_std0.5_samples30_alpha0.25,randomized_smoothing,wrap,improve,randomized_smoothing,baseline,130478b6c656458bac702a6d267e7918,,GRU,74851880,MSE,0.4827027916908264,0.6731511747837067,0.5321709917001427,0.7149937792599201,0.48777174949645996,uniform_severity_degradation,0.5,"[""drift"",""attenuation"",""noise"",""spike"",""time_stretch"",""time_compress"",""stuck_sensor"",""missing_data""]",8,1.2837750187422219,1.2702418671376314,1.2971290934610538,1.0740899211065602,1.0720523095371473,1.076334518411912,0.9178911523699761,0.9078918513991683,0.9278911995922029,0.7679676119569689,0.7650495577660762,0.7712071079684235,0.9178911523699761,missing_data,10000,winner_pool,0.5561990651863433,0.555526271700669,0.7679676119569689,0.9310207463540571,0.04422007118566684,computed
43,traffic,41f9af6ab1b86f6fe5ef4323c149934cbaf2f1c6c4b6bb60ffda29c7857cf618,923807b928ca4f5a8f179ee210ecd506,RandomizedSmoothing,RandomizedSmoothing,PatchTST,rs_backbonebaseline_std0.25_samples30_alpha0.25,randomized_smoothing,wrap,improve,randomized_smoothing,baseline,966a68733399471296c536464bc22275,,PatchTST,74851880,MSE,0.3851388096809387,0.6030033422907194,0.4889417965710163,0.5120852142244577,0.3343311846256256,uniform_severity_degradation,0.5,"[""drift"",""attenuation"",""noise"",""spike"",""time_stretch"",""time_compress"",""stuck_sensor"",""missing_data""]",8,1.5720208105033624,1.55699596276949,1.5873292955689506,1.2480088953224344,1.244932637287535,1.2513101467953882,0.80500861351192,0.7974033948244155,0.8130242248040438,0.6390869025152176,0.6352019891976285,0.6432208158227335,0.80500861351192,missing_data,10000,winner_pool,0.4617198917233606,0.467585664008319,0.6390869025152176,0.801276340054965,-0.026120594986291157,computed
44,traffic,41f9af6ab1b86f6fe5ef4323c149934cbaf2f1c6c4b6bb60ffda29c7857cf618,e624ca50cb7f486e825e3d5bb51efacd,RandomizedSmoothing,RandomizedSmoothing,TSMixer,rs_backbonebaseline_std0.25_samples30_alpha0.25,randomized_smoothing,wrap,improve,randomized_smoothing,baseline,892bc9a58a1a4da6b051823d2ca08e2a,,TSMixer,74851880,MSE,0.4230295419692993,0.5795537090500196,0.49003002177303034,0.6333748409628868,0.42147648334503174,uniform_severity_degradation,0.5,"[""drift"",""attenuation"",""noise"",""spike"",""time_stretch"",""time_compress"",""stuck_sensor"",""missing_data""]",8,1.2875120742367332,1.278440140748115,1.2962120457669752,1.113511902972367,1.111847579108211,1.1152080461441343,0.8154777552574873,0.809152120326236,0.8217501683291047,0.7052704244554043,0.7018961995499488,0.7085417187556066,0.8154777552574873,missing_data,10000,winner_pool,0.5109771319554839,0.5122662364840442,0.7052704244554043,0.8980595513443884,0.02801480477782159,computed
45,traffic,41f9af6ab1b86f6fe5ef4323c149934cbaf2f1c6c4b6bb60ffda29c7857cf618,c71aeebb723841c2b7fe8bdb650eac1e,RandomizedSmoothing,RandomizedSmoothing,DLinear,rs_backbonebaseline_std0.25_samples30_alpha0.25,randomized_smoothing,wrap,improve,randomized_smoothing,baseline,8a356407910a4d0fbf91309723d1cc26,,DLinear,74851880,MSE,0.5125615000724792,0.6204640807757775,0.5621580334417522,0.6848686217933894,0.512154757976532,uniform_severity_degradation,0.5,"[""drift"",""attenuation"",""noise"",""spike"",""time_stretch"",""time_compress"",""stuck_sensor"",""missing_data""]",8,1.176910058514208,1.170728067003659,1.183362383921313,1.081237548769732,1.079872344672755,1.0825945072417957,0.806028769749403,0.8002953215570747,0.811265420089215,0.740505669857189,0.7366680615118798,0.7445978222503234,0.806028769749403,missing_data,10000,winner_pool,0.5374176633942349,0.5373758941944113,0.740505669857189,0.9248661417075583,0.04273302284964342,computed
46,traffic,41f9af6ab1b86f6fe5ef4323c149934cbaf2f1c6c4b6bb60ffda29c7857cf618,2cc8069a83dc4647b5407833906aab7d,Ensemble,Ensemble,ModernTCN,ensemble_top10_mean,ensemble,wrap,improve,ensemble,baseline,,"a0a6f9b2a8754ae0aaf937850b4287bf,57e5c7d7e301495a9ba942b047f787d5,d26c01491ee046efa69e7a3af41a971d,a8d5347f84c241d7ab51b7fa23bcbd53,3276f1a9968f475fbba8f6175af4c8e0,21c1ae5b024b43c5b8e791f16527d499,3380406f43e74bcd9a41c0c43a13ddc5,49d10c416b834a1abf1dca530aa355ff,e4ea6d634bd2470c9152db9a6bcc29a2,b859fb921cab427da4b229e4a7439e47",ModernTCN,74851880,MSE,0.3904944658279419,0.5147159081250429,0.44174339005971947,0.5716982667744159,0.3998897969722748,uniform_severity_degradation,0.5,"[""drift"",""attenuation"",""noise"",""spike"",""time_stretch"",""time_compress"",""stuck_sensor"",""missing_data""]",8,1.2563376753199658,1.2507735144182834,1.2616863609955489,1.112342951945336,1.1110053089916168,1.1137311489312425,0.7182460714638234,0.7139273121784627,0.7224485896524787,0.635924537685886,0.6329548605094943,0.6389083304249495,0.7182460714638234,missing_data,10000,winner_pool,0.46103097169796553,0.46220597078941283,0.635924537685886,0.8990033139070432,0.03667857923019724,computed
47,traffic,41f9af6ab1b86f6fe5ef4323c149934cbaf2f1c6c4b6bb60ffda29c7857cf618,8ce688ba76254d329bc5d01cdbec4625,Ensemble,Ensemble,GRU,ensemble_top3_mean,ensemble,wrap,improve,ensemble,baseline,,"130478b6c656458bac702a6d267e7918,2e61f4c14f0944d99ac601f7f62a77de,7f6a2a213779401b897df32677251710",GRU,74851880,MSE,0.4747636318206787,0.5960920539498329,0.5102997737806291,0.7039817544162273,0.48777174949645996,uniform_severity_degradation,0.5,"[""drift"",""attenuation"",""noise"",""spike"",""time_stretch"",""time_compress"",""stuck_sensor"",""missing_data""]",8,1.1867706896224548,1.17813281763721,1.1957051522545519,1.0530636388313863,1.05153687258744,1.054676654015964,0.8354649121701717,0.8288632175897063,0.8424122060927004,0.7413375879764557,0.7384033650322259,0.7444869476319942,0.8354649121701717,missing_data,10000,winner_pool,0.5375576488683751,0.5359345848301742,0.7413375879764557,0.9496102259401223,0.060290626227191724,computed
48,traffic,41f9af6ab1b86f6fe5ef4323c149934cbaf2f1c6c4b6bb60ffda29c7857cf618,5cda713228aa4ccd8356971a92f7888b,Ensemble,Ensemble,PatchTST,ensemble_top3_mean,ensemble,wrap,improve,ensemble,baseline,,"966a68733399471296c536464bc22275,25fbd9d4d0404bef95d4e92fdb2c62d0,95f5d0f6be4d453aaad59fe01e9438ed",PatchTST,74851880,MSE,0.3325592279434204,0.5645241477042436,0.4390248330940182,0.4449739832803607,0.3343311846256256,uniform_severity_degradation,0.5,"[""drift"",""attenuation"",""noise"",""spike"",""time_stretch"",""time_compress"",""stuck_sensor"",""missing_data""]",8,1.709450651914194,1.6909700785245025,1.7274702146655307,1.298088114155331,1.2941626414759346,1.3019587816440434,0.7606610658034683,0.7526680102250353,0.7688430288764835,0.5776154388045892,0.5744667846509302,0.5808918100857875,0.7606610658034683,missing_data,10000,winner_pool,0.41654368432248573,0.42311238139505764,0.5776154388045892,0.770363728852646,-0.03311353857563526,computed
49,traffic,41f9af6ab1b86f6fe5ef4323c149934cbaf2f1c6c4b6bb60ffda29c7857cf618,1b70cc19ae7143bcb8cccfb1ea4178da,Ensemble,Ensemble,TSMixer,ensemble_top10_mean,ensemble,wrap,improve,ensemble,baseline,,"892bc9a58a1a4da6b051823d2ca08e2a,04fa27bbb9534629bd92c37f4c9d257e,bbae15355199447889856a3061267b3d,a9345db91c3143569d20d4e8ca5b1b4d,354e179d2c014a48abb22fc864773479,28e99ff8d44a499cbdab62fb337d03df,405347712b6e4ee28837a8270650523b,4074c40c6b644fe68bde80aa63e614dc,c6863336df174705a1c6a5b404739780,558db2800b454505882307280502fb86",TSMixer,74851880,MSE,0.3947298526763916,0.536610939949751,0.4514771841838956,0.581185748744011,0.42147648334503174,uniform_severity_degradation,0.5,"[""drift"",""attenuation"",""noise"",""spike"",""time_stretch"",""time_compress"",""stuck_sensor"",""missing_data""]",8,1.2691317733572722,1.2616006159113626,1.2758848197863668,1.109205495092147,1.1077879664826205,1.1106958656453527,0.7376012999534607,0.7326994926925748,0.742445400596857,0.6446544261761009,0.6415714210904762,0.6478494923637714,0.7376012999534607,missing_data,10000,winner_pool,0.4672923095535639,0.4683416312384228,0.6446544261761009,0.901546200793862,0.03734752885504533,computed
50,traffic,41f9af6ab1b86f6fe5ef4323c149934cbaf2f1c6c4b6bb60ffda29c7857cf618,3484b84a97594c9fa816b2821ca91b86,Ensemble,Ensemble,DLinear,ensemble_top5_mean,ensemble,wrap,improve,ensemble,baseline,,"8a356407910a4d0fbf91309723d1cc26,3b742aa19475408981c47601554c1153,5019bd4878654aa398fabd4ac4adf5ed,6db70b685d89455eaa117c9617eca202,bf12f16a2f0c4d0790eedae26315fa55",DLinear,74851880,MSE,0.5110814571380615,0.6178740386068821,0.5606759925099711,0.6828110410243273,0.512154757976532,uniform_severity_degradation,0.5,"[""drift"",""attenuation"",""noise"",""spike"",""time_stretch"",""time_compress"",""stuck_sensor"",""missing_data""]",8,1.1754802989503865,1.1697758550216302,1.1819277063404052,1.0814925082531408,1.0801257534773434,1.082850603348315,0.802630926629901,0.7973604531880468,0.8078444470117987,0.7384550254203379,0.7346711114284303,0.7425205296597537,0.802630926629901,missing_data,10000,winner_pool,0.5359416762930093,0.5359156245469012,0.7384550254203379,0.9246481065460455,0.042799220321596554,computed
51,traffic,41f9af6ab1b86f6fe5ef4323c149934cbaf2f1c6c4b6bb60ffda29c7857cf618,b315fc3627ae4576a3d1d0e69355a270,GRU,GRU,GRU,fa_profholdout_simple_mix0.75_sev0.75_frac0.25,fault_augmentation,train,train,fault_augmentation,baseline,,,GRU,74851880,MSE,0.4696827232837677,0.6731480898161729,0.5175586959465096,0.6940290438324213,0.4696827232837677,uniform_severity_degradation,0.5,"[""drift"",""attenuation"",""noise"",""spike"",""time_stretch"",""time_compress"",""stuck_sensor"",""missing_data""]",8,1.324176257125391,1.3105160682750903,1.338207714967226,1.078208003368457,1.0761822538642243,1.0803669542467482,0.9190167815983296,0.9090768441547453,0.928724967879653,0.7483076696302742,0.7450888369286991,0.7518085154761187,0.9190167815983296,missing_data,10000,winner_pool,0.5416790214698665,0.5411799777021309,0.7483076696302742,0.9274648276361098,0.04375454785143207,computed
52,traffic,41f9af6ab1b86f6fe5ef4323c149934cbaf2f1c6c4b6bb60ffda29c7857cf618,37468753e1754d129b2bbc5f0e83f069,PatchTST,PatchTST,PatchTST,fa_profholdout_varying_mix1.0_sev1.0_frac0.1,fault_augmentation,train,train,fault_augmentation,baseline,,,PatchTST,74851880,MSE,0.33249610662460327,0.5190844727406899,0.42037253055969875,0.45346912956237795,0.33249610662460327,uniform_severity_degradation,0.5,"[""drift"",""attenuation"",""noise"",""spike"",""time_stretch"",""time_compress"",""stuck_sensor"",""missing_data""]",8,1.5027210961280748,1.4894695948986783,1.5161386344771763,1.2353926905655048,1.2324711362619383,1.2383109785520805,0.6814376274362206,0.6745746620257944,0.6885023704143614,0.5602124480584636,0.5571511963120288,0.5634998630187613,0.6814376274362206,stuck_sensor,10000,winner_pool,0.4053588254659857,0.4102659787494448,0.5602124480584636,0.8094592170059278,-0.006959040572587005,computed
53,traffic,41f9af6ab1b86f6fe5ef4323c149934cbaf2f1c6c4b6bb60ffda29c7857cf618,c5a4959e55c74982a2807fce24d90ebd,ModernTCN,ModernTCN,ModernTCN,fa_profholdout_varying_mix0.75_sev0.75_frac0.1,fault_augmentation,train,train,fault_augmentation,baseline,,,ModernTCN,74851880,MSE,0.4130254089832306,0.5300991442898909,0.4515343174152076,0.5943409732609988,0.4130254089832306,uniform_severity_degradation,0.5,"[""drift"",""attenuation"",""noise"",""spike"",""time_stretch"",""time_compress"",""stuck_sensor"",""missing_data""]",8,1.2448162101768596,1.2397406082332292,1.2498450849383222,1.0889515840930435,1.087734085017743,1.0901799542589392,0.7398452778875828,0.7357044990760089,0.7439017881826312,0.6472085443239659,0.6442230443565269,0.650309764989065,0.7398452778875828,missing_data,10000,winner_pool,0.469342963431151,0.4695644383429409,0.6472085443239659,0.9183144729367111,0.0477860428349931,computed
54,traffic,41f9af6ab1b86f6fe5ef4323c149934cbaf2f1c6c4b6bb60ffda29c7857cf618,d5be2ebf60b247b483afaf6c3b99c588,TSMixer,TSMixer,TSMixer,fa_profholdout_simple_mix1.0_sev0.75_frac0.1,fault_augmentation,train,train,fault_augmentation,baseline,,,TSMixer,74851880,MSE,0.4119585454463959,0.5751043293327093,0.4781076695130517,0.5789383964687586,0.4119585454463959,uniform_severity_degradation,0.5,"[""drift"",""attenuation"",""noise"",""spike"",""time_stretch"",""time_compress"",""stuck_sensor"",""missing_data""]",8,1.3197454201302796,1.3112264289172215,1.3278992991604333,1.1354985826667636,1.1338620858501998,1.1372110632343526,0.7640512972772121,0.7583251184493304,0.7694745641166717,0.6573837286416442,0.6542862991722953,0.6606558180126175,0.7640512972772121,missing_data,10000,winner_pool,0.47629922502876604,0.47842641845334916,0.6573837286416442,0.8806704079290528,0.0223940613643534,computed
55,traffic,41f9af6ab1b86f6fe5ef4323c149934cbaf2f1c6c4b6bb60ffda29c7857cf618,fe8c0758a0324806b078b75380387d86,DLinear,DLinear,DLinear,fa_profholdout_varying_mix0.75_sev0.75_frac0.1,fault_augmentation,train,train,fault_augmentation,baseline,,,DLinear,74851880,MSE,0.5123751163482666,0.619885453119874,0.5617957573880752,0.68473360645473,0.5123751163482666,uniform_severity_degradation,0.5,"[""drift"",""attenuation"",""noise"",""spike"",""time_stretch"",""time_compress"",""stuck_sensor"",""missing_data""]",8,1.1762015543293813,1.17010569988429,1.1826446195948084,1.0809529626123553,1.0795896504766336,1.0823150554812677,0.8053847322136164,0.7996699274244904,0.8106186041484773,0.740164820497483,0.7363206827205793,0.7442498259850592,0.8053847322136164,missing_data,10000,winner_pool,0.5371782715008556,0.5371237674527976,0.740164820497483,0.9251096343575256,0.042943684500894586,computed
56,traffic,41f9af6ab1b86f6fe5ef4323c149934cbaf2f1c6c4b6bb60ffda29c7857cf618,e599a3a2526046d19fe3b9d3e585339b,GRU,GRU,GRU,rt_spaceraw_std0.3_channelscontinuous,randomized_training,train,train,randomized_training,baseline,,,GRU,74851880,MSE,0.4820117652416229,0.6801897991448641,0.5320555275579294,0.700618387466669,0.4820117652416229,uniform_severity_degradation,0.5,"[""drift"",""attenuation"",""noise"",""spike"",""time_stretch"",""time_compress"",""stuck_sensor"",""missing_data""]",8,1.313902418045812,1.3012516917966077,1.3259661745651241,1.075906951002905,1.0738450693291108,1.0779222431619608,0.9205441934198141,0.9115492246561497,0.9297162012318522,0.7538001930758358,0.7508043612545356,0.7569758384257277,0.9205441934198141,missing_data,10000,winner_pool,0.5457775312787617,0.5451781095118884,0.7538001930758358,0.9294484054293465,0.04459772637407167,computed
57,traffic,41f9af6ab1b86f6fe5ef4323c149934cbaf2f1c6c4b6bb60ffda29c7857cf618,63a976d881324c90a3825d1a2fffe933,PatchTST,PatchTST,PatchTST,arl_alo0.001_ainit1.0_slo0.01_sinit1.0,adaptive_robust_loss,train,train,adaptive_robust_loss,baseline,,,PatchTST,74851880,MSE,0.38696983456611633,0.6495921905239423,0.49754639766551556,0.5419386705443263,0.019459715113043785,uniform_severity_degradation,0.5,"[""drift"",""attenuation"",""noise"",""spike"",""time_stretch"",""time_compress"",""stuck_sensor"",""missing_data""]",8,1.5890787885550561,1.5789915371798973,1.606749969073651,1.248180232978703,1.2447269177474674,1.251662420045059,0.8611832460597157,0.8547393948471919,0.8712778019524738,0.6764371360601857,0.672589413253637,0.6806432013998042,0.8611832460597157,missing_data,10000,winner_pool,0.48808243788083383,0.4941580343563857,0.6764371360601857,0.8011663488802122,-0.03347676340149286,computed
58,traffic,41f9af6ab1b86f6fe5ef4323c149934cbaf2f1c6c4b6bb60ffda29c7857cf618,37d49563e7a34e0a96fd52093b0dca58,ModernTCN,ModernTCN,ModernTCN,arl_alo0.001_ainit1.0_slo1e-05_sinit0.1,adaptive_robust_loss,train,train,adaptive_robust_loss,baseline,,,ModernTCN,74851880,MSE,0.4474695324897766,0.5901414507081111,0.5108407622451583,0.6683916574954987,0.4540768563747406,uniform_severity_degradation,0.5,"[""drift"",""attenuation"",""noise"",""spike"",""time_stretch"",""time_compress"",""stuck_sensor"",""missing_data""]",8,1.2378795075082505,1.232764653420539,1.2429636548581977,1.111032109735301,1.109712633896766,1.1123587131527852,0.8273883358031511,0.8220323773770035,0.8327359173114598,0.7426045933566987,0.7385006918387673,0.7467481495938264,0.8273883358031511,missing_data,10000,winner_pool,0.5384557852686009,0.5397799875774612,0.7426045933566987,0.9000639956645771,0.024716271068528695,computed
59,traffic,41f9af6ab1b86f6fe5ef4323c149934cbaf2f1c6c4b6bb60ffda29c7857cf618,9b012ee144c049c0acebe0ff09798ea8,Chronos2,pretrained,Chronos2,baseline,baseline,train,train,baseline,,,,Chronos2,74851880,MSE,0.43324533104896545,,,0.6015629066348076,0.43324530124664307,uniform_severity_degradation,0.5,"[""drift"",""attenuation"",""noise"",""spike"",""time_stretch"",""time_compress"",""stuck_sensor"",""missing_data""]",8,1.9111663966479222,1.8733296854387556,1.9568396854173737,1.292949117742145,1.2867304778919209,1.2998953851655934,1.1496868126302957,1.1259021780765428,1.1752093113616109,0.7777902293998749,0.7720241478325474,0.7835661308174161,1.1496868126302957,stuck_sensor,10000,winner_pool,0.5605257086537494,0.5690738939354509,0.7777902293998749,0.773425640868438,-0.07568219148484068,computed
60,traffic,41f9af6ab1b86f6fe5ef4323c149934cbaf2f1c6c4b6bb60ffda29c7857cf618,838a10bc5c7846968cd5371be73022b2,PatchTST,PatchTST,PatchTST,advtrain_eps0.05_steps5_alpha0.02_channelsall,adversarial_training,train,train,adversarial_training,baseline,,,PatchTST,74851880,MSE,0.33538275957107544,0.5715647107288241,0.441381173803471,0.4370809951394796,0.33538275957107544,uniform_severity_degradation,0.5,"[""drift"",""attenuation"",""noise"",""spike"",""time_stretch"",""time_compress"",""stuck_sensor"",""missing_data""]",8,1.7395664827517925,1.7191351913946,1.7595857664587045,1.3056268360538659,1.301309285658986,1.3100904027293665,0.7603314493924379,0.7517078960520774,0.7688404681860282,0.570664676783234,0.5673377062503063,0.5741570342407981,0.7603314493924379,missing_data,10000,winner_pool,0.4113443035322028,0.4180007354856137,0.570664676783234,0.7659156294783322,-0.034317467515200484,computed
61,traffic,41f9af6ab1b86f6fe5ef4323c149934cbaf2f1c6c4b6bb60ffda29c7857cf618,dc191f65eb0d486eb3389cc4c4bcea9f,ModernTCN,ModernTCN,ModernTCN,advtrain_eps0.1_steps5_alpha0.02_channelsall,adversarial_training,train,train,adversarial_training,baseline,,,ModernTCN,74851880,MSE,0.40360236167907715,0.5157190394898256,0.4451832830936958,0.5813175215780735,0.40360239148139954,uniform_severity_degradation,0.5,"[""drift"",""attenuation"",""noise"",""spike"",""time_stretch"",""time_compress"",""stuck_sensor"",""missing_data""]",8,1.2368736346140272,1.231782351286382,1.2418965454024524,1.0945771473719892,1.0933971141199836,1.0957511503476876,0.71901631577909,0.7147916979560256,0.7231999791220576,0.6362968744862825,0.6332427944375855,0.6395081514125691,0.71901631577909,missing_data,10000,winner_pool,0.4614159923197573,0.4618714784869927,0.6362968744862825,0.9135948091013384,0.045835451881587996,computed
62,traffic,41f9af6ab1b86f6fe5ef4323c149934cbaf2f1c6c4b6bb60ffda29c7857cf618,a0eefe5e33a24ca08431fa8cda7d59ee,GRU,GRU,GRU,arl_alo0.001_ainit1.5_slo0.001_sinit0.1,adaptive_robust_loss,train,train,adaptive_robust_loss,baseline,,,GRU,74851880,MSE,0.5115535855293274,0.6760328837285439,0.5602024242623399,0.7748436431229114,0.46753454208374023,uniform_severity_degradation,0.5,"[""drift"",""attenuation"",""noise"",""spike"",""time_stretch"",""time_compress"",""stuck_sensor"",""missing_data""]",8,1.2338540707279715,1.2238560963563774,1.244485362397618,1.0658795707506024,1.0641615164801557,1.0675838220600407,0.9560439832448959,0.9477409049898385,0.9647514241745323,0.8258900097306818,0.8221503707399871,0.8296017719746753,0.9560439832448959,missing_data,10000,winner_pool,0.598587350034928,0.5974792623719409,0.8258900097306818,0.938192294365667,0.043253536410115756,computed
63,traffic,41f9af6ab1b86f6fe5ef4323c149934cbaf2f1c6c4b6bb60ffda29c7857cf618,f5a25ed0c0484a14a097b0e68bff21a0,PatchTST,PatchTST,PatchTST,rt_spaceraw_std0.1_channelscontinuous,randomized_training,train,train,randomized_training,baseline,,,PatchTST,74851880,MSE,0.33523544669151306,0.568769907121857,0.44504323550003266,0.4501005528345704,0.33523544669151306,uniform_severity_degradation,0.5,"[""drift"",""attenuation"",""noise"",""spike"",""time_stretch"",""time_compress"",""stuck_sensor"",""missing_data""]",8,1.7082759433321197,1.690353224483108,1.726188052521261,1.3048734902194403,1.300965613079607,1.3088320989171025,0.7688959464877844,0.7607496136321872,0.7765710433878378,0.5873242793269455,0.5840762427086522,0.5907190697019221,0.7688959464877844,missing_data,10000,winner_pool,0.4234991856825259,0.43035832009258423,0.5873242793269455,0.7663578174400877,-0.03753799928368551,computed
64,traffic,41f9af6ab1b86f6fe5ef4323c149934cbaf2f1c6c4b6bb60ffda29c7857cf618,57c86f7f4005474b80f8cc3d3dc959f3,TSMixer,TSMixer,TSMixer,arl_alo0.001_ainit1.0_slo1e-05_sinit1.0,adaptive_robust_loss,train,train,adaptive_robust_loss,baseline,,,TSMixer,74851880,MSE,0.45766201615333557,0.6360873432457447,0.5434656934204201,0.6709126899898052,0.30322685837745667,uniform_severity_degradation,0.5,"[""drift"",""attenuation"",""noise"",""spike"",""time_stretch"",""time_compress"",""stuck_sensor"",""missing_data""]",8,1.3205050797246007,1.3133236191226365,1.3317997579599374,1.1473747377275227,1.145214329283317,1.149781861586849,0.8859436151832342,0.8800741103702784,0.8937508316350729,0.7697882717151194,0.7657820448553283,0.77372284593625,0.8859436151832342,missing_data,10000,winner_pool,0.5571926978893162,0.5601255718112882,0.7697882717151194,0.8715548348054,-2.797141929211655e-05,computed
65,traffic,41f9af6ab1b86f6fe5ef4323c149934cbaf2f1c6c4b6bb60ffda29c7857cf618,f4e82708557f4a2a915c4c502dc3115e,DLinear,DLinear,DLinear,arl_alo0.001_ainit1.9_slo0.01_sinit0.1,adaptive_robust_loss,train,train,adaptive_robust_loss,baseline,,,DLinear,74851880,MSE,0.5862807035446167,0.7755221033593019,0.6763572313897313,0.7876597479790449,0.29108452796936035,uniform_severity_degradation,0.5,"[""drift"",""attenuation"",""noise"",""spike"",""time_stretch"",""time_compress"",""stuck_sensor"",""missing_data""]",8,1.2779837170983068,1.2679371235021206,1.2883179037029333,1.1274435988382774,1.1251961498938372,1.1296948866907437,1.0066163325309754,0.9974826122999191,1.0159050559853016,0.888041940921545,0.8823323391442279,0.8935430790684464,1.0066163325309754,missing_data,10000,winner_pool,0.6429640704002213,0.6452797643363359,0.888041940921545,0.8869623287855856,-0.0067933459446346545,computed
66,traffic,41f9af6ab1b86f6fe5ef4323c149934cbaf2f1c6c4b6bb60ffda29c7857cf618,a0e8984d69dd41dfb12d40a94b1d7126,GRU,GRU,GRU,advtrain_eps0.2_steps7_alpha0.02_channelsall,adversarial_training,train,train,adversarial_training,baseline,,,GRU,74851880,MSE,0.47569650411605835,0.6549771201461554,0.517655385158956,0.6961174143821001,0.47569650411605835,uniform_severity_degradation,0.5,"[""drift"",""attenuation"",""noise"",""spike"",""time_stretch"",""time_compress"",""stuck_sensor"",""missing_data""]",8,1.2806909604516497,1.269099840771035,1.2922540545759977,1.0597249861471836,1.0580154360209202,1.0614557250985635,0.8915112800121308,0.8830386311770976,0.9002999634868651,0.7376930173128844,0.7341431254450604,0.7410643331904057,0.8915112800121308,missing_data,10000,winner_pool,0.5344775759022742,0.533127972648674,0.7376930173128844,0.9436410512841408,0.05637820096494839,computed
67,traffic,41f9af6ab1b86f6fe5ef4323c149934cbaf2f1c6c4b6bb60ffda29c7857cf618,c976e4fb30294b179dd76051c446315e,TSMixer,TSMixer,TSMixer,advtrain_eps0.05_steps7_alpha0.02_channelsall,adversarial_training,train,train,adversarial_training,baseline,,,TSMixer,74851880,MSE,0.41312772035598755,0.5976348850925763,0.47222383271406093,0.5696087589591742,0.41312772035598755,uniform_severity_degradation,0.5,"[""drift"",""attenuation"",""noise"",""spike"",""time_stretch"",""time_compress"",""stuck_sensor"",""missing_data""]",8,1.3731550184994699,1.3633558114660131,1.3820266753436306,1.1234371710082551,1.121740436087328,1.1251977289480977,0.7821611259460449,0.7762297977172583,0.7880467320439964,0.6399196527466178,0.6368317401355132,0.6430519841406495,0.7821611259460449,missing_data,10000,winner_pool,0.46335897942664306,0.464884094857648,0.6399196527466178,0.890125434520318,0.03061020329538444,computed
68,traffic,41f9af6ab1b86f6fe5ef4323c149934cbaf2f1c6c4b6bb60ffda29c7857cf618,40d70a9aa5c34a129054818eddca46bc,DLinear,DLinear,DLinear,advtrain_eps0.05_steps3_alpha0.02_channelsall,adversarial_training,train,train,adversarial_training,baseline,,,DLinear,74851880,MSE,0.5124183893203735,0.6191236737122139,0.5614167545381934,0.6838560085356236,0.5124183893203735,uniform_severity_degradation,0.5,"[""drift"",""attenuation"",""noise"",""spike"",""time_stretch"",""time_compress"",""stuck_sensor"",""missing_data""]",8,1.1751303215351128,1.1698696486092806,1.1815590811184788,1.0804435824560628,1.0791115136208942,1.0817945612042321,0.8036199311941862,0.7985083904361725,0.8088927244196832,0.738867835746333,0.7350876756282431,0.7428904588338174,0.8036199311941862,missing_data,10000,winner_pool,0.5362511713952112,0.5361741517523431,0.738867835746333,0.9255457816009249,0.04339435266599856,computed
69,traffic,41f9af6ab1b86f6fe5ef4323c149934cbaf2f1c6c4b6bb60ffda29c7857cf618,966a68733399471296c536464bc22275,PatchTST,PatchTST,PatchTST,baseline,baseline,train,train,baseline,,,,PatchTST,74851880,MSE,0.334331214427948,,,0.4527831646978855,0.3343311846256256,uniform_severity_degradation,0.5,"[""drift"",""attenuation"",""noise"",""spike"",""time_stretch"",""time_compress"",""stuck_sensor"",""missing_data""]",8,1.6762216244063644,1.6585931553675963,1.6939764371316326,1.2961403584602942,1.292348289297245,1.2999799163720671,0.758964931833744,0.7510698468337953,0.7669696736733616,0.5868705333963037,0.5836502467069821,0.5901916436183545,0.758964931833744,missing_data,10000,winner_pool,0.42334218402013385,0.42998655414295905,0.5868705333963037,0.7715213815175974,-0.03432283074010112,computed
70,traffic,41f9af6ab1b86f6fe5ef4323c149934cbaf2f1c6c4b6bb60ffda29c7857cf618,04316fdbd3304630b9f5deed784a0244,TSMixer,TSMixer,TSMixer,rt_spaceraw_std0.1_channelscontinuous,randomized_training,train,train,randomized_training,baseline,,,TSMixer,74851880,MSE,0.415939062833786,0.5799197808702786,0.4810191356632858,0.5766351296186447,0.415939062833786,uniform_severity_degradation,0.5,"[""drift"",""attenuation"",""noise"",""spike"",""time_stretch"",""time_compress"",""stuck_sensor"",""missing_data""]",8,1.3295169577894699,1.3205923963810449,1.3379863530571705,1.1326828045421173,1.1310538461014468,1.1343263814427054,0.7666461832851171,0.7610325375445187,0.7721889095718413,0.6531446958139538,0.649966750907926,0.6565333243373501,0.7666461832851171,missing_data,10000,winner_pool,0.4732226353088279,0.4752215361737274,0.6531446958139538,0.8828596991054757,0.024352185627630085,computed
71,traffic,41f9af6ab1b86f6fe5ef4323c149934cbaf2f1c6c4b6bb60ffda29c7857cf618,567f8fdda8d940c4ac009331bbe3f1ec,DLinear,DLinear,DLinear,rt_spaceraw_std0.1_channelscontinuous,randomized_training,train,train,randomized_training,baseline,,,DLinear,74851880,MSE,0.5126840472221375,0.6197322059869766,0.5617595041176926,0.6850065152555704,0.5126840472221375,uniform_severity_degradation,0.5,"[""drift"",""attenuation"",""noise"",""spike"",""time_stretch"",""time_compress"",""stuck_sensor"",""missing_data""]",8,1.1752956515863178,1.1693522325988424,1.1816431314783982,1.0803730806146103,1.0790125867087514,1.0817209282969982,0.8050851786881685,0.799526392686367,0.8103188830453902,0.7400625991277396,0.7362637301437278,0.7441176710745228,0.8050851786881685,missing_data,10000,winner_pool,0.537115519457457,0.5370340134714807,0.7400625991277396,0.9256061798865934,0.04330905234466498,computed
72,traffic,41f9af6ab1b86f6fe5ef4323c149934cbaf2f1c6c4b6bb60ffda29c7857cf618,6e29a8d896df4547952293b7002c06cd,ModernTCN,ModernTCN,ModernTCN,revin_affineTrue_eps1e-5,revin,train,train,revin,baseline,,,ModernTCN,74851880,MSE,0.3790252208709717,0.6294015459368626,0.47717311065581935,0.5173858862787485,0.3790252208709717,uniform_severity_degradation,0.5,"[""drift"",""attenuation"",""noise"",""spike"",""time_stretch"",""time_compress"",""stuck_sensor"",""missing_data""]",8,1.6038457255561744,1.5945763197773284,1.6204239751770944,1.2391566399313116,1.2359961659977323,1.2423798685585894,0.8298071421712637,0.8244325326801091,0.8384637433253974,0.6411221563890577,0.6380713393725596,0.6441431640021876,0.8298071421712637,stuck_sensor,10000,winner_pool,0.46248850221859894,0.46792460559050236,0.6411221563890577,0.8070004774016557,-0.02281060840863336,computed
73,traffic,41f9af6ab1b86f6fe5ef4323c149934cbaf2f1c6c4b6bb60ffda29c7857cf618,1026cf427efa4ad6a681379f8bcaf1d8,ModernTCN,ModernTCN,ModernTCN,rt_spaceraw_std0.1_channelscontinuous,randomized_training,train,train,randomized_training,baseline,,,ModernTCN,74851880,MSE,0.4267622232437134,0.5424001666605472,0.4640535267473509,0.6242102585107088,0.4267622232437134,uniform_severity_degradation,0.5,"[""drift"",""attenuation"",""noise"",""spike"",""time_stretch"",""time_compress"",""stuck_sensor"",""missing_data""]",8,1.2196580262273378,1.2145402949652344,1.2246826474117976,1.0790010608280722,1.0777816861881886,1.080231619984919,0.7613230518460273,0.7569347316463292,0.7657696777436137,0.6735235311128198,0.6702484026518837,0.6767756272017583,0.7613230518460273,missing_data,10000,winner_pool,0.48840433393232774,0.4881693442281039,0.6735235311128198,0.9267831481394067,0.0508057104786892,computed
74,traffic,41f9af6ab1b86f6fe5ef4323c149934cbaf2f1c6c4b6bb60ffda29c7857cf618,a0a6f9b2a8754ae0aaf937850b4287bf,ModernTCN,ModernTCN,ModernTCN,baseline,baseline,train,train,baseline,,,,ModernTCN,74851880,MSE,0.3998897969722748,,,0.5749438916027546,0.3998897969722748,uniform_severity_degradation,0.5,"[""drift"",""attenuation"",""noise"",""spike"",""time_stretch"",""time_compress"",""stuck_sensor"",""missing_data""]",8,1.2654827591551185,1.2594514541840258,1.2711196059406806,1.1113679660095408,1.1098685140599933,1.1128344069613196,0.7275815823048353,0.723105432023555,0.7319374398290366,0.6389742233801634,0.6358741655365191,0.6420744099805691,0.7275815823048353,missing_data,10000,winner_pool,0.4631872908029975,0.4643165023024144,0.6389742233801634,0.8997919956165221,0.03684692731527617,computed
75,traffic,41f9af6ab1b86f6fe5ef4323c149934cbaf2f1c6c4b6bb60ffda29c7857cf618,bc93326746314a9a8104677ede3f460c,SeasonalNaive,SeasonalNaive,SeasonalNaive,baseline,baseline,train,train,baseline,,,,SeasonalNaive,74851880,MSE,0.9655033946037292,,,1.2702740942031145,0.9655033349990845,uniform_severity_degradation,0.5,"[""drift"",""attenuation"",""noise"",""spike"",""time_stretch"",""time_compress"",""stuck_sensor"",""missing_data""]",8,1.210176325550878,1.1984693890393292,1.2209366926403753,1.0868671887617025,1.0848355642915488,1.0886752790661645,1.537255635765195,1.5225265558765828,1.5521482806957514,1.3806192337233574,1.3728067470157332,1.3884633054719586,1.537255635765195,missing_data,10000,winner_pool,1.0,1.0,1.3806192337233574,0.9200756176468324,-0.06206810338834701,computed
76,traffic,41f9af6ab1b86f6fe5ef4323c149934cbaf2f1c6c4b6bb60ffda29c7857cf618,6a448cc510df4c5f9dde75af206b06ae,GRU,GRU,GRU,revin_affineFalse_eps1e-5,revin,train,train,revin,baseline,,,GRU,74851880,MSE,0.4057559370994568,0.6982388074596723,0.5035106629456083,0.6381544421136379,0.4057558476924896,uniform_severity_degradation,0.5,"[""drift"",""attenuation"",""noise"",""spike"",""time_stretch"",""time_compress"",""stuck_sensor"",""missing_data""]",8,1.531201708814832,1.5136403173371369,1.5486551317861617,1.1755636959122517,1.172372617651497,1.1786090323880123,0.9771431722521782,0.965872670999989,0.988170736753866,0.7501911945339292,0.7470865276737512,0.7532160372188316,0.9771431722521782,missing_data,10000,winner_pool,0.5414655635066115,0.5452639841563822,0.7501911945339292,0.8506557351824207,-0.012243230787112203,computed
77,traffic,41f9af6ab1b86f6fe5ef4323c149934cbaf2f1c6c4b6bb60ffda29c7857cf618,130478b6c656458bac702a6d267e7918,GRU,GRU,GRU,baseline,baseline,train,train,baseline,,,,GRU,74851880,MSE,0.48777174949645996,,,0.7261284965008498,0.48777174949645996,uniform_severity_degradation,0.5,"[""drift"",""attenuation"",""noise"",""spike"",""time_stretch"",""time_compress"",""stuck_sensor"",""missing_data""]",8,1.2838151072418158,1.2700498752432634,1.2973795676304407,1.0707892546119862,1.0685787288137978,1.0730879989760589,0.9322147336065769,0.9222099424307794,0.9423172212070227,0.7775305915206671,0.7745560084237904,0.780832579278769,0.9322147336065769,missing_data,10000,winner_pool,0.5631296242329982,0.5622702145755886,0.7775305915206671,0.9338905818235564,0.045308302139240864,computed
78,traffic,41f9af6ab1b86f6fe5ef4323c149934cbaf2f1c6c4b6bb60ffda29c7857cf618,c482e008db7145da86be3e190630c6ab,TSMixer,TSMixer,TSMixer,revin_affineFalse_eps1e-5,revin,train,train,revin,baseline,,,TSMixer,74851880,MSE,0.38379040360450745,0.6590288245081901,0.49146691448862356,0.53004361320436,0.38379040360450745,uniform_severity_degradation,0.5,"[""drift"",""attenuation"",""noise"",""spike"",""time_stretch"",""time_compress"",""stuck_sensor"",""missing_data""]",8,1.636326301672437,1.619216487293866,1.6538822622939164,1.2473172097274443,1.243803512738067,1.250923542887989,0.8673243053197861,0.8578198804216086,0.877005750669688,0.6611325206559151,0.6576179821974506,0.6648715323750908,0.8673243053197861,stuck_sensor,10000,winner_pool,0.47703191259919925,0.4829389153570529,0.6611325206559151,0.801720678750607,-0.030091354117408042,computed
79,traffic,41f9af6ab1b86f6fe5ef4323c149934cbaf2f1c6c4b6bb60ffda29c7857cf618,892bc9a58a1a4da6b051823d2ca08e2a,TSMixer,TSMixer,TSMixer,baseline,baseline,train,train,baseline,,,,TSMixer,74851880,MSE,0.42147648334503174,,,0.6308187228739262,0.42147648334503174,uniform_severity_degradation,0.5,"[""drift"",""attenuation"",""noise"",""spike"",""time_stretch"",""time_compress"",""stuck_sensor"",""missing_data""]",8,1.2898319247098935,1.2806574094823775,1.2986301340085147,1.1133019834513824,1.1116042985435488,1.1149902191057535,0.8136501274675131,0.8072903058488666,0.8200176699267328,0.7022917353738098,0.6989134818283189,0.7055821788244137,0.8136501274675131,missing_data,10000,winner_pool,0.5088025175177868,0.5100733698592473,0.7022917353738098,0.8982288856612549,0.028497612136135442,computed
80,traffic,41f9af6ab1b86f6fe5ef4323c149934cbaf2f1c6c4b6bb60ffda29c7857cf618,35b18fd9052e48c79601794a0c3f0b42,DLinear,DLinear,DLinear,revin_affineTrue_eps1e-5,revin,train,train,revin,baseline,,,DLinear,74851880,MSE,0.5075647234916687,0.685144504164656,0.580901262347276,0.6769272307246923,0.5075647234916687,uniform_severity_degradation,0.5,"[""drift"",""attenuation"",""noise"",""spike"",""time_stretch"",""time_compress"",""stuck_sensor"",""missing_data""]",8,1.3117161778514839,1.302470773068249,1.3218030169579609,1.123620768006325,1.1215579985755473,1.1255611735361224,0.887936399769783,0.8805985679659992,0.8958289111921935,0.7606094948712736,0.7563476209505321,0.7648041282973764,0.887936399769783,stuck_sensor,10000,winner_pool,0.5510273401677148,0.5529081774389946,0.7606094948712736,0.8899799901120827,0.014964883118401273,computed
81,traffic,41f9af6ab1b86f6fe5ef4323c149934cbaf2f1c6c4b6bb60ffda29c7857cf618,8a356407910a4d0fbf91309723d1cc26,DLinear,DLinear,DLinear,baseline,baseline,train,train,baseline,,,,DLinear,74851880,MSE,0.512154757976532,,,0.6844583657115698,0.512154757976532,uniform_severity_degradation,0.5,"[""drift"",""attenuation"",""noise"",""spike"",""time_stretch"",""time_compress"",""stuck_sensor"",""missing_data""]",8,1.177012938993062,1.1708302226763792,1.1834709064702562,1.081284797759741,1.0799199149533565,1.0826436928987178,0.8056163526445628,0.7998842868312448,0.8108512987925113,0.7400944255433977,0.7362576781434192,0.7441864673402068,0.8056163526445628,missing_data,10000,winner_pool,0.5371186200140929,0.537079154960024,0.7400944255433977,0.924825727756322,0.0427486677906167,computed
82,BeijingAir_Tiantan,4c5e0908fb1a9097c1bed37a3c29e849947e6fbd5828b63bc6ba2909525a5089,b22e34592bd842199e36a43e45786935,RandomizedSmoothing,RandomizedSmoothing,ModernTCN,rs_backbonebaseline_std0.25_samples30_alpha0.25,randomized_smoothing,wrap,improve,randomized_smoothing,baseline,bffc3cf719dd48b497ad3b9b0a32a8da,,ModernTCN,1806770612,MSE,0.2210831642150879,0.37991608553030526,0.2609470642056331,0.3084084052595426,0.21666859090328217,uniform_severity_degradation,0.5,"[""drift"",""attenuation"",""noise"",""spike"",""time_stretch"",""time_compress"",""stuck_sensor"",""missing_data""]",8,1.4925139905467752,1.4404597668495522,1.5421013126642582,1.1794718347497908,1.161836428446075,1.1994923718205388,0.460303859652087,0.43650115385591126,0.48416352154836695,0.36375902760372975,0.3440842810444941,0.3859165409873141,0.460303859652087,noise,10000,winner_pool,0.8984245405784004,0.9005075109197762,0.36375902760372975,0.8478371170364883,-0.007701260480841854,computed
83,BeijingAir_Tiantan,4c5e0908fb1a9097c1bed37a3c29e849947e6fbd5828b63bc6ba2909525a5089,cbf1633413d840079faaf3c8bcb2a434,RandomizedSmoothing,RandomizedSmoothing,GRU,rs_backbonebaseline_std0.25_samples30_alpha0.25,randomized_smoothing,wrap,improve,randomized_smoothing,baseline,a821a9e98c12454bb58f62ed3ab0772a,,GRU,1806770612,MSE,0.20951959490776062,0.253095389842502,0.22642611841505642,0.2829824990930196,0.20813137292861938,uniform_severity_degradation,0.5,"[""drift"",""attenuation"",""noise"",""spike"",""time_stretch"",""time_compress"",""stuck_sensor"",""missing_data""]",8,1.2513725227309727,1.2264219710469833,1.2957875839004827,1.123591441474896,1.1108552285876325,1.1380596083307593,0.3541165237787471,0.33681386918259404,0.37884441481852127,0.31795671406809434,0.2996335810352699,0.3376167722855774,0.3541165237787471,attenuation,10000,winner_pool,0.7900606046760177,0.789083850752327,0.31795671406809434,0.8900032192193791,0.012919997366283631,computed
84,BeijingAir_Tiantan,4c5e0908fb1a9097c1bed37a3c29e849947e6fbd5828b63bc6ba2909525a5089,a4ae224a5b37421ba166660aa19a795b,RandomizedSmoothing,RandomizedSmoothing,PatchTST,rs_backbonebaseline_std0.25_samples30_alpha0.25,randomized_smoothing,wrap,improve,randomized_smoothing,baseline,bf9287ea69da4512a922e1e6f4087986,,PatchTST,1806770612,MSE,0.23288732767105103,0.37304629420215496,0.271802977926732,0.33809411054342925,0.23080633580684662,uniform_severity_degradation,0.5,"[""drift"",""attenuation"",""noise"",""spike"",""time_stretch"",""time_compress"",""stuck_sensor"",""missing_data""]",8,1.3824695018467599,1.341829506700021,1.423196587985272,1.1651961358691332,1.149436207835383,1.1844074611923638,0.467404796580298,0.4464136715987718,0.49111081200444545,0.3939459511653154,0.37341733973418784,0.4162214563132728,0.467404796580298,noise,10000,winner_pool,0.9752970136828445,0.9768500994921594,0.3939459511653154,0.8582246106180985,-0.008872043788907324,computed
85,BeijingAir_Tiantan,4c5e0908fb1a9097c1bed37a3c29e849947e6fbd5828b63bc6ba2909525a5089,55e8def8826e447193b8dc52cb805d2d,RandomizedSmoothing,RandomizedSmoothing,TSMixer,rs_backbonebaseline_std0.25_samples30_alpha0.25,randomized_smoothing,wrap,improve,randomized_smoothing,baseline,f26ecf129f89445c806cd2def2c60008,,TSMixer,1806770612,MSE,0.2167016565799713,0.26365030182989235,0.2359859291154838,0.35371508117720657,0.21481704711914062,uniform_severity_degradation,0.5,"[""drift"",""attenuation"",""noise"",""spike"",""time_stretch"",""time_compress"",""stuck_sensor"",""missing_data""]",8,1.1606313184243573,1.1264187571762245,1.2032388041381101,1.070190340147552,1.0599589359168669,1.0814850961329292,0.4105328010132798,0.3874275438151021,0.4386290771602648,0.37854246304035366,0.35813157702327253,0.40253741733855747,0.4105328010132798,attenuation,10000,winner_pool,0.9423702585313811,0.9369999550941561,0.37854246304035366,0.9344132183646187,0.021647594120568714,computed
86,BeijingAir_Tiantan,4c5e0908fb1a9097c1bed37a3c29e849947e6fbd5828b63bc6ba2909525a5089,b5e0ca11d169491caef03e3501299c11,RandomizedSmoothing,RandomizedSmoothing,DLinear,rs_backbonebaseline_std0.25_samples30_alpha0.25,randomized_smoothing,wrap,improve,randomized_smoothing,baseline,e765a57955e6486ca3ea08dd793c8c4b,,DLinear,1806770612,MSE,0.2306351512670517,0.4633398680215614,0.28499995838125747,0.33267532830146085,0.22663713991641998,uniform_severity_degradation,0.5,"[""drift"",""attenuation"",""noise"",""spike"",""time_stretch"",""time_compress"",""stuck_sensor"",""missing_data""]",8,1.6271961280371914,1.5616463321686331,1.6906755791887256,1.2056666162362133,1.1826937055496471,1.2309776789205185,0.5413280061056386,0.5159865213287967,0.5676240176809506,0.4010955373784937,0.3805790378862803,0.424224440122203,0.5413280061056386,noise,10000,winner_pool,0.9878554234914116,0.9916844533955591,0.4010955373784937,0.829416678320038,-0.02128917349193382,computed
87,BeijingAir_Tiantan,4c5e0908fb1a9097c1bed37a3c29e849947e6fbd5828b63bc6ba2909525a5089,7c2a137a453746cdbe3d1b60a3bb7b4a,Ensemble,Ensemble,ModernTCN,ensemble_top5_mean,ensemble,wrap,improve,ensemble,baseline,,"bffc3cf719dd48b497ad3b9b0a32a8da,8c79c2c5d61249e0bcf7bd2d5f117bf2,2c1f1166701c4a1e871d89d626c7c066,f80e398bc1f241eeb62c3c54a2b88b22,7c50625d8dc34dcba6044c761c69d0f9",ModernTCN,1806770612,MSE,0.21152110397815704,0.3685683662093749,0.2526994120205951,0.29643079135019795,0.21666859090328217,uniform_severity_degradation,0.5,"[""drift"",""attenuation"",""noise"",""spike"",""time_stretch"",""time_compress"",""stuck_sensor"",""missing_data""]",8,1.5181333088135582,1.4666897315376277,1.570387768932306,1.190002151145341,1.1724529161737889,1.2104557453095894,0.4500214581066975,0.42657843342372853,0.47309058457246794,0.35275327937245127,0.3338952034674099,0.37439454212993795,0.4500214581066975,noise,10000,winner_pool,0.8708630899727949,0.8735315880505188,0.35275327937245127,0.8403346153933675,-0.008518013289625037,computed
88,BeijingAir_Tiantan,4c5e0908fb1a9097c1bed37a3c29e849947e6fbd5828b63bc6ba2909525a5089,c7c0c8ad29454524aedcf5df2111d3d2,Ensemble,Ensemble,GRU,ensemble_top3_mean,ensemble,wrap,improve,ensemble,baseline,,"a821a9e98c12454bb58f62ed3ab0772a,4717cbba34cd4d43a9ea89cd15a0fa84,24f76833b97a499c823ceb3115d02e04",GRU,1806770612,MSE,0.20092959702014923,0.2523662597564689,0.2212164521043396,0.28982737128363517,0.20813137292861938,uniform_severity_degradation,0.5,"[""drift"",""attenuation"",""noise"",""spike"",""time_stretch"",""time_compress"",""stuck_sensor"",""missing_data""]",8,1.2594103620052266,1.2271742687846217,1.2945110174587806,1.1352748122491898,1.1218843083055456,1.1494243772862551,0.36501159458734617,0.3453884761701311,0.38704193935192344,0.32903371451870517,0.3110797636848047,0.3489982388063199,0.36501159458734617,noise,10000,winner_pool,0.8174375681558566,0.817213143870835,0.32903371451870517,0.8808439940800012,0.008653625201026527,computed
89,BeijingAir_Tiantan,4c5e0908fb1a9097c1bed37a3c29e849947e6fbd5828b63bc6ba2909525a5089,f0f2eafeffce491ca7abf254bbfb2ac4,Ensemble,Ensemble,PatchTST,ensemble_top3_mean,ensemble,wrap,improve,ensemble,baseline,,"bf9287ea69da4512a922e1e6f4087986,1e50ae1bf6fe4c85abc469f9188a4804,3ff4282976f24583acdb0f2ed54cfe60",PatchTST,1806770612,MSE,0.22712843120098114,0.3611465830557572,0.26618504845902496,0.330867951849589,0.23080633580684662,uniform_severity_degradation,0.5,"[""drift"",""attenuation"",""noise"",""spike"",""time_stretch"",""time_compress"",""stuck_sensor"",""missing_data""]",8,1.3683816365765744,1.329006873553727,1.4077349422768162,1.1646082722448656,1.1481360692111868,1.1856476088370054,0.45275362944267983,0.43141169688606823,0.4769913317445302,0.38533155374474726,0.3652848184995052,0.4086312248283694,0.45275362944267983,noise,10000,winner_pool,0.9540284480356098,0.9555087310896371,0.38533155374474726,0.8586578198284892,-0.007284928953663061,computed
90,BeijingAir_Tiantan,4c5e0908fb1a9097c1bed37a3c29e849947e6fbd5828b63bc6ba2909525a5089,353ebcf1101b470ca06070a21575ac8e,Ensemble,Ensemble,TSMixer,ensemble_top10_mean,ensemble,wrap,improve,ensemble,baseline,,"f26ecf129f89445c806cd2def2c60008,336096d7d0734f13af8aed161c7de890,4d2a2555ccb743fc82ea89a776e571cf,59d2f9644779474fa3bf6955e45a9ec5,ba620779250246b7bd8b22ff25ad1cf6,f9d0cce759e64d3f9ed0e6c8e3106b76,c042c8d758e3407ca30ea15c9d219758,573d4dde112c4d7f8337b764a190705d,60c9ca77c55d4670b97b3048434ce612,57bddc443784483d91bff04579c27cd4",TSMixer,1806770612,MSE,0.2067912369966507,0.2607267903716808,0.22668047476209965,0.3180907873567223,0.21481704711914062,uniform_severity_degradation,0.5,"[""drift"",""attenuation"",""noise"",""spike"",""time_stretch"",""time_compress"",""stuck_sensor"",""missing_data""]",8,1.19239710724387,1.157219471334606,1.236896458985903,1.0851489191070105,1.074167634162371,1.0983266042946764,0.3792905346850806,0.3558905814173571,0.40520157907207577,0.3451758740780452,0.3262573132310961,0.3670004472474591,0.3792905346850806,attenuation,10000,winner_pool,0.8584360422046686,0.8545828242298129,0.3451758740780452,0.9215325034124521,0.02038936780038464,computed
91,BeijingAir_Tiantan,4c5e0908fb1a9097c1bed37a3c29e849947e6fbd5828b63bc6ba2909525a5089,bf2cdbef5c834ef3aa8106834079827a,Ensemble,Ensemble,DLinear,ensemble_top10_mean,ensemble,wrap,improve,ensemble,baseline,,"e765a57955e6486ca3ea08dd793c8c4b,01b72671456f4ae5bb480533bfbfe512,b3a2a4ee28ec43e9a640c76aa4ca9271,7d6039eabeb446218f02a69511bf50d7,19cf78c7e2dc4e9095114bdeb5fd9b01,53850833cfe34b17a3429a2e91f18b63,3026c235ec6348ff832827cd550f2367,4122c88af17b47869ebd30414cf820b8,e4b2725a22f8449591387917571d7e73,34b375817aec4343990df54149f258f9",DLinear,1806770612,MSE,0.22642771899700165,0.44820415084283255,0.2785674829416639,0.3271511080876808,0.22663713991641998,uniform_severity_degradation,0.5,"[""drift"",""attenuation"",""noise"",""spike"",""time_stretch"",""time_compress"",""stuck_sensor"",""missing_data""]",8,1.6083681826327587,1.5440171868605332,1.6705821980853233,1.2027267557709596,1.1801331708026659,1.2277466325020028,0.5261794331612764,0.5014417931223039,0.5520226276132613,0.3934733908771708,0.3730469788258696,0.4164996242943744,0.5261794331612764,noise,10000,winner_pool,0.9693852303240734,0.9729756196858177,0.3934733908771708,0.8314440459578787,-0.019050112738533742,computed
92,BeijingAir_Tiantan,4c5e0908fb1a9097c1bed37a3c29e849947e6fbd5828b63bc6ba2909525a5089,85060b2607b94afba7ae400723ffc861,ModernTCN,ModernTCN,ModernTCN,fa_profholdout_varying_mix0.75_sev0.75_frac0.1,fault_augmentation,train,train,fault_augmentation,baseline,,,ModernTCN,1806770612,MSE,0.2166977822780609,0.37008357365671934,0.2553453592543168,0.30643752418840886,0.2166977822780609,uniform_severity_degradation,0.5,"[""drift"",""attenuation"",""noise"",""spike"",""time_stretch"",""time_compress"",""stuck_sensor"",""missing_data""]",8,1.482658114038014,1.4331169824532968,1.5291145194595557,1.17313982230011,1.1562022155744909,1.1924833197646125,0.4543420816836646,0.4309765723297461,0.4777971796357272,0.35949406267247563,0.3398575297574328,0.38157613142369906,0.4543420816836646,noise,10000,winner_pool,0.8880228346004926,0.8896668281491429,0.35949406267247563,0.8524133108356646,-0.005376928939218373,computed
93,BeijingAir_Tiantan,4c5e0908fb1a9097c1bed37a3c29e849947e6fbd5828b63bc6ba2909525a5089,83ca5bcbbe234ecba2323b66ed99090e,GRU,GRU,GRU,fa_profholdout_varying_mix0.75_sev0.75_frac0.1,fault_augmentation,train,train,fault_augmentation,baseline,,,GRU,1806770612,MSE,0.20871244370937347,0.260138238902781,0.22847932756692352,0.2989660075846943,0.20871244370937347,uniform_severity_degradation,0.5,"[""drift"",""attenuation"",""noise"",""spike"",""time_stretch"",""time_compress"",""stuck_sensor"",""missing_data""]",8,1.2597794028954556,1.2276043988194074,1.2917401757231404,1.12282994297788,1.1104641383706049,1.1368827159811825,0.3766312185210845,0.3561932763020123,0.39929397050087817,0.33568798524864685,0.31666973603347554,0.35765033450324496,0.3766312185210845,noise,10000,winner_pool,0.8338495939402593,0.8327170104143184,0.33568798524864685,0.8906068156214997,0.011055454189493386,computed
94,BeijingAir_Tiantan,4c5e0908fb1a9097c1bed37a3c29e849947e6fbd5828b63bc6ba2909525a5089,268d64b80ac342678bb036cd9076282b,PatchTST,PatchTST,PatchTST,fa_profholdout_simple_mix0.75_sev0.75_frac0.25,fault_augmentation,train,train,fault_augmentation,baseline,,,PatchTST,1806770612,MSE,0.23188848793506622,0.3408725795944629,0.26639578347465676,0.3333991160040081,0.23188850283622742,uniform_severity_degradation,0.5,"[""drift"",""attenuation"",""noise"",""spike"",""time_stretch"",""time_compress"",""stuck_sensor"",""missing_data""]",8,1.3126610959948664,1.2799853729752528,1.3480046855752597,1.150530523516636,1.1366374552363454,1.1681000081424107,0.4376400490175409,0.4162486474418569,0.46081119393816,0.38358585947607515,0.3633723734295452,0.4060361647260509,0.4376400490175409,noise,10000,winner_pool,0.9510169561213444,0.951619451622288,0.38358585947607515,0.8691642503698778,-0.003075180718509485,computed
95,BeijingAir_Tiantan,4c5e0908fb1a9097c1bed37a3c29e849947e6fbd5828b63bc6ba2909525a5089,d8035d46cf5f4e1fb82fa36952007ecf,TSMixer,TSMixer,TSMixer,fa_profholdout_varying_mix0.75_sev1.0_frac0.1,fault_augmentation,train,train,fault_augmentation,baseline,,,TSMixer,1806770612,MSE,0.21050289273262024,0.25210975024895743,0.22774911350744392,0.3589983305360336,0.21050289273262024,uniform_severity_degradation,0.5,"[""drift"",""attenuation"",""noise"",""spike"",""time_stretch"",""time_compress"",""stuck_sensor"",""missing_data""]",8,1.1034564734954795,1.086661835271518,1.138720135574105,1.0545259482961384,1.0448323337889185,1.0655137226624252,0.39613903180405613,0.37638692969587023,0.4216043312610601,0.3785730549452414,0.35814936212349857,0.4020740504636093,0.39613903180405613,attenuation,10000,winner_pool,0.9431448734106872,0.9364755108426583,0.3785730549452414,0.9482934029416351,0.02670704535850016,computed
96,BeijingAir_Tiantan,4c5e0908fb1a9097c1bed37a3c29e849947e6fbd5828b63bc6ba2909525a5089,62c610bd88bc4766a4880fb809d3f45d,DLinear,DLinear,DLinear,fa_profholdout_simple_mix1.0_sev1.0_frac0.25,fault_augmentation,train,train,fault_augmentation,baseline,,,DLinear,1806770612,MSE,0.22589904069900513,0.4319521836657174,0.27450411585198287,0.33404434880896294,0.22589904069900513,uniform_severity_degradation,0.5,"[""drift"",""attenuation"",""noise"",""spike"",""time_stretch"",""time_compress"",""stuck_sensor"",""missing_data""]",8,1.5572979092255952,1.497109828632039,1.613579081016121,1.1880862704962944,1.1670482705934935,1.2113219743023447,0.5202065659888234,0.4953408875828344,0.5455303420062432,0.39687350455680404,0.3763755324080015,0.42048064513481104,0.5202065659888234,noise,10000,winner_pool,0.9786928767597234,0.9813813857069179,0.39687350455680404,0.8416897197055179,-0.015735142536410562,computed
97,BeijingAir_Tiantan,4c5e0908fb1a9097c1bed37a3c29e849947e6fbd5828b63bc6ba2909525a5089,706dc10764014afcaa70e5009a882797,PatchTST,PatchTST,PatchTST,arl_alo0.001_ainit1.0_slo0.01_sinit0.1,adaptive_robust_loss,train,train,adaptive_robust_loss,baseline,,,PatchTST,1806770612,MSE,0.23057326674461365,0.3626437414564328,0.2673296428642449,0.3286819581883872,0.23287469148635864,uniform_severity_degradation,0.5,"[""drift"",""attenuation"",""noise"",""spike"",""time_stretch"",""time_compress"",""stuck_sensor"",""missing_data""]",8,1.3663162450319133,1.3254505825024026,1.4055472556949746,1.1607066716060301,1.1455604080626223,1.17936761299997,0.4490834989216935,0.4266019235650524,0.474148229174843,0.3815033417057953,0.36095640241292165,0.4048264292071449,0.4490834989216935,noise,10000,winner_pool,0.9453890393297926,0.9466970099578709,0.3815033417057953,0.8615441131361242,-0.005586990316113261,computed
98,BeijingAir_Tiantan,4c5e0908fb1a9097c1bed37a3c29e849947e6fbd5828b63bc6ba2909525a5089,d8193aea68954391adcc600410d1860c,ModernTCN,ModernTCN,ModernTCN,arl_alo0.001_ainit1.0_slo0.01_sinit0.1,adaptive_robust_loss,train,train,adaptive_robust_loss,baseline,,,ModernTCN,1806770612,MSE,0.20926505327224731,0.31746773017097923,0.24067034241219032,0.29545036760118676,0.18284930288791656,uniform_severity_degradation,0.5,"[""drift"",""attenuation"",""noise"",""spike"",""time_stretch"",""time_compress"",""stuck_sensor"",""missing_data""]",8,1.402467770964769,1.360424392677224,1.4446021675278247,1.1664277598742343,1.1504220573753223,1.1856642427939816,0.414359618480358,0.39089029834112937,0.4379552999997128,0.3446215104350713,0.32445412192072776,0.3669781797082125,0.414359618480358,noise,10000,winner_pool,0.8529700751444544,0.8543816227371679,0.3446215104350713,0.8573184164511152,-0.0013570573854183587,computed
99,BeijingAir_Tiantan,4c5e0908fb1a9097c1bed37a3c29e849947e6fbd5828b63bc6ba2909525a5089,3e96e701a1b843b58e28e227e798802a,GRU,GRU,GRU,arl_alo0.001_ainit1.0_slo1e-05_sinit0.1,adaptive_robust_loss,train,train,adaptive_robust_loss,baseline,,,GRU,1806770612,MSE,0.21949845552444458,0.28616578498654416,0.2429922909182084,0.3426464848663061,0.20614182949066162,uniform_severity_degradation,0.5,"[""drift"",""attenuation"",""noise"",""spike"",""time_stretch"",""time_compress"",""stuck_sensor"",""missing_data""]",8,1.271484000839847,1.2367544652039895,1.3081181809495535,1.1423367031722798,1.1265608578641775,1.1603572728496068,0.43566952345152093,0.41124141745590953,0.4620202407508708,0.3914176558757465,0.36963953665967847,0.41580225334390364,0.43566952345152093,noise,10000,winner_pool,0.9723811777718605,0.9726781489439522,0.3914176558757465,0.8753986431697334,-0.0019280565016872586,computed
100,BeijingAir_Tiantan,4c5e0908fb1a9097c1bed37a3c29e849947e6fbd5828b63bc6ba2909525a5089,f90e701acfe84dbb8310b2b954d76b17,TSMixer,TSMixer,TSMixer,arl_alo0.001_ainit1.0_slo0.001_sinit0.1,adaptive_robust_loss,train,train,adaptive_robust_loss,baseline,,,TSMixer,1806770612,MSE,0.2078961879014969,0.2708301559487639,0.230594887593645,0.31947356792693027,0.15841694176197052,uniform_severity_degradation,0.5,"[""drift"",""attenuation"",""noise"",""spike"",""time_stretch"",""time_compress"",""stuck_sensor"",""missing_data""]",8,1.2055417246359457,1.180195877626152,1.2485929225296497,1.1020365304590567,1.0893607314201492,1.1154143229459226,0.38513871605423045,0.36501862567433363,0.41128449929076155,0.35207154237157,0.3326561794315907,0.3747693563459122,0.38513871605423045,attenuation,10000,winner_pool,0.8748780828961452,0.8721783960501794,0.35207154237157,0.9074109363538493,0.014847989547291551,computed
101,BeijingAir_Tiantan,4c5e0908fb1a9097c1bed37a3c29e849947e6fbd5828b63bc6ba2909525a5089,06a4a44316734fe4b0a2320a5e9c8ac0,DLinear,DLinear,DLinear,arl_alo0.001_ainit1.9_slo0.001_sinit0.1,adaptive_robust_loss,train,train,adaptive_robust_loss,baseline,,,DLinear,1806770612,MSE,0.23324234783649445,0.43168783095518787,0.2814808459391024,0.3285013165105105,0.154860720038414,uniform_severity_degradation,0.5,"[""drift"",""attenuation"",""noise"",""spike"",""time_stretch"",""time_compress"",""stuck_sensor"",""missing_data""]",8,1.5434555280276436,1.4850661367608537,1.6033900262043472,1.1905599415076376,1.1678127554210005,1.2171644206074552,0.5070271729325061,0.48217973638829914,0.5341529960651431,0.39110050816993536,0.3704458364762023,0.4155818089844659,0.5070271729325061,noise,10000,winner_pool,0.9646361810117122,0.9674895923436806,0.39110050816993536,0.8399409094292837,-0.015360287283438745,computed
102,BeijingAir_Tiantan,4c5e0908fb1a9097c1bed37a3c29e849947e6fbd5828b63bc6ba2909525a5089,85f668cf69794d92a27b4f17017ff337,PatchTST,PatchTST,PatchTST,advtrain_eps0.1_steps3_alpha0.02_channelsall,adversarial_training,train,train,adversarial_training,baseline,,,PatchTST,1806770612,MSE,0.23517166078090668,0.31778451964266907,0.2643658430261664,0.34152645363807244,0.23517166078090668,uniform_severity_degradation,0.5,"[""drift"",""attenuation"",""noise"",""spike"",""time_stretch"",""time_compress"",""stuck_sensor"",""missing_data""]",8,1.259165810660164,1.224532034267111,1.3048398840491722,1.1320676504363973,1.1196492355051277,1.1478937101152795,0.4300384338570744,0.40719982488321405,0.4580663350794772,0.3866310499319279,0.3665305221779725,0.40907844487383227,0.4300384338570744,attenuation,10000,winner_pool,0.9603202410765626,0.9597504662172458,0.3866310499319279,0.8833394361322072,0.0017729535215741388,computed
103,BeijingAir_Tiantan,4c5e0908fb1a9097c1bed37a3c29e849947e6fbd5828b63bc6ba2909525a5089,f0420cde0ea04422bac35a2576b86fc4,PatchTST,PatchTST,PatchTST,rt_spaceraw_std0.1_channelscontinuous,randomized_training,train,train,randomized_training,baseline,,,PatchTST,1806770612,MSE,0.24218128621578217,0.32981770456883047,0.2721899102685166,0.33942584147763555,0.24218128621578217,uniform_severity_degradation,0.5,"[""drift"",""attenuation"",""noise"",""spike"",""time_stretch"",""time_compress"",""stuck_sensor"",""missing_data""]",8,1.247820738003427,1.227428928814654,1.292789180757508,1.1324748793641426,1.1202138086843354,1.147809107147898,0.4235426040100574,0.4056814691713588,0.4511914612613269,0.3843912388804579,0.36431919591299894,0.4076955598690549,0.4235426040100574,noise,10000,winner_pool,0.9546625638126527,0.9541140583370513,0.3843912388804579,0.8830217943213681,0.001975317523409237,computed
104,BeijingAir_Tiantan,4c5e0908fb1a9097c1bed37a3c29e849947e6fbd5828b63bc6ba2909525a5089,bf9287ea69da4512a922e1e6f4087986,PatchTST,PatchTST,PatchTST,baseline,baseline,train,train,baseline,,,,PatchTST,1806770612,MSE,0.23080632090568542,,,0.33783586047456626,0.23080633580684662,uniform_severity_degradation,0.5,"[""drift"",""attenuation"",""noise"",""spike"",""time_stretch"",""time_compress"",""stuck_sensor"",""missing_data""]",8,1.3761617485550213,1.33716212551124,1.4180652704926038,1.1616686297558902,1.14613900830826,1.1802185715541753,0.4649167884752693,0.443679673176837,0.4886500577571087,0.3924533211198915,0.3720217155029261,0.41477188420754535,0.4649167884752693,noise,10000,winner_pool,0.9716633042498545,0.9729410040395519,0.3924533211198915,0.860830683023727,-0.0076301718978402655,computed
105,BeijingAir_Tiantan,4c5e0908fb1a9097c1bed37a3c29e849947e6fbd5828b63bc6ba2909525a5089,0954926880684284a2d1e51f42ef8fc2,GRU,GRU,GRU,advtrain_eps0.05_steps7_alpha0.02_channelsall,adversarial_training,train,train,adversarial_training,baseline,,,GRU,1806770612,MSE,0.21352577209472656,0.26499866737013994,0.2338532771165046,0.2935204664538556,0.21352575719356537,uniform_severity_degradation,0.5,"[""drift"",""attenuation"",""noise"",""spike"",""time_stretch"",""time_compress"",""stuck_sensor"",""missing_data""]",8,1.2328350572872404,1.2071066301598792,1.2779577749251945,1.118655926022261,1.1067538140264337,1.1327019468179214,0.3618623210756166,0.3428357380849073,0.38677521481760674,0.3283484092074239,0.3096773976741738,0.3490501921519859,0.3618623210756166,attenuation,10000,winner_pool,0.8158209838436805,0.8144504793373168,0.3283484092074239,0.8939299178039665,0.01300367024136534,computed
106,BeijingAir_Tiantan,4c5e0908fb1a9097c1bed37a3c29e849947e6fbd5828b63bc6ba2909525a5089,c08994e7448e4ec49627ff352f7a4d8f,ModernTCN,ModernTCN,ModernTCN,advtrain_eps0.05_steps3_alpha0.02_channelsall,adversarial_training,train,train,adversarial_training,baseline,,,ModernTCN,1806770612,MSE,0.2221086323261261,0.298163583485332,0.24714095432320876,0.3198799763918796,0.2221086621284485,uniform_severity_degradation,0.5,"[""drift"",""attenuation"",""noise"",""spike"",""time_stretch"",""time_compress"",""stuck_sensor"",""missing_data""]",8,1.2953548594589543,1.2568281018136231,1.3410700203249115,1.1218765000270152,1.1101363809464053,1.1369843662525347,0.41435808186283685,0.3887351240821606,0.44322864802979767,0.35886582834324615,0.3387471171585572,0.3810496908179957,0.41435808186283685,attenuation,10000,winner_pool,0.8912443426771812,0.889941798887314,0.35886582834324615,0.8913637106900087,0.008451573918589916,computed
107,BeijingAir_Tiantan,4c5e0908fb1a9097c1bed37a3c29e849947e6fbd5828b63bc6ba2909525a5089,ff851d62b9a74fb5b20f05187e60de8e,TSMixer,TSMixer,TSMixer,advtrain_eps0.1_steps3_alpha0.02_channelsall,adversarial_training,train,train,adversarial_training,baseline,,,TSMixer,1806770612,MSE,0.2066575139760971,0.263329314657875,0.2273501548443067,0.3458465660181333,0.2066574990749359,uniform_severity_degradation,0.5,"[""drift"",""attenuation"",""noise"",""spike"",""time_stretch"",""time_compress"",""stuck_sensor"",""missing_data""]",8,1.1479505457680765,1.1298701909279776,1.1684986339821157,1.071887734833942,1.0610885583147565,1.0840813192129963,0.39701475421253124,0.3751777307036545,0.4226262002275217,0.3707086922492743,0.35018095741747335,0.3952278050267838,0.39701475421253124,noise,10000,winner_pool,0.9219461839581558,0.9166631372517028,0.3707086922492743,0.9329335223291095,0.021879724775420828,computed
108,BeijingAir_Tiantan,4c5e0908fb1a9097c1bed37a3c29e849947e6fbd5828b63bc6ba2909525a5089,a25afb6afae14c079aa7a573a25da968,DLinear,DLinear,DLinear,advtrain_eps0.05_steps3_alpha0.02_channelsall,adversarial_training,train,train,adversarial_training,baseline,,,DLinear,1806770612,MSE,0.2275799959897995,0.33206892635812985,0.25820275633854667,0.3285098091940861,0.2275799959897995,uniform_severity_degradation,0.5,"[""drift"",""attenuation"",""noise"",""spike"",""time_stretch"",""time_compress"",""stuck_sensor"",""missing_data""]",8,1.2927019277510408,1.2646370295160376,1.3310065526404227,1.1336443694718108,1.119080588231813,1.151482988865425,0.4246652636303217,0.4033659108187258,0.44996976764846536,0.37241329550913466,0.3521361481046998,0.39529977175073605,0.4246652636303217,noise,10000,winner_pool,0.9234154274247295,0.9227377647762953,0.37241329550913466,0.8821108514532837,0.0033352062926955695,computed
109,BeijingAir_Tiantan,4c5e0908fb1a9097c1bed37a3c29e849947e6fbd5828b63bc6ba2909525a5089,24f9ae74884a4895bed21cc4218b061e,ModernTCN,ModernTCN,ModernTCN,rt_spaceraw_std0.1_channelscontinuous,randomized_training,train,train,randomized_training,baseline,,,ModernTCN,1806770612,MSE,0.22523799538612366,0.2807726857328574,0.24724180470627957,0.3054375394303468,0.22523801028728485,uniform_severity_degradation,0.5,"[""drift"",""attenuation"",""noise"",""spike"",""time_stretch"",""time_compress"",""stuck_sensor"",""missing_data""]",8,1.2791434789812899,1.2393308284138966,1.3238938719157975,1.116661495055625,1.1055646866743065,1.1304030787650807,0.3906984367984187,0.3660666341355981,0.4187003370010195,0.34107033942640247,0.32122697343488343,0.36279346683711206,0.3906984367984187,attenuation,10000,winner_pool,0.8482743666898667,0.8468515935295258,0.34107033942640247,0.8955265355058977,0.012061453008062661,computed
110,BeijingAir_Tiantan,4c5e0908fb1a9097c1bed37a3c29e849947e6fbd5828b63bc6ba2909525a5089,f00ca3f812ad4a07a3dd523122a81df0,GRU,GRU,GRU,rt_spaceraw_std0.1_channelscontinuous,randomized_training,train,train,randomized_training,baseline,,,GRU,1806770612,MSE,0.22061601281166077,0.25278584054497577,0.23524477731321897,0.2964313160749269,0.22061599791049957,uniform_severity_degradation,0.5,"[""drift"",""attenuation"",""noise"",""spike"",""time_stretch"",""time_compress"",""stuck_sensor"",""missing_data""]",8,1.2337253544618325,1.1951977362441188,1.2761022791411587,1.0956988614898928,1.0855263959555803,1.107846107017813,0.3657148304981267,0.3442238236153259,0.39124953225669146,0.32479945553324796,0.3061724471923251,0.34600559545103027,0.3657148304981267,attenuation,10000,winner_pool,0.8087411347520652,0.8060482420624416,0.32479945553324796,0.9126595227453601,0.01943633000367978,computed
111,BeijingAir_Tiantan,4c5e0908fb1a9097c1bed37a3c29e849947e6fbd5828b63bc6ba2909525a5089,d99eb3f8058543958bcfd350251f3c42,TSMixer,TSMixer,TSMixer,rt_spaceraw_std0.1_channelscontinuous,randomized_training,train,train,randomized_training,baseline,,,TSMixer,1806770612,MSE,0.30524682998657227,0.36517548631845664,0.3242446092673927,0.46378947409983373,0.3052468001842499,uniform_severity_degradation,0.5,"[""drift"",""attenuation"",""noise"",""spike"",""time_stretch"",""time_compress"",""stuck_sensor"",""missing_data""]",8,1.1146754924862206,1.0971941820726105,1.1343331475058547,1.054553221346781,1.0458194563448708,1.0645091444724404,0.5169747604521574,0.4945491940008925,0.5417954012812408,0.48909068393870914,0.4665732661107765,0.5129921883223205,0.5169747604521574,noise,10000,winner_pool,1.2177059784283562,1.2090176197457545,0.48909068393870914,0.9482688780020884,0.015077224619153173,computed
112,BeijingAir_Tiantan,4c5e0908fb1a9097c1bed37a3c29e849947e6fbd5828b63bc6ba2909525a5089,95629275d08b42c1babe91f2ed0dbe24,DLinear,DLinear,DLinear,rt_spaceraw_std0.1_channelscontinuous,randomized_training,train,train,randomized_training,baseline,,,DLinear,1806770612,MSE,0.23127661645412445,0.33993192911885367,0.26319205162170994,0.33160081577044914,0.23127661645412445,uniform_severity_degradation,0.5,"[""drift"",""attenuation"",""noise"",""spike"",""time_stretch"",""time_compress"",""stuck_sensor"",""missing_data""]",8,1.304390376255376,1.273541922889251,1.33947184259603,1.1358773504743396,1.1218685904198928,1.1529635558009428,0.43253691284940576,0.4109386449716083,0.4567186765177736,0.3766578560324673,0.3562985705958539,0.39877130981463454,0.43253691284940576,noise,10000,winner_pool,0.9338209917631872,0.9332946651627966,0.3766578560324673,0.8803767410120491,0.002102486941716497,computed
113,BeijingAir_Tiantan,4c5e0908fb1a9097c1bed37a3c29e849947e6fbd5828b63bc6ba2909525a5089,b3e7b9a229724d3cab077d959057c670,Chronos2,pretrained,Chronos2,baseline,baseline,train,train,baseline,,,,Chronos2,1806770612,MSE,0.29205870628356934,,,0.3488106033523345,0.29205870628356934,uniform_severity_degradation,0.5,"[""drift"",""attenuation"",""noise"",""spike"",""time_stretch"",""time_compress"",""stuck_sensor"",""missing_data""]",8,1.23019314263883,1.1900336266093121,1.2956125855582445,1.1196456546680078,1.105660818611722,1.1362165705494847,0.4291044123237548,0.4036916087792779,0.4608151532370092,0.3905442763455673,0.3687847027586221,0.41480350367252916,0.4291044123237548,stuck_sensor,10000,winner_pool,0.9734802175622272,0.9724709606035005,0.3905442763455673,0.8931397141861953,0.004910612051576779,computed
114,BeijingAir_Tiantan,4c5e0908fb1a9097c1bed37a3c29e849947e6fbd5828b63bc6ba2909525a5089,2accda0b4aba4824be952a1fd0a49ed1,SeasonalNaive,SeasonalNaive,SeasonalNaive,baseline,baseline,train,train,baseline,,,,SeasonalNaive,1806770612,MSE,0.24982471764087677,,,0.3526283968059957,0.24982471764087677,uniform_severity_degradation,0.5,"[""drift"",""attenuation"",""noise"",""spike"",""time_stretch"",""time_compress"",""stuck_sensor"",""missing_data""]",8,1.3531651711672756,1.3130540440460514,1.392813702103115,1.1452251350628528,1.1282373500976093,1.166139178442066,0.4771644649224272,0.45133522589081193,0.5064398743941649,0.4038389033591438,0.38193341787172247,0.42977120195165464,0.4771644649224272,noise,10000,winner_pool,1.0,1.0,0.4038389033591438,0.8731907547114021,-0.0046971769233117855,computed
115,BeijingAir_Tiantan,4c5e0908fb1a9097c1bed37a3c29e849947e6fbd5828b63bc6ba2909525a5089,38cfc9a0190d44c1b164fa585c155782,ModernTCN,ModernTCN,ModernTCN,revin_affineFalse_eps1e-5,revin,train,train,revin,baseline,,,ModernTCN,1806770612,MSE,0.23040436208248138,0.38491375354687624,0.27464380746059336,0.32051539011184066,0.23040437698364258,uniform_severity_degradation,0.5,"[""drift"",""attenuation"",""noise"",""spike"",""time_stretch"",""time_compress"",""stuck_sensor"",""missing_data""]",8,1.4414925453089134,1.395652093453052,1.4891002644501856,1.186517137649846,1.168020094422462,1.2089918819552545,0.46202054550299654,0.43930428551813433,0.48556371421298705,0.38029700324822496,0.36070464816877096,0.40336864074500944,0.46202054550299654,noise,10000,winner_pool,0.9404022111964159,0.9432752017984269,0.38029700324822496,0.842802828773899,-0.012357685880736213,computed
116,BeijingAir_Tiantan,4c5e0908fb1a9097c1bed37a3c29e849947e6fbd5828b63bc6ba2909525a5089,bffc3cf719dd48b497ad3b9b0a32a8da,ModernTCN,ModernTCN,ModernTCN,baseline,baseline,train,train,baseline,,,,ModernTCN,1806770612,MSE,0.21666859090328217,,,0.30107381857188886,0.21666859090328217,uniform_severity_degradation,0.5,"[""drift"",""attenuation"",""noise"",""spike"",""time_stretch"",""time_compress"",""stuck_sensor"",""missing_data""]",8,1.5019724269220764,1.4513467846821544,1.5525794281740692,1.185675259459173,1.1677921353434384,1.2067456116059874,0.45220457396311686,0.4288522173782799,0.4756634507611662,0.3569757779515883,0.3376001400556515,0.37865403326880426,0.45220457396311686,noise,10000,winner_pool,0.8814635990317445,0.883896666124881,0.3569757779515883,0.8434012534394402,-0.00814939994562186,computed
117,BeijingAir_Tiantan,4c5e0908fb1a9097c1bed37a3c29e849947e6fbd5828b63bc6ba2909525a5089,105fe629e4624431854118ffa2c491d2,GRU,GRU,GRU,revin_affineFalse_eps1e-5,revin,train,train,revin,baseline,,,GRU,1806770612,MSE,0.24019859731197357,0.3152430829553632,0.2722389916056418,0.30206874343866946,0.24019882082939148,uniform_severity_degradation,0.5,"[""drift"",""attenuation"",""noise"",""spike"",""time_stretch"",""time_compress"",""stuck_sensor"",""missing_data""]",8,1.484677652120728,1.4090824692114754,1.5748606123982947,1.1814107166451429,1.1646080495237736,1.201513542726292,0.4484747127875824,0.4201747140422543,0.4819414839700899,0.3568672506619763,0.33714642284375684,0.3783996213073507,0.4484747127875824,stuck_sensor,10000,winner_pool,0.8891668888567739,0.8926065017935915,0.3568672506619763,0.8464456821923068,-0.007058436057433726,computed
118,BeijingAir_Tiantan,4c5e0908fb1a9097c1bed37a3c29e849947e6fbd5828b63bc6ba2909525a5089,a821a9e98c12454bb58f62ed3ab0772a,GRU,GRU,GRU,baseline,baseline,train,train,baseline,,,,GRU,1806770612,MSE,0.20813117921352386,,,0.2811948516822071,0.20813137292861938,uniform_severity_degradation,0.5,"[""drift"",""attenuation"",""noise"",""spike"",""time_stretch"",""time_compress"",""stuck_sensor"",""missing_data""]",8,1.251110537493348,1.228928613989719,1.2969896017750913,1.1246824613735664,1.1123546177875208,1.139905800651909,0.3518058420284884,0.33532069558914146,0.3769665196989661,0.31625491791551963,0.29794369407531657,0.33574077717237044,0.3518058420284884,attenuation,10000,winner_pool,0.7857555758317323,0.7848445836573233,0.31625491791551963,0.889139854442744,0.012839107121711713,computed
119,BeijingAir_Tiantan,4c5e0908fb1a9097c1bed37a3c29e849947e6fbd5828b63bc6ba2909525a5089,12dfa2584f574666b50a46bd33ea62ef,TSMixer,TSMixer,TSMixer,revin_affineFalse_eps1e-5,revin,train,train,revin,baseline,,,TSMixer,1806770612,MSE,0.24392658472061157,0.3162765498392388,0.27828897208856795,0.33353778644425913,0.24392671883106232,uniform_severity_degradation,0.5,"[""drift"",""attenuation"",""noise"",""spike"",""time_stretch"",""time_compress"",""stuck_sensor"",""missing_data""]",8,1.385564295990549,1.3217358712244145,1.4587634578851274,1.1476618925945032,1.1330827570659767,1.1646368370541686,0.462138048260886,0.43292524380558306,0.4946399748466887,0.3827886072423997,0.36302394074010336,0.4063395753056206,0.462138048260886,stuck_sensor,10000,winner_pool,0.9539600851670192,0.9551184427394407,0.3827886072423997,0.8713367642967685,-0.0021430146039509435,computed
120,BeijingAir_Tiantan,4c5e0908fb1a9097c1bed37a3c29e849947e6fbd5828b63bc6ba2909525a5089,f26ecf129f89445c806cd2def2c60008,TSMixer,TSMixer,TSMixer,baseline,baseline,train,train,baseline,,,,TSMixer,1806770612,MSE,0.21481628715991974,,,0.3588569508749817,0.21481704711914062,uniform_severity_degradation,0.5,"[""drift"",""attenuation"",""noise"",""spike"",""time_stretch"",""time_compress"",""stuck_sensor"",""missing_data""]",8,1.1527123329503948,1.119251417922875,1.1970491637961653,1.0680960448067403,1.058077284432195,1.0794428381615526,0.4136588330385654,0.3900435790291625,0.4418646261431387,0.3832936898809747,0.36250624307436835,0.40693572320266275,0.4136588330385654,attenuation,10000,winner_pool,0.9543260634722408,0.9487235374894833,0.3832936898809747,0.9362453918467027,0.021850345536948146,computed
121,BeijingAir_Tiantan,4c5e0908fb1a9097c1bed37a3c29e849947e6fbd5828b63bc6ba2909525a5089,e00d9e58ff9040eb9156864264bc53c9,DLinear,DLinear,DLinear,revin_affineFalse_eps1e-5,revin,train,train,revin,baseline,,,DLinear,1806770612,MSE,0.2343561351299286,0.3905199061699871,0.275985142138903,0.3343974192469439,0.234356090426445,uniform_severity_degradation,0.5,"[""drift"",""attenuation"",""noise"",""spike"",""time_stretch"",""time_compress"",""stuck_sensor"",""missing_data""]",8,1.433577463751843,1.3874366969628567,1.4794944817225328,1.1699933419351862,1.151317977593316,1.1926374864249893,0.47938460416919554,0.4559256618737166,0.5049106135296318,0.3912427540792334,0.3708325260734388,0.41545299571668226,0.47938460416919554,noise,10000,winner_pool,0.9672964105123398,0.9689823412341427,0.3912427540792334,0.8547057185351032,-0.009761000431516342,computed
122,BeijingAir_Tiantan,4c5e0908fb1a9097c1bed37a3c29e849947e6fbd5828b63bc6ba2909525a5089,e765a57955e6486ca3ea08dd793c8c4b,DLinear,DLinear,DLinear,baseline,baseline,train,train,baseline,,,,DLinear,1806770612,MSE,0.2266371250152588,,,0.32909293177820803,0.22663713991641998,uniform_severity_degradation,0.5,"[""drift"",""attenuation"",""noise"",""spike"",""time_stretch"",""time_compress"",""stuck_sensor"",""missing_data""]",8,1.6276289092837974,1.5609503418385484,1.6917460264033124,1.206105177870259,1.1833997959127394,1.2316182963977953,0.5356411696031719,0.5106160264562707,0.561673749950613,0.39692068901820055,0.3763096200038396,0.4201456057130534,0.5356411696031719,noise,10000,winner_pool,0.9775175525953195,0.9813276019228063,0.39692068901820055,0.8291150874302692,-0.020603680489450604,computed
123,ETTh1,4a82efae1ffe76a156a2bf948861e2da349ef1c1c994d9f24654525f47fbf14d,fe60ffe33a81422b8f134c564c62cf8c,RandomizedSmoothing,RandomizedSmoothing,ModernTCN,rs_backbonebaseline_std0.25_samples30_alpha0.25,randomized_smoothing,wrap,improve,randomized_smoothing,baseline,920f0d5691bd441c95bac6953be76afe,,ModernTCN,341970080,MSE,0.3735855221748352,0.4288512334947785,0.4090755272296568,0.46211138830929993,0.3731577694416046,uniform_severity_degradation,0.5,"[""drift"",""attenuation"",""noise"",""spike"",""time_stretch"",""time_compress"",""stuck_sensor"",""missing_data""]",8,1.2157497598822447,1.2078028904503977,1.2239604234563441,1.1137032825639555,1.1116273539581953,1.1158156194317506,0.5618118093758822,0.5564616280608251,0.5670822265746072,0.5146549700702541,0.5108142433355864,0.5185928371168812,0.5618118093758822,stuck_sensor,10000,winner_pool,0.709424377332355,0.7078445319109166,0.5146549700702541,0.8979052281302529,0.008008648425273712,computed
124,ETTh1,4a82efae1ffe76a156a2bf948861e2da349ef1c1c994d9f24654525f47fbf14d,24c205a7407f4e43a0c88eda133084fb,RandomizedSmoothing,RandomizedSmoothing,GRU,rs_backbonebaseline_std0.25_samples30_alpha0.25,randomized_smoothing,wrap,improve,randomized_smoothing,baseline,36598a0f6b774ca4a4d3b82906b8927d,,GRU,341970080,MSE,0.4986000061035156,0.5314281152089437,0.5116163878807177,0.6649908903539181,0.4983765780925751,uniform_severity_degradation,0.5,"[""drift"",""attenuation"",""noise"",""spike"",""time_stretch"",""time_compress"",""stuck_sensor"",""missing_data""]",8,1.0638676540726983,1.0591801683084774,1.0691286514068867,1.0213992557470895,1.0204453748434588,1.0224004846894972,0.7074622985005379,0.7025092873869091,0.7127068050237,0.6792212004860863,0.6748831550056068,0.6830595240254608,0.7074622985005379,missing_data,10000,winner_pool,0.9367531100268239,0.9264125708707505,0.6792212004860863,0.9790490783827357,0.037958316566290784,computed
125,ETTh1,4a82efae1ffe76a156a2bf948861e2da349ef1c1c994d9f24654525f47fbf14d,a961f0d0a0ad42029bdd5636d671b7a1,RandomizedSmoothing,RandomizedSmoothing,PatchTST,rs_backbonebaseline_std0.25_samples30_alpha0.25,randomized_smoothing,wrap,improve,randomized_smoothing,baseline,519b468e69dd465daa969d3d9b3ffdf0,,PatchTST,341970080,MSE,0.35148605704307556,0.426587443249921,0.39792074364889407,0.43025570122748613,0.352056086063385,uniform_severity_degradation,0.5,"[""drift"",""attenuation"",""noise"",""spike"",""time_stretch"",""time_compress"",""stuck_sensor"",""missing_data""]",8,1.3082090774264457,1.2965819968913137,1.3204384568927952,1.1604195543086215,1.157778058710757,1.1633257453770975,0.5628644139602781,0.5569555231778696,0.5689690868267044,0.4992771290571429,0.4954695420812909,0.5031466002109297,0.5628644139602781,stuck_sensor,10000,winner_pool,0.6876839538582785,0.6887724449522846,0.4992771290571429,0.8617572810515076,-0.008078329086380731,computed
126,ETTh1,4a82efae1ffe76a156a2bf948861e2da349ef1c1c994d9f24654525f47fbf14d,aa482962ea1f4291b40e5f4c28872482,RandomizedSmoothing,RandomizedSmoothing,TSMixer,rs_backbonebaseline_std0.5_samples30_alpha0.25,randomized_smoothing,wrap,improve,randomized_smoothing,baseline,2d589960c4334ac5adff37c302ad60ee,,TSMixer,341970080,MSE,0.38116419315338135,0.42821386284877855,0.41520091838762163,0.4706151711151004,0.38341596722602844,uniform_severity_degradation,0.5,"[""drift"",""attenuation"",""noise"",""spike"",""time_stretch"",""time_compress"",""stuck_sensor"",""missing_data""]",8,1.1711472970639638,1.165534068105355,1.1786142081434048,1.1036485321972926,1.1015982701035831,1.1056574621994189,0.5511596856087446,0.5467178152639046,0.5562515820592269,0.5193937428309583,0.515541112397029,0.5232818224566081,0.5511596856087446,stuck_sensor,10000,winner_pool,0.7159655058886816,0.7137268790307019,0.5193937428309583,0.9060855615048613,0.011620642365544387,computed
127,ETTh1,4a82efae1ffe76a156a2bf948861e2da349ef1c1c994d9f24654525f47fbf14d,f6e5b53657ee4bc9b6168214b733c263,RandomizedSmoothing,RandomizedSmoothing,DLinear,rs_backbonebaseline_std0.25_samples30_alpha0.25,randomized_smoothing,wrap,improve,randomized_smoothing,baseline,2c53c17080c14c5aaa939b6c45fbe0a3,,DLinear,341970080,MSE,0.3586452901363373,0.4170901235913237,0.3925796309194217,0.4382821320667863,0.35828012228012085,uniform_severity_degradation,0.5,"[""drift"",""attenuation"",""noise"",""spike"",""time_stretch"",""time_compress"",""stuck_sensor"",""missing_data""]",8,1.2504898783426028,1.240550972489477,1.2603974455927007,1.1188288816025342,1.1165205185722538,1.121132597910971,0.5480673700079322,0.5423983353387192,0.553491750106141,0.4903627076466568,0.4867255155905406,0.49395814940760374,0.5480673700079322,stuck_sensor,10000,winner_pool,0.6756836280579875,0.6744362911445332,0.4903627076466568,0.89379172851497,0.008791906516586734,computed
128,ETTh1,4a82efae1ffe76a156a2bf948861e2da349ef1c1c994d9f24654525f47fbf14d,8b58e043e18c4a539ef68df3ac610a49,Ensemble,Ensemble,ModernTCN,ensemble_top3_mean,ensemble,wrap,improve,ensemble,baseline,,"920f0d5691bd441c95bac6953be76afe,83bfff58953d4d179b80e5f8ce1c2469,e2cb0b78f09542f9965a7d41174f9ec3",ModernTCN,341970080,MSE,0.37511035799980164,0.4248948876038194,0.4086342404463018,0.4575907476514578,0.3731577694416046,uniform_severity_degradation,0.5,"[""drift"",""attenuation"",""noise"",""spike"",""time_stretch"",""time_compress"",""stuck_sensor"",""missing_data""]",8,1.2017476020514897,1.1939063706911712,1.20968227471233,1.1095386043496633,1.1074861978893884,1.1116405578290995,0.5499085837110878,0.5449839212758839,0.5549372584623844,0.5077145995125175,0.5039092399713281,0.5115427480574465,0.5499085837110878,stuck_sensor,10000,winner_pool,0.7000912810933202,0.6983202782641561,0.5077145995125175,0.9012755356864148,0.010501560545560396,computed
129,ETTh1,4a82efae1ffe76a156a2bf948861e2da349ef1c1c994d9f24654525f47fbf14d,55384ff06edc48f3b8999f7edf31887b,Ensemble,Ensemble,GRU,ensemble_top5_mean,ensemble,wrap,improve,ensemble,baseline,,"36598a0f6b774ca4a4d3b82906b8927d,3e72840a5e034d98b2e068b03a756a9e,a0e561f4ee8b4d2f832f925f2e483246,c48bb04bf948469ea4402bb81ab1b338,476d886ea9d44bf09bf0b450ee148438",GRU,341970080,MSE,0.4903300106525421,0.5243300370126963,0.5017096422978987,0.6547567181050777,0.4983765780925751,uniform_severity_degradation,0.5,"[""drift"",""attenuation"",""noise"",""spike"",""time_stretch"",""time_compress"",""stuck_sensor"",""missing_data""]",8,1.0678490485872008,1.0629731633827968,1.073147975278767,1.0180197581431016,1.0170866703871233,1.0189903804965226,0.6991813384845853,0.693976144638285,0.704079705527015,0.6665552758079022,0.6626703954644035,0.6701225215359078,0.6991813384845853,missing_data,10000,winner_pool,0.9192066929217467,0.9087115034595652,0.6665552758079022,0.9822992058857776,0.04102002828137352,computed
130,ETTh1,4a82efae1ffe76a156a2bf948861e2da349ef1c1c994d9f24654525f47fbf14d,6e6ea43629ab4ff897ba4fe741254a52,Ensemble,Ensemble,PatchTST,ensemble_top10_mean,ensemble,wrap,improve,ensemble,baseline,,"519b468e69dd465daa969d3d9b3ffdf0,1abfe68926cf41c3899dd94cd216c64e,eb2809988fd643c2b84c47d02dd1c5f5,b3ca28ced0ad41e9a112387529183a03,61b5e4572fd9475cae57866b1df89712,c94ba936852e4dd0bc3a28a376c0392b,736febf80c644fbca6ec33000caf6e8b,8266c72511904fa5810a24e23339e36c,ee1a13f4b23b4fcdbebe64250f8e19c9,d7dbc03e127f43568bd611bf50bc8d61",PatchTST,341970080,MSE,0.34776073694229126,0.4192098832105597,0.3921563426097855,0.42681377100646495,0.352056086063385,uniform_severity_degradation,0.5,"[""drift"",""attenuation"",""noise"",""spike"",""time_stretch"",""time_compress"",""stuck_sensor"",""missing_data""]",8,1.303986465998362,1.292106401360196,1.3161968942417235,1.1564249779421947,1.153899816813806,1.1593412538686865,0.5565593808941544,0.5507606853599287,0.5624312104621156,0.4935781057215761,0.4899801495422109,0.4972933617313183,0.5565593808941544,stuck_sensor,10000,winner_pool,0.6797142711210666,0.6805535564796356,0.4935781057215761,0.8647340027015452,-0.005796881242199903,computed
131,ETTh1,4a82efae1ffe76a156a2bf948861e2da349ef1c1c994d9f24654525f47fbf14d,203e267d19aa40c099fb430583affcc2,Ensemble,Ensemble,TSMixer,ensemble_top5_mean,ensemble,wrap,improve,ensemble,baseline,,"2d589960c4334ac5adff37c302ad60ee,22d1d2cfeded4a16ba82b7a94c34c392,1969f5d036cc4259acff88476783d759,4be00085076544429ab2c3de2bdc6f3b,7886c8fa6a954af98665046e8723af58",TSMixer,341970080,MSE,0.3773650825023651,0.42077450655400755,0.4022397203709309,0.4688934217914939,0.38341596722602844,uniform_severity_degradation,0.5,"[""drift"",""attenuation"",""noise"",""spike"",""time_stretch"",""time_compress"",""stuck_sensor"",""missing_data""]",8,1.1644852981952751,1.1607582405575738,1.171387176648939,1.0843931946260519,1.0827465645986964,1.086093564876438,0.5460194960966707,0.5421413990124688,0.5510575371223502,0.508464835595619,0.504788457513717,0.5121369789750129,0.5460194960966707,stuck_sensor,10000,winner_pool,0.7009260420693421,0.6975022249826093,0.508464835595619,0.9221747286461396,0.020860385094372713,computed
132,ETTh1,4a82efae1ffe76a156a2bf948861e2da349ef1c1c994d9f24654525f47fbf14d,12ccaf5b36de4f6aa4dfecf591653c9b,Ensemble,Ensemble,DLinear,ensemble_top5_mean,ensemble,wrap,improve,ensemble,baseline,,"2c53c17080c14c5aaa939b6c45fbe0a3,011454b4cadc47f388e3667aa8a8621b,7561403689a9480dae65742bc264369c,0e02afed27284774be739b7b8cd0d885,2771e2d1cc434837b0b3b14dddce661b",DLinear,341970080,MSE,0.35733693838119507,0.41617911217610043,0.3922737702761466,0.43951522865742443,0.35828012228012085,uniform_severity_degradation,0.5,"[""drift"",""attenuation"",""noise"",""spike"",""time_stretch"",""time_compress"",""stuck_sensor"",""missing_data""]",8,1.250882804329976,1.240820635383104,1.260830266867593,1.1210762271368262,1.118778380800075,1.1233590817285009,0.5497820417687297,0.5441513691335916,0.5551917643400281,0.49273007431244475,0.48906640535506185,0.4963595292200218,0.5497820417687297,stuck_sensor,10000,winner_pool,0.6789086809050593,0.6777807161129837,0.49273007431244475,0.8920000048114045,0.007645091929679437,computed
133,ETTh1,4a82efae1ffe76a156a2bf948861e2da349ef1c1c994d9f24654525f47fbf14d,2f90ea82f5ba45839a8bd8434fd2c3b7,ModernTCN,ModernTCN,ModernTCN,fa_profholdout_varying_mix0.75_sev0.75_frac0.1,fault_augmentation,train,train,fault_augmentation,baseline,,,ModernTCN,341970080,MSE,0.3775119483470917,0.43187108409404756,0.41203706817763547,0.4641523075297475,0.3775119483470917,uniform_severity_degradation,0.5,"[""drift"",""attenuation"",""noise"",""spike"",""time_stretch"",""time_compress"",""stuck_sensor"",""missing_data""]",8,1.212045619936293,1.204234743361916,1.220018915481383,1.1114043706679724,1.1094079214944028,1.1134024273907277,0.5625737713247537,0.5572174265046418,0.5677119813775271,0.5158609032441862,0.5120218080709735,0.5197565853181365,0.5625737713247537,stuck_sensor,10000,winner_pool,0.7111242294780542,0.7094025387109181,0.5158609032441862,0.8997625224372507,0.00880872905488006,computed
134,ETTh1,4a82efae1ffe76a156a2bf948861e2da349ef1c1c994d9f24654525f47fbf14d,d84d6749fbcc4eac86276ed62d28040c,GRU,GRU,GRU,fa_profholdout_simple_mix1.0_sev0.75_frac0.1,fault_augmentation,train,train,fault_augmentation,baseline,,,GRU,341970080,MSE,0.50501549243927,0.5364881160110235,0.5167235607362042,0.6800412131398916,0.5050154328346252,uniform_severity_degradation,0.5,"[""drift"",""attenuation"",""noise"",""spike"",""time_stretch"",""time_compress"",""stuck_sensor"",""missing_data""]",8,1.0618729988113416,1.0572624139221345,1.0670120537666463,1.0163694300559083,1.0155267890227533,1.0173281375724221,0.7221174023121595,0.7170182485960425,0.7273780937583744,0.6911731002135202,0.6869917752837762,0.6950908516178792,0.7221174023121595,missing_data,10000,winner_pool,0.9531371274632935,0.9420825015099101,0.6911731002135202,0.9838942125059704,0.0400953520856524,computed
135,ETTh1,4a82efae1ffe76a156a2bf948861e2da349ef1c1c994d9f24654525f47fbf14d,ad25c5ba0c9a40839080147d0509a0fe,PatchTST,PatchTST,PatchTST,fa_profholdout_simple_mix0.75_sev0.75_frac0.25,fault_augmentation,train,train,fault_augmentation,baseline,,,PatchTST,341970080,MSE,0.35284510254859924,0.4265202228451769,0.4000194697848832,0.4281764533802867,0.35284510254859924,uniform_severity_degradation,0.5,"[""drift"",""attenuation"",""noise"",""spike"",""time_stretch"",""time_compress"",""stuck_sensor"",""missing_data""]",8,1.320986228370222,1.3089940461827312,1.3339456571807502,1.1675811776061047,1.1646304735969968,1.1708864367637954,0.5656151982277632,0.559785959312655,0.5721056092012301,0.49993076766096056,0.49632765266123924,0.5036543653378286,0.5656151982277632,stuck_sensor,10000,winner_pool,0.6882952482216321,0.6897243649753522,0.49993076766096056,0.8564714978108016,-0.010796073767982195,computed
136,ETTh1,4a82efae1ffe76a156a2bf948861e2da349ef1c1c994d9f24654525f47fbf14d,fd5140d7b4434176980e10c8da5d87fd,TSMixer,TSMixer,TSMixer,fa_profholdout_varying_mix0.75_sev0.75_frac0.1,fault_augmentation,train,train,fault_augmentation,baseline,,,TSMixer,341970080,MSE,0.3852348327636719,0.4320204554324349,0.4128975770901888,0.4759654160454869,0.3852347433567047,uniform_severity_degradation,0.5,"[""drift"",""attenuation"",""noise"",""spike"",""time_stretch"",""time_compress"",""stuck_sensor"",""missing_data""]",8,1.1653701384679902,1.1599890509507176,1.1714211787810185,1.0878814006844189,1.0860381512135413,1.089798690650996,0.5546758828029037,0.5500445813820511,0.5593526709853485,0.5177939234849065,0.5139914635067759,0.521615750747039,0.5546758828029037,missing_data,10000,winner_pool,0.7136842061904575,0.710406617852366,0.5177939234849065,0.9192178479849641,0.01846431158136319,computed
137,ETTh1,4a82efae1ffe76a156a2bf948861e2da349ef1c1c994d9f24654525f47fbf14d,1b399d9e22964ab898055f22ff719dbb,DLinear,DLinear,DLinear,fa_profholdout_simple_mix0.75_sev1.0_frac0.25,fault_augmentation,train,train,fault_augmentation,baseline,,,DLinear,341970080,MSE,0.35745102167129517,0.414472090780735,0.39042406908019134,0.4373063718050718,0.35745102167129517,uniform_severity_degradation,0.5,"[""drift"",""attenuation"",""noise"",""spike"",""time_stretch"",""time_compress"",""stuck_sensor"",""missing_data""]",8,1.2448941785590102,1.2351544872069358,1.25446230151827,1.116615184460676,1.1144544970798576,1.1188126293188563,0.544400156506896,0.5388600647770614,0.5497010972459242,0.4883029350189493,0.48472345869024286,0.4918744891096488,0.544400156506896,stuck_sensor,10000,winner_pool,0.6729224438436423,0.6715651365270722,0.4883029350189493,0.8955636766510559,0.009885527320421361,computed
138,ETTh1,4a82efae1ffe76a156a2bf948861e2da349ef1c1c994d9f24654525f47fbf14d,6c193d65055246c8aac185358770c324,PatchTST,PatchTST,PatchTST,arl_alo0.001_ainit1.0_slo1e-05_sinit0.1,adaptive_robust_loss,train,train,adaptive_robust_loss,baseline,,,PatchTST,341970080,MSE,0.3551814556121826,0.43425866900136073,0.39936107540813587,0.44073332613557575,0.6923142075538635,uniform_severity_degradation,0.5,"[""drift"",""attenuation"",""noise"",""spike"",""time_stretch"",""time_compress"",""stuck_sensor"",""missing_data""]",8,1.329760088372234,1.317332275122357,1.3434305945654013,1.153864192517478,1.1509160857647343,1.15705584248631,0.5860695867106318,0.5797672891991213,0.5928217982882262,0.5085464034769684,0.5046839109824318,0.5123743222335017,0.5860695867106318,stuck_sensor,10000,winner_pool,0.6998499681766888,0.7004618196470636,0.5085464034769684,0.8666531178320213,-0.006965971117153802,computed
139,ETTh1,4a82efae1ffe76a156a2bf948861e2da349ef1c1c994d9f24654525f47fbf14d,87b69d9421234eaaa8b2ecd2a6f74530,ModernTCN,ModernTCN,ModernTCN,arl_alo0.25_ainit1.0_slo1e-05_sinit1.0,adaptive_robust_loss,train,train,adaptive_robust_loss,baseline,,,ModernTCN,341970080,MSE,0.4588300883769989,0.5045621047839522,0.4866322437031194,0.5122746723353863,0.9916918873786926,uniform_severity_degradation,0.5,"[""drift"",""attenuation"",""noise"",""spike"",""time_stretch"",""time_compress"",""stuck_sensor"",""missing_data""]",8,1.1895844645404632,1.1820448461303381,1.1973668049179795,1.09223340026124,1.090312017181551,1.0941585383708938,0.6093939917877317,0.6039199074881524,0.6143226915371046,0.5595235072325915,0.5560000558108604,0.5629682267134589,0.6093939917877317,stuck_sensor,10000,winner_pool,0.7711456561401011,0.7679034717858763,0.5595235072325915,0.9155552281781718,0.012123286109374298,computed
140,ETTh1,4a82efae1ffe76a156a2bf948861e2da349ef1c1c994d9f24654525f47fbf14d,1989ae08d7ca4dc98fc9202660533153,GRU,GRU,GRU,arl_alo0.5_ainit1.0_slo0.01_sinit1.0,adaptive_robust_loss,train,train,adaptive_robust_loss,baseline,,,GRU,341970080,MSE,0.4892024099826813,0.5430858355462551,0.5047372606853023,0.757453879788518,1.0249470472335815,uniform_severity_degradation,0.5,"[""drift"",""attenuation"",""noise"",""spike"",""time_stretch"",""time_compress"",""stuck_sensor"",""missing_data""]",8,1.0602387267641746,1.0562937862148258,1.0643921830857588,0.9986039037400518,0.9973927560565818,1.0000208614347808,0.8030819370895624,0.7973153542468697,0.8090614915367216,0.7563964012598619,0.7515843470446578,0.760652080020397,0.8030819370895624,attenuation,10000,winner_pool,1.0449505522931037,1.0312450091397232,0.7563964012598619,1.0013980480696296,0.046717558291051176,computed
141,ETTh1,4a82efae1ffe76a156a2bf948861e2da349ef1c1c994d9f24654525f47fbf14d,2e78eb7f11cf4ba6a187abef3bfff3d7,TSMixer,TSMixer,TSMixer,arl_alo0.001_ainit1.0_slo0.001_sinit0.1,adaptive_robust_loss,train,train,adaptive_robust_loss,baseline,,,TSMixer,341970080,MSE,0.37800920009613037,0.42481103164702655,0.40564296340507766,0.47344965127408506,0.735191822052002,uniform_severity_degradation,0.5,"[""drift"",""attenuation"",""noise"",""spike"",""time_stretch"",""time_compress"",""stuck_sensor"",""missing_data""]",8,1.1716036270826216,1.1641411984230248,1.180374829203322,1.0858043883486683,1.0836079535591845,1.0880705083926077,0.5546953286737204,0.5492748079317062,0.5600025324835256,0.5140737090155483,0.5100058963520778,0.5181357348015159,0.5546953286737204,stuck_sensor,10000,winner_pool,0.7083681868736409,0.7049442032460179,0.5140737090155483,0.9209762004377576,0.019719754903965603,computed
142,ETTh1,4a82efae1ffe76a156a2bf948861e2da349ef1c1c994d9f24654525f47fbf14d,db6c66f756434ed488f63131790248c1,DLinear,DLinear,DLinear,arl_alo0.001_ainit1.0_slo1e-05_sinit0.1,adaptive_robust_loss,train,train,adaptive_robust_loss,baseline,,,DLinear,341970080,MSE,0.36462026834487915,0.4296736827865243,0.40240821631407986,0.4502883575722575,0.6955152153968811,uniform_severity_degradation,0.5,"[""drift"",""attenuation"",""noise"",""spike"",""time_stretch"",""time_compress"",""stuck_sensor"",""missing_data""]",8,1.263952089255887,1.2528165251996302,1.2753862583258926,1.126606385377365,1.124046988749072,1.1291217267141493,0.5691429103210568,0.5629102272962034,0.575183946746625,0.5072977389019914,0.5031981307384907,0.5114147162479534,0.5691429103210568,stuck_sensor,10000,winner_pool,0.6986839941946852,0.6977988902828572,0.5072977389019914,0.8876214558867807,0.003722076836671806,computed
143,ETTh1,4a82efae1ffe76a156a2bf948861e2da349ef1c1c994d9f24654525f47fbf14d,e4c78d78efed4ebcbe7500c0233cc7bf,ModernTCN,ModernTCN,ModernTCN,advtrain_eps0.05_steps7_alpha0.02_channelsall,adversarial_training,train,train,adversarial_training,baseline,,,ModernTCN,341970080,MSE,0.37605515122413635,0.4320652984902263,0.4100919936147208,0.46449103346168996,0.37605515122413635,uniform_severity_degradation,0.5,"[""drift"",""attenuation"",""noise"",""spike"",""time_stretch"",""time_compress"",""stuck_sensor"",""missing_data""]",8,1.2154560664236407,1.2073194777556013,1.2237253712010507,1.1099473671084517,1.1079310211828641,1.1119014065695616,0.5645684444203973,0.559196782006137,0.5698213015317544,0.5155605996362864,0.511689975732083,0.5194331318765948,0.5645684444203973,stuck_sensor,10000,winner_pool,0.7106833575217539,0.7088671510680983,0.5155605996362864,0.9009436209620661,0.009441853746678608,computed
144,ETTh1,4a82efae1ffe76a156a2bf948861e2da349ef1c1c994d9f24654525f47fbf14d,b6d1db7a2cf244cbaeddf3d1be26a950,ModernTCN,ModernTCN,ModernTCN,rt_spaceraw_std0.1_channelscontinuous,randomized_training,train,train,randomized_training,baseline,,,ModernTCN,341970080,MSE,0.37758976221084595,0.4333721482679248,0.4116531231418873,0.46396383388340473,0.37758976221084595,uniform_severity_degradation,0.5,"[""drift"",""attenuation"",""noise"",""spike"",""time_stretch"",""time_compress"",""stuck_sensor"",""missing_data""]",8,1.2166043839594787,1.2085930921216537,1.224762842761875,1.1104482553761863,1.1084302337010612,1.1125281363939585,0.5644604343011975,0.5590750942087546,0.5696739650706202,0.5152078298934735,0.5113141950812331,0.5191416723802756,0.5644604343011975,stuck_sensor,10000,winner_pool,0.7101854902409797,0.7083989362582717,0.5152078298934735,0.9005372336428502,0.009276600583267847,computed
145,ETTh1,4a82efae1ffe76a156a2bf948861e2da349ef1c1c994d9f24654525f47fbf14d,eff89d0c19a546478b307cc373bb00fd,GRU,GRU,GRU,advtrain_eps0.05_steps7_alpha0.02_channelsall,adversarial_training,train,train,adversarial_training,baseline,,,GRU,341970080,MSE,0.4747316241264343,0.5053910589516163,0.4879586909717569,0.6330196821242571,0.4747316241264343,uniform_severity_degradation,0.5,"[""drift"",""attenuation"",""noise"",""spike"",""time_stretch"",""time_compress"",""stuck_sensor"",""missing_data""]",8,1.0678196133760944,1.0634161763850696,1.072753299671442,1.0213112866913474,1.0203866190734736,1.0222469227022908,0.6759508322253823,0.6712602453889325,0.6807029688772931,0.6465101460512728,0.6424249787974311,0.6501618329764436,0.6759508322253823,missing_data,10000,winner_pool,0.8917472449864725,0.8819161501490671,0.6465101460512728,0.9791334072490399,0.04060052060747987,computed
146,ETTh1,4a82efae1ffe76a156a2bf948861e2da349ef1c1c994d9f24654525f47fbf14d,e807db5a30e340a6928a4cc69ad626e9,GRU,GRU,GRU,rt_spaceraw_std0.2_channelscontinuous,randomized_training,train,train,randomized_training,baseline,,,GRU,341970080,MSE,0.5206787586212158,0.5546572140604258,0.5336967439353466,0.695707273465395,0.5206787586212158,uniform_severity_degradation,0.5,"[""drift"",""attenuation"",""noise"",""spike"",""time_stretch"",""time_compress"",""stuck_sensor"",""missing_data""]",8,1.0585904915862097,1.0539739750359283,1.063641490832632,1.0156738695255183,1.0148224050148977,1.0166590937267173,0.7364691046178341,0.7312761157924682,0.7418017930530757,0.7066116984976456,0.7023795650971215,0.7105163046636712,0.7364691046178341,missing_data,10000,winner_pool,0.9744992973312971,0.9631416505145357,0.7066116984976456,0.9845680094804049,0.0392788713151867,computed
147,ETTh1,4a82efae1ffe76a156a2bf948861e2da349ef1c1c994d9f24654525f47fbf14d,445bf0933531400cbc4a605c7969ba70,PatchTST,PatchTST,PatchTST,advtrain_eps0.1_steps5_alpha0.02_channelsall,adversarial_training,train,train,adversarial_training,baseline,,,PatchTST,341970080,MSE,0.3469904065132141,0.4195513606518507,0.39171774051555747,0.4363099280282855,0.3469904065132141,uniform_severity_degradation,0.5,"[""drift"",""attenuation"",""noise"",""spike"",""time_stretch"",""time_compress"",""stuck_sensor"",""missing_data""]",8,1.3060750973975848,1.2947237378457932,1.3181003755154825,1.1575733871723841,1.1549996029872338,1.1603398152278717,0.5698535317450761,0.563974788149111,0.5760360391494259,0.5050607612446416,0.5013200425644464,0.5087511860191007,0.5698535317450761,stuck_sensor,10000,winner_pool,0.6953726969083234,0.6962640394180193,0.5050607612446416,0.8638761145353469,-0.007859221453701992,computed
148,ETTh1,4a82efae1ffe76a156a2bf948861e2da349ef1c1c994d9f24654525f47fbf14d,3f668d43118d4c12a567252b807c5da1,PatchTST,PatchTST,PatchTST,rt_spaceraw_std0.1_channelscontinuous,randomized_training,train,train,randomized_training,baseline,,,PatchTST,341970080,MSE,0.3566772937774658,0.4336228543991844,0.411018692607681,0.4422556447997689,0.3566773533821106,uniform_severity_degradation,0.5,"[""drift"",""attenuation"",""noise"",""spike"",""time_stretch"",""time_compress"",""stuck_sensor"",""missing_data""]",8,1.2937125803487521,1.2824712780548435,1.305229913058719,1.1753221889687477,1.1725566270176282,1.178417181950823,0.5721516914077103,0.5659857725757732,0.5783189316043258,0.5197928725298494,0.5159801639558281,0.5238044806452422,0.5721516914077103,stuck_sensor,10000,winner_pool,0.7161897147964399,0.7182192527659865,0.5197928725298494,0.8508305291823179,-0.016706769414648326,computed
149,ETTh1,4a82efae1ffe76a156a2bf948861e2da349ef1c1c994d9f24654525f47fbf14d,519b468e69dd465daa969d3d9b3ffdf0,PatchTST,PatchTST,PatchTST,baseline,baseline,train,train,baseline,,,,PatchTST,341970080,MSE,0.352056086063385,,,0.43126261972486973,0.352056086063385,uniform_severity_degradation,0.5,"[""drift"",""attenuation"",""noise"",""spike"",""time_stretch"",""time_compress"",""stuck_sensor"",""missing_data""]",8,1.3121988937420432,1.299754370567292,1.3242876519013849,1.162725447863271,1.1600320819805539,1.1657176808576994,0.5659023325152696,0.5598514757364615,0.5719940165878646,0.5014400226662867,0.49777088935819225,0.5052538785115606,0.5659023325152696,stuck_sensor,10000,winner_pool,0.6907532955168038,0.6919920706727194,0.5014400226662867,0.8600482614685092,-0.009242105843333126,computed
150,ETTh1,4a82efae1ffe76a156a2bf948861e2da349ef1c1c994d9f24654525f47fbf14d,18107c26dc5d463bbd33a63c93bc01fb,TSMixer,TSMixer,TSMixer,advtrain_eps0.05_steps7_alpha0.02_channelsall,adversarial_training,train,train,adversarial_training,baseline,,,TSMixer,341970080,MSE,0.37903839349746704,0.4244575054521362,0.4053229494923726,0.4681665417224169,0.37903839349746704,uniform_severity_degradation,0.5,"[""drift"",""attenuation"",""noise"",""spike"",""time_stretch"",""time_compress"",""stuck_sensor"",""missing_data""]",8,1.1705050770052707,1.1634761925744106,1.178417327013041,1.0854273501838336,1.0835882572314945,1.0872815635180542,0.5479913139700889,0.5430759236399456,0.5527445287354663,0.5081607688264921,0.5045885831020307,0.5119414709435403,0.5479913139700889,stuck_sensor,10000,winner_pool,0.7004789336547681,0.6971206662891135,0.5081607688264921,0.9212961142269309,0.020451085025428806,computed
151,ETTh1,4a82efae1ffe76a156a2bf948861e2da349ef1c1c994d9f24654525f47fbf14d,4f1aec131ffe44b894f6f3dd0324889b,TSMixer,TSMixer,TSMixer,rt_spaceraw_std0.1_channelscontinuous,randomized_training,train,train,randomized_training,baseline,,,TSMixer,341970080,MSE,0.3841294050216675,0.430547437739869,0.410224763892591,0.4737778692141175,0.3841294050216675,uniform_severity_degradation,0.5,"[""drift"",""attenuation"",""noise"",""spike"",""time_stretch"",""time_compress"",""stuck_sensor"",""missing_data""]",8,1.1650284693986572,1.1605709220503768,1.172979038169782,1.0840624400035548,1.0822538969210875,1.0859816705521959,0.5519647058054805,0.5481217292897032,0.5571799632023647,0.5136047929199412,0.5098282517512887,0.5174938454638934,0.5519647058054805,stuck_sensor,10000,winner_pool,0.7079625500743334,0.7044716499416155,0.5136047929199412,0.9224560902568685,0.02051033301039673,computed
152,ETTh1,4a82efae1ffe76a156a2bf948861e2da349ef1c1c994d9f24654525f47fbf14d,4b669487f4b1446391128ae461663617,DLinear,DLinear,DLinear,advtrain_eps0.2_steps7_alpha0.02_channelsall,adversarial_training,train,train,adversarial_training,baseline,,,DLinear,341970080,MSE,0.35313379764556885,0.4137889991849661,0.3866198716827979,0.44110768089294433,0.35313376784324646,uniform_severity_degradation,0.5,"[""drift"",""attenuation"",""noise"",""spike"",""time_stretch"",""time_compress"",""stuck_sensor"",""missing_data""]",8,1.2525031244560707,1.242578312742092,1.2625045817625373,1.116355458002533,1.1142154170120075,1.1184376687502198,0.5524887485399842,0.5467821101560444,0.5579625376526266,0.492432967131678,0.48876654590402957,0.4960669963002228,0.5524887485399842,stuck_sensor,10000,winner_pool,0.6785619873455091,0.6771698621413964,0.492432967131678,0.8957720346432266,0.009517789030911328,computed
153,ETTh1,4a82efae1ffe76a156a2bf948861e2da349ef1c1c994d9f24654525f47fbf14d,901d9b75b2d243b2ba3fa4ce8ae45b00,DLinear,DLinear,DLinear,rt_spaceraw_std0.2_channelscontinuous,randomized_training,train,train,randomized_training,baseline,,,DLinear,341970080,MSE,0.35716232657432556,0.41815266258021194,0.3901619874161358,0.4411022571563721,0.35716232657432556,uniform_severity_degradation,0.5,"[""drift"",""attenuation"",""noise"",""spike"",""time_stretch"",""time_compress"",""stuck_sensor"",""missing_data""]",8,1.2572593084673873,1.2469831440450632,1.267584511169129,1.1165551206547921,1.1143004344664944,1.1187815206441714,0.554579918795824,0.5489284944380819,0.560091310947463,0.49251498396033416,0.48883972007093957,0.49619064827621684,0.554579918795824,stuck_sensor,10000,winner_pool,0.6786104831809124,0.6772155563965859,0.49251498396033416,0.8956118524749235,0.009430407160452903,computed
154,ETTh1,4a82efae1ffe76a156a2bf948861e2da349ef1c1c994d9f24654525f47fbf14d,89d78f74b7f348cb8520efbfeeb8bb0c,Chronos2,pretrained,Chronos2,baseline,baseline,train,train,baseline,,,,Chronos2,341970080,MSE,0.39241862297058105,,,0.4956490920506418,0.39241862297058105,uniform_severity_degradation,0.5,"[""drift"",""attenuation"",""noise"",""spike"",""time_stretch"",""time_compress"",""stuck_sensor"",""missing_data""]",8,1.4484908927040867,1.4317783499727925,1.466136728004625,1.1696298254349031,1.1658206892003726,1.173545124820339,0.7179431958124042,0.708818865057733,0.7273962740616873,0.5797259610121605,0.5747184091620532,0.584654984721708,0.7179431958124042,stuck_sensor,10000,winner_pool,0.7968699442350238,0.7983718161338857,0.5797259610121605,0.8549713578209842,-0.024241019143457665,computed
155,ETTh1,4a82efae1ffe76a156a2bf948861e2da349ef1c1c994d9f24654525f47fbf14d,5d0c98c7baa349728d577856828c860d,SeasonalNaive,SeasonalNaive,SeasonalNaive,baseline,baseline,train,train,baseline,,,,SeasonalNaive,341970080,MSE,0.46743571758270264,,,0.6339963261216879,0.46743571758270264,uniform_severity_degradation,0.5,"[""drift"",""attenuation"",""noise"",""spike"",""time_stretch"",""time_compress"",""stuck_sensor"",""missing_data""]",8,1.287904387857477,1.2722298888313077,1.304984109602632,1.1484676504950002,1.1451464363002986,1.1518988788220146,0.8165266502976417,0.8045276324312389,0.828731444042325,0.7281242710834368,0.7210399729778152,0.7347269085320272,0.8165266502976417,missing_data,10000,winner_pool,1.0,1.0,0.7281242710834368,0.8707254397361482,-0.04009218010525506,computed
156,ETTh1,4a82efae1ffe76a156a2bf948861e2da349ef1c1c994d9f24654525f47fbf14d,1a53c8cc92124bbb870cb1da7deebc89,ModernTCN,ModernTCN,ModernTCN,revin_affineTrue_eps1e-5,revin,train,train,revin,baseline,,,ModernTCN,341970080,MSE,0.3597264587879181,0.4338019091362755,0.4035676244165127,0.4442322820454836,0.3597264885902405,uniform_severity_degradation,0.5,"[""drift"",""attenuation"",""noise"",""spike"",""time_stretch"",""time_compress"",""stuck_sensor"",""missing_data""]",8,1.3082336001019281,1.2956586542917334,1.320550508654242,1.1510036018442826,1.148344027861342,1.153667562543265,0.5811595976218581,0.574946158538796,0.5875118244700507,0.511312956689857,0.5076589919077651,0.5148877926826967,0.5811595976218581,stuck_sensor,10000,winner_pool,0.7036620462723879,0.7041172637008815,0.511312956689857,0.8688070118961175,-0.0062728429783061035,computed
157,ETTh1,4a82efae1ffe76a156a2bf948861e2da349ef1c1c994d9f24654525f47fbf14d,920f0d5691bd441c95bac6953be76afe,ModernTCN,ModernTCN,ModernTCN,baseline,baseline,train,train,baseline,,,,ModernTCN,341970080,MSE,0.3731577694416046,,,0.46183717436939475,0.3731577694416046,uniform_severity_degradation,0.5,"[""drift"",""attenuation"",""noise"",""spike"",""time_stretch"",""time_compress"",""stuck_sensor"",""missing_data""]",8,1.215928962419653,1.207935401810767,1.224134408373835,1.1137774243406833,1.111771709894003,1.1158563341872574,0.5615611962378025,0.5561880164084211,0.5668137748709321,0.5143838185339235,0.5105405782670853,0.5183301593699375,0.5615611962378025,stuck_sensor,10000,winner_pool,0.7090471025852274,0.7074719962858452,0.5143838185339235,0.8978454565030932,0.008010187689498238,computed
158,ETTh1,4a82efae1ffe76a156a2bf948861e2da349ef1c1c994d9f24654525f47fbf14d,7779dd45cff240eb9e920f16d674b5ab,GRU,GRU,GRU,revin_affineTrue_eps1e-5,revin,train,train,revin,baseline,,,GRU,341970080,MSE,0.3878875970840454,0.46912736583004394,0.4247298670737073,0.5236685300946236,0.3878875970840454,uniform_severity_degradation,0.5,"[""drift"",""attenuation"",""noise"",""spike"",""time_stretch"",""time_compress"",""stuck_sensor"",""missing_data""]",8,1.2730827378450371,1.2613538929526338,1.2842979307222697,1.0974905607727496,1.0954483924993632,1.0995944795859085,0.6666733660161496,0.659946030061245,0.673475175010562,0.5747212687525898,0.571609929912272,0.5779943115345947,0.6666733660161496,stuck_sensor,10000,winner_pool,0.7914050889593593,0.7883319696546809,0.5747212687525898,0.9111695678693531,0.007961907998875417,computed
159,ETTh1,4a82efae1ffe76a156a2bf948861e2da349ef1c1c994d9f24654525f47fbf14d,36598a0f6b774ca4a4d3b82906b8927d,GRU,GRU,GRU,baseline,baseline,train,train,baseline,,,,GRU,341970080,MSE,0.4983765780925751,,,0.6644111780494452,0.4983765780925751,uniform_severity_degradation,0.5,"[""drift"",""attenuation"",""noise"",""spike"",""time_stretch"",""time_compress"",""stuck_sensor"",""missing_data""]",8,1.0641139824735013,1.0593880911371976,1.0693072645136994,1.0214849084432376,1.020553758573096,1.0224958852468067,0.7070092246741057,0.7020787014432996,0.7123068550929427,0.678685991378501,0.6743532961457037,0.6825403705496015,0.7070092246741057,missing_data,10000,winner_pool,0.9360097961489464,0.9256846715882835,0.678685991378501,0.9789669839802324,0.037950016180937185,computed
160,ETTh1,4a82efae1ffe76a156a2bf948861e2da349ef1c1c994d9f24654525f47fbf14d,9382cd57e4f64ac28bd56dd342b77d99,TSMixer,TSMixer,TSMixer,revin_affineFalse_eps1e-5,revin,train,train,revin,baseline,,,TSMixer,341970080,MSE,0.35699912905693054,0.44255111437042555,0.4032525288183242,0.4424678128913045,0.35699912905693054,uniform_severity_degradation,0.5,"[""drift"",""attenuation"",""noise"",""spike"",""time_stretch"",""time_compress"",""stuck_sensor"",""missing_data""]",8,1.3259035173456337,1.3120258283051194,1.3394385756963076,1.1464461069394856,1.1435190082414446,1.149259828696543,0.5866696294248104,0.5799182063689082,0.5934179873847961,0.5072655015352647,0.5034231167215074,0.5111773669701478,0.5866696294248104,stuck_sensor,10000,winner_pool,0.698088556287658,0.6982750673112403,0.5072655015352647,0.8722608013991751,-0.003969604416610983,computed
161,ETTh1,4a82efae1ffe76a156a2bf948861e2da349ef1c1c994d9f24654525f47fbf14d,2d589960c4334ac5adff37c302ad60ee,TSMixer,TSMixer,TSMixer,baseline,baseline,train,train,baseline,,,,TSMixer,341970080,MSE,0.38341593742370605,,,0.47485841079205277,0.38341596722602844,uniform_severity_degradation,0.5,"[""drift"",""attenuation"",""noise"",""spike"",""time_stretch"",""time_compress"",""stuck_sensor"",""missing_data""]",8,1.1688347780184012,1.1637674770219766,1.1766203354310056,1.0933093031709502,1.0913641284272597,1.0952265388671891,0.5550310251682997,0.5506581516965479,0.560334242524989,0.519167118207924,0.5153643521785759,0.5231538461740967,0.5550310251682997,stuck_sensor,10000,winner_pool,0.7155545147941209,0.7126224632628544,0.519167118207924,0.9146542493507344,0.016006760542591092,computed
162,ETTh1,4a82efae1ffe76a156a2bf948861e2da349ef1c1c994d9f24654525f47fbf14d,4f6886bbe567453abf068751c5dd47a4,DLinear,DLinear,DLinear,revin_affineTrue_eps1e-5,revin,train,train,revin,baseline,,,DLinear,341970080,MSE,0.3668711483478546,0.4375911532714963,0.4056385241600995,0.4477035886824131,0.3668711483478546,uniform_severity_degradation,0.5,"[""drift"",""attenuation"",""noise"",""spike"",""time_stretch"",""time_compress"",""stuck_sensor"",""missing_data""]",8,1.2896153493674019,1.2775776665748642,1.3020160460904142,1.1319159031961559,1.1293269038773932,1.1344319561868463,0.5773654199317098,0.5709560192510857,0.5837086636664719,0.506762811947614,0.5028458454403258,0.5104972347578033,0.5773654199317098,stuck_sensor,10000,winner_pool,0.6978092952141559,0.6972197359839154,0.506762811947614,0.8834578586415571,0.0017061257866171076,computed
163,ETTh1,4a82efae1ffe76a156a2bf948861e2da349ef1c1c994d9f24654525f47fbf14d,2c53c17080c14c5aaa939b6c45fbe0a3,DLinear,DLinear,DLinear,baseline,baseline,train,train,baseline,,,,DLinear,341970080,MSE,0.35828012228012085,,,0.4378714672148228,0.35828012228012085,uniform_severity_degradation,0.5,"[""drift"",""attenuation"",""noise"",""spike"",""time_stretch"",""time_compress"",""stuck_sensor"",""missing_data""]",8,1.2507785894272812,1.2406724980294024,1.2607403026116573,1.1190162857687238,1.1167282455338985,1.1213140642904598,0.54768025611341,0.542018803274408,0.55314235665977,0.4899853028868325,0.486329760624303,0.4935724660832365,0.54768025611341,stuck_sensor,10000,winner_pool,0.67516179410942,0.6739261911911286,0.4899853028868325,0.8936420432103328,0.008762724597978888,computed
