,dataset,pipeline_id,robustness_method,model_architecture,metric_name,delta_value
0,Penmanshiel_Hourly_WT08,rs_backbonebaseline_std0.25_samples30_alpha0.25,randomized_smoothing,ModernTCN,MSE_test,0.001086334727297078
1,Penmanshiel_Hourly_WT08,rs_backbonebaseline_std0.25_samples30_alpha0.25,randomized_smoothing,ModernTCN,MSE_w,0.0007086522758938396
2,Penmanshiel_Hourly_WT08,rs_backbonebaseline_std0.25_samples30_alpha0.25,randomized_smoothing,ModernTCN,D_w,-0.0017130804823670687
3,Penmanshiel_Hourly_WT08,rs_backbonebaseline_std0.25_samples30_alpha0.25,randomized_smoothing,ModernTCN,D_mean,2.9874459536172182e-05
4,Penmanshiel_Hourly_WT08,rs_backbonebaseline_std0.25_samples30_alpha0.25,randomized_smoothing,ModernTCN,err_pert_ws,0.0007086522758938396
5,Penmanshiel_Hourly_WT08,rs_backbonebaseline_std0.25_samples30_alpha0.25,randomized_smoothing,ModernTCN,err_pert_mean,0.0011740247822530359
6,Penmanshiel_Hourly_WT08,rs_backbonebaseline_std0.25_samples30_alpha0.25,randomized_smoothing,ModernTCN,mCE_snaive,0.002774514119348148
7,Penmanshiel_Hourly_WT08,rs_backbonebaseline_std0.25_samples30_alpha0.25,randomized_smoothing,ModernTCN,relative_mCE_snaive,0.0027763410274446176
8,Penmanshiel_Hourly_WT08,rs_backbonebaseline_std0.25_samples30_alpha0.25,randomized_smoothing,ModernTCN,err_clean,0.001086334727297078
9,Penmanshiel_Hourly_WT08,rs_backbonebaseline_std0.25_samples30_alpha0.25,randomized_smoothing,ModernTCN,tau_mean,-0.0011740247822530359
10,Penmanshiel_Hourly_WT08,rs_backbonebaseline_std0.25_samples30_alpha0.35,randomized_smoothing,GRU,MSE_test,5.302184148459066e-05
11,Penmanshiel_Hourly_WT08,rs_backbonebaseline_std0.25_samples30_alpha0.35,randomized_smoothing,GRU,MSE_w,7.99018726392875e-05
12,Penmanshiel_Hourly_WT08,rs_backbonebaseline_std0.25_samples30_alpha0.35,randomized_smoothing,GRU,D_w,6.799798007928182e-05
13,Penmanshiel_Hourly_WT08,rs_backbonebaseline_std0.25_samples30_alpha0.35,randomized_smoothing,GRU,D_mean,0.00017603713534319887
14,Penmanshiel_Hourly_WT08,rs_backbonebaseline_std0.25_samples30_alpha0.35,randomized_smoothing,GRU,err_pert_ws,7.99018726392875e-05
15,Penmanshiel_Hourly_WT08,rs_backbonebaseline_std0.25_samples30_alpha0.35,randomized_smoothing,GRU,err_pert_mean,0.00011531384160845537
16,Penmanshiel_Hourly_WT08,rs_backbonebaseline_std0.25_samples30_alpha0.35,randomized_smoothing,GRU,mCE_snaive,0.00027765385931288744
17,Penmanshiel_Hourly_WT08,rs_backbonebaseline_std0.25_samples30_alpha0.35,randomized_smoothing,GRU,relative_mCE_snaive,0.0002925854711020026
18,Penmanshiel_Hourly_WT08,rs_backbonebaseline_std0.25_samples30_alpha0.35,randomized_smoothing,GRU,err_clean,5.302184148459066e-05
19,Penmanshiel_Hourly_WT08,rs_backbonebaseline_std0.25_samples30_alpha0.35,randomized_smoothing,GRU,tau_mean,-0.00011531384160845537
20,Penmanshiel_Hourly_WT08,rs_backbonebaseline_std0.25_samples30_alpha0.25,randomized_smoothing,PatchTST,MSE_test,0.0031908160599879998
21,Penmanshiel_Hourly_WT08,rs_backbonebaseline_std0.25_samples30_alpha0.25,randomized_smoothing,PatchTST,MSE_w,0.004885813026648256
22,Penmanshiel_Hourly_WT08,rs_backbonebaseline_std0.25_samples30_alpha0.25,randomized_smoothing,PatchTST,D_w,0.0029401834191720155
23,Penmanshiel_Hourly_WT08,rs_backbonebaseline_std0.25_samples30_alpha0.25,randomized_smoothing,PatchTST,D_mean,-0.0007160636299099465
24,Penmanshiel_Hourly_WT08,rs_backbonebaseline_std0.25_samples30_alpha0.25,randomized_smoothing,PatchTST,err_pert_ws,0.004885813026648256
25,Penmanshiel_Hourly_WT08,rs_backbonebaseline_std0.25_samples30_alpha0.25,randomized_smoothing,PatchTST,err_pert_mean,0.003261391249626988
26,Penmanshiel_Hourly_WT08,rs_backbonebaseline_std0.25_samples30_alpha0.25,randomized_smoothing,PatchTST,mCE_snaive,0.0077455489235138675
27,Penmanshiel_Hourly_WT08,rs_backbonebaseline_std0.25_samples30_alpha0.25,randomized_smoothing,PatchTST,relative_mCE_snaive,0.007714895086520679
28,Penmanshiel_Hourly_WT08,rs_backbonebaseline_std0.25_samples30_alpha0.25,randomized_smoothing,PatchTST,err_clean,0.0031908160599879998
29,Penmanshiel_Hourly_WT08,rs_backbonebaseline_std0.25_samples30_alpha0.25,randomized_smoothing,PatchTST,tau_mean,-0.003261391249626988
30,Penmanshiel_Hourly_WT08,rs_backbonebaseline_std0.25_samples30_alpha0.25,randomized_smoothing,TSMixer,MSE_test,0.006903863668290433
31,Penmanshiel_Hourly_WT08,rs_backbonebaseline_std0.25_samples30_alpha0.25,randomized_smoothing,TSMixer,MSE_w,0.006481920923280982
32,Penmanshiel_Hourly_WT08,rs_backbonebaseline_std0.25_samples30_alpha0.25,randomized_smoothing,TSMixer,D_w,-0.006091810964136357
33,Penmanshiel_Hourly_WT08,rs_backbonebaseline_std0.25_samples30_alpha0.25,randomized_smoothing,TSMixer,D_mean,-0.0025066515140168555
34,Penmanshiel_Hourly_WT08,rs_backbonebaseline_std0.25_samples30_alpha0.25,randomized_smoothing,TSMixer,err_pert_ws,0.006481920923280982
35,Penmanshiel_Hourly_WT08,rs_backbonebaseline_std0.25_samples30_alpha0.25,randomized_smoothing,TSMixer,err_pert_mean,0.006656854517303856
36,Penmanshiel_Hourly_WT08,rs_backbonebaseline_std0.25_samples30_alpha0.25,randomized_smoothing,TSMixer,mCE_snaive,0.015665440903275152
37,Penmanshiel_Hourly_WT08,rs_backbonebaseline_std0.25_samples30_alpha0.25,randomized_smoothing,TSMixer,relative_mCE_snaive,0.01547598298356101
38,Penmanshiel_Hourly_WT08,rs_backbonebaseline_std0.25_samples30_alpha0.25,randomized_smoothing,TSMixer,err_clean,0.006903863668290433
39,Penmanshiel_Hourly_WT08,rs_backbonebaseline_std0.25_samples30_alpha0.25,randomized_smoothing,TSMixer,tau_mean,-0.006656854517303856
40,Penmanshiel_Hourly_WT08,rs_backbonebaseline_std0.25_samples30_alpha0.45,randomized_smoothing,DLinear,MSE_test,0.0022978660401189455
41,Penmanshiel_Hourly_WT08,rs_backbonebaseline_std0.25_samples30_alpha0.45,randomized_smoothing,DLinear,MSE_w,0.0017312133846745792
42,Penmanshiel_Hourly_WT08,rs_backbonebaseline_std0.25_samples30_alpha0.45,randomized_smoothing,DLinear,D_w,-0.0033940653365152063
43,Penmanshiel_Hourly_WT08,rs_backbonebaseline_std0.25_samples30_alpha0.45,randomized_smoothing,DLinear,D_mean,-0.0010988165352312507
44,Penmanshiel_Hourly_WT08,rs_backbonebaseline_std0.25_samples30_alpha0.45,randomized_smoothing,DLinear,err_pert_ws,0.0017312133846745792
45,Penmanshiel_Hourly_WT08,rs_backbonebaseline_std0.25_samples30_alpha0.45,randomized_smoothing,DLinear,err_pert_mean,0.002149535262477964
46,Penmanshiel_Hourly_WT08,rs_backbonebaseline_std0.25_samples30_alpha0.45,randomized_smoothing,DLinear,mCE_snaive,0.005069842928340562
47,Penmanshiel_Hourly_WT08,rs_backbonebaseline_std0.25_samples30_alpha0.45,randomized_smoothing,DLinear,relative_mCE_snaive,0.004993037186911131
48,Penmanshiel_Hourly_WT08,rs_backbonebaseline_std0.25_samples30_alpha0.45,randomized_smoothing,DLinear,err_clean,0.0022978660401189455
49,Penmanshiel_Hourly_WT08,rs_backbonebaseline_std0.25_samples30_alpha0.45,randomized_smoothing,DLinear,tau_mean,-0.002149535262477964
50,Penmanshiel_Hourly_WT08,ensemble_top7_mean,ensemble,ModernTCN,MSE_test,-0.00453841999879806
51,Penmanshiel_Hourly_WT08,ensemble_top7_mean,ensemble,ModernTCN,MSE_w,-0.0072762114873243244
52,Penmanshiel_Hourly_WT08,ensemble_top7_mean,ensemble,ModernTCN,D_w,-0.005760303318854021
53,Penmanshiel_Hourly_WT08,ensemble_top7_mean,ensemble,ModernTCN,D_mean,-0.0014022701319378328
54,Penmanshiel_Hourly_WT08,ensemble_top7_mean,ensemble,ModernTCN,err_pert_ws,-0.0072762114873243244
55,Penmanshiel_Hourly_WT08,ensemble_top7_mean,ensemble,ModernTCN,err_pert_mean,-0.005326887511534761
56,Penmanshiel_Hourly_WT08,ensemble_top7_mean,ensemble,ModernTCN,mCE_snaive,-0.012198473913327179
57,Penmanshiel_Hourly_WT08,ensemble_top7_mean,ensemble,ModernTCN,relative_mCE_snaive,-0.012233429662309003
58,Penmanshiel_Hourly_WT08,ensemble_top7_mean,ensemble,ModernTCN,err_clean,-0.00453841999879806
59,Penmanshiel_Hourly_WT08,ensemble_top7_mean,ensemble,ModernTCN,tau_mean,0.005326887511534761
60,Penmanshiel_Hourly_WT08,ensemble_top10_mean,ensemble,GRU,MSE_test,-0.008127769484993774
61,Penmanshiel_Hourly_WT08,ensemble_top10_mean,ensemble,GRU,MSE_w,-0.008196011793302038
62,Penmanshiel_Hourly_WT08,ensemble_top10_mean,ensemble,GRU,D_w,0.0013314526799299564
63,Penmanshiel_Hourly_WT08,ensemble_top10_mean,ensemble,GRU,D_mean,-0.0009517999956871748
64,Penmanshiel_Hourly_WT08,ensemble_top10_mean,ensemble,GRU,err_pert_ws,-0.008196011793302038
65,Penmanshiel_Hourly_WT08,ensemble_top10_mean,ensemble,GRU,err_pert_mean,-0.008670386927001006
66,Penmanshiel_Hourly_WT08,ensemble_top10_mean,ensemble,GRU,mCE_snaive,-0.020311276389622823
67,Penmanshiel_Hourly_WT08,ensemble_top10_mean,ensemble,GRU,relative_mCE_snaive,-0.02027222305267884
68,Penmanshiel_Hourly_WT08,ensemble_top10_mean,ensemble,GRU,err_clean,-0.008127769484993774
69,Penmanshiel_Hourly_WT08,ensemble_top10_mean,ensemble,GRU,tau_mean,0.008670386927001006
70,Penmanshiel_Hourly_WT08,ensemble_top7_mean,ensemble,PatchTST,MSE_test,-0.013445015391180593
71,Penmanshiel_Hourly_WT08,ensemble_top7_mean,ensemble,PatchTST,MSE_w,-0.009943919290388292
72,Penmanshiel_Hourly_WT08,ensemble_top7_mean,ensemble,PatchTST,D_w,0.018260456297030103
73,Penmanshiel_Hourly_WT08,ensemble_top7_mean,ensemble,PatchTST,D_mean,0.006537191260957309
74,Penmanshiel_Hourly_WT08,ensemble_top7_mean,ensemble,PatchTST,err_pert_ws,-0.009943919290388292
75,Penmanshiel_Hourly_WT08,ensemble_top7_mean,ensemble,PatchTST,err_pert_mean,-0.012593932240459238
76,Penmanshiel_Hourly_WT08,ensemble_top7_mean,ensemble,PatchTST,mCE_snaive,-0.029703278141951617
77,Penmanshiel_Hourly_WT08,ensemble_top7_mean,ensemble,PatchTST,relative_mCE_snaive,-0.029270851934268483
78,Penmanshiel_Hourly_WT08,ensemble_top7_mean,ensemble,PatchTST,err_clean,-0.013445015391180593
79,Penmanshiel_Hourly_WT08,ensemble_top7_mean,ensemble,PatchTST,tau_mean,0.012593932240459238
80,Penmanshiel_Hourly_WT08,ensemble_top10_mean,ensemble,TSMixer,MSE_test,-0.006536059901991409
81,Penmanshiel_Hourly_WT08,ensemble_top10_mean,ensemble,TSMixer,MSE_w,-0.04864785142279576
82,Penmanshiel_Hourly_WT08,ensemble_top10_mean,ensemble,TSMixer,D_w,-0.11673690746109222
83,Penmanshiel_Hourly_WT08,ensemble_top10_mean,ensemble,TSMixer,D_mean,-0.03623051427257118
84,Penmanshiel_Hourly_WT08,ensemble_top10_mean,ensemble,TSMixer,err_pert_ws,-0.04864785142279576
85,Penmanshiel_Hourly_WT08,ensemble_top10_mean,ensemble,TSMixer,err_pert_mean,-0.019705863127916
86,Penmanshiel_Hourly_WT08,ensemble_top10_mean,ensemble,TSMixer,mCE_snaive,-0.043115389119610215
87,Penmanshiel_Hourly_WT08,ensemble_top10_mean,ensemble,TSMixer,relative_mCE_snaive,-0.04544298803129043
88,Penmanshiel_Hourly_WT08,ensemble_top10_mean,ensemble,TSMixer,err_clean,-0.006536059901991409
89,Penmanshiel_Hourly_WT08,ensemble_top10_mean,ensemble,TSMixer,tau_mean,0.019705863127916
90,Penmanshiel_Hourly_WT08,ensemble_top10_mean,ensemble,DLinear,MSE_test,-0.000847769216983596
91,Penmanshiel_Hourly_WT08,ensemble_top10_mean,ensemble,DLinear,MSE_w,-0.005724365934275555
92,Penmanshiel_Hourly_WT08,ensemble_top10_mean,ensemble,DLinear,D_w,-0.013720386052390898
93,Penmanshiel_Hourly_WT08,ensemble_top10_mean,ensemble,DLinear,D_mean,-0.0023318724367356047
94,Penmanshiel_Hourly_WT08,ensemble_top10_mean,ensemble,DLinear,err_pert_ws,-0.005724365934275555
95,Penmanshiel_Hourly_WT08,ensemble_top10_mean,ensemble,DLinear,err_pert_mean,-0.0017233521588837508
96,Penmanshiel_Hourly_WT08,ensemble_top10_mean,ensemble,DLinear,mCE_snaive,-0.0037247929113418676
97,Penmanshiel_Hourly_WT08,ensemble_top10_mean,ensemble,DLinear,relative_mCE_snaive,-0.0038482509348097826
98,Penmanshiel_Hourly_WT08,ensemble_top10_mean,ensemble,DLinear,err_clean,-0.000847769216983596
99,Penmanshiel_Hourly_WT08,ensemble_top10_mean,ensemble,DLinear,tau_mean,0.0017233521588837508
100,Penmanshiel_Hourly_WT08,fa_profholdout_simple_mix0.75_sev1.0_frac0.1,fault_augmentation,ModernTCN,MSE_test,0.002100539219783981
101,Penmanshiel_Hourly_WT08,fa_profholdout_simple_mix0.75_sev1.0_frac0.1,fault_augmentation,ModernTCN,MSE_w,-0.0035618167968816117
102,Penmanshiel_Hourly_WT08,fa_profholdout_simple_mix0.75_sev1.0_frac0.1,fault_augmentation,ModernTCN,D_w,-0.017910546120469384
103,Penmanshiel_Hourly_WT08,fa_profholdout_simple_mix0.75_sev1.0_frac0.1,fault_augmentation,ModernTCN,D_mean,-0.010258147714563348
104,Penmanshiel_Hourly_WT08,fa_profholdout_simple_mix0.75_sev1.0_frac0.1,fault_augmentation,ModernTCN,err_pert_ws,-0.0035618167968816117
105,Penmanshiel_Hourly_WT08,fa_profholdout_simple_mix0.75_sev1.0_frac0.1,fault_augmentation,ModernTCN,err_pert_mean,-0.001212765470438526
106,Penmanshiel_Hourly_WT08,fa_profholdout_simple_mix0.75_sev1.0_frac0.1,fault_augmentation,ModernTCN,mCE_snaive,-0.0024233724214810515
107,Penmanshiel_Hourly_WT08,fa_profholdout_simple_mix0.75_sev1.0_frac0.1,fault_augmentation,ModernTCN,relative_mCE_snaive,-0.0031552042605695885
108,Penmanshiel_Hourly_WT08,fa_profholdout_simple_mix0.75_sev1.0_frac0.1,fault_augmentation,ModernTCN,err_clean,0.002100539219783981
109,Penmanshiel_Hourly_WT08,fa_profholdout_simple_mix0.75_sev1.0_frac0.1,fault_augmentation,ModernTCN,tau_mean,0.001212765470438526
110,Penmanshiel_Hourly_WT08,fa_profholdout_varying_mix0.75_sev0.75_frac0.1,fault_augmentation,GRU,MSE_test,-0.0005040478804439474
111,Penmanshiel_Hourly_WT08,fa_profholdout_varying_mix0.75_sev0.75_frac0.1,fault_augmentation,GRU,MSE_w,4.388369245278412e-05
112,Penmanshiel_Hourly_WT08,fa_profholdout_varying_mix0.75_sev0.75_frac0.1,fault_augmentation,GRU,D_w,0.0016807801736840045
113,Penmanshiel_Hourly_WT08,fa_profholdout_varying_mix0.75_sev0.75_frac0.1,fault_augmentation,GRU,D_mean,0.0007302707645930884
114,Penmanshiel_Hourly_WT08,fa_profholdout_varying_mix0.75_sev0.75_frac0.1,fault_augmentation,GRU,err_pert_ws,4.388369245278412e-05
115,Penmanshiel_Hourly_WT08,fa_profholdout_varying_mix0.75_sev0.75_frac0.1,fault_augmentation,GRU,err_pert_mean,-0.00026576605346601
116,Penmanshiel_Hourly_WT08,fa_profholdout_varying_mix0.75_sev0.75_frac0.1,fault_augmentation,GRU,mCE_snaive,-0.000673453278239533
117,Penmanshiel_Hourly_WT08,fa_profholdout_varying_mix0.75_sev0.75_frac0.1,fault_augmentation,GRU,relative_mCE_snaive,-0.0006174414256405747
118,Penmanshiel_Hourly_WT08,fa_profholdout_varying_mix0.75_sev0.75_frac0.1,fault_augmentation,GRU,err_clean,-0.0005040478804439474
119,Penmanshiel_Hourly_WT08,fa_profholdout_varying_mix0.75_sev0.75_frac0.1,fault_augmentation,GRU,tau_mean,0.00026576605346601
120,Penmanshiel_Hourly_WT08,fa_profholdout_simple_mix1.0_sev1.0_frac0.1,fault_augmentation,PatchTST,MSE_test,-0.008741573739271535
121,Penmanshiel_Hourly_WT08,fa_profholdout_simple_mix1.0_sev1.0_frac0.1,fault_augmentation,PatchTST,MSE_w,-0.0038003617610243845
122,Penmanshiel_Hourly_WT08,fa_profholdout_simple_mix1.0_sev1.0_frac0.1,fault_augmentation,PatchTST,D_w,0.019429733879822386
123,Penmanshiel_Hourly_WT08,fa_profholdout_simple_mix1.0_sev1.0_frac0.1,fault_augmentation,PatchTST,D_mean,0.010848502150521133
124,Penmanshiel_Hourly_WT08,fa_profholdout_simple_mix1.0_sev1.0_frac0.1,fault_augmentation,PatchTST,err_pert_ws,-0.0038003617610243845
125,Penmanshiel_Hourly_WT08,fa_profholdout_simple_mix1.0_sev1.0_frac0.1,fault_augmentation,PatchTST,err_pert_mean,-0.0058902902861359685
126,Penmanshiel_Hourly_WT08,fa_profholdout_simple_mix1.0_sev1.0_frac0.1,fault_augmentation,PatchTST,mCE_snaive,-0.014341221897096856
127,Penmanshiel_Hourly_WT08,fa_profholdout_simple_mix1.0_sev1.0_frac0.1,fault_augmentation,PatchTST,relative_mCE_snaive,-0.013607790379122964
128,Penmanshiel_Hourly_WT08,fa_profholdout_simple_mix1.0_sev1.0_frac0.1,fault_augmentation,PatchTST,err_clean,-0.008741573739271535
129,Penmanshiel_Hourly_WT08,fa_profholdout_simple_mix1.0_sev1.0_frac0.1,fault_augmentation,PatchTST,tau_mean,0.0058902902861359685
130,Penmanshiel_Hourly_WT08,fa_profholdout_simple_mix0.75_sev0.75_frac0.1,fault_augmentation,TSMixer,MSE_test,0.0026594576099654432
131,Penmanshiel_Hourly_WT08,fa_profholdout_simple_mix0.75_sev0.75_frac0.1,fault_augmentation,TSMixer,MSE_w,-0.029213085503259184
132,Penmanshiel_Hourly_WT08,fa_profholdout_simple_mix0.75_sev0.75_frac0.1,fault_augmentation,TSMixer,D_w,-0.09155250936710346
133,Penmanshiel_Hourly_WT08,fa_profholdout_simple_mix0.75_sev0.75_frac0.1,fault_augmentation,TSMixer,D_mean,-0.035851583836365775
134,Penmanshiel_Hourly_WT08,fa_profholdout_simple_mix0.75_sev0.75_frac0.1,fault_augmentation,TSMixer,err_pert_ws,-0.029213085503259184
135,Penmanshiel_Hourly_WT08,fa_profholdout_simple_mix0.75_sev0.75_frac0.1,fault_augmentation,TSMixer,err_pert_mean,-0.009836411486936425
136,Penmanshiel_Hourly_WT08,fa_profholdout_simple_mix0.75_sev0.75_frac0.1,fault_augmentation,TSMixer,mCE_snaive,-0.02040342553970309
137,Penmanshiel_Hourly_WT08,fa_profholdout_simple_mix0.75_sev0.75_frac0.1,fault_augmentation,TSMixer,relative_mCE_snaive,-0.022846658989630675
138,Penmanshiel_Hourly_WT08,fa_profholdout_simple_mix0.75_sev0.75_frac0.1,fault_augmentation,TSMixer,err_clean,0.0026594576099654432
139,Penmanshiel_Hourly_WT08,fa_profholdout_simple_mix0.75_sev0.75_frac0.1,fault_augmentation,TSMixer,tau_mean,0.009836411486936425
140,Penmanshiel_Hourly_WT08,fa_profholdout_simple_mix0.75_sev1.0_frac0.1,fault_augmentation,DLinear,MSE_test,-0.0004125029878691011
141,Penmanshiel_Hourly_WT08,fa_profholdout_simple_mix0.75_sev1.0_frac0.1,fault_augmentation,DLinear,MSE_w,-0.0021113993916661022
142,Penmanshiel_Hourly_WT08,fa_profholdout_simple_mix0.75_sev1.0_frac0.1,fault_augmentation,DLinear,D_w,-0.004684336392545507
143,Penmanshiel_Hourly_WT08,fa_profholdout_simple_mix0.75_sev1.0_frac0.1,fault_augmentation,DLinear,D_mean,-0.0014617037950908074
144,Penmanshiel_Hourly_WT08,fa_profholdout_simple_mix0.75_sev1.0_frac0.1,fault_augmentation,DLinear,err_pert_ws,-0.0021113993916661022
145,Penmanshiel_Hourly_WT08,fa_profholdout_simple_mix0.75_sev1.0_frac0.1,fault_augmentation,DLinear,err_pert_mean,-0.0009501850029373093
146,Penmanshiel_Hourly_WT08,fa_profholdout_simple_mix0.75_sev1.0_frac0.1,fault_augmentation,DLinear,mCE_snaive,-0.0020863349525870323
147,Penmanshiel_Hourly_WT08,fa_profholdout_simple_mix0.75_sev1.0_frac0.1,fault_augmentation,DLinear,relative_mCE_snaive,-0.0021746051748315898
148,Penmanshiel_Hourly_WT08,fa_profholdout_simple_mix0.75_sev1.0_frac0.1,fault_augmentation,DLinear,err_clean,-0.0004125029878691011
149,Penmanshiel_Hourly_WT08,fa_profholdout_simple_mix0.75_sev1.0_frac0.1,fault_augmentation,DLinear,tau_mean,0.0009501850029373093
150,Penmanshiel_Hourly_WT08,advtrain_eps0.05_steps3_alpha0.02_channelsall,adversarial_training,GRU,MSE_test,-0.005245833909255426
151,Penmanshiel_Hourly_WT08,advtrain_eps0.05_steps3_alpha0.02_channelsall,adversarial_training,GRU,MSE_w,-0.014610255874154987
152,Penmanshiel_Hourly_WT08,advtrain_eps0.05_steps3_alpha0.02_channelsall,adversarial_training,GRU,D_w,-0.026532349832708135
153,Penmanshiel_Hourly_WT08,advtrain_eps0.05_steps3_alpha0.02_channelsall,adversarial_training,GRU,D_mean,-0.00967852020895843
154,Penmanshiel_Hourly_WT08,advtrain_eps0.05_steps3_alpha0.02_channelsall,adversarial_training,GRU,err_pert_ws,-0.014610255874154987
155,Penmanshiel_Hourly_WT08,advtrain_eps0.05_steps3_alpha0.02_channelsall,adversarial_training,GRU,err_pert_mean,-0.008682853939612212
156,Penmanshiel_Hourly_WT08,advtrain_eps0.05_steps3_alpha0.02_channelsall,adversarial_training,GRU,mCE_snaive,-0.020149221655823002
157,Penmanshiel_Hourly_WT08,advtrain_eps0.05_steps3_alpha0.02_channelsall,adversarial_training,GRU,relative_mCE_snaive,-0.020807646212095632
158,Penmanshiel_Hourly_WT08,advtrain_eps0.05_steps3_alpha0.02_channelsall,adversarial_training,GRU,err_clean,-0.005245833909255426
159,Penmanshiel_Hourly_WT08,advtrain_eps0.05_steps3_alpha0.02_channelsall,adversarial_training,GRU,tau_mean,0.008682853939612212
160,Penmanshiel_Hourly_WT08,arl_alo0.001_ainit1.0_slo1e-05_sinit0.1,adaptive_robust_loss,PatchTST,MSE_test,0.02967493645248037
161,Penmanshiel_Hourly_WT08,arl_alo0.001_ainit1.0_slo1e-05_sinit0.1,adaptive_robust_loss,PatchTST,MSE_w,0.2542520810306145
162,Penmanshiel_Hourly_WT08,arl_alo0.001_ainit1.0_slo1e-05_sinit0.1,adaptive_robust_loss,PatchTST,D_w,0.5697330628728936
163,Penmanshiel_Hourly_WT08,arl_alo0.001_ainit1.0_slo1e-05_sinit0.1,adaptive_robust_loss,PatchTST,D_mean,0.09168274578108937
164,Penmanshiel_Hourly_WT08,arl_alo0.001_ainit1.0_slo1e-05_sinit0.1,adaptive_robust_loss,PatchTST,err_pert_ws,0.2542520810306145
165,Penmanshiel_Hourly_WT08,arl_alo0.001_ainit1.0_slo1e-05_sinit0.1,adaptive_robust_loss,PatchTST,err_pert_mean,0.06788423177243286
166,Penmanshiel_Hourly_WT08,arl_alo0.001_ainit1.0_slo1e-05_sinit0.1,adaptive_robust_loss,PatchTST,mCE_snaive,0.15090972718900098
167,Penmanshiel_Hourly_WT08,arl_alo0.001_ainit1.0_slo1e-05_sinit0.1,adaptive_robust_loss,PatchTST,relative_mCE_snaive,0.1576094521344127
168,Penmanshiel_Hourly_WT08,arl_alo0.001_ainit1.0_slo1e-05_sinit0.1,adaptive_robust_loss,PatchTST,err_clean,0.02967493645248037
169,Penmanshiel_Hourly_WT08,arl_alo0.001_ainit1.0_slo1e-05_sinit0.1,adaptive_robust_loss,PatchTST,tau_mean,-0.06788423177243286
170,Penmanshiel_Hourly_WT08,arl_alo0.5_ainit1.0_slo0.01_sinit1.0,adaptive_robust_loss,ModernTCN,MSE_test,0.08453498159295414
171,Penmanshiel_Hourly_WT08,arl_alo0.5_ainit1.0_slo0.01_sinit1.0,adaptive_robust_loss,ModernTCN,MSE_w,0.12932513975725746
172,Penmanshiel_Hourly_WT08,arl_alo0.5_ainit1.0_slo0.01_sinit1.0,adaptive_robust_loss,ModernTCN,D_w,0.06977016819439008
173,Penmanshiel_Hourly_WT08,arl_alo0.5_ainit1.0_slo0.01_sinit1.0,adaptive_robust_loss,ModernTCN,D_mean,-0.008979250927860782
174,Penmanshiel_Hourly_WT08,arl_alo0.5_ainit1.0_slo0.01_sinit1.0,adaptive_robust_loss,ModernTCN,err_pert_ws,0.12932513975725746
175,Penmanshiel_Hourly_WT08,arl_alo0.5_ainit1.0_slo0.01_sinit1.0,adaptive_robust_loss,ModernTCN,err_pert_mean,0.08680437131678737
176,Penmanshiel_Hourly_WT08,arl_alo0.5_ainit1.0_slo0.01_sinit1.0,adaptive_robust_loss,ModernTCN,mCE_snaive,0.20015153430316546
177,Penmanshiel_Hourly_WT08,arl_alo0.5_ainit1.0_slo0.01_sinit1.0,adaptive_robust_loss,ModernTCN,relative_mCE_snaive,0.19829635318359706
178,Penmanshiel_Hourly_WT08,arl_alo0.5_ainit1.0_slo0.01_sinit1.0,adaptive_robust_loss,ModernTCN,err_clean,0.08453498159295414
179,Penmanshiel_Hourly_WT08,arl_alo0.5_ainit1.0_slo0.01_sinit1.0,adaptive_robust_loss,ModernTCN,tau_mean,-0.08680437131678737
180,Penmanshiel_Hourly_WT08,arl_alo0.001_ainit1.9_slo0.001_sinit1.0,adaptive_robust_loss,GRU,MSE_test,0.06163741058240413
181,Penmanshiel_Hourly_WT08,arl_alo0.001_ainit1.9_slo0.001_sinit1.0,adaptive_robust_loss,GRU,MSE_w,0.09234254054529006
182,Penmanshiel_Hourly_WT08,arl_alo0.001_ainit1.9_slo0.001_sinit1.0,adaptive_robust_loss,GRU,D_w,0.06576058905337878
183,Penmanshiel_Hourly_WT08,arl_alo0.001_ainit1.9_slo0.001_sinit1.0,adaptive_robust_loss,GRU,D_mean,0.018966712629363336
184,Penmanshiel_Hourly_WT08,arl_alo0.001_ainit1.9_slo0.001_sinit1.0,adaptive_robust_loss,GRU,err_pert_ws,0.09234254054529006
185,Penmanshiel_Hourly_WT08,arl_alo0.001_ainit1.9_slo0.001_sinit1.0,adaptive_robust_loss,GRU,err_pert_mean,0.0710404408509599
186,Penmanshiel_Hourly_WT08,arl_alo0.001_ainit1.9_slo0.001_sinit1.0,adaptive_robust_loss,GRU,mCE_snaive,0.16608646327045795
187,Penmanshiel_Hourly_WT08,arl_alo0.001_ainit1.9_slo0.001_sinit1.0,adaptive_robust_loss,GRU,relative_mCE_snaive,0.16696121681007048
188,Penmanshiel_Hourly_WT08,arl_alo0.001_ainit1.9_slo0.001_sinit1.0,adaptive_robust_loss,GRU,err_clean,0.06163741058240413
189,Penmanshiel_Hourly_WT08,arl_alo0.001_ainit1.9_slo0.001_sinit1.0,adaptive_robust_loss,GRU,tau_mean,-0.0710404408509599
190,Penmanshiel_Hourly_WT08,arl_alo0.001_ainit1.0_slo0.001_sinit0.1,adaptive_robust_loss,TSMixer,MSE_test,0.008097085133820625
191,Penmanshiel_Hourly_WT08,arl_alo0.001_ainit1.0_slo0.001_sinit0.1,adaptive_robust_loss,TSMixer,MSE_w,-0.02200449103229618
192,Penmanshiel_Hourly_WT08,arl_alo0.001_ainit1.0_slo0.001_sinit0.1,adaptive_robust_loss,TSMixer,D_w,-0.08912973689855086
193,Penmanshiel_Hourly_WT08,arl_alo0.001_ainit1.0_slo0.001_sinit0.1,adaptive_robust_loss,TSMixer,D_mean,-0.03960519275609853
194,Penmanshiel_Hourly_WT08,arl_alo0.001_ainit1.0_slo0.001_sinit0.1,adaptive_robust_loss,TSMixer,err_pert_ws,-0.02200449103229618
195,Penmanshiel_Hourly_WT08,arl_alo0.001_ainit1.0_slo0.001_sinit0.1,adaptive_robust_loss,TSMixer,err_pert_mean,-0.005433004800266095
196,Penmanshiel_Hourly_WT08,arl_alo0.001_ainit1.0_slo0.001_sinit0.1,adaptive_robust_loss,TSMixer,mCE_snaive,-0.010568386445652833
197,Penmanshiel_Hourly_WT08,arl_alo0.001_ainit1.0_slo0.001_sinit0.1,adaptive_robust_loss,TSMixer,relative_mCE_snaive,-0.01346470541224598
198,Penmanshiel_Hourly_WT08,arl_alo0.001_ainit1.0_slo0.001_sinit0.1,adaptive_robust_loss,TSMixer,err_clean,0.008097085133820625
199,Penmanshiel_Hourly_WT08,arl_alo0.001_ainit1.0_slo0.001_sinit0.1,adaptive_robust_loss,TSMixer,tau_mean,0.005433004800266095
200,Penmanshiel_Hourly_WT08,arl_alo0.001_ainit1.0_slo0.001_sinit0.1,adaptive_robust_loss,DLinear,MSE_test,0.017511915263034417
201,Penmanshiel_Hourly_WT08,arl_alo0.001_ainit1.0_slo0.001_sinit0.1,adaptive_robust_loss,DLinear,MSE_w,0.058480397689764485
202,Penmanshiel_Hourly_WT08,arl_alo0.001_ainit1.0_slo0.001_sinit0.1,adaptive_robust_loss,DLinear,D_w,0.10181818373386031
203,Penmanshiel_Hourly_WT08,arl_alo0.001_ainit1.0_slo0.001_sinit0.1,adaptive_robust_loss,DLinear,D_mean,0.01460257948944177
204,Penmanshiel_Hourly_WT08,arl_alo0.001_ainit1.0_slo0.001_sinit0.1,adaptive_robust_loss,DLinear,err_pert_ws,0.058480397689764485
205,Penmanshiel_Hourly_WT08,arl_alo0.001_ainit1.0_slo0.001_sinit0.1,adaptive_robust_loss,DLinear,err_pert_mean,0.024474227267828275
206,Penmanshiel_Hourly_WT08,arl_alo0.001_ainit1.0_slo0.001_sinit0.1,adaptive_robust_loss,DLinear,mCE_snaive,0.054695291806267976
207,Penmanshiel_Hourly_WT08,arl_alo0.001_ainit1.0_slo0.001_sinit0.1,adaptive_robust_loss,DLinear,relative_mCE_snaive,0.05543862251385223
208,Penmanshiel_Hourly_WT08,arl_alo0.001_ainit1.0_slo0.001_sinit0.1,adaptive_robust_loss,DLinear,err_clean,0.017511915263034417
209,Penmanshiel_Hourly_WT08,arl_alo0.001_ainit1.0_slo0.001_sinit0.1,adaptive_robust_loss,DLinear,tau_mean,-0.024474227267828275
210,Penmanshiel_Hourly_WT08,advtrain_eps0.05_steps7_alpha0.02_channelsall,adversarial_training,PatchTST,MSE_test,-0.006792212600324976
211,Penmanshiel_Hourly_WT08,advtrain_eps0.05_steps7_alpha0.02_channelsall,adversarial_training,PatchTST,MSE_w,-0.008249113472440506
212,Penmanshiel_Hourly_WT08,advtrain_eps0.05_steps7_alpha0.02_channelsall,adversarial_training,PatchTST,D_w,-0.00024256517467446947
213,Penmanshiel_Hourly_WT08,advtrain_eps0.05_steps7_alpha0.02_channelsall,adversarial_training,PatchTST,D_mean,-0.00459642327680676
214,Penmanshiel_Hourly_WT08,advtrain_eps0.05_steps7_alpha0.02_channelsall,adversarial_training,PatchTST,err_pert_ws,-0.008249113472440506
215,Penmanshiel_Hourly_WT08,advtrain_eps0.05_steps7_alpha0.02_channelsall,adversarial_training,PatchTST,err_pert_mean,-0.009082679649097869
216,Penmanshiel_Hourly_WT08,advtrain_eps0.05_steps7_alpha0.02_channelsall,adversarial_training,PatchTST,mCE_snaive,-0.02074453718596292
217,Penmanshiel_Hourly_WT08,advtrain_eps0.05_steps7_alpha0.02_channelsall,adversarial_training,PatchTST,relative_mCE_snaive,-0.021031312667316726
218,Penmanshiel_Hourly_WT08,advtrain_eps0.05_steps7_alpha0.02_channelsall,adversarial_training,PatchTST,err_clean,-0.006792212600324976
219,Penmanshiel_Hourly_WT08,advtrain_eps0.05_steps7_alpha0.02_channelsall,adversarial_training,PatchTST,tau_mean,0.009082679649097869
220,Penmanshiel_Hourly_WT08,rt_spaceraw_std0.1_channelscontinuous,randomized_training,PatchTST,MSE_test,-0.005532569425574896
221,Penmanshiel_Hourly_WT08,rt_spaceraw_std0.1_channelscontinuous,randomized_training,PatchTST,MSE_w,-0.006039294435255582
222,Penmanshiel_Hourly_WT08,rt_spaceraw_std0.1_channelscontinuous,randomized_training,PatchTST,D_w,0.001754622005717188
223,Penmanshiel_Hourly_WT08,rt_spaceraw_std0.1_channelscontinuous,randomized_training,PatchTST,D_mean,-0.0016681368139921382
224,Penmanshiel_Hourly_WT08,rt_spaceraw_std0.1_channelscontinuous,randomized_training,PatchTST,err_pert_ws,-0.006039294435255582
225,Penmanshiel_Hourly_WT08,rt_spaceraw_std0.1_channelscontinuous,randomized_training,PatchTST,err_pert_mean,-0.006679651260286246
226,Penmanshiel_Hourly_WT08,rt_spaceraw_std0.1_channelscontinuous,randomized_training,PatchTST,mCE_snaive,-0.015365744722062313
227,Penmanshiel_Hourly_WT08,rt_spaceraw_std0.1_channelscontinuous,randomized_training,PatchTST,relative_mCE_snaive,-0.015464435568685264
228,Penmanshiel_Hourly_WT08,rt_spaceraw_std0.1_channelscontinuous,randomized_training,PatchTST,err_clean,-0.005532569425574896
229,Penmanshiel_Hourly_WT08,rt_spaceraw_std0.1_channelscontinuous,randomized_training,PatchTST,tau_mean,0.006679651260286246
230,Penmanshiel_Hourly_WT08,advtrain_eps0.2_steps3_alpha0.02_channelsall,adversarial_training,ModernTCN,MSE_test,0.003446264170040403
231,Penmanshiel_Hourly_WT08,advtrain_eps0.2_steps3_alpha0.02_channelsall,adversarial_training,ModernTCN,MSE_w,-0.02386293081997426
232,Penmanshiel_Hourly_WT08,advtrain_eps0.2_steps3_alpha0.02_channelsall,adversarial_training,ModernTCN,D_w,-0.08242684418789059
233,Penmanshiel_Hourly_WT08,advtrain_eps0.2_steps3_alpha0.02_channelsall,adversarial_training,ModernTCN,D_mean,-0.0209298220558769
234,Penmanshiel_Hourly_WT08,advtrain_eps0.2_steps3_alpha0.02_channelsall,adversarial_training,ModernTCN,err_pert_ws,-0.02386293081997426
235,Penmanshiel_Hourly_WT08,advtrain_eps0.2_steps3_alpha0.02_channelsall,adversarial_training,ModernTCN,err_pert_mean,-0.0034020704946957636
236,Penmanshiel_Hourly_WT08,advtrain_eps0.2_steps3_alpha0.02_channelsall,adversarial_training,ModernTCN,mCE_snaive,-0.006314233231507149
237,Penmanshiel_Hourly_WT08,advtrain_eps0.2_steps3_alpha0.02_channelsall,adversarial_training,ModernTCN,relative_mCE_snaive,-0.007653678170471023
238,Penmanshiel_Hourly_WT08,advtrain_eps0.2_steps3_alpha0.02_channelsall,adversarial_training,ModernTCN,err_clean,0.003446264170040403
239,Penmanshiel_Hourly_WT08,advtrain_eps0.2_steps3_alpha0.02_channelsall,adversarial_training,ModernTCN,tau_mean,0.0034020704946957636
240,Penmanshiel_Hourly_WT08,advtrain_eps0.1_steps3_alpha0.02_channelsall,adversarial_training,TSMixer,MSE_test,-0.01694161552936424
241,Penmanshiel_Hourly_WT08,advtrain_eps0.1_steps3_alpha0.02_channelsall,adversarial_training,TSMixer,MSE_w,-0.07034713773380791
242,Penmanshiel_Hourly_WT08,advtrain_eps0.1_steps3_alpha0.02_channelsall,adversarial_training,TSMixer,D_w,-0.14602613731574676
243,Penmanshiel_Hourly_WT08,advtrain_eps0.1_steps3_alpha0.02_channelsall,adversarial_training,TSMixer,D_mean,-0.0391832811386581
244,Penmanshiel_Hourly_WT08,advtrain_eps0.1_steps3_alpha0.02_channelsall,adversarial_training,TSMixer,err_pert_ws,-0.07034713773380791
245,Penmanshiel_Hourly_WT08,advtrain_eps0.1_steps3_alpha0.02_channelsall,adversarial_training,TSMixer,err_pert_mean,-0.03171363685812795
246,Penmanshiel_Hourly_WT08,advtrain_eps0.1_steps3_alpha0.02_channelsall,adversarial_training,TSMixer,mCE_snaive,-0.07021840900864607
247,Penmanshiel_Hourly_WT08,advtrain_eps0.1_steps3_alpha0.02_channelsall,adversarial_training,TSMixer,relative_mCE_snaive,-0.072499614970014
248,Penmanshiel_Hourly_WT08,advtrain_eps0.1_steps3_alpha0.02_channelsall,adversarial_training,TSMixer,err_clean,-0.01694161552936424
249,Penmanshiel_Hourly_WT08,advtrain_eps0.1_steps3_alpha0.02_channelsall,adversarial_training,TSMixer,tau_mean,0.03171363685812795
250,Penmanshiel_Hourly_WT08,advtrain_eps0.05_steps7_alpha0.02_channelsall,adversarial_training,DLinear,MSE_test,-0.0019087409218657148
251,Penmanshiel_Hourly_WT08,advtrain_eps0.05_steps7_alpha0.02_channelsall,adversarial_training,DLinear,MSE_w,-0.015083701849763764
252,Penmanshiel_Hourly_WT08,advtrain_eps0.05_steps7_alpha0.02_channelsall,adversarial_training,DLinear,D_w,-0.03747677175194064
253,Penmanshiel_Hourly_WT08,advtrain_eps0.05_steps7_alpha0.02_channelsall,adversarial_training,DLinear,D_mean,-0.0075225496606066145
254,Penmanshiel_Hourly_WT08,advtrain_eps0.05_steps7_alpha0.02_channelsall,adversarial_training,DLinear,err_pert_ws,-0.015083701849763764
255,Penmanshiel_Hourly_WT08,advtrain_eps0.05_steps7_alpha0.02_channelsall,adversarial_training,DLinear,err_pert_mean,-0.004643368728633468
256,Penmanshiel_Hourly_WT08,advtrain_eps0.05_steps7_alpha0.02_channelsall,adversarial_training,DLinear,mCE_snaive,-0.010050967432854385
257,Penmanshiel_Hourly_WT08,advtrain_eps0.05_steps7_alpha0.02_channelsall,adversarial_training,DLinear,relative_mCE_snaive,-0.010481702649904667
258,Penmanshiel_Hourly_WT08,advtrain_eps0.05_steps7_alpha0.02_channelsall,adversarial_training,DLinear,err_clean,-0.0019087409218657148
259,Penmanshiel_Hourly_WT08,advtrain_eps0.05_steps7_alpha0.02_channelsall,adversarial_training,DLinear,tau_mean,0.004643368728633468
260,Penmanshiel_Hourly_WT08,rt_spaceraw_std0.2_channelscontinuous,randomized_training,GRU,MSE_test,-0.008668331566674181
261,Penmanshiel_Hourly_WT08,rt_spaceraw_std0.2_channelscontinuous,randomized_training,GRU,MSE_w,-0.011088340995484058
262,Penmanshiel_Hourly_WT08,rt_spaceraw_std0.2_channelscontinuous,randomized_training,GRU,D_w,-0.005544217691116016
263,Penmanshiel_Hourly_WT08,rt_spaceraw_std0.2_channelscontinuous,randomized_training,GRU,D_mean,-0.0025270062727067444
264,Penmanshiel_Hourly_WT08,rt_spaceraw_std0.2_channelscontinuous,randomized_training,GRU,err_pert_ws,-0.011088340995484058
265,Penmanshiel_Hourly_WT08,rt_spaceraw_std0.2_channelscontinuous,randomized_training,GRU,err_pert_mean,-0.00975589564845103
266,Penmanshiel_Hourly_WT08,rt_spaceraw_std0.2_channelscontinuous,randomized_training,GRU,mCE_snaive,-0.022748138958150976
267,Penmanshiel_Hourly_WT08,rt_spaceraw_std0.2_channelscontinuous,randomized_training,GRU,relative_mCE_snaive,-0.022804721642661896
268,Penmanshiel_Hourly_WT08,rt_spaceraw_std0.2_channelscontinuous,randomized_training,GRU,err_clean,-0.008668331566674181
269,Penmanshiel_Hourly_WT08,rt_spaceraw_std0.2_channelscontinuous,randomized_training,GRU,tau_mean,0.00975589564845103
270,Penmanshiel_Hourly_WT08,rt_spaceraw_std0.1_channelscontinuous,randomized_training,TSMixer,MSE_test,-0.0006241372870630646
271,Penmanshiel_Hourly_WT08,rt_spaceraw_std0.1_channelscontinuous,randomized_training,TSMixer,MSE_w,-0.02678790947382803
272,Penmanshiel_Hourly_WT08,rt_spaceraw_std0.1_channelscontinuous,randomized_training,TSMixer,D_w,-0.07381180464409631
273,Penmanshiel_Hourly_WT08,rt_spaceraw_std0.1_channelscontinuous,randomized_training,TSMixer,D_mean,-0.03426486064068568
274,Penmanshiel_Hourly_WT08,rt_spaceraw_std0.1_channelscontinuous,randomized_training,TSMixer,err_pert_ws,-0.02678790947382803
275,Penmanshiel_Hourly_WT08,rt_spaceraw_std0.1_channelscontinuous,randomized_training,TSMixer,err_pert_mean,-0.012754789879870054
276,Penmanshiel_Hourly_WT08,rt_spaceraw_std0.1_channelscontinuous,randomized_training,TSMixer,mCE_snaive,-0.027265252293170783
277,Penmanshiel_Hourly_WT08,rt_spaceraw_std0.1_channelscontinuous,randomized_training,TSMixer,relative_mCE_snaive,-0.029553923082610956
278,Penmanshiel_Hourly_WT08,rt_spaceraw_std0.1_channelscontinuous,randomized_training,TSMixer,err_clean,-0.0006241372870630646
279,Penmanshiel_Hourly_WT08,rt_spaceraw_std0.1_channelscontinuous,randomized_training,TSMixer,tau_mean,0.012754789879870054
280,Penmanshiel_Hourly_WT08,rt_spaceraw_std0.1_channelscontinuous,randomized_training,DLinear,MSE_test,0.0007060926429112158
281,Penmanshiel_Hourly_WT08,rt_spaceraw_std0.1_channelscontinuous,randomized_training,DLinear,MSE_w,-0.015395241358515388
282,Penmanshiel_Hourly_WT08,rt_spaceraw_std0.1_channelscontinuous,randomized_training,DLinear,D_w,-0.04776128852016148
283,Penmanshiel_Hourly_WT08,rt_spaceraw_std0.1_channelscontinuous,randomized_training,DLinear,D_mean,-0.009775804320961923
284,Penmanshiel_Hourly_WT08,rt_spaceraw_std0.1_channelscontinuous,randomized_training,DLinear,err_pert_ws,-0.015395241358515388
285,Penmanshiel_Hourly_WT08,rt_spaceraw_std0.1_channelscontinuous,randomized_training,DLinear,err_pert_mean,-0.0025569395653844973
286,Penmanshiel_Hourly_WT08,rt_spaceraw_std0.1_channelscontinuous,randomized_training,DLinear,mCE_snaive,-0.0050028399608208485
287,Penmanshiel_Hourly_WT08,rt_spaceraw_std0.1_channelscontinuous,randomized_training,DLinear,relative_mCE_snaive,-0.0055806421814219576
288,Penmanshiel_Hourly_WT08,rt_spaceraw_std0.1_channelscontinuous,randomized_training,DLinear,err_clean,0.0007060926429112158
289,Penmanshiel_Hourly_WT08,rt_spaceraw_std0.1_channelscontinuous,randomized_training,DLinear,tau_mean,0.0025569395653844973
290,Penmanshiel_Hourly_WT08,revin_affineFalse_eps1e-5,revin,ModernTCN,MSE_test,-0.004532002678757974
291,Penmanshiel_Hourly_WT08,revin_affineFalse_eps1e-5,revin,ModernTCN,MSE_w,0.005298565087847207
292,Penmanshiel_Hourly_WT08,revin_affineFalse_eps1e-5,revin,ModernTCN,D_w,0.03220787620707943
293,Penmanshiel_Hourly_WT08,revin_affineFalse_eps1e-5,revin,ModernTCN,D_mean,0.03529651797327382
294,Penmanshiel_Hourly_WT08,revin_affineFalse_eps1e-5,revin,ModernTCN,err_pert_ws,0.005298565087847207
295,Penmanshiel_Hourly_WT08,revin_affineFalse_eps1e-5,revin,ModernTCN,err_pert_mean,0.006827039997071682
296,Penmanshiel_Hourly_WT08,revin_affineFalse_eps1e-5,revin,ModernTCN,mCE_snaive,0.015257740211436222
297,Penmanshiel_Hourly_WT08,revin_affineFalse_eps1e-5,revin,ModernTCN,relative_mCE_snaive,0.01787032214935147
298,Penmanshiel_Hourly_WT08,revin_affineFalse_eps1e-5,revin,ModernTCN,err_clean,-0.004532002678757974
299,Penmanshiel_Hourly_WT08,revin_affineFalse_eps1e-5,revin,ModernTCN,tau_mean,-0.006827039997071682
300,Penmanshiel_Hourly_WT08,rt_spaceraw_std0.1_channelscontinuous,randomized_training,ModernTCN,MSE_test,-0.0009645306391175557
301,Penmanshiel_Hourly_WT08,rt_spaceraw_std0.1_channelscontinuous,randomized_training,ModernTCN,MSE_w,-0.019230661804112592
302,Penmanshiel_Hourly_WT08,rt_spaceraw_std0.1_channelscontinuous,randomized_training,ModernTCN,D_w,-0.05406930221902617
303,Penmanshiel_Hourly_WT08,rt_spaceraw_std0.1_channelscontinuous,randomized_training,ModernTCN,D_mean,-0.012253618039812952
304,Penmanshiel_Hourly_WT08,rt_spaceraw_std0.1_channelscontinuous,randomized_training,ModernTCN,err_pert_ws,-0.019230661804112592
305,Penmanshiel_Hourly_WT08,rt_spaceraw_std0.1_channelscontinuous,randomized_training,ModernTCN,err_pert_mean,-0.005133042423594469
306,Penmanshiel_Hourly_WT08,rt_spaceraw_std0.1_channelscontinuous,randomized_training,ModernTCN,mCE_snaive,-0.010823628414384778
307,Penmanshiel_Hourly_WT08,rt_spaceraw_std0.1_channelscontinuous,randomized_training,ModernTCN,relative_mCE_snaive,-0.011539297291358386
308,Penmanshiel_Hourly_WT08,rt_spaceraw_std0.1_channelscontinuous,randomized_training,ModernTCN,err_clean,-0.0009645306391175557
309,Penmanshiel_Hourly_WT08,rt_spaceraw_std0.1_channelscontinuous,randomized_training,ModernTCN,tau_mean,0.005133042423594469
310,Penmanshiel_Hourly_WT08,revin_affineTrue_eps1e-5,revin,GRU,MSE_test,0.000945279945720523
311,Penmanshiel_Hourly_WT08,revin_affineTrue_eps1e-5,revin,GRU,MSE_w,0.13307979990663454
312,Penmanshiel_Hourly_WT08,revin_affineTrue_eps1e-5,revin,GRU,D_w,0.3811180774245002
313,Penmanshiel_Hourly_WT08,revin_affineTrue_eps1e-5,revin,GRU,D_mean,0.10543573346577317
314,Penmanshiel_Hourly_WT08,revin_affineTrue_eps1e-5,revin,GRU,err_pert_ws,0.13307979990663454
315,Penmanshiel_Hourly_WT08,revin_affineTrue_eps1e-5,revin,GRU,err_pert_mean,0.037509190934100156
316,Penmanshiel_Hourly_WT08,revin_affineTrue_eps1e-5,revin,GRU,mCE_snaive,0.08862246053195799
317,Penmanshiel_Hourly_WT08,revin_affineTrue_eps1e-5,revin,GRU,relative_mCE_snaive,0.09737514917492773
318,Penmanshiel_Hourly_WT08,revin_affineTrue_eps1e-5,revin,GRU,err_clean,0.000945279945720523
319,Penmanshiel_Hourly_WT08,revin_affineTrue_eps1e-5,revin,GRU,tau_mean,-0.037509190934100156
320,Penmanshiel_Hourly_WT08,revin_affineTrue_eps1e-5,revin,TSMixer,MSE_test,-0.005828534671349916
321,Penmanshiel_Hourly_WT08,revin_affineTrue_eps1e-5,revin,TSMixer,MSE_w,0.0018905875969861818
322,Penmanshiel_Hourly_WT08,revin_affineTrue_eps1e-5,revin,TSMixer,D_w,0.026544633692644037
323,Penmanshiel_Hourly_WT08,revin_affineTrue_eps1e-5,revin,TSMixer,D_mean,0.025119855371183775
324,Penmanshiel_Hourly_WT08,revin_affineTrue_eps1e-5,revin,TSMixer,err_pert_ws,0.0018905875969861818
325,Penmanshiel_Hourly_WT08,revin_affineTrue_eps1e-5,revin,TSMixer,err_pert_mean,0.002337470920148299
326,Penmanshiel_Hourly_WT08,revin_affineTrue_eps1e-5,revin,TSMixer,mCE_snaive,0.008977381861625555
327,Penmanshiel_Hourly_WT08,revin_affineTrue_eps1e-5,revin,TSMixer,relative_mCE_snaive,0.011765891697880337
328,Penmanshiel_Hourly_WT08,revin_affineTrue_eps1e-5,revin,TSMixer,err_clean,-0.005828534671349916
329,Penmanshiel_Hourly_WT08,revin_affineTrue_eps1e-5,revin,TSMixer,tau_mean,-0.002337470920148299
330,Penmanshiel_Hourly_WT08,revin_affineFalse_eps1e-5,revin,DLinear,MSE_test,0.0060091677716896386
331,Penmanshiel_Hourly_WT08,revin_affineFalse_eps1e-5,revin,DLinear,MSE_w,0.007705563248530223
332,Penmanshiel_Hourly_WT08,revin_affineFalse_eps1e-5,revin,DLinear,D_w,0.00039813476357242195
333,Penmanshiel_Hourly_WT08,revin_affineFalse_eps1e-5,revin,DLinear,D_mean,0.00682098224863581
334,Penmanshiel_Hourly_WT08,revin_affineFalse_eps1e-5,revin,DLinear,err_pert_ws,0.007705563248530223
335,Penmanshiel_Hourly_WT08,revin_affineFalse_eps1e-5,revin,DLinear,err_pert_mean,0.008967406552689072
336,Penmanshiel_Hourly_WT08,revin_affineFalse_eps1e-5,revin,DLinear,mCE_snaive,0.020711007696765038
337,Penmanshiel_Hourly_WT08,revin_affineFalse_eps1e-5,revin,DLinear,relative_mCE_snaive,0.021221963326673254
338,Penmanshiel_Hourly_WT08,revin_affineFalse_eps1e-5,revin,DLinear,err_clean,0.0060091677716896386
339,Penmanshiel_Hourly_WT08,revin_affineFalse_eps1e-5,revin,DLinear,tau_mean,-0.008967406552689072
340,traffic,rs_backbonebaseline_std0.25_samples30_alpha0.25,randomized_smoothing,ModernTCN,MSE_test,0.003922668683528863
341,traffic,rs_backbonebaseline_std0.25_samples30_alpha0.25,randomized_smoothing,ModernTCN,MSE_w,0.00464358928501607
342,traffic,rs_backbonebaseline_std0.25_samples30_alpha0.25,randomized_smoothing,ModernTCN,D_w,-0.0005536341634744257
343,traffic,rs_backbonebaseline_std0.25_samples30_alpha0.25,randomized_smoothing,ModernTCN,D_mean,0.002031176016992431
344,traffic,rs_backbonebaseline_std0.25_samples30_alpha0.25,randomized_smoothing,ModernTCN,err_pert_ws,0.00464358928501607
345,traffic,rs_backbonebaseline_std0.25_samples30_alpha0.25,randomized_smoothing,ModernTCN,err_pert_mean,0.005535308190435018
346,traffic,rs_backbonebaseline_std0.25_samples30_alpha0.25,randomized_smoothing,ModernTCN,mCE_snaive,0.004007853315427634
347,traffic,rs_backbonebaseline_std0.25_samples30_alpha0.25,randomized_smoothing,ModernTCN,relative_mCE_snaive,0.004101026277310127
348,traffic,rs_backbonebaseline_std0.25_samples30_alpha0.25,randomized_smoothing,ModernTCN,err_clean,0.003922668683528863
349,traffic,rs_backbonebaseline_std0.25_samples30_alpha0.25,randomized_smoothing,ModernTCN,tau_mean,-0.005535308190435018
350,traffic,rs_backbonebaseline_std0.5_samples30_alpha0.25,randomized_smoothing,GRU,MSE_test,-0.011134717240929626
351,traffic,rs_backbonebaseline_std0.5_samples30_alpha0.25,randomized_smoothing,GRU,MSE_w,-0.014323581236600824
352,traffic,rs_backbonebaseline_std0.5_samples30_alpha0.25,randomized_smoothing,GRU,D_w,-4.008849959391547e-05
353,traffic,rs_backbonebaseline_std0.5_samples30_alpha0.25,randomized_smoothing,GRU,D_mean,0.003300666494574056
354,traffic,rs_backbonebaseline_std0.5_samples30_alpha0.25,randomized_smoothing,GRU,err_pert_ws,-0.014323581236600824
355,traffic,rs_backbonebaseline_std0.5_samples30_alpha0.25,randomized_smoothing,GRU,err_pert_mean,-0.009562979563698115
356,traffic,rs_backbonebaseline_std0.5_samples30_alpha0.25,randomized_smoothing,GRU,mCE_snaive,-0.0069305590466548495
357,traffic,rs_backbonebaseline_std0.5_samples30_alpha0.25,randomized_smoothing,GRU,relative_mCE_snaive,-0.0067439428749195285
358,traffic,rs_backbonebaseline_std0.5_samples30_alpha0.25,randomized_smoothing,GRU,err_clean,-0.011134717240929626
359,traffic,rs_backbonebaseline_std0.5_samples30_alpha0.25,randomized_smoothing,GRU,tau_mean,0.009562979563698115
360,traffic,rs_backbonebaseline_std0.25_samples30_alpha0.25,randomized_smoothing,PatchTST,MSE_test,0.059302049526572254
361,traffic,rs_backbonebaseline_std0.25_samples30_alpha0.25,randomized_smoothing,PatchTST,MSE_w,0.04604368167817596
362,traffic,rs_backbonebaseline_std0.25_samples30_alpha0.25,randomized_smoothing,PatchTST,D_w,-0.10420081390300195
363,traffic,rs_backbonebaseline_std0.25_samples30_alpha0.25,randomized_smoothing,PatchTST,D_mean,-0.048131463137859765
364,traffic,rs_backbonebaseline_std0.25_samples30_alpha0.25,randomized_smoothing,PatchTST,err_pert_ws,0.04604368167817596
365,traffic,rs_backbonebaseline_std0.25_samples30_alpha0.25,randomized_smoothing,PatchTST,err_pert_mean,0.05221636911891392
366,traffic,rs_backbonebaseline_std0.25_samples30_alpha0.25,randomized_smoothing,PatchTST,mCE_snaive,0.03837770770322674
367,traffic,rs_backbonebaseline_std0.25_samples30_alpha0.25,randomized_smoothing,PatchTST,relative_mCE_snaive,0.03759910986535997
368,traffic,rs_backbonebaseline_std0.25_samples30_alpha0.25,randomized_smoothing,PatchTST,err_clean,0.059302049526572254
369,traffic,rs_backbonebaseline_std0.25_samples30_alpha0.25,randomized_smoothing,PatchTST,tau_mean,-0.05221636911891392
370,traffic,rs_backbonebaseline_std0.25_samples30_alpha0.25,randomized_smoothing,TSMixer,MSE_test,0.0025561180889606128
371,traffic,rs_backbonebaseline_std0.25_samples30_alpha0.25,randomized_smoothing,TSMixer,MSE_w,0.001827627789974251
372,traffic,rs_backbonebaseline_std0.25_samples30_alpha0.25,randomized_smoothing,TSMixer,D_w,-0.002319850473160301
373,traffic,rs_backbonebaseline_std0.25_samples30_alpha0.25,randomized_smoothing,TSMixer,D_mean,0.00020991952098459166
374,traffic,rs_backbonebaseline_std0.25_samples30_alpha0.25,randomized_smoothing,TSMixer,err_pert_ws,0.001827627789974251
375,traffic,rs_backbonebaseline_std0.25_samples30_alpha0.25,randomized_smoothing,TSMixer,err_pert_mean,0.0029786890815944878
376,traffic,rs_backbonebaseline_std0.25_samples30_alpha0.25,randomized_smoothing,TSMixer,mCE_snaive,0.0021746144376970644
377,traffic,rs_backbonebaseline_std0.25_samples30_alpha0.25,randomized_smoothing,TSMixer,relative_mCE_snaive,0.0021928666247968964
378,traffic,rs_backbonebaseline_std0.25_samples30_alpha0.25,randomized_smoothing,TSMixer,err_clean,0.0025561180889606128
379,traffic,rs_backbonebaseline_std0.25_samples30_alpha0.25,randomized_smoothing,TSMixer,tau_mean,-0.0029786890815944878
380,traffic,rs_backbonebaseline_std0.25_samples30_alpha0.25,randomized_smoothing,DLinear,MSE_test,0.00041025608181954887
381,traffic,rs_backbonebaseline_std0.25_samples30_alpha0.25,randomized_smoothing,DLinear,MSE_w,0.00041241710484019034
382,traffic,rs_backbonebaseline_std0.25_samples30_alpha0.25,randomized_smoothing,DLinear,D_w,-0.00010288047885387286
383,traffic,rs_backbonebaseline_std0.25_samples30_alpha0.25,randomized_smoothing,DLinear,D_mean,-4.724899000896343e-05
384,traffic,rs_backbonebaseline_std0.25_samples30_alpha0.25,randomized_smoothing,DLinear,err_pert_ws,0.00041241710484019034
385,traffic,rs_backbonebaseline_std0.25_samples30_alpha0.25,randomized_smoothing,DLinear,err_pert_mean,0.00041124431379135906
386,traffic,rs_backbonebaseline_std0.25_samples30_alpha0.25,randomized_smoothing,DLinear,mCE_snaive,0.0002990433801419723
387,traffic,rs_backbonebaseline_std0.25_samples30_alpha0.25,randomized_smoothing,DLinear,relative_mCE_snaive,0.0002967392343873332
388,traffic,rs_backbonebaseline_std0.25_samples30_alpha0.25,randomized_smoothing,DLinear,err_clean,0.00041025608181954887
389,traffic,rs_backbonebaseline_std0.25_samples30_alpha0.25,randomized_smoothing,DLinear,tau_mean,-0.00041124431379135906
390,traffic,ensemble_top10_mean,ensemble,ModernTCN,MSE_test,-0.003245624828338678
391,traffic,ensemble_top10_mean,ensemble,ModernTCN,MSE_w,-0.009335510841011918
392,traffic,ensemble_top10_mean,ensemble,ModernTCN,D_w,-0.009145083835152779
393,traffic,ensemble_top10_mean,ensemble,ModernTCN,D_mean,0.0009749859357952584
394,traffic,ensemble_top10_mean,ensemble,ModernTCN,err_pert_ws,-0.009335510841011918
395,traffic,ensemble_top10_mean,ensemble,ModernTCN,err_pert_mean,-0.0030496856942774375
396,traffic,ensemble_top10_mean,ensemble,ModernTCN,mCE_snaive,-0.0021563191050319452
397,traffic,ensemble_top10_mean,ensemble,ModernTCN,relative_mCE_snaive,-0.0021105315130015567
398,traffic,ensemble_top10_mean,ensemble,ModernTCN,err_clean,-0.003245624828338678
399,traffic,ensemble_top10_mean,ensemble,ModernTCN,tau_mean,0.0030496856942774375
400,traffic,ensemble_top3_mean,ensemble,GRU,MSE_test,-0.022146742084622417
401,traffic,ensemble_top3_mean,ensemble,GRU,MSE_w,-0.0967498214364052
402,traffic,ensemble_top3_mean,ensemble,GRU,D_w,-0.097044417619361
403,traffic,ensemble_top3_mean,ensemble,GRU,D_mean,-0.017725615780599835
404,traffic,ensemble_top3_mean,ensemble,GRU,err_pert_ws,-0.0967498214364052
405,traffic,ensemble_top3_mean,ensemble,GRU,err_pert_mean,-0.0361930035442114
406,traffic,ensemble_top3_mean,ensemble,GRU,mCE_snaive,-0.02557197536462308
407,traffic,ensemble_top3_mean,ensemble,GRU,relative_mCE_snaive,-0.02633562974541437
408,traffic,ensemble_top3_mean,ensemble,GRU,err_clean,-0.022146742084622417
409,traffic,ensemble_top3_mean,ensemble,GRU,tau_mean,0.0361930035442114
410,traffic,ensemble_top3_mean,ensemble,PatchTST,MSE_test,-0.007809181417524791
411,traffic,ensemble_top3_mean,ensemble,PatchTST,MSE_w,0.001696133969724234
412,traffic,ensemble_top3_mean,ensemble,PatchTST,D_w,0.033229027507829745
413,traffic,ensemble_top3_mean,ensemble,PatchTST,D_mean,0.0019477556950369124
414,traffic,ensemble_top3_mean,ensemble,PatchTST,err_pert_ws,0.001696133969724234
415,traffic,ensemble_top3_mean,ensemble,PatchTST,err_pert_mean,-0.009255094591714474
416,traffic,ensemble_top3_mean,ensemble,PatchTST,mCE_snaive,-0.006798499697648119
417,traffic,ensemble_top3_mean,ensemble,PatchTST,relative_mCE_snaive,-0.006874172747901419
418,traffic,ensemble_top3_mean,ensemble,PatchTST,err_clean,-0.007809181417524791
419,traffic,ensemble_top3_mean,ensemble,PatchTST,tau_mean,0.009255094591714474
420,traffic,ensemble_top10_mean,ensemble,TSMixer,MSE_test,-0.049632974129915186
421,traffic,ensemble_top10_mean,ensemble,TSMixer,MSE_w,-0.0760488275140524
422,traffic,ensemble_top10_mean,ensemble,TSMixer,D_w,-0.020700151352621265
423,traffic,ensemble_top10_mean,ensemble,TSMixer,D_mean,-0.004096488359235373
424,traffic,ensemble_top10_mean,ensemble,TSMixer,err_pert_ws,-0.0760488275140524
425,traffic,ensemble_top10_mean,ensemble,TSMixer,err_pert_mean,-0.05763730919770893
426,traffic,ensemble_top10_mean,ensemble,TSMixer,mCE_snaive,-0.041510207964222945
427,traffic,ensemble_top10_mean,ensemble,TSMixer,relative_mCE_snaive,-0.04173173862082452
428,traffic,ensemble_top10_mean,ensemble,TSMixer,err_clean,-0.049632974129915186
429,traffic,ensemble_top10_mean,ensemble,TSMixer,tau_mean,0.05763730919770893
430,traffic,ensemble_top5_mean,ensemble,DLinear,MSE_test,-0.0016473246872424907
431,traffic,ensemble_top5_mean,ensemble,DLinear,MSE_w,-0.002985426014661785
432,traffic,ensemble_top5_mean,ensemble,DLinear,D_w,-0.0015326400426753928
433,traffic,ensemble_top5_mean,ensemble,DLinear,D_mean,0.00020771049339973757
434,traffic,ensemble_top5_mean,ensemble,DLinear,err_pert_ws,-0.002985426014661785
435,traffic,ensemble_top5_mean,ensemble,DLinear,err_pert_mean,-0.0016394001230597421
436,traffic,ensemble_top5_mean,ensemble,DLinear,mCE_snaive,-0.0011769437210836786
437,traffic,ensemble_top5_mean,ensemble,DLinear,relative_mCE_snaive,-0.001163530413122782
438,traffic,ensemble_top5_mean,ensemble,DLinear,err_clean,-0.0016473246872424907
439,traffic,ensemble_top5_mean,ensemble,DLinear,tau_mean,0.0016394001230597421
440,traffic,fa_profholdout_simple_mix0.75_sev0.75_frac0.25,fault_augmentation,GRU,MSE_test,-0.03209945266842851
441,traffic,fa_profholdout_simple_mix0.75_sev0.75_frac0.25,fault_augmentation,GRU,MSE_w,-0.01319795200824736
442,traffic,fa_profholdout_simple_mix0.75_sev0.75_frac0.25,fault_augmentation,GRU,D_w,0.0403611498835752
443,traffic,fa_profholdout_simple_mix0.75_sev0.75_frac0.25,fault_augmentation,GRU,D_mean,0.00741874875647075
444,traffic,fa_profholdout_simple_mix0.75_sev0.75_frac0.25,fault_augmentation,GRU,err_pert_ws,-0.01319795200824736
445,traffic,fa_profholdout_simple_mix0.75_sev0.75_frac0.25,fault_augmentation,GRU,err_pert_mean,-0.029222921890392883
446,traffic,fa_profholdout_simple_mix0.75_sev0.75_frac0.25,fault_augmentation,GRU,mCE_snaive,-0.02145060276313171
447,traffic,fa_profholdout_simple_mix0.75_sev0.75_frac0.25,fault_augmentation,GRU,relative_mCE_snaive,-0.02109023687345768
448,traffic,fa_profholdout_simple_mix0.75_sev0.75_frac0.25,fault_augmentation,GRU,err_clean,-0.03209945266842851
449,traffic,fa_profholdout_simple_mix0.75_sev0.75_frac0.25,fault_augmentation,GRU,tau_mean,0.029222921890392883
450,traffic,fa_profholdout_varying_mix1.0_sev1.0_frac0.1,fault_augmentation,PatchTST,MSE_test,0.000685964864492461
451,traffic,fa_profholdout_varying_mix1.0_sev1.0_frac0.1,fault_augmentation,PatchTST,MSE_w,-0.07752730439752342
452,traffic,fa_profholdout_varying_mix1.0_sev1.0_frac0.1,fault_augmentation,PatchTST,D_w,-0.17350052827828955
453,traffic,fa_profholdout_varying_mix1.0_sev1.0_frac0.1,fault_augmentation,PatchTST,D_mean,-0.06074766789478936
454,traffic,fa_profholdout_varying_mix1.0_sev1.0_frac0.1,fault_augmentation,PatchTST,err_pert_ws,-0.07752730439752342
455,traffic,fa_profholdout_varying_mix1.0_sev1.0_frac0.1,fault_augmentation,PatchTST,err_pert_mean,-0.026658085337840087
456,traffic,fa_profholdout_varying_mix1.0_sev1.0_frac0.1,fault_augmentation,PatchTST,mCE_snaive,-0.017983358554148177
457,traffic,fa_profholdout_varying_mix1.0_sev1.0_frac0.1,fault_augmentation,PatchTST,relative_mCE_snaive,-0.01972057539351424
458,traffic,fa_profholdout_varying_mix1.0_sev1.0_frac0.1,fault_augmentation,PatchTST,err_clean,0.000685964864492461
459,traffic,fa_profholdout_varying_mix1.0_sev1.0_frac0.1,fault_augmentation,PatchTST,tau_mean,0.026658085337840087
460,traffic,fa_profholdout_varying_mix0.75_sev0.75_frac0.1,fault_augmentation,ModernTCN,MSE_test,0.019397081658244164
461,traffic,fa_profholdout_varying_mix0.75_sev0.75_frac0.1,fault_augmentation,ModernTCN,MSE_w,0.012263695582747536
462,traffic,fa_profholdout_varying_mix0.75_sev0.75_frac0.1,fault_augmentation,ModernTCN,D_w,-0.020666548978258925
463,traffic,fa_profholdout_varying_mix0.75_sev0.75_frac0.1,fault_augmentation,ModernTCN,D_mean,-0.022416381916497308
464,traffic,fa_profholdout_varying_mix0.75_sev0.75_frac0.1,fault_augmentation,ModernTCN,err_pert_ws,0.012263695582747536
465,traffic,fa_profholdout_varying_mix0.75_sev0.75_frac0.1,fault_augmentation,ModernTCN,err_pert_mean,0.008234320943802498
466,traffic,fa_profholdout_varying_mix0.75_sev0.75_frac0.1,fault_augmentation,ModernTCN,mCE_snaive,0.00615567262815353
467,traffic,fa_profholdout_varying_mix0.75_sev0.75_frac0.1,fault_augmentation,ModernTCN,relative_mCE_snaive,0.005247936040526535
468,traffic,fa_profholdout_varying_mix0.75_sev0.75_frac0.1,fault_augmentation,ModernTCN,err_clean,0.019397081658244164
469,traffic,fa_profholdout_varying_mix0.75_sev0.75_frac0.1,fault_augmentation,ModernTCN,tau_mean,-0.008234320943802498
470,traffic,fa_profholdout_simple_mix1.0_sev0.75_frac0.1,fault_augmentation,TSMixer,MSE_test,-0.0518803264051676
471,traffic,fa_profholdout_simple_mix1.0_sev0.75_frac0.1,fault_augmentation,TSMixer,MSE_w,-0.04959883019030098
472,traffic,fa_profholdout_simple_mix1.0_sev0.75_frac0.1,fault_augmentation,TSMixer,D_w,0.029913495420386127
473,traffic,fa_profholdout_simple_mix1.0_sev0.75_frac0.1,fault_augmentation,TSMixer,D_mean,0.022196599215381196
474,traffic,fa_profholdout_simple_mix1.0_sev0.75_frac0.1,fault_augmentation,TSMixer,err_pert_ws,-0.04959883019030098
475,traffic,fa_profholdout_simple_mix1.0_sev0.75_frac0.1,fault_augmentation,TSMixer,err_pert_mean,-0.04490800673216566
476,traffic,fa_profholdout_simple_mix1.0_sev0.75_frac0.1,fault_augmentation,TSMixer,mCE_snaive,-0.032503292489020785
477,traffic,fa_profholdout_simple_mix1.0_sev0.75_frac0.1,fault_augmentation,TSMixer,relative_mCE_snaive,-0.03164695140589818
478,traffic,fa_profholdout_simple_mix1.0_sev0.75_frac0.1,fault_augmentation,TSMixer,err_clean,-0.0518803264051676
479,traffic,fa_profholdout_simple_mix1.0_sev0.75_frac0.1,fault_augmentation,TSMixer,tau_mean,0.04490800673216566
480,traffic,fa_profholdout_varying_mix0.75_sev0.75_frac0.1,fault_augmentation,DLinear,MSE_test,0.00027524074316020997
481,traffic,fa_profholdout_varying_mix0.75_sev0.75_frac0.1,fault_augmentation,DLinear,MSE_w,-0.00023162043094637763
482,traffic,fa_profholdout_varying_mix0.75_sev0.75_frac0.1,fault_augmentation,DLinear,D_w,-0.000811384663680581
483,traffic,fa_profholdout_varying_mix0.75_sev0.75_frac0.1,fault_augmentation,DLinear,D_mean,-0.0003318351473857728
484,traffic,fa_profholdout_varying_mix0.75_sev0.75_frac0.1,fault_augmentation,DLinear,err_pert_ws,-0.00023162043094637763
485,traffic,fa_profholdout_varying_mix0.75_sev0.75_frac0.1,fault_augmentation,DLinear,err_pert_mean,7.039495408533991e-05
486,traffic,fa_profholdout_varying_mix0.75_sev0.75_frac0.1,fault_augmentation,DLinear,mCE_snaive,5.965148676267962e-05
487,traffic,fa_profholdout_varying_mix0.75_sev0.75_frac0.1,fault_augmentation,DLinear,relative_mCE_snaive,4.461249277354362e-05
488,traffic,fa_profholdout_varying_mix0.75_sev0.75_frac0.1,fault_augmentation,DLinear,err_clean,0.00027524074316020997
489,traffic,fa_profholdout_varying_mix0.75_sev0.75_frac0.1,fault_augmentation,DLinear,tau_mean,-7.039495408533991e-05
490,traffic,rt_spaceraw_std0.3_channelscontinuous,randomized_training,GRU,MSE_test,-0.025510109034180717
491,traffic,rt_spaceraw_std0.3_channelscontinuous,randomized_training,GRU,MSE_w,-0.011670540186762834
492,traffic,rt_spaceraw_std0.3_channelscontinuous,randomized_training,GRU,D_w,0.030087310803996292
493,traffic,rt_spaceraw_std0.3_channelscontinuous,randomized_training,GRU,D_mean,0.005117696390918747
494,traffic,rt_spaceraw_std0.3_channelscontinuous,randomized_training,GRU,err_pert_ws,-0.011670540186762834
495,traffic,rt_spaceraw_std0.3_channelscontinuous,randomized_training,GRU,err_pert_mean,-0.02373039844483127
496,traffic,rt_spaceraw_std0.3_channelscontinuous,randomized_training,GRU,mCE_snaive,-0.017352092954236453
497,traffic,rt_spaceraw_std0.3_channelscontinuous,randomized_training,GRU,relative_mCE_snaive,-0.01709210506370018
498,traffic,rt_spaceraw_std0.3_channelscontinuous,randomized_training,GRU,err_clean,-0.025510109034180717
499,traffic,rt_spaceraw_std0.3_channelscontinuous,randomized_training,GRU,tau_mean,0.02373039844483127
500,traffic,arl_alo0.001_ainit1.0_slo0.01_sinit1.0,adaptive_robust_loss,PatchTST,MSE_test,0.08915550584644083
501,traffic,arl_alo0.001_ainit1.0_slo0.01_sinit1.0,adaptive_robust_loss,PatchTST,MSE_w,0.10221831422597172
502,traffic,arl_alo0.001_ainit1.0_slo0.01_sinit1.0,adaptive_robust_loss,PatchTST,D_w,-0.08714283585130822
503,traffic,arl_alo0.001_ainit1.0_slo0.01_sinit1.0,adaptive_robust_loss,PatchTST,D_mean,-0.04796012548159112
504,traffic,arl_alo0.001_ainit1.0_slo0.01_sinit1.0,adaptive_robust_loss,PatchTST,err_pert_ws,0.10221831422597172
505,traffic,arl_alo0.001_ainit1.0_slo0.01_sinit1.0,adaptive_robust_loss,PatchTST,err_pert_mean,0.08956660266388206
506,traffic,arl_alo0.001_ainit1.0_slo0.01_sinit1.0,adaptive_robust_loss,PatchTST,mCE_snaive,0.06474025386069998
507,traffic,arl_alo0.001_ainit1.0_slo0.01_sinit1.0,adaptive_robust_loss,PatchTST,relative_mCE_snaive,0.06417148021342667
508,traffic,arl_alo0.001_ainit1.0_slo0.01_sinit1.0,adaptive_robust_loss,PatchTST,err_clean,0.08915550584644083
509,traffic,arl_alo0.001_ainit1.0_slo0.01_sinit1.0,adaptive_robust_loss,PatchTST,tau_mean,-0.08956660266388206
510,traffic,arl_alo0.001_ainit1.0_slo1e-05_sinit0.1,adaptive_robust_loss,ModernTCN,MSE_test,0.09344776589274406
511,traffic,arl_alo0.001_ainit1.0_slo1e-05_sinit0.1,adaptive_robust_loss,ModernTCN,MSE_w,0.0998067534983158
512,traffic,arl_alo0.001_ainit1.0_slo1e-05_sinit0.1,adaptive_robust_loss,ModernTCN,D_w,-0.027603251646868054
513,traffic,arl_alo0.001_ainit1.0_slo1e-05_sinit0.1,adaptive_robust_loss,ModernTCN,D_mean,-0.00033585627423970976
514,traffic,arl_alo0.001_ainit1.0_slo1e-05_sinit0.1,adaptive_robust_loss,ModernTCN,err_pert_ws,0.0998067534983158
515,traffic,arl_alo0.001_ainit1.0_slo1e-05_sinit0.1,adaptive_robust_loss,ModernTCN,err_pert_mean,0.1036303699765353
516,traffic,arl_alo0.001_ainit1.0_slo1e-05_sinit0.1,adaptive_robust_loss,ModernTCN,mCE_snaive,0.07526849446560346
517,traffic,arl_alo0.001_ainit1.0_slo1e-05_sinit0.1,adaptive_robust_loss,ModernTCN,relative_mCE_snaive,0.07546348527504676
518,traffic,arl_alo0.001_ainit1.0_slo1e-05_sinit0.1,adaptive_robust_loss,ModernTCN,err_clean,0.09344776589274406
519,traffic,arl_alo0.001_ainit1.0_slo1e-05_sinit0.1,adaptive_robust_loss,ModernTCN,tau_mean,-0.1036303699765353
520,traffic,advtrain_eps0.05_steps5_alpha0.02_channelsall,adversarial_training,PatchTST,MSE_test,-0.015702169558405865
521,traffic,advtrain_eps0.05_steps5_alpha0.02_channelsall,adversarial_training,PatchTST,MSE_w,0.0013665175586938805
522,traffic,advtrain_eps0.05_steps5_alpha0.02_channelsall,adversarial_training,PatchTST,D_w,0.06334485834542813
523,traffic,advtrain_eps0.05_steps5_alpha0.02_channelsall,adversarial_training,PatchTST,D_mean,0.009486477593571685
524,traffic,advtrain_eps0.05_steps5_alpha0.02_channelsall,adversarial_training,PatchTST,err_pert_ws,0.0013665175586938805
525,traffic,advtrain_eps0.05_steps5_alpha0.02_channelsall,adversarial_training,PatchTST,err_pert_mean,-0.016205856613069725
526,traffic,advtrain_eps0.05_steps5_alpha0.02_channelsall,adversarial_training,PatchTST,mCE_snaive,-0.011997880487931045
527,traffic,advtrain_eps0.05_steps5_alpha0.02_channelsall,adversarial_training,PatchTST,relative_mCE_snaive,-0.011985818657345382
528,traffic,advtrain_eps0.05_steps5_alpha0.02_channelsall,adversarial_training,PatchTST,err_clean,-0.015702169558405865
529,traffic,advtrain_eps0.05_steps5_alpha0.02_channelsall,adversarial_training,PatchTST,tau_mean,0.016205856613069725
530,traffic,advtrain_eps0.1_steps5_alpha0.02_channelsall,adversarial_training,ModernTCN,MSE_test,0.006373629975318873
531,traffic,advtrain_eps0.1_steps5_alpha0.02_channelsall,adversarial_training,ModernTCN,MSE_w,-0.008565266525745296
532,traffic,advtrain_eps0.1_steps5_alpha0.02_channelsall,adversarial_training,ModernTCN,D_w,-0.028609124541091324
533,traffic,advtrain_eps0.1_steps5_alpha0.02_channelsall,adversarial_training,ModernTCN,D_mean,-0.016790818637551608
534,traffic,advtrain_eps0.1_steps5_alpha0.02_channelsall,adversarial_training,ModernTCN,err_pert_ws,-0.008565266525745296
535,traffic,advtrain_eps0.1_steps5_alpha0.02_channelsall,adversarial_training,ModernTCN,err_pert_mean,-0.0026773488938809376
536,traffic,advtrain_eps0.1_steps5_alpha0.02_channelsall,adversarial_training,ModernTCN,mCE_snaive,-0.0017712984832402023
537,traffic,advtrain_eps0.1_steps5_alpha0.02_channelsall,adversarial_training,ModernTCN,relative_mCE_snaive,-0.0024450238154216652
538,traffic,advtrain_eps0.1_steps5_alpha0.02_channelsall,adversarial_training,ModernTCN,err_clean,0.006373629975318873
539,traffic,advtrain_eps0.1_steps5_alpha0.02_channelsall,adversarial_training,ModernTCN,tau_mean,0.0026773488938809376
540,traffic,arl_alo0.001_ainit1.5_slo0.001_sinit0.1,adaptive_robust_loss,GRU,MSE_test,0.04871514662206167
541,traffic,arl_alo0.001_ainit1.5_slo0.001_sinit0.1,adaptive_robust_loss,GRU,MSE_w,0.023829249638319006
542,traffic,arl_alo0.001_ainit1.5_slo0.001_sinit0.1,adaptive_robust_loss,GRU,D_w,-0.049961036513844315
543,traffic,arl_alo0.001_ainit1.5_slo0.001_sinit0.1,adaptive_robust_loss,GRU,D_mean,-0.004909683861383796
544,traffic,arl_alo0.001_ainit1.5_slo0.001_sinit0.1,adaptive_robust_loss,GRU,err_pert_ws,0.023829249638319006
545,traffic,arl_alo0.001_ainit1.5_slo0.001_sinit0.1,adaptive_robust_loss,GRU,err_pert_mean,0.04835941821001477
546,traffic,arl_alo0.001_ainit1.5_slo0.001_sinit0.1,adaptive_robust_loss,GRU,mCE_snaive,0.03545772580192985
547,traffic,arl_alo0.001_ainit1.5_slo0.001_sinit0.1,adaptive_robust_loss,GRU,relative_mCE_snaive,0.035209047796352366
548,traffic,arl_alo0.001_ainit1.5_slo0.001_sinit0.1,adaptive_robust_loss,GRU,err_clean,0.04871514662206167
549,traffic,arl_alo0.001_ainit1.5_slo0.001_sinit0.1,adaptive_robust_loss,GRU,tau_mean,-0.04835941821001477
550,traffic,rt_spaceraw_std0.1_channelscontinuous,randomized_training,PatchTST,MSE_test,-0.0026826118633150875
551,traffic,rt_spaceraw_std0.1_channelscontinuous,randomized_training,PatchTST,MSE_w,0.009931014654040338
552,traffic,rt_spaceraw_std0.1_channelscontinuous,randomized_training,PatchTST,D_w,0.03205431892575539
553,traffic,rt_spaceraw_std0.1_channelscontinuous,randomized_training,PatchTST,D_mean,0.00873313175914614
554,traffic,rt_spaceraw_std0.1_channelscontinuous,randomized_training,PatchTST,err_pert_ws,0.009931014654040338
555,traffic,rt_spaceraw_std0.1_channelscontinuous,randomized_training,PatchTST,err_pert_mean,0.00045374593064184676
556,traffic,rt_spaceraw_std0.1_channelscontinuous,randomized_training,PatchTST,mCE_snaive,0.00015700166239207558
557,traffic,rt_spaceraw_std0.1_channelscontinuous,randomized_training,PatchTST,relative_mCE_snaive,0.00037176594962518017
558,traffic,rt_spaceraw_std0.1_channelscontinuous,randomized_training,PatchTST,err_clean,-0.0026826118633150875
559,traffic,rt_spaceraw_std0.1_channelscontinuous,randomized_training,PatchTST,tau_mean,-0.00045374593064184676
560,traffic,arl_alo0.001_ainit1.0_slo1e-05_sinit1.0,adaptive_robust_loss,TSMixer,MSE_test,0.04009396711587909
561,traffic,arl_alo0.001_ainit1.0_slo1e-05_sinit1.0,adaptive_robust_loss,TSMixer,MSE_w,0.07229348771572108
562,traffic,arl_alo0.001_ainit1.0_slo1e-05_sinit1.0,adaptive_robust_loss,TSMixer,D_w,0.030673155014707243
563,traffic,arl_alo0.001_ainit1.0_slo1e-05_sinit1.0,adaptive_robust_loss,TSMixer,D_mean,0.034072754276140316
564,traffic,arl_alo0.001_ainit1.0_slo1e-05_sinit1.0,adaptive_robust_loss,TSMixer,err_pert_ws,0.07229348771572108
565,traffic,arl_alo0.001_ainit1.0_slo1e-05_sinit1.0,adaptive_robust_loss,TSMixer,err_pert_mean,0.06749653634130959
566,traffic,arl_alo0.001_ainit1.0_slo1e-05_sinit1.0,adaptive_robust_loss,TSMixer,mCE_snaive,0.04839018037152942
567,traffic,arl_alo0.001_ainit1.0_slo1e-05_sinit1.0,adaptive_robust_loss,TSMixer,relative_mCE_snaive,0.05005220195204085
568,traffic,arl_alo0.001_ainit1.0_slo1e-05_sinit1.0,adaptive_robust_loss,TSMixer,err_clean,0.04009396711587909
569,traffic,arl_alo0.001_ainit1.0_slo1e-05_sinit1.0,adaptive_robust_loss,TSMixer,tau_mean,-0.06749653634130959
570,traffic,arl_alo0.001_ainit1.9_slo0.01_sinit0.1,adaptive_robust_loss,DLinear,MSE_test,0.1032013822674751
571,traffic,arl_alo0.001_ainit1.9_slo0.01_sinit0.1,adaptive_robust_loss,DLinear,MSE_w,0.2009999798864126
572,traffic,arl_alo0.001_ainit1.9_slo0.01_sinit0.1,adaptive_robust_loss,DLinear,D_w,0.10097077810524491
573,traffic,arl_alo0.001_ainit1.9_slo0.01_sinit0.1,adaptive_robust_loss,DLinear,D_mean,0.046158801078536316
574,traffic,arl_alo0.001_ainit1.9_slo0.01_sinit0.1,adaptive_robust_loss,DLinear,err_pert_ws,0.2009999798864126
575,traffic,arl_alo0.001_ainit1.9_slo0.01_sinit0.1,adaptive_robust_loss,DLinear,err_pert_mean,0.14794751537814732
576,traffic,arl_alo0.001_ainit1.9_slo0.01_sinit0.1,adaptive_robust_loss,DLinear,mCE_snaive,0.10584545038612836
577,traffic,arl_alo0.001_ainit1.9_slo0.01_sinit0.1,adaptive_robust_loss,DLinear,relative_mCE_snaive,0.10820060937631193
578,traffic,arl_alo0.001_ainit1.9_slo0.01_sinit0.1,adaptive_robust_loss,DLinear,err_clean,0.1032013822674751
579,traffic,arl_alo0.001_ainit1.9_slo0.01_sinit0.1,adaptive_robust_loss,DLinear,tau_mean,-0.14794751537814732
580,traffic,advtrain_eps0.2_steps7_alpha0.02_channelsall,adversarial_training,GRU,MSE_test,-0.0300110821187497
581,traffic,advtrain_eps0.2_steps7_alpha0.02_channelsall,adversarial_training,GRU,MSE_w,-0.04070345359444616
582,traffic,advtrain_eps0.2_steps7_alpha0.02_channelsall,adversarial_training,GRU,D_w,-0.003124146790166149
583,traffic,advtrain_eps0.2_steps7_alpha0.02_channelsall,adversarial_training,GRU,D_mean,-0.011064268464802574
584,traffic,advtrain_eps0.2_steps7_alpha0.02_channelsall,adversarial_training,GRU,err_pert_ws,-0.04070345359444616
585,traffic,advtrain_eps0.2_steps7_alpha0.02_channelsall,adversarial_training,GRU,err_pert_mean,-0.03983757420778267
586,traffic,advtrain_eps0.2_steps7_alpha0.02_channelsall,adversarial_training,GRU,mCE_snaive,-0.02865204833072399
587,traffic,advtrain_eps0.2_steps7_alpha0.02_channelsall,adversarial_training,GRU,relative_mCE_snaive,-0.029142241926914614
588,traffic,advtrain_eps0.2_steps7_alpha0.02_channelsall,adversarial_training,GRU,err_clean,-0.0300110821187497
589,traffic,advtrain_eps0.2_steps7_alpha0.02_channelsall,adversarial_training,GRU,tau_mean,0.03983757420778267
590,traffic,advtrain_eps0.05_steps7_alpha0.02_channelsall,adversarial_training,TSMixer,MSE_test,-0.061209963914751975
591,traffic,advtrain_eps0.05_steps7_alpha0.02_channelsall,adversarial_training,TSMixer,MSE_w,-0.03148900152146816
592,traffic,advtrain_eps0.05_steps7_alpha0.02_channelsall,adversarial_training,TSMixer,D_w,0.08332309378957636
593,traffic,advtrain_eps0.05_steps7_alpha0.02_channelsall,adversarial_training,TSMixer,D_mean,0.010135187556872705
594,traffic,advtrain_eps0.05_steps7_alpha0.02_channelsall,adversarial_training,TSMixer,err_pert_ws,-0.03148900152146816
595,traffic,advtrain_eps0.05_steps7_alpha0.02_channelsall,adversarial_training,TSMixer,err_pert_mean,-0.06237208262719207
596,traffic,advtrain_eps0.05_steps7_alpha0.02_channelsall,adversarial_training,TSMixer,mCE_snaive,-0.045443538091143765
597,traffic,advtrain_eps0.05_steps7_alpha0.02_channelsall,adversarial_training,TSMixer,relative_mCE_snaive,-0.04518927500159936
598,traffic,advtrain_eps0.05_steps7_alpha0.02_channelsall,adversarial_training,TSMixer,err_clean,-0.061209963914751975
599,traffic,advtrain_eps0.05_steps7_alpha0.02_channelsall,adversarial_training,TSMixer,tau_mean,0.06237208262719207
600,traffic,advtrain_eps0.05_steps3_alpha0.02_channelsall,adversarial_training,DLinear,MSE_test,-0.0006023571759462554
601,traffic,advtrain_eps0.05_steps3_alpha0.02_channelsall,adversarial_training,DLinear,MSE_w,-0.0019964214503765954
602,traffic,advtrain_eps0.05_steps3_alpha0.02_channelsall,adversarial_training,DLinear,D_w,-0.001882617457949154
603,traffic,advtrain_eps0.05_steps3_alpha0.02_channelsall,adversarial_training,DLinear,D_mean,-0.000841215303678311
604,traffic,advtrain_eps0.05_steps3_alpha0.02_channelsall,adversarial_training,DLinear,err_pert_ws,-0.0019964214503765954
605,traffic,advtrain_eps0.05_steps3_alpha0.02_channelsall,adversarial_training,DLinear,err_pert_mean,-0.0012265897970646922
606,traffic,advtrain_eps0.05_steps3_alpha0.02_channelsall,adversarial_training,DLinear,mCE_snaive,-0.000867448618881772
607,traffic,advtrain_eps0.05_steps3_alpha0.02_channelsall,adversarial_training,DLinear,relative_mCE_snaive,-0.0009050032076809433
608,traffic,advtrain_eps0.05_steps3_alpha0.02_channelsall,adversarial_training,DLinear,err_clean,-0.0006023571759462554
609,traffic,advtrain_eps0.05_steps3_alpha0.02_channelsall,adversarial_training,DLinear,tau_mean,0.0012265897970646922
610,traffic,rt_spaceraw_std0.1_channelscontinuous,randomized_training,TSMixer,MSE_test,-0.05418359325528144
611,traffic,rt_spaceraw_std0.1_channelscontinuous,randomized_training,TSMixer,MSE_w,-0.04700394418239595
612,traffic,rt_spaceraw_std0.1_channelscontinuous,randomized_training,TSMixer,D_w,0.03968503307957638
613,traffic,rt_spaceraw_std0.1_channelscontinuous,randomized_training,TSMixer,D_mean,0.019380821090734912
614,traffic,rt_spaceraw_std0.1_channelscontinuous,randomized_training,TSMixer,err_pert_ws,-0.04700394418239595
615,traffic,rt_spaceraw_std0.1_channelscontinuous,randomized_training,TSMixer,err_pert_mean,-0.049147039559856
616,traffic,rt_spaceraw_std0.1_channelscontinuous,randomized_training,TSMixer,mCE_snaive,-0.03557988220895891
617,traffic,rt_spaceraw_std0.1_channelscontinuous,randomized_training,TSMixer,relative_mCE_snaive,-0.03485183368551992
618,traffic,rt_spaceraw_std0.1_channelscontinuous,randomized_training,TSMixer,err_clean,-0.05418359325528144
619,traffic,rt_spaceraw_std0.1_channelscontinuous,randomized_training,TSMixer,tau_mean,0.049147039559856
620,traffic,rt_spaceraw_std0.1_channelscontinuous,randomized_training,DLinear,MSE_test,0.0005481495440006201
621,traffic,rt_spaceraw_std0.1_channelscontinuous,randomized_training,DLinear,MSE_w,-0.0005311739563942375
622,traffic,rt_spaceraw_std0.1_channelscontinuous,randomized_training,DLinear,D_w,-0.0017172874067441501
623,traffic,rt_spaceraw_std0.1_channelscontinuous,randomized_training,DLinear,D_mean,-0.0009117171451307193
624,traffic,rt_spaceraw_std0.1_channelscontinuous,randomized_training,DLinear,err_pert_ws,-0.0005311739563942375
625,traffic,rt_spaceraw_std0.1_channelscontinuous,randomized_training,DLinear,err_pert_mean,-3.182641565802058e-05
626,traffic,rt_spaceraw_std0.1_channelscontinuous,randomized_training,DLinear,mCE_snaive,-3.100556635993179e-06
627,traffic,rt_spaceraw_std0.1_channelscontinuous,randomized_training,DLinear,relative_mCE_snaive,-4.51414885432877e-05
628,traffic,rt_spaceraw_std0.1_channelscontinuous,randomized_training,DLinear,err_clean,0.0005481495440006201
629,traffic,rt_spaceraw_std0.1_channelscontinuous,randomized_training,DLinear,tau_mean,3.182641565802058e-05
630,traffic,revin_affineTrue_eps1e-5,revin,ModernTCN,MSE_test,-0.05755800532400612
631,traffic,revin_affineTrue_eps1e-5,revin,ModernTCN,MSE_w,0.10222555986642845
632,traffic,revin_affineTrue_eps1e-5,revin,ModernTCN,D_w,0.3383629664010559
633,traffic,revin_affineTrue_eps1e-5,revin,ModernTCN,D_mean,0.12778867392177085
634,traffic,revin_affineTrue_eps1e-5,revin,ModernTCN,err_pert_ws,0.10222555986642845
635,traffic,revin_affineTrue_eps1e-5,revin,ModernTCN,err_pert_mean,0.002147933008894265
636,traffic,revin_affineTrue_eps1e-5,revin,ModernTCN,mCE_snaive,-0.0006987885843985353
637,traffic,revin_affineTrue_eps1e-5,revin,ModernTCN,relative_mCE_snaive,0.0036081032880879715
638,traffic,revin_affineTrue_eps1e-5,revin,ModernTCN,err_clean,-0.05755800532400612
639,traffic,revin_affineTrue_eps1e-5,revin,ModernTCN,tau_mean,-0.002147933008894265
640,traffic,rt_spaceraw_std0.1_channelscontinuous,randomized_training,ModernTCN,MSE_test,0.04926636690795416
641,traffic,rt_spaceraw_std0.1_channelscontinuous,randomized_training,ModernTCN,MSE_w,0.03374146954119206
642,traffic,rt_spaceraw_std0.1_channelscontinuous,randomized_training,ModernTCN,D_w,-0.045824732927780776
643,traffic,rt_spaceraw_std0.1_channelscontinuous,randomized_training,ModernTCN,D_mean,-0.032366905181468564
644,traffic,rt_spaceraw_std0.1_channelscontinuous,randomized_training,ModernTCN,err_pert_ws,0.03374146954119206
645,traffic,rt_spaceraw_std0.1_channelscontinuous,randomized_training,ModernTCN,err_pert_mean,0.03454930773265641
646,traffic,rt_spaceraw_std0.1_channelscontinuous,randomized_training,ModernTCN,mCE_snaive,0.025217043129330263
647,traffic,rt_spaceraw_std0.1_channelscontinuous,randomized_training,ModernTCN,relative_mCE_snaive,0.023852841925689483
648,traffic,rt_spaceraw_std0.1_channelscontinuous,randomized_training,ModernTCN,err_clean,0.04926636690795416
649,traffic,rt_spaceraw_std0.1_channelscontinuous,randomized_training,ModernTCN,tau_mean,-0.03454930773265641
650,traffic,revin_affineFalse_eps1e-5,revin,GRU,MSE_test,-0.08797405438721184
651,traffic,revin_affineFalse_eps1e-5,revin,GRU,MSE_w,0.044928438645601254
652,traffic,revin_affineFalse_eps1e-5,revin,GRU,D_w,0.24738660157301617
653,traffic,revin_affineFalse_eps1e-5,revin,GRU,D_mean,0.10477444130026559
654,traffic,revin_affineFalse_eps1e-5,revin,GRU,err_pert_ws,0.044928438645601254
655,traffic,revin_affineFalse_eps1e-5,revin,GRU,err_pert_mean,-0.02733939698673782
656,traffic,revin_affineFalse_eps1e-5,revin,GRU,mCE_snaive,-0.021664060726386714
657,traffic,revin_affineFalse_eps1e-5,revin,GRU,relative_mCE_snaive,-0.017006230419206347
658,traffic,revin_affineFalse_eps1e-5,revin,GRU,err_clean,-0.08797405438721184
659,traffic,revin_affineFalse_eps1e-5,revin,GRU,tau_mean,0.02733939698673782
660,traffic,revin_affineFalse_eps1e-5,revin,TSMixer,MSE_test,-0.10077510966956615
661,traffic,revin_affineFalse_eps1e-5,revin,TSMixer,MSE_w,0.05367417785227302
662,traffic,revin_affineFalse_eps1e-5,revin,TSMixer,D_w,0.3464943769625435
663,traffic,revin_affineFalse_eps1e-5,revin,TSMixer,D_mean,0.13401522627606188
664,traffic,revin_affineFalse_eps1e-5,revin,TSMixer,err_pert_ws,0.05367417785227302
665,traffic,revin_affineFalse_eps1e-5,revin,TSMixer,err_pert_mean,-0.04115921471789474
666,traffic,revin_affineFalse_eps1e-5,revin,TSMixer,mCE_snaive,-0.031770604918587575
667,traffic,revin_affineFalse_eps1e-5,revin,TSMixer,relative_mCE_snaive,-0.027134454502194427
668,traffic,revin_affineFalse_eps1e-5,revin,TSMixer,err_clean,-0.10077510966956615
669,traffic,revin_affineFalse_eps1e-5,revin,TSMixer,tau_mean,0.04115921471789474
670,traffic,revin_affineTrue_eps1e-5,revin,DLinear,MSE_test,-0.007531134986877519
671,traffic,revin_affineTrue_eps1e-5,revin,DLinear,MSE_w,0.08232004712522023
672,traffic,revin_affineTrue_eps1e-5,revin,DLinear,D_w,0.13470323885842195
673,traffic,revin_affineTrue_eps1e-5,revin,DLinear,D_mean,0.042335970246583976
674,traffic,revin_affineTrue_eps1e-5,revin,DLinear,err_pert_ws,0.08232004712522023
675,traffic,revin_affineTrue_eps1e-5,revin,DLinear,err_pert_mean,0.020515069327875946
676,traffic,revin_affineTrue_eps1e-5,revin,DLinear,mCE_snaive,0.013908720153621879
677,traffic,revin_affineTrue_eps1e-5,revin,DLinear,relative_mCE_snaive,0.015829022478970556
678,traffic,revin_affineTrue_eps1e-5,revin,DLinear,err_clean,-0.007531134986877519
679,traffic,revin_affineTrue_eps1e-5,revin,DLinear,tau_mean,-0.020515069327875946
680,BeijingAir_Tiantan,rs_backbonebaseline_std0.25_samples30_alpha0.25,randomized_smoothing,ModernTCN,MSE_test,0.0073345866876537436
681,BeijingAir_Tiantan,rs_backbonebaseline_std0.25_samples30_alpha0.25,randomized_smoothing,ModernTCN,MSE_w,0.008099285688970115
682,BeijingAir_Tiantan,rs_backbonebaseline_std0.25_samples30_alpha0.25,randomized_smoothing,ModernTCN,D_w,-0.009458436375301194
683,BeijingAir_Tiantan,rs_backbonebaseline_std0.25_samples30_alpha0.25,randomized_smoothing,ModernTCN,D_mean,-0.006203424709382288
684,BeijingAir_Tiantan,rs_backbonebaseline_std0.25_samples30_alpha0.25,randomized_smoothing,ModernTCN,err_pert_ws,0.008099285688970115
685,BeijingAir_Tiantan,rs_backbonebaseline_std0.25_samples30_alpha0.25,randomized_smoothing,ModernTCN,err_pert_mean,0.006783249652141443
686,BeijingAir_Tiantan,rs_backbonebaseline_std0.25_samples30_alpha0.25,randomized_smoothing,ModernTCN,mCE_snaive,0.01696094154665584
687,BeijingAir_Tiantan,rs_backbonebaseline_std0.25_samples30_alpha0.25,randomized_smoothing,ModernTCN,relative_mCE_snaive,0.016610844794895163
688,BeijingAir_Tiantan,rs_backbonebaseline_std0.25_samples30_alpha0.25,randomized_smoothing,ModernTCN,err_clean,0.0073345866876537436
689,BeijingAir_Tiantan,rs_backbonebaseline_std0.25_samples30_alpha0.25,randomized_smoothing,ModernTCN,tau_mean,-0.006783249652141443
690,BeijingAir_Tiantan,rs_backbonebaseline_std0.25_samples30_alpha0.25,randomized_smoothing,GRU,MSE_test,0.0017876474108124984
691,BeijingAir_Tiantan,rs_backbonebaseline_std0.25_samples30_alpha0.25,randomized_smoothing,GRU,MSE_w,0.0023106817502586696
692,BeijingAir_Tiantan,rs_backbonebaseline_std0.25_samples30_alpha0.25,randomized_smoothing,GRU,D_w,0.0002619852376246623
693,BeijingAir_Tiantan,rs_backbonebaseline_std0.25_samples30_alpha0.25,randomized_smoothing,GRU,D_mean,-0.0010910198986704422
694,BeijingAir_Tiantan,rs_backbonebaseline_std0.25_samples30_alpha0.25,randomized_smoothing,GRU,err_pert_ws,0.0023106817502586696
695,BeijingAir_Tiantan,rs_backbonebaseline_std0.25_samples30_alpha0.25,randomized_smoothing,GRU,err_pert_mean,0.0017017961525747083
696,BeijingAir_Tiantan,rs_backbonebaseline_std0.25_samples30_alpha0.25,randomized_smoothing,GRU,mCE_snaive,0.004305028844285408
697,BeijingAir_Tiantan,rs_backbonebaseline_std0.25_samples30_alpha0.25,randomized_smoothing,GRU,relative_mCE_snaive,0.004239267095003663
698,BeijingAir_Tiantan,rs_backbonebaseline_std0.25_samples30_alpha0.25,randomized_smoothing,GRU,err_clean,0.0017876474108124984
699,BeijingAir_Tiantan,rs_backbonebaseline_std0.25_samples30_alpha0.25,randomized_smoothing,GRU,tau_mean,-0.0017017961525747083
700,BeijingAir_Tiantan,rs_backbonebaseline_std0.25_samples30_alpha0.25,randomized_smoothing,PatchTST,MSE_test,0.0002582500688629863
701,BeijingAir_Tiantan,rs_backbonebaseline_std0.25_samples30_alpha0.25,randomized_smoothing,PatchTST,MSE_w,0.002488008105028694
702,BeijingAir_Tiantan,rs_backbonebaseline_std0.25_samples30_alpha0.25,randomized_smoothing,PatchTST,D_w,0.006307753291738605
703,BeijingAir_Tiantan,rs_backbonebaseline_std0.25_samples30_alpha0.25,randomized_smoothing,PatchTST,D_mean,0.0035275061132429286
704,BeijingAir_Tiantan,rs_backbonebaseline_std0.25_samples30_alpha0.25,randomized_smoothing,PatchTST,err_pert_ws,0.002488008105028694
705,BeijingAir_Tiantan,rs_backbonebaseline_std0.25_samples30_alpha0.25,randomized_smoothing,PatchTST,err_pert_mean,0.0014926300454238817
706,BeijingAir_Tiantan,rs_backbonebaseline_std0.25_samples30_alpha0.25,randomized_smoothing,PatchTST,mCE_snaive,0.0036337094329900177
707,BeijingAir_Tiantan,rs_backbonebaseline_std0.25_samples30_alpha0.25,randomized_smoothing,PatchTST,relative_mCE_snaive,0.003909095452607536
708,BeijingAir_Tiantan,rs_backbonebaseline_std0.25_samples30_alpha0.25,randomized_smoothing,PatchTST,err_clean,0.0002582500688629863
709,BeijingAir_Tiantan,rs_backbonebaseline_std0.25_samples30_alpha0.25,randomized_smoothing,PatchTST,tau_mean,-0.0014926300454238817
710,BeijingAir_Tiantan,rs_backbonebaseline_std0.25_samples30_alpha0.25,randomized_smoothing,TSMixer,MSE_test,-0.005141869697775137
711,BeijingAir_Tiantan,rs_backbonebaseline_std0.25_samples30_alpha0.25,randomized_smoothing,TSMixer,MSE_w,-0.0031260320252855522
712,BeijingAir_Tiantan,rs_backbonebaseline_std0.25_samples30_alpha0.25,randomized_smoothing,TSMixer,D_w,0.007918985473962525
713,BeijingAir_Tiantan,rs_backbonebaseline_std0.25_samples30_alpha0.25,randomized_smoothing,TSMixer,D_mean,0.002094295340811847
714,BeijingAir_Tiantan,rs_backbonebaseline_std0.25_samples30_alpha0.25,randomized_smoothing,TSMixer,err_pert_ws,-0.0031260320252855522
715,BeijingAir_Tiantan,rs_backbonebaseline_std0.25_samples30_alpha0.25,randomized_smoothing,TSMixer,err_pert_mean,-0.0047512268406210145
716,BeijingAir_Tiantan,rs_backbonebaseline_std0.25_samples30_alpha0.25,randomized_smoothing,TSMixer,mCE_snaive,-0.011955804940859682
717,BeijingAir_Tiantan,rs_backbonebaseline_std0.25_samples30_alpha0.25,randomized_smoothing,TSMixer,relative_mCE_snaive,-0.011723582395327226
718,BeijingAir_Tiantan,rs_backbonebaseline_std0.25_samples30_alpha0.25,randomized_smoothing,TSMixer,err_clean,-0.005141869697775137
719,BeijingAir_Tiantan,rs_backbonebaseline_std0.25_samples30_alpha0.25,randomized_smoothing,TSMixer,tau_mean,0.0047512268406210145
720,BeijingAir_Tiantan,rs_backbonebaseline_std0.25_samples30_alpha0.25,randomized_smoothing,DLinear,MSE_test,0.0035823965232528177
721,BeijingAir_Tiantan,rs_backbonebaseline_std0.25_samples30_alpha0.25,randomized_smoothing,DLinear,MSE_w,0.005686836502466708
722,BeijingAir_Tiantan,rs_backbonebaseline_std0.25_samples30_alpha0.25,randomized_smoothing,DLinear,D_w,-0.0004327812466060621
723,BeijingAir_Tiantan,rs_backbonebaseline_std0.25_samples30_alpha0.25,randomized_smoothing,DLinear,D_mean,-0.0004385616340456533
724,BeijingAir_Tiantan,rs_backbonebaseline_std0.25_samples30_alpha0.25,randomized_smoothing,DLinear,err_pert_ws,0.005686836502466708
725,BeijingAir_Tiantan,rs_backbonebaseline_std0.25_samples30_alpha0.25,randomized_smoothing,DLinear,err_pert_mean,0.0041748483602931374
726,BeijingAir_Tiantan,rs_backbonebaseline_std0.25_samples30_alpha0.25,randomized_smoothing,DLinear,mCE_snaive,0.010337870896092172
727,BeijingAir_Tiantan,rs_backbonebaseline_std0.25_samples30_alpha0.25,randomized_smoothing,DLinear,relative_mCE_snaive,0.010356851472752782
728,BeijingAir_Tiantan,rs_backbonebaseline_std0.25_samples30_alpha0.25,randomized_smoothing,DLinear,err_clean,0.0035823965232528177
729,BeijingAir_Tiantan,rs_backbonebaseline_std0.25_samples30_alpha0.25,randomized_smoothing,DLinear,tau_mean,-0.0041748483602931374
730,BeijingAir_Tiantan,ensemble_top5_mean,ensemble,ModernTCN,MSE_test,-0.00464302722169091
731,BeijingAir_Tiantan,ensemble_top5_mean,ensemble,ModernTCN,MSE_w,-0.0021831158564193376
732,BeijingAir_Tiantan,ensemble_top5_mean,ensemble,ModernTCN,D_w,0.016160881891481793
733,BeijingAir_Tiantan,ensemble_top5_mean,ensemble,ModernTCN,D_mean,0.004326891686167844
734,BeijingAir_Tiantan,ensemble_top5_mean,ensemble,ModernTCN,err_pert_ws,-0.0021831158564193376
735,BeijingAir_Tiantan,ensemble_top5_mean,ensemble,ModernTCN,err_pert_mean,-0.004222498579137035
736,BeijingAir_Tiantan,ensemble_top5_mean,ensemble,ModernTCN,mCE_snaive,-0.010600509058949603
737,BeijingAir_Tiantan,ensemble_top5_mean,ensemble,ModernTCN,relative_mCE_snaive,-0.010365078074362266
738,BeijingAir_Tiantan,ensemble_top5_mean,ensemble,ModernTCN,err_clean,-0.00464302722169091
739,BeijingAir_Tiantan,ensemble_top5_mean,ensemble,ModernTCN,tau_mean,0.004222498579137035
740,BeijingAir_Tiantan,ensemble_top3_mean,ensemble,GRU,MSE_test,0.00863251960142808
741,BeijingAir_Tiantan,ensemble_top3_mean,ensemble,GRU,MSE_w,0.013205752558857753
742,BeijingAir_Tiantan,ensemble_top3_mean,ensemble,GRU,D_w,0.008299824511878606
743,BeijingAir_Tiantan,ensemble_top3_mean,ensemble,GRU,D_mean,0.01059235087562338
744,BeijingAir_Tiantan,ensemble_top3_mean,ensemble,GRU,err_pert_ws,0.013205752558857753
745,BeijingAir_Tiantan,ensemble_top3_mean,ensemble,GRU,err_pert_mean,0.012778796603185538
746,BeijingAir_Tiantan,ensemble_top3_mean,ensemble,GRU,mCE_snaive,0.031681992324124275
747,BeijingAir_Tiantan,ensemble_top3_mean,ensemble,GRU,relative_mCE_snaive,0.032368560213511643
748,BeijingAir_Tiantan,ensemble_top3_mean,ensemble,GRU,err_clean,0.00863251960142808
749,BeijingAir_Tiantan,ensemble_top3_mean,ensemble,GRU,tau_mean,-0.012778796603185538
750,BeijingAir_Tiantan,ensemble_top3_mean,ensemble,PatchTST,MSE_test,-0.006967908624977259
751,BeijingAir_Tiantan,ensemble_top3_mean,ensemble,PatchTST,MSE_w,-0.012163159032589466
752,BeijingAir_Tiantan,ensemble_top3_mean,ensemble,PatchTST,D_w,-0.0077801119784468575
753,BeijingAir_Tiantan,ensemble_top3_mean,ensemble,PatchTST,D_mean,0.0029396424889753803
754,BeijingAir_Tiantan,ensemble_top3_mean,ensemble,PatchTST,err_pert_ws,-0.012163159032589466
755,BeijingAir_Tiantan,ensemble_top3_mean,ensemble,PatchTST,err_pert_mean,-0.00712176737514425
756,BeijingAir_Tiantan,ensemble_top3_mean,ensemble,PatchTST,mCE_snaive,-0.017634856214244654
757,BeijingAir_Tiantan,ensemble_top3_mean,ensemble,PatchTST,relative_mCE_snaive,-0.017432272949914784
758,BeijingAir_Tiantan,ensemble_top3_mean,ensemble,PatchTST,err_clean,-0.006967908624977259
759,BeijingAir_Tiantan,ensemble_top3_mean,ensemble,PatchTST,tau_mean,0.00712176737514425
760,BeijingAir_Tiantan,ensemble_top10_mean,ensemble,TSMixer,MSE_test,-0.0407661635182594
761,BeijingAir_Tiantan,ensemble_top10_mean,ensemble,TSMixer,MSE_w,-0.03436829835348476
762,BeijingAir_Tiantan,ensemble_top10_mean,ensemble,TSMixer,D_w,0.03968477429347517
763,BeijingAir_Tiantan,ensemble_top10_mean,ensemble,TSMixer,D_mean,0.01705287430027025
764,BeijingAir_Tiantan,ensemble_top10_mean,ensemble,TSMixer,err_pert_ws,-0.03436829835348476
765,BeijingAir_Tiantan,ensemble_top10_mean,ensemble,TSMixer,err_pert_mean,-0.0381178158029295
766,BeijingAir_Tiantan,ensemble_top10_mean,ensemble,TSMixer,mCE_snaive,-0.09589002126757218
767,BeijingAir_Tiantan,ensemble_top10_mean,ensemble,TSMixer,relative_mCE_snaive,-0.09414071325967044
768,BeijingAir_Tiantan,ensemble_top10_mean,ensemble,TSMixer,err_clean,-0.0407661635182594
769,BeijingAir_Tiantan,ensemble_top10_mean,ensemble,TSMixer,tau_mean,0.0381178158029295
770,BeijingAir_Tiantan,ensemble_top10_mean,ensemble,DLinear,MSE_test,-0.0019418236905272557
771,BeijingAir_Tiantan,ensemble_top10_mean,ensemble,DLinear,MSE_w,-0.009461736441895519
772,BeijingAir_Tiantan,ensemble_top10_mean,ensemble,DLinear,D_w,-0.01926072665103873
773,BeijingAir_Tiantan,ensemble_top10_mean,ensemble,DLinear,D_mean,-0.003378422099299394
774,BeijingAir_Tiantan,ensemble_top10_mean,ensemble,DLinear,err_pert_ws,-0.009461736441895519
775,BeijingAir_Tiantan,ensemble_top10_mean,ensemble,DLinear,err_pert_mean,-0.003447298141029731
776,BeijingAir_Tiantan,ensemble_top10_mean,ensemble,DLinear,mCE_snaive,-0.00813232227124605
777,BeijingAir_Tiantan,ensemble_top10_mean,ensemble,DLinear,relative_mCE_snaive,-0.008351982236988631
778,BeijingAir_Tiantan,ensemble_top10_mean,ensemble,DLinear,err_clean,-0.0019418236905272557
779,BeijingAir_Tiantan,ensemble_top10_mean,ensemble,DLinear,tau_mean,0.003447298141029731
780,BeijingAir_Tiantan,fa_profholdout_varying_mix0.75_sev0.75_frac0.1,fault_augmentation,ModernTCN,MSE_test,0.005363705616519998
781,BeijingAir_Tiantan,fa_profholdout_varying_mix0.75_sev0.75_frac0.1,fault_augmentation,ModernTCN,MSE_w,0.0021375077205477155
782,BeijingAir_Tiantan,fa_profholdout_varying_mix0.75_sev0.75_frac0.1,fault_augmentation,ModernTCN,D_w,-0.01931431288406249
783,BeijingAir_Tiantan,fa_profholdout_varying_mix0.75_sev0.75_frac0.1,fault_augmentation,ModernTCN,D_mean,-0.012535437159063134
784,BeijingAir_Tiantan,fa_profholdout_varying_mix0.75_sev0.75_frac0.1,fault_augmentation,ModernTCN,err_pert_ws,0.0021375077205477155
785,BeijingAir_Tiantan,fa_profholdout_varying_mix0.75_sev0.75_frac0.1,fault_augmentation,ModernTCN,err_pert_mean,0.0025182847208873316
786,BeijingAir_Tiantan,fa_profholdout_varying_mix0.75_sev0.75_frac0.1,fault_augmentation,ModernTCN,mCE_snaive,0.006559235568748045
787,BeijingAir_Tiantan,fa_profholdout_varying_mix0.75_sev0.75_frac0.1,fault_augmentation,ModernTCN,relative_mCE_snaive,0.005770162024261838
788,BeijingAir_Tiantan,fa_profholdout_varying_mix0.75_sev0.75_frac0.1,fault_augmentation,ModernTCN,err_clean,0.005363705616519998
789,BeijingAir_Tiantan,fa_profholdout_varying_mix0.75_sev0.75_frac0.1,fault_augmentation,ModernTCN,tau_mean,-0.0025182847208873316
790,BeijingAir_Tiantan,fa_profholdout_varying_mix0.75_sev0.75_frac0.1,fault_augmentation,GRU,MSE_test,0.017771155902487235
791,BeijingAir_Tiantan,fa_profholdout_varying_mix0.75_sev0.75_frac0.1,fault_augmentation,GRU,MSE_w,0.024825376492596085
792,BeijingAir_Tiantan,fa_profholdout_varying_mix0.75_sev0.75_frac0.1,fault_augmentation,GRU,D_w,0.00866886540210765
793,BeijingAir_Tiantan,fa_profholdout_varying_mix0.75_sev0.75_frac0.1,fault_augmentation,GRU,D_mean,-0.0018525183956863422
794,BeijingAir_Tiantan,fa_profholdout_varying_mix0.75_sev0.75_frac0.1,fault_augmentation,GRU,err_pert_ws,0.024825376492596085
795,BeijingAir_Tiantan,fa_profholdout_varying_mix0.75_sev0.75_frac0.1,fault_augmentation,GRU,err_pert_mean,0.01943306733312722
796,BeijingAir_Tiantan,fa_profholdout_varying_mix0.75_sev0.75_frac0.1,fault_augmentation,GRU,mCE_snaive,0.04809401810852698
797,BeijingAir_Tiantan,fa_profholdout_varying_mix0.75_sev0.75_frac0.1,fault_augmentation,GRU,relative_mCE_snaive,0.0478724267569951
798,BeijingAir_Tiantan,fa_profholdout_varying_mix0.75_sev0.75_frac0.1,fault_augmentation,GRU,err_clean,0.017771155902487235
799,BeijingAir_Tiantan,fa_profholdout_varying_mix0.75_sev0.75_frac0.1,fault_augmentation,GRU,tau_mean,-0.01943306733312722
800,BeijingAir_Tiantan,fa_profholdout_simple_mix0.75_sev0.75_frac0.25,fault_augmentation,PatchTST,MSE_test,-0.0044367444705581405
801,BeijingAir_Tiantan,fa_profholdout_simple_mix0.75_sev0.75_frac0.25,fault_augmentation,PatchTST,MSE_w,-0.027276739457728405
802,BeijingAir_Tiantan,fa_profholdout_simple_mix0.75_sev0.75_frac0.25,fault_augmentation,PatchTST,D_w,-0.06350065256015491
803,BeijingAir_Tiantan,fa_profholdout_simple_mix0.75_sev0.75_frac0.25,fault_augmentation,PatchTST,D_mean,-0.011138106239254153
804,BeijingAir_Tiantan,fa_profholdout_simple_mix0.75_sev0.75_frac0.25,fault_augmentation,PatchTST,err_pert_ws,-0.027276739457728405
805,BeijingAir_Tiantan,fa_profholdout_simple_mix0.75_sev0.75_frac0.25,fault_augmentation,PatchTST,err_pert_mean,-0.008867461643816354
806,BeijingAir_Tiantan,fa_profholdout_simple_mix0.75_sev0.75_frac0.25,fault_augmentation,PatchTST,mCE_snaive,-0.020646348128510073
807,BeijingAir_Tiantan,fa_profholdout_simple_mix0.75_sev0.75_frac0.25,fault_augmentation,PatchTST,relative_mCE_snaive,-0.021321552417263856
808,BeijingAir_Tiantan,fa_profholdout_simple_mix0.75_sev0.75_frac0.25,fault_augmentation,PatchTST,err_clean,-0.0044367444705581405
809,BeijingAir_Tiantan,fa_profholdout_simple_mix0.75_sev0.75_frac0.25,fault_augmentation,PatchTST,tau_mean,0.008867461643816354
810,BeijingAir_Tiantan,fa_profholdout_varying_mix0.75_sev1.0_frac0.1,fault_augmentation,TSMixer,MSE_test,0.00014137966105187694
811,BeijingAir_Tiantan,fa_profholdout_varying_mix0.75_sev1.0_frac0.1,fault_augmentation,TSMixer,MSE_w,-0.017519801234509247
812,BeijingAir_Tiantan,fa_profholdout_varying_mix0.75_sev1.0_frac0.1,fault_augmentation,TSMixer,D_w,-0.049255859454915285
813,BeijingAir_Tiantan,fa_profholdout_varying_mix0.75_sev1.0_frac0.1,fault_augmentation,TSMixer,D_mean,-0.013570096510601815
814,BeijingAir_Tiantan,fa_profholdout_varying_mix0.75_sev1.0_frac0.1,fault_augmentation,TSMixer,err_pert_ws,-0.017519801234509247
815,BeijingAir_Tiantan,fa_profholdout_varying_mix0.75_sev1.0_frac0.1,fault_augmentation,TSMixer,err_pert_mean,-0.00472063493573327
816,BeijingAir_Tiantan,fa_profholdout_varying_mix0.75_sev1.0_frac0.1,fault_augmentation,TSMixer,mCE_snaive,-0.011181190061553603
817,BeijingAir_Tiantan,fa_profholdout_varying_mix0.75_sev1.0_frac0.1,fault_augmentation,TSMixer,relative_mCE_snaive,-0.012248026646825005
818,BeijingAir_Tiantan,fa_profholdout_varying_mix0.75_sev1.0_frac0.1,fault_augmentation,TSMixer,err_clean,0.00014137966105187694
819,BeijingAir_Tiantan,fa_profholdout_varying_mix0.75_sev1.0_frac0.1,fault_augmentation,TSMixer,tau_mean,0.00472063493573327
820,BeijingAir_Tiantan,fa_profholdout_simple_mix1.0_sev1.0_frac0.25,fault_augmentation,DLinear,MSE_test,0.004951417030754912
821,BeijingAir_Tiantan,fa_profholdout_simple_mix1.0_sev1.0_frac0.25,fault_augmentation,DLinear,MSE_w,-0.015434603614348452
822,BeijingAir_Tiantan,fa_profholdout_simple_mix1.0_sev1.0_frac0.25,fault_augmentation,DLinear,D_w,-0.07033100005820225
823,BeijingAir_Tiantan,fa_profholdout_simple_mix1.0_sev1.0_frac0.25,fault_augmentation,DLinear,D_mean,-0.0180189073739645
824,BeijingAir_Tiantan,fa_profholdout_simple_mix1.0_sev1.0_frac0.25,fault_augmentation,DLinear,err_pert_ws,-0.015434603614348452
825,BeijingAir_Tiantan,fa_profholdout_simple_mix1.0_sev1.0_frac0.25,fault_augmentation,DLinear,err_pert_mean,-4.718446139651e-05
826,BeijingAir_Tiantan,fa_profholdout_simple_mix1.0_sev1.0_frac0.25,fault_augmentation,DLinear,mCE_snaive,0.0011753241644039125
827,BeijingAir_Tiantan,fa_profholdout_simple_mix1.0_sev1.0_frac0.25,fault_augmentation,DLinear,relative_mCE_snaive,5.378378411158291e-05
828,BeijingAir_Tiantan,fa_profholdout_simple_mix1.0_sev1.0_frac0.25,fault_augmentation,DLinear,err_clean,0.004951417030754912
829,BeijingAir_Tiantan,fa_profholdout_simple_mix1.0_sev1.0_frac0.25,fault_augmentation,DLinear,tau_mean,4.718446139651e-05
830,BeijingAir_Tiantan,arl_alo0.001_ainit1.0_slo0.01_sinit0.1,adaptive_robust_loss,PatchTST,MSE_test,-0.009153902286179072
831,BeijingAir_Tiantan,arl_alo0.001_ainit1.0_slo0.01_sinit0.1,adaptive_robust_loss,PatchTST,MSE_w,-0.01583328955357577
832,BeijingAir_Tiantan,arl_alo0.001_ainit1.0_slo0.01_sinit0.1,adaptive_robust_loss,PatchTST,D_w,-0.009845503523107979
833,BeijingAir_Tiantan,arl_alo0.001_ainit1.0_slo0.01_sinit0.1,adaptive_robust_loss,PatchTST,D_mean,-0.0009619581498601093
834,BeijingAir_Tiantan,arl_alo0.001_ainit1.0_slo0.01_sinit0.1,adaptive_robust_loss,PatchTST,err_pert_ws,-0.01583328955357577
835,BeijingAir_Tiantan,arl_alo0.001_ainit1.0_slo0.01_sinit0.1,adaptive_robust_loss,PatchTST,err_pert_mean,-0.0109499794140962
836,BeijingAir_Tiantan,arl_alo0.001_ainit1.0_slo0.01_sinit0.1,adaptive_robust_loss,PatchTST,mCE_snaive,-0.026274264920061907
837,BeijingAir_Tiantan,arl_alo0.001_ainit1.0_slo0.01_sinit0.1,adaptive_robust_loss,PatchTST,relative_mCE_snaive,-0.026243994081680988
838,BeijingAir_Tiantan,arl_alo0.001_ainit1.0_slo0.01_sinit0.1,adaptive_robust_loss,PatchTST,err_clean,-0.009153902286179072
839,BeijingAir_Tiantan,arl_alo0.001_ainit1.0_slo0.01_sinit0.1,adaptive_robust_loss,PatchTST,tau_mean,0.0109499794140962
840,BeijingAir_Tiantan,arl_alo0.001_ainit1.0_slo0.01_sinit0.1,adaptive_robust_loss,ModernTCN,MSE_test,-0.005623450970702104
841,BeijingAir_Tiantan,arl_alo0.001_ainit1.0_slo0.01_sinit0.1,adaptive_robust_loss,ModernTCN,MSE_w,-0.037844955482758846
842,BeijingAir_Tiantan,arl_alo0.001_ainit1.0_slo0.01_sinit0.1,adaptive_robust_loss,ModernTCN,D_w,-0.0995046559573074
843,BeijingAir_Tiantan,arl_alo0.001_ainit1.0_slo0.01_sinit0.1,adaptive_robust_loss,ModernTCN,D_mean,-0.019247499584938765
844,BeijingAir_Tiantan,arl_alo0.001_ainit1.0_slo0.01_sinit0.1,adaptive_robust_loss,ModernTCN,err_pert_ws,-0.037844955482758846
845,BeijingAir_Tiantan,arl_alo0.001_ainit1.0_slo0.01_sinit0.1,adaptive_robust_loss,ModernTCN,err_pert_mean,-0.012354267516517026
846,BeijingAir_Tiantan,arl_alo0.001_ainit1.0_slo0.01_sinit0.1,adaptive_robust_loss,ModernTCN,mCE_snaive,-0.028493523887290095
847,BeijingAir_Tiantan,arl_alo0.001_ainit1.0_slo0.01_sinit0.1,adaptive_robust_loss,ModernTCN,relative_mCE_snaive,-0.029515043387713158
848,BeijingAir_Tiantan,arl_alo0.001_ainit1.0_slo0.01_sinit0.1,adaptive_robust_loss,ModernTCN,err_clean,-0.005623450970702104
849,BeijingAir_Tiantan,arl_alo0.001_ainit1.0_slo0.01_sinit0.1,adaptive_robust_loss,ModernTCN,tau_mean,0.012354267516517026
850,BeijingAir_Tiantan,arl_alo0.001_ainit1.0_slo1e-05_sinit0.1,adaptive_robust_loss,GRU,MSE_test,0.06145163318409902
851,BeijingAir_Tiantan,arl_alo0.001_ainit1.0_slo1e-05_sinit0.1,adaptive_robust_loss,GRU,MSE_w,0.08386368142303252
852,BeijingAir_Tiantan,arl_alo0.001_ainit1.0_slo1e-05_sinit0.1,adaptive_robust_loss,GRU,D_w,0.02037346334649892
853,BeijingAir_Tiantan,arl_alo0.001_ainit1.0_slo1e-05_sinit0.1,adaptive_robust_loss,GRU,D_mean,0.017654241798713333
854,BeijingAir_Tiantan,arl_alo0.001_ainit1.0_slo1e-05_sinit0.1,adaptive_robust_loss,GRU,err_pert_ws,0.08386368142303252
855,BeijingAir_Tiantan,arl_alo0.001_ainit1.0_slo1e-05_sinit0.1,adaptive_robust_loss,GRU,err_pert_mean,0.07516273796022688
856,BeijingAir_Tiantan,arl_alo0.001_ainit1.0_slo1e-05_sinit0.1,adaptive_robust_loss,GRU,mCE_snaive,0.18662560194012823
857,BeijingAir_Tiantan,arl_alo0.001_ainit1.0_slo1e-05_sinit0.1,adaptive_robust_loss,GRU,relative_mCE_snaive,0.18783356528662887
858,BeijingAir_Tiantan,arl_alo0.001_ainit1.0_slo1e-05_sinit0.1,adaptive_robust_loss,GRU,err_clean,0.06145163318409902
859,BeijingAir_Tiantan,arl_alo0.001_ainit1.0_slo1e-05_sinit0.1,adaptive_robust_loss,GRU,tau_mean,-0.07516273796022688
860,BeijingAir_Tiantan,arl_alo0.001_ainit1.0_slo0.001_sinit0.1,adaptive_robust_loss,TSMixer,MSE_test,-0.03938338294805144
861,BeijingAir_Tiantan,arl_alo0.001_ainit1.0_slo0.001_sinit0.1,adaptive_robust_loss,TSMixer,MSE_w,-0.02852011698433493
862,BeijingAir_Tiantan,arl_alo0.001_ainit1.0_slo0.001_sinit0.1,adaptive_robust_loss,TSMixer,D_w,0.0528293916855509
863,BeijingAir_Tiantan,arl_alo0.001_ainit1.0_slo0.001_sinit0.1,adaptive_robust_loss,TSMixer,D_mean,0.03394048565231644
864,BeijingAir_Tiantan,arl_alo0.001_ainit1.0_slo0.001_sinit0.1,adaptive_robust_loss,TSMixer,err_pert_ws,-0.02852011698433493
865,BeijingAir_Tiantan,arl_alo0.001_ainit1.0_slo0.001_sinit0.1,adaptive_robust_loss,TSMixer,err_pert_mean,-0.031222147509404663
866,BeijingAir_Tiantan,arl_alo0.001_ainit1.0_slo0.001_sinit0.1,adaptive_robust_loss,TSMixer,mCE_snaive,-0.07944798057609559
867,BeijingAir_Tiantan,arl_alo0.001_ainit1.0_slo0.001_sinit0.1,adaptive_robust_loss,TSMixer,relative_mCE_snaive,-0.07654514143930391
868,BeijingAir_Tiantan,arl_alo0.001_ainit1.0_slo0.001_sinit0.1,adaptive_robust_loss,TSMixer,err_clean,-0.03938338294805144
869,BeijingAir_Tiantan,arl_alo0.001_ainit1.0_slo0.001_sinit0.1,adaptive_robust_loss,TSMixer,tau_mean,0.031222147509404663
870,BeijingAir_Tiantan,arl_alo0.001_ainit1.9_slo0.001_sinit0.1,adaptive_robust_loss,DLinear,MSE_test,-0.0005916152676975206
871,BeijingAir_Tiantan,arl_alo0.001_ainit1.9_slo0.001_sinit0.1,adaptive_robust_loss,DLinear,MSE_w,-0.028613996670665776
872,BeijingAir_Tiantan,arl_alo0.001_ainit1.9_slo0.001_sinit0.1,adaptive_robust_loss,DLinear,D_w,-0.08417338125615381
873,BeijingAir_Tiantan,arl_alo0.001_ainit1.9_slo0.001_sinit0.1,adaptive_robust_loss,DLinear,D_mean,-0.015545236362621395
874,BeijingAir_Tiantan,arl_alo0.001_ainit1.9_slo0.001_sinit0.1,adaptive_robust_loss,DLinear,err_pert_ws,-0.028613996670665776
875,BeijingAir_Tiantan,arl_alo0.001_ainit1.9_slo0.001_sinit0.1,adaptive_robust_loss,DLinear,err_pert_mean,-0.0058201808482651884
876,BeijingAir_Tiantan,arl_alo0.001_ainit1.9_slo0.001_sinit0.1,adaptive_robust_loss,DLinear,mCE_snaive,-0.012881371583607248
877,BeijingAir_Tiantan,arl_alo0.001_ainit1.9_slo0.001_sinit0.1,adaptive_robust_loss,DLinear,relative_mCE_snaive,-0.013838009579125732
878,BeijingAir_Tiantan,arl_alo0.001_ainit1.9_slo0.001_sinit0.1,adaptive_robust_loss,DLinear,err_clean,-0.0005916152676975206
879,BeijingAir_Tiantan,arl_alo0.001_ainit1.9_slo0.001_sinit0.1,adaptive_robust_loss,DLinear,tau_mean,0.0058201808482651884
880,BeijingAir_Tiantan,advtrain_eps0.1_steps3_alpha0.02_channelsall,adversarial_training,PatchTST,MSE_test,0.003690593163506173
881,BeijingAir_Tiantan,advtrain_eps0.1_steps3_alpha0.02_channelsall,adversarial_training,PatchTST,MSE_w,-0.034878354618194884
882,BeijingAir_Tiantan,advtrain_eps0.1_steps3_alpha0.02_channelsall,adversarial_training,PatchTST,D_w,-0.1169959378948573
883,BeijingAir_Tiantan,advtrain_eps0.1_steps3_alpha0.02_channelsall,adversarial_training,PatchTST,D_mean,-0.029600979319492904
884,BeijingAir_Tiantan,advtrain_eps0.1_steps3_alpha0.02_channelsall,adversarial_training,PatchTST,err_pert_ws,-0.034878354618194884
885,BeijingAir_Tiantan,advtrain_eps0.1_steps3_alpha0.02_channelsall,adversarial_training,PatchTST,err_pert_mean,-0.005822271187963635
886,BeijingAir_Tiantan,advtrain_eps0.1_steps3_alpha0.02_channelsall,adversarial_training,PatchTST,mCE_snaive,-0.011343063173291923
887,BeijingAir_Tiantan,advtrain_eps0.1_steps3_alpha0.02_channelsall,adversarial_training,PatchTST,relative_mCE_snaive,-0.013190537822306059
888,BeijingAir_Tiantan,advtrain_eps0.1_steps3_alpha0.02_channelsall,adversarial_training,PatchTST,err_clean,0.003690593163506173
889,BeijingAir_Tiantan,advtrain_eps0.1_steps3_alpha0.02_channelsall,adversarial_training,PatchTST,tau_mean,0.005822271187963635
890,BeijingAir_Tiantan,rt_spaceraw_std0.1_channelscontinuous,randomized_training,PatchTST,MSE_test,0.0015899810030692851
891,BeijingAir_Tiantan,rt_spaceraw_std0.1_channelscontinuous,randomized_training,PatchTST,MSE_w,-0.041374184465211905
892,BeijingAir_Tiantan,rt_spaceraw_std0.1_channelscontinuous,randomized_training,PatchTST,D_w,-0.1283410105515943
893,BeijingAir_Tiantan,rt_spaceraw_std0.1_channelscontinuous,randomized_training,PatchTST,D_mean,-0.029193750391747653
894,BeijingAir_Tiantan,rt_spaceraw_std0.1_channelscontinuous,randomized_training,PatchTST,err_pert_ws,-0.041374184465211905
895,BeijingAir_Tiantan,rt_spaceraw_std0.1_channelscontinuous,randomized_training,PatchTST,err_pert_mean,-0.00806208223943361
896,BeijingAir_Tiantan,rt_spaceraw_std0.1_channelscontinuous,randomized_training,PatchTST,mCE_snaive,-0.01700074043720179
897,BeijingAir_Tiantan,rt_spaceraw_std0.1_channelscontinuous,randomized_training,PatchTST,relative_mCE_snaive,-0.01882694570250054
898,BeijingAir_Tiantan,rt_spaceraw_std0.1_channelscontinuous,randomized_training,PatchTST,err_clean,0.0015899810030692851
899,BeijingAir_Tiantan,rt_spaceraw_std0.1_channelscontinuous,randomized_training,PatchTST,tau_mean,0.00806208223943361
900,BeijingAir_Tiantan,advtrain_eps0.05_steps7_alpha0.02_channelsall,adversarial_training,GRU,MSE_test,0.012325614771648508
901,BeijingAir_Tiantan,advtrain_eps0.05_steps7_alpha0.02_channelsall,adversarial_training,GRU,MSE_w,0.010056479047128197
902,BeijingAir_Tiantan,advtrain_eps0.05_steps7_alpha0.02_channelsall,adversarial_training,GRU,D_w,-0.018275480206107586
903,BeijingAir_Tiantan,advtrain_eps0.05_steps7_alpha0.02_channelsall,adversarial_training,GRU,D_mean,-0.006026535351305373
904,BeijingAir_Tiantan,advtrain_eps0.05_steps7_alpha0.02_channelsall,adversarial_training,GRU,err_pert_ws,0.010056479047128197
905,BeijingAir_Tiantan,advtrain_eps0.05_steps7_alpha0.02_channelsall,adversarial_training,GRU,err_pert_mean,0.01209349129190429
906,BeijingAir_Tiantan,advtrain_eps0.05_steps7_alpha0.02_channelsall,adversarial_training,GRU,mCE_snaive,0.030065408011948236
907,BeijingAir_Tiantan,advtrain_eps0.05_steps7_alpha0.02_channelsall,adversarial_training,GRU,relative_mCE_snaive,0.0296058956799935
908,BeijingAir_Tiantan,advtrain_eps0.05_steps7_alpha0.02_channelsall,adversarial_training,GRU,err_clean,0.012325614771648508
909,BeijingAir_Tiantan,advtrain_eps0.05_steps7_alpha0.02_channelsall,adversarial_training,GRU,tau_mean,-0.01209349129190429
910,BeijingAir_Tiantan,advtrain_eps0.05_steps3_alpha0.02_channelsall,adversarial_training,ModernTCN,MSE_test,0.018806157819990732
911,BeijingAir_Tiantan,advtrain_eps0.05_steps3_alpha0.02_channelsall,adversarial_training,ModernTCN,MSE_w,-0.037846492100280016
912,BeijingAir_Tiantan,advtrain_eps0.05_steps3_alpha0.02_channelsall,adversarial_training,ModernTCN,D_w,-0.2066175674631221
913,BeijingAir_Tiantan,advtrain_eps0.05_steps3_alpha0.02_channelsall,adversarial_training,ModernTCN,D_mean,-0.06379875943215785
914,BeijingAir_Tiantan,advtrain_eps0.05_steps3_alpha0.02_channelsall,adversarial_training,ModernTCN,err_pert_ws,-0.037846492100280016
915,BeijingAir_Tiantan,advtrain_eps0.05_steps3_alpha0.02_channelsall,adversarial_training,ModernTCN,err_pert_mean,0.0018900503916578493
916,BeijingAir_Tiantan,advtrain_eps0.05_steps3_alpha0.02_channelsall,adversarial_training,ModernTCN,mCE_snaive,0.009780743645436685
917,BeijingAir_Tiantan,advtrain_eps0.05_steps3_alpha0.02_channelsall,adversarial_training,ModernTCN,relative_mCE_snaive,0.006045132762432903
918,BeijingAir_Tiantan,advtrain_eps0.05_steps3_alpha0.02_channelsall,adversarial_training,ModernTCN,err_clean,0.018806157819990732
919,BeijingAir_Tiantan,advtrain_eps0.05_steps3_alpha0.02_channelsall,adversarial_training,ModernTCN,tau_mean,-0.0018900503916578493
920,BeijingAir_Tiantan,advtrain_eps0.1_steps3_alpha0.02_channelsall,adversarial_training,TSMixer,MSE_test,-0.013010384856848412
921,BeijingAir_Tiantan,advtrain_eps0.1_steps3_alpha0.02_channelsall,adversarial_training,TSMixer,MSE_w,-0.016644078826034137
922,BeijingAir_Tiantan,advtrain_eps0.1_steps3_alpha0.02_channelsall,adversarial_training,TSMixer,D_w,-0.004761787182318233
923,BeijingAir_Tiantan,advtrain_eps0.1_steps3_alpha0.02_channelsall,adversarial_training,TSMixer,D_mean,0.0037916900272016996
924,BeijingAir_Tiantan,advtrain_eps0.1_steps3_alpha0.02_channelsall,adversarial_training,TSMixer,err_pert_ws,-0.016644078826034137
925,BeijingAir_Tiantan,advtrain_eps0.1_steps3_alpha0.02_channelsall,adversarial_training,TSMixer,err_pert_mean,-0.0125849976317004
926,BeijingAir_Tiantan,advtrain_eps0.1_steps3_alpha0.02_channelsall,adversarial_training,TSMixer,mCE_snaive,-0.03237987951408505
927,BeijingAir_Tiantan,advtrain_eps0.1_steps3_alpha0.02_channelsall,adversarial_training,TSMixer,relative_mCE_snaive,-0.03206040023778056
928,BeijingAir_Tiantan,advtrain_eps0.1_steps3_alpha0.02_channelsall,adversarial_training,TSMixer,err_clean,-0.013010384856848412
929,BeijingAir_Tiantan,advtrain_eps0.1_steps3_alpha0.02_channelsall,adversarial_training,TSMixer,tau_mean,0.0125849976317004
930,BeijingAir_Tiantan,advtrain_eps0.05_steps3_alpha0.02_channelsall,adversarial_training,DLinear,MSE_test,-0.000583122584121909
931,BeijingAir_Tiantan,advtrain_eps0.05_steps3_alpha0.02_channelsall,adversarial_training,DLinear,MSE_w,-0.11097590597285018
932,BeijingAir_Tiantan,advtrain_eps0.05_steps3_alpha0.02_channelsall,adversarial_training,DLinear,D_w,-0.3349269815327567
933,BeijingAir_Tiantan,advtrain_eps0.05_steps3_alpha0.02_channelsall,adversarial_training,DLinear,D_mean,-0.07246080839844815
934,BeijingAir_Tiantan,advtrain_eps0.05_steps3_alpha0.02_channelsall,adversarial_training,DLinear,err_pert_ws,-0.11097590597285018
935,BeijingAir_Tiantan,advtrain_eps0.05_steps3_alpha0.02_channelsall,adversarial_training,DLinear,err_pert_mean,-0.02450739350906589
936,BeijingAir_Tiantan,advtrain_eps0.05_steps3_alpha0.02_channelsall,adversarial_training,DLinear,mCE_snaive,-0.05410212517058999
937,BeijingAir_Tiantan,advtrain_eps0.05_steps3_alpha0.02_channelsall,adversarial_training,DLinear,relative_mCE_snaive,-0.058589837146511003
938,BeijingAir_Tiantan,advtrain_eps0.05_steps3_alpha0.02_channelsall,adversarial_training,DLinear,err_clean,-0.000583122584121909
939,BeijingAir_Tiantan,advtrain_eps0.05_steps3_alpha0.02_channelsall,adversarial_training,DLinear,tau_mean,0.02450739350906589
940,BeijingAir_Tiantan,rt_spaceraw_std0.1_channelscontinuous,randomized_training,ModernTCN,MSE_test,0.004363720858457931
941,BeijingAir_Tiantan,rt_spaceraw_std0.1_channelscontinuous,randomized_training,ModernTCN,MSE_w,-0.06150613716469816
942,BeijingAir_Tiantan,rt_spaceraw_std0.1_channelscontinuous,randomized_training,ModernTCN,D_w,-0.22282894794078656
943,BeijingAir_Tiantan,rt_spaceraw_std0.1_channelscontinuous,randomized_training,ModernTCN,D_mean,-0.069013764403548
944,BeijingAir_Tiantan,rt_spaceraw_std0.1_channelscontinuous,randomized_training,ModernTCN,err_pert_ws,-0.06150613716469816
945,BeijingAir_Tiantan,rt_spaceraw_std0.1_channelscontinuous,randomized_training,ModernTCN,err_pert_mean,-0.015905438525185833
946,BeijingAir_Tiantan,rt_spaceraw_std0.1_channelscontinuous,randomized_training,ModernTCN,mCE_snaive,-0.03318923234187787
947,BeijingAir_Tiantan,rt_spaceraw_std0.1_channelscontinuous,randomized_training,ModernTCN,relative_mCE_snaive,-0.03704507259535528
948,BeijingAir_Tiantan,rt_spaceraw_std0.1_channelscontinuous,randomized_training,ModernTCN,err_clean,0.004363720858457931
949,BeijingAir_Tiantan,rt_spaceraw_std0.1_channelscontinuous,randomized_training,ModernTCN,tau_mean,0.015905438525185833
950,BeijingAir_Tiantan,rt_spaceraw_std0.1_channelscontinuous,randomized_training,GRU,MSE_test,0.015236464392719806
951,BeijingAir_Tiantan,rt_spaceraw_std0.1_channelscontinuous,randomized_training,GRU,MSE_w,0.013908988469638284
952,BeijingAir_Tiantan,rt_spaceraw_std0.1_channelscontinuous,randomized_training,GRU,D_w,-0.017385183031515483
953,BeijingAir_Tiantan,rt_spaceraw_std0.1_channelscontinuous,randomized_training,GRU,D_mean,-0.028983599883673605
954,BeijingAir_Tiantan,rt_spaceraw_std0.1_channelscontinuous,randomized_training,GRU,err_pert_ws,0.013908988469638284
955,BeijingAir_Tiantan,rt_spaceraw_std0.1_channelscontinuous,randomized_training,GRU,err_pert_mean,0.008544537617728332
956,BeijingAir_Tiantan,rt_spaceraw_std0.1_channelscontinuous,randomized_training,GRU,mCE_snaive,0.022985558920332938
957,BeijingAir_Tiantan,rt_spaceraw_std0.1_channelscontinuous,randomized_training,GRU,relative_mCE_snaive,0.021203658405118286
958,BeijingAir_Tiantan,rt_spaceraw_std0.1_channelscontinuous,randomized_training,GRU,err_clean,0.015236464392719806
959,BeijingAir_Tiantan,rt_spaceraw_std0.1_channelscontinuous,randomized_training,GRU,tau_mean,-0.008544537617728332
960,BeijingAir_Tiantan,rt_spaceraw_std0.1_channelscontinuous,randomized_training,TSMixer,MSE_test,0.10493252322485203
961,BeijingAir_Tiantan,rt_spaceraw_std0.1_channelscontinuous,randomized_training,TSMixer,MSE_w,0.10331592741359202
962,BeijingAir_Tiantan,rt_spaceraw_std0.1_channelscontinuous,randomized_training,TSMixer,D_w,-0.038036840464174215
963,BeijingAir_Tiantan,rt_spaceraw_std0.1_channelscontinuous,randomized_training,TSMixer,D_mean,-0.013542823459959275
964,BeijingAir_Tiantan,rt_spaceraw_std0.1_channelscontinuous,randomized_training,TSMixer,err_pert_ws,0.10331592741359202
965,BeijingAir_Tiantan,rt_spaceraw_std0.1_channelscontinuous,randomized_training,TSMixer,err_pert_mean,0.10579699405773446
966,BeijingAir_Tiantan,rt_spaceraw_std0.1_channelscontinuous,randomized_training,TSMixer,mCE_snaive,0.26337991495611535
967,BeijingAir_Tiantan,rt_spaceraw_std0.1_channelscontinuous,randomized_training,TSMixer,relative_mCE_snaive,0.26029408225627115
968,BeijingAir_Tiantan,rt_spaceraw_std0.1_channelscontinuous,randomized_training,TSMixer,err_clean,0.10493252322485203
969,BeijingAir_Tiantan,rt_spaceraw_std0.1_channelscontinuous,randomized_training,TSMixer,tau_mean,-0.10579699405773446
970,BeijingAir_Tiantan,rt_spaceraw_std0.1_channelscontinuous,randomized_training,DLinear,MSE_test,0.002507883992241111
971,BeijingAir_Tiantan,rt_spaceraw_std0.1_channelscontinuous,randomized_training,DLinear,MSE_w,-0.10310425675376611
972,BeijingAir_Tiantan,rt_spaceraw_std0.1_channelscontinuous,randomized_training,DLinear,D_w,-0.32323853302842154
973,BeijingAir_Tiantan,rt_spaceraw_std0.1_channelscontinuous,randomized_training,DLinear,D_mean,-0.07022782739591937
974,BeijingAir_Tiantan,rt_spaceraw_std0.1_channelscontinuous,randomized_training,DLinear,err_pert_ws,-0.10310425675376611
975,BeijingAir_Tiantan,rt_spaceraw_std0.1_channelscontinuous,randomized_training,DLinear,err_pert_mean,-0.020262832985733226
976,BeijingAir_Tiantan,rt_spaceraw_std0.1_channelscontinuous,randomized_training,DLinear,mCE_snaive,-0.04369656083213225
977,BeijingAir_Tiantan,rt_spaceraw_std0.1_channelscontinuous,randomized_training,DLinear,relative_mCE_snaive,-0.04803293676000975
978,BeijingAir_Tiantan,rt_spaceraw_std0.1_channelscontinuous,randomized_training,DLinear,err_clean,0.002507883992241111
979,BeijingAir_Tiantan,rt_spaceraw_std0.1_channelscontinuous,randomized_training,DLinear,tau_mean,0.020262832985733226
980,BeijingAir_Tiantan,revin_affineFalse_eps1e-5,revin,ModernTCN,MSE_test,0.019441571539951796
981,BeijingAir_Tiantan,revin_affineFalse_eps1e-5,revin,ModernTCN,MSE_w,0.009815971539879675
982,BeijingAir_Tiantan,revin_affineFalse_eps1e-5,revin,ModernTCN,D_w,-0.06047988161316309
983,BeijingAir_Tiantan,revin_affineFalse_eps1e-5,revin,ModernTCN,D_mean,0.00084187819067294
984,BeijingAir_Tiantan,revin_affineFalse_eps1e-5,revin,ModernTCN,err_pert_ws,0.009815971539879675
985,BeijingAir_Tiantan,revin_affineFalse_eps1e-5,revin,ModernTCN,err_pert_mean,0.02332122529663666
986,BeijingAir_Tiantan,revin_affineFalse_eps1e-5,revin,ModernTCN,mCE_snaive,0.05893861216467133
987,BeijingAir_Tiantan,revin_affineFalse_eps1e-5,revin,ModernTCN,relative_mCE_snaive,0.059378535673545896
988,BeijingAir_Tiantan,revin_affineFalse_eps1e-5,revin,ModernTCN,err_clean,0.019441571539951796
989,BeijingAir_Tiantan,revin_affineFalse_eps1e-5,revin,ModernTCN,tau_mean,-0.02332122529663666
990,BeijingAir_Tiantan,revin_affineFalse_eps1e-5,revin,GRU,MSE_test,0.02087389175646237
991,BeijingAir_Tiantan,revin_affineFalse_eps1e-5,revin,GRU,MSE_w,0.09666887075909397
992,BeijingAir_Tiantan,revin_affineFalse_eps1e-5,revin,GRU,D_w,0.2335671146273801
993,BeijingAir_Tiantan,revin_affineFalse_eps1e-5,revin,GRU,D_mean,0.05672825527157643
994,BeijingAir_Tiantan,revin_affineFalse_eps1e-5,revin,GRU,err_pert_ws,0.09666887075909397
995,BeijingAir_Tiantan,revin_affineFalse_eps1e-5,revin,GRU,err_pert_mean,0.04061233274645665
996,BeijingAir_Tiantan,revin_affineFalse_eps1e-5,revin,GRU,mCE_snaive,0.10341131302504158
997,BeijingAir_Tiantan,revin_affineFalse_eps1e-5,revin,GRU,relative_mCE_snaive,0.10776191813626812
998,BeijingAir_Tiantan,revin_affineFalse_eps1e-5,revin,GRU,err_clean,0.02087389175646237
999,BeijingAir_Tiantan,revin_affineFalse_eps1e-5,revin,GRU,tau_mean,-0.04061233274645665
1000,BeijingAir_Tiantan,revin_affineFalse_eps1e-5,revin,TSMixer,MSE_test,-0.025319164430722574
1001,BeijingAir_Tiantan,revin_affineFalse_eps1e-5,revin,TSMixer,MSE_w,0.048479215222320626
1002,BeijingAir_Tiantan,revin_affineFalse_eps1e-5,revin,TSMixer,D_w,0.2328519630401542
1003,BeijingAir_Tiantan,revin_affineFalse_eps1e-5,revin,TSMixer,D_mean,0.07956584778776299
1004,BeijingAir_Tiantan,revin_affineFalse_eps1e-5,revin,TSMixer,err_pert_ws,0.048479215222320626
1005,BeijingAir_Tiantan,revin_affineFalse_eps1e-5,revin,TSMixer,err_pert_mean,-0.0005050826385749607
1006,BeijingAir_Tiantan,revin_affineFalse_eps1e-5,revin,TSMixer,mCE_snaive,-0.0003659783052215593
1007,BeijingAir_Tiantan,revin_affineFalse_eps1e-5,revin,TSMixer,relative_mCE_snaive,0.006394905249957339
1008,BeijingAir_Tiantan,revin_affineFalse_eps1e-5,revin,TSMixer,err_clean,-0.025319164430722574
1009,BeijingAir_Tiantan,revin_affineFalse_eps1e-5,revin,TSMixer,tau_mean,0.0005050826385749607
1010,BeijingAir_Tiantan,revin_affineFalse_eps1e-5,revin,DLinear,MSE_test,0.005304487468735852
1011,BeijingAir_Tiantan,revin_affineFalse_eps1e-5,revin,DLinear,MSE_w,-0.056256565433976335
1012,BeijingAir_Tiantan,revin_affineFalse_eps1e-5,revin,DLinear,D_w,-0.19405144553195441
1013,BeijingAir_Tiantan,revin_affineFalse_eps1e-5,revin,DLinear,D_mean,-0.03611183593507272
1014,BeijingAir_Tiantan,revin_affineFalse_eps1e-5,revin,DLinear,err_pert_ws,-0.056256565433976335
1015,BeijingAir_Tiantan,revin_affineFalse_eps1e-5,revin,DLinear,err_pert_mean,-0.005677934938967122
1016,BeijingAir_Tiantan,revin_affineFalse_eps1e-5,revin,DLinear,mCE_snaive,-0.01022114208297964
1017,BeijingAir_Tiantan,revin_affineFalse_eps1e-5,revin,DLinear,relative_mCE_snaive,-0.012345260688663595
1018,BeijingAir_Tiantan,revin_affineFalse_eps1e-5,revin,DLinear,err_clean,0.005304487468735852
1019,BeijingAir_Tiantan,revin_affineFalse_eps1e-5,revin,DLinear,tau_mean,0.005677934938967122
1020,ETTh1,rs_backbonebaseline_std0.25_samples30_alpha0.25,randomized_smoothing,ModernTCN,MSE_test,0.00027421393990517684
1021,ETTh1,rs_backbonebaseline_std0.25_samples30_alpha0.25,randomized_smoothing,ModernTCN,MSE_w,0.00025061313807961394
1022,ETTh1,rs_backbonebaseline_std0.25_samples30_alpha0.25,randomized_smoothing,ModernTCN,D_w,-0.00017920253740832948
1023,ETTh1,rs_backbonebaseline_std0.25_samples30_alpha0.25,randomized_smoothing,ModernTCN,D_mean,-7.414177672782074e-05
1024,ETTh1,rs_backbonebaseline_std0.25_samples30_alpha0.25,randomized_smoothing,ModernTCN,err_pert_ws,0.00025061313807961394
1025,ETTh1,rs_backbonebaseline_std0.25_samples30_alpha0.25,randomized_smoothing,ModernTCN,err_pert_mean,0.00027115153633061606
1026,ETTh1,rs_backbonebaseline_std0.25_samples30_alpha0.25,randomized_smoothing,ModernTCN,mCE_snaive,0.00037727474712756504
1027,ETTh1,rs_backbonebaseline_std0.25_samples30_alpha0.25,randomized_smoothing,ModernTCN,relative_mCE_snaive,0.0003725356250713352
1028,ETTh1,rs_backbonebaseline_std0.25_samples30_alpha0.25,randomized_smoothing,ModernTCN,err_clean,0.00027421393990517684
1029,ETTh1,rs_backbonebaseline_std0.25_samples30_alpha0.25,randomized_smoothing,ModernTCN,tau_mean,-0.00027115153633061606
1030,ETTh1,rs_backbonebaseline_std0.25_samples30_alpha0.25,randomized_smoothing,GRU,MSE_test,0.0005797123044729569
1031,ETTh1,rs_backbonebaseline_std0.25_samples30_alpha0.25,randomized_smoothing,GRU,MSE_w,0.0004530738264322265
1032,ETTh1,rs_backbonebaseline_std0.25_samples30_alpha0.25,randomized_smoothing,GRU,D_w,-0.00024632840080296425
1033,ETTh1,rs_backbonebaseline_std0.25_samples30_alpha0.25,randomized_smoothing,GRU,D_mean,-8.565269614813076e-05
1034,ETTh1,rs_backbonebaseline_std0.25_samples30_alpha0.25,randomized_smoothing,GRU,err_pert_ws,0.0004530738264322265
1035,ETTh1,rs_backbonebaseline_std0.25_samples30_alpha0.25,randomized_smoothing,GRU,err_pert_mean,0.0005352091075851995
1036,ETTh1,rs_backbonebaseline_std0.25_samples30_alpha0.25,randomized_smoothing,GRU,mCE_snaive,0.0007433138778775161
1037,ETTh1,rs_backbonebaseline_std0.25_samples30_alpha0.25,randomized_smoothing,GRU,relative_mCE_snaive,0.0007278992824669706
1038,ETTh1,rs_backbonebaseline_std0.25_samples30_alpha0.25,randomized_smoothing,GRU,err_clean,0.0005797123044729569
1039,ETTh1,rs_backbonebaseline_std0.25_samples30_alpha0.25,randomized_smoothing,GRU,tau_mean,-0.0005352091075851995
1040,ETTh1,rs_backbonebaseline_std0.25_samples30_alpha0.25,randomized_smoothing,PatchTST,MSE_test,-0.001006918497383602
1041,ETTh1,rs_backbonebaseline_std0.25_samples30_alpha0.25,randomized_smoothing,PatchTST,MSE_w,-0.00303791855499147
1042,ETTh1,rs_backbonebaseline_std0.25_samples30_alpha0.25,randomized_smoothing,PatchTST,D_w,-0.003989816315597583
1043,ETTh1,rs_backbonebaseline_std0.25_samples30_alpha0.25,randomized_smoothing,PatchTST,D_mean,-0.0023058935546493853
1044,ETTh1,rs_backbonebaseline_std0.25_samples30_alpha0.25,randomized_smoothing,PatchTST,err_pert_ws,-0.00303791855499147
1045,ETTh1,rs_backbonebaseline_std0.25_samples30_alpha0.25,randomized_smoothing,PatchTST,err_pert_mean,-0.0021628936091438455
1046,ETTh1,rs_backbonebaseline_std0.25_samples30_alpha0.25,randomized_smoothing,PatchTST,mCE_snaive,-0.0030693416585252375
1047,ETTh1,rs_backbonebaseline_std0.25_samples30_alpha0.25,randomized_smoothing,PatchTST,relative_mCE_snaive,-0.003219625720434771
1048,ETTh1,rs_backbonebaseline_std0.25_samples30_alpha0.25,randomized_smoothing,PatchTST,err_clean,-0.001006918497383602
1049,ETTh1,rs_backbonebaseline_std0.25_samples30_alpha0.25,randomized_smoothing,PatchTST,tau_mean,0.0021628936091438455
1050,ETTh1,rs_backbonebaseline_std0.5_samples30_alpha0.25,randomized_smoothing,TSMixer,MSE_test,-0.004243239676952393
1051,ETTh1,rs_backbonebaseline_std0.5_samples30_alpha0.25,randomized_smoothing,TSMixer,MSE_w,-0.003871339559555098
1052,ETTh1,rs_backbonebaseline_std0.5_samples30_alpha0.25,randomized_smoothing,TSMixer,D_w,0.002312519045562622
1053,ETTh1,rs_backbonebaseline_std0.5_samples30_alpha0.25,randomized_smoothing,TSMixer,D_mean,0.010339229026342434
1054,ETTh1,rs_backbonebaseline_std0.5_samples30_alpha0.25,randomized_smoothing,TSMixer,err_pert_ws,-0.003871339559555098
1055,ETTh1,rs_backbonebaseline_std0.5_samples30_alpha0.25,randomized_smoothing,TSMixer,err_pert_mean,0.0002266246230342439
1056,ETTh1,rs_backbonebaseline_std0.5_samples30_alpha0.25,randomized_smoothing,TSMixer,mCE_snaive,0.0004109910945606643
1057,ETTh1,rs_backbonebaseline_std0.5_samples30_alpha0.25,randomized_smoothing,TSMixer,relative_mCE_snaive,0.0011044157678474775
1058,ETTh1,rs_backbonebaseline_std0.5_samples30_alpha0.25,randomized_smoothing,TSMixer,err_clean,-0.004243239676952393
1059,ETTh1,rs_backbonebaseline_std0.5_samples30_alpha0.25,randomized_smoothing,TSMixer,tau_mean,-0.0002266246230342439
1060,ETTh1,rs_backbonebaseline_std0.25_samples30_alpha0.25,randomized_smoothing,DLinear,MSE_test,0.0004106648519635048
1061,ETTh1,rs_backbonebaseline_std0.25_samples30_alpha0.25,randomized_smoothing,DLinear,MSE_w,0.00038711389452217304
1062,ETTh1,rs_backbonebaseline_std0.25_samples30_alpha0.25,randomized_smoothing,DLinear,D_w,-0.00028871108467831696
1063,ETTh1,rs_backbonebaseline_std0.25_samples30_alpha0.25,randomized_smoothing,DLinear,D_mean,-0.00018740416618956424
1064,ETTh1,rs_backbonebaseline_std0.25_samples30_alpha0.25,randomized_smoothing,DLinear,err_pert_ws,0.00038711389452217304
1065,ETTh1,rs_backbonebaseline_std0.25_samples30_alpha0.25,randomized_smoothing,DLinear,err_pert_mean,0.0003774047598242847
1066,ETTh1,rs_backbonebaseline_std0.25_samples30_alpha0.25,randomized_smoothing,DLinear,mCE_snaive,0.0005218339485675294
1067,ETTh1,rs_backbonebaseline_std0.25_samples30_alpha0.25,randomized_smoothing,DLinear,relative_mCE_snaive,0.0005100999534045636
1068,ETTh1,rs_backbonebaseline_std0.25_samples30_alpha0.25,randomized_smoothing,DLinear,err_clean,0.0004106648519635048
1069,ETTh1,rs_backbonebaseline_std0.25_samples30_alpha0.25,randomized_smoothing,DLinear,tau_mean,-0.0003774047598242847
1070,ETTh1,ensemble_top3_mean,ensemble,ModernTCN,MSE_test,-0.0042464267179369575
1071,ETTh1,ensemble_top3_mean,ensemble,ModernTCN,MSE_w,-0.01165261252671479
1072,ETTh1,ensemble_top3_mean,ensemble,ModernTCN,D_w,-0.01418136036816331
1073,ETTh1,ensemble_top3_mean,ensemble,ModernTCN,D_mean,-0.0042388199910199376
1074,ETTh1,ensemble_top3_mean,ensemble,ModernTCN,err_pert_ws,-0.01165261252671479
1075,ETTh1,ensemble_top3_mean,ensemble,ModernTCN,err_pert_mean,-0.006669219021405937
1076,ETTh1,ensemble_top3_mean,ensemble,ModernTCN,mCE_snaive,-0.008955821491907212
1077,ETTh1,ensemble_top3_mean,ensemble,ModernTCN,relative_mCE_snaive,-0.009151718021689126
1078,ETTh1,ensemble_top3_mean,ensemble,ModernTCN,err_clean,-0.0042464267179369575
1079,ETTh1,ensemble_top3_mean,ensemble,ModernTCN,tau_mean,0.006669219021405937
1080,ETTh1,ensemble_top5_mean,ensemble,GRU,MSE_test,-0.009654459944367422
1081,ETTh1,ensemble_top5_mean,ensemble,GRU,MSE_w,-0.00782788618952035
1082,ETTh1,ensemble_top5_mean,ensemble,GRU,D_w,0.003735066113699448
1083,ETTh1,ensemble_top5_mean,ensemble,GRU,D_mean,-0.003465150300135944
1084,ETTh1,ensemble_top5_mean,ensemble,GRU,err_pert_ws,-0.00782788618952035
1085,ETTh1,ensemble_top5_mean,ensemble,GRU,err_pert_mean,-0.01213071557059886
1086,ETTh1,ensemble_top5_mean,ensemble,GRU,mCE_snaive,-0.01680310322719969
1087,ETTh1,ensemble_top5_mean,ensemble,GRU,relative_mCE_snaive,-0.016973168128718297
1088,ETTh1,ensemble_top5_mean,ensemble,GRU,err_clean,-0.009654459944367422
1089,ETTh1,ensemble_top5_mean,ensemble,GRU,tau_mean,0.01213071557059886
1090,ETTh1,ensemble_top10_mean,ensemble,PatchTST,MSE_test,-0.004448848718404785
1091,ETTh1,ensemble_top10_mean,ensemble,PatchTST,MSE_w,-0.009342951621115203
1092,ETTh1,ensemble_top10_mean,ensemble,PatchTST,D_w,-0.00821242774368125
1093,ETTh1,ensemble_top10_mean,ensemble,PatchTST,D_mean,-0.006300469921076246
1094,ETTh1,ensemble_top10_mean,ensemble,PatchTST,err_pert_ws,-0.009342951621115203
1095,ETTh1,ensemble_top10_mean,ensemble,PatchTST,err_pert_mean,-0.007861916944710612
1096,ETTh1,ensemble_top10_mean,ensemble,PatchTST,mCE_snaive,-0.011039024395737118
1097,ETTh1,ensemble_top10_mean,ensemble,PatchTST,relative_mCE_snaive,-0.011438514193083837
1098,ETTh1,ensemble_top10_mean,ensemble,PatchTST,err_clean,-0.004448848718404785
1099,ETTh1,ensemble_top10_mean,ensemble,PatchTST,tau_mean,0.007861916944710612
1100,ETTh1,ensemble_top5_mean,ensemble,TSMixer,MSE_test,-0.005964989000558862
1101,ETTh1,ensemble_top5_mean,ensemble,TSMixer,MSE_w,-0.009011529071629054
1102,ETTh1,ensemble_top5_mean,ensemble,TSMixer,D_w,-0.004349479823126057
1103,ETTh1,ensemble_top5_mean,ensemble,TSMixer,D_mean,-0.008916108544898327
1104,ETTh1,ensemble_top5_mean,ensemble,TSMixer,err_pert_ws,-0.009011529071629054
1105,ETTh1,ensemble_top5_mean,ensemble,TSMixer,err_pert_mean,-0.010702282612305103
1106,ETTh1,ensemble_top5_mean,ensemble,TSMixer,mCE_snaive,-0.014628472724778852
1107,ETTh1,ensemble_top5_mean,ensemble,TSMixer,relative_mCE_snaive,-0.015120238280245113
1108,ETTh1,ensemble_top5_mean,ensemble,TSMixer,err_clean,-0.005964989000558862
1109,ETTh1,ensemble_top5_mean,ensemble,TSMixer,tau_mean,0.010702282612305103
1110,ETTh1,ensemble_top5_mean,ensemble,DLinear,MSE_test,0.0016437614426016434
1111,ETTh1,ensemble_top5_mean,ensemble,DLinear,MSE_w,0.00210178565531971
1112,ETTh1,ensemble_top5_mean,ensemble,DLinear,D_w,0.00010421490269485467
1113,ETTh1,ensemble_top5_mean,ensemble,DLinear,D_mean,0.0020599413681023915
1114,ETTh1,ensemble_top5_mean,ensemble,DLinear,err_pert_ws,0.00210178565531971
1115,ETTh1,ensemble_top5_mean,ensemble,DLinear,err_pert_mean,0.002744771425612247
1116,ETTh1,ensemble_top5_mean,ensemble,DLinear,mCE_snaive,0.0037468867956392815
1117,ETTh1,ensemble_top5_mean,ensemble,DLinear,relative_mCE_snaive,0.003854524921855118
1118,ETTh1,ensemble_top5_mean,ensemble,DLinear,err_clean,0.0016437614426016434
1119,ETTh1,ensemble_top5_mean,ensemble,DLinear,tau_mean,-0.002744771425612247
1120,ETTh1,fa_profholdout_varying_mix0.75_sev0.75_frac0.1,fault_augmentation,ModernTCN,MSE_test,0.002315133160352756
1121,ETTh1,fa_profholdout_varying_mix0.75_sev0.75_frac0.1,fault_augmentation,ModernTCN,MSE_w,0.001012575086951184
1122,ETTh1,fa_profholdout_varying_mix0.75_sev0.75_frac0.1,fault_augmentation,ModernTCN,D_w,-0.003883342483359975
1123,ETTh1,fa_profholdout_varying_mix0.75_sev0.75_frac0.1,fault_augmentation,ModernTCN,D_mean,-0.002373053672710901
1124,ETTh1,fa_profholdout_varying_mix0.75_sev0.75_frac0.1,fault_augmentation,ModernTCN,err_pert_ws,0.001012575086951184
1125,ETTh1,fa_profholdout_varying_mix0.75_sev0.75_frac0.1,fault_augmentation,ModernTCN,err_pert_mean,0.001477084710262755
1126,ETTh1,fa_profholdout_varying_mix0.75_sev0.75_frac0.1,fault_augmentation,ModernTCN,mCE_snaive,0.002077126892826797
1127,ETTh1,fa_profholdout_varying_mix0.75_sev0.75_frac0.1,fault_augmentation,ModernTCN,relative_mCE_snaive,0.0019305424250728453
1128,ETTh1,fa_profholdout_varying_mix0.75_sev0.75_frac0.1,fault_augmentation,ModernTCN,err_clean,0.002315133160352756
1129,ETTh1,fa_profholdout_varying_mix0.75_sev0.75_frac0.1,fault_augmentation,ModernTCN,tau_mean,-0.001477084710262755
1130,ETTh1,fa_profholdout_simple_mix1.0_sev0.75_frac0.1,fault_augmentation,GRU,MSE_test,0.01563003509044647
1131,ETTh1,fa_profholdout_simple_mix1.0_sev0.75_frac0.1,fault_augmentation,GRU,MSE_w,0.015108177638053832
1132,ETTh1,fa_profholdout_simple_mix1.0_sev0.75_frac0.1,fault_augmentation,GRU,D_w,-0.0022409836621597456
1133,ETTh1,fa_profholdout_simple_mix1.0_sev0.75_frac0.1,fault_augmentation,GRU,D_mean,-0.005115478387329286
1134,ETTh1,fa_profholdout_simple_mix1.0_sev0.75_frac0.1,fault_augmentation,GRU,err_pert_ws,0.015108177638053832
1135,ETTh1,fa_profholdout_simple_mix1.0_sev0.75_frac0.1,fault_augmentation,GRU,err_pert_mean,0.012487108835019134
1136,ETTh1,fa_profholdout_simple_mix1.0_sev0.75_frac0.1,fault_augmentation,GRU,mCE_snaive,0.017127331314347072
1137,ETTh1,fa_profholdout_simple_mix1.0_sev0.75_frac0.1,fault_augmentation,GRU,relative_mCE_snaive,0.01639782992162664
1138,ETTh1,fa_profholdout_simple_mix1.0_sev0.75_frac0.1,fault_augmentation,GRU,err_clean,0.01563003509044647
1139,ETTh1,fa_profholdout_simple_mix1.0_sev0.75_frac0.1,fault_augmentation,GRU,tau_mean,-0.012487108835019134
1140,ETTh1,fa_profholdout_simple_mix0.75_sev0.75_frac0.25,fault_augmentation,PatchTST,MSE_test,-0.00308616634458303
1141,ETTh1,fa_profholdout_simple_mix0.75_sev0.75_frac0.25,fault_augmentation,PatchTST,MSE_w,-0.00028713428750637426
1142,ETTh1,fa_profholdout_simple_mix0.75_sev0.75_frac0.25,fault_augmentation,PatchTST,D_w,0.008787334628178822
1143,ETTh1,fa_profholdout_simple_mix0.75_sev0.75_frac0.25,fault_augmentation,PatchTST,D_mean,0.00485572974283377
1144,ETTh1,fa_profholdout_simple_mix0.75_sev0.75_frac0.25,fault_augmentation,PatchTST,err_pert_ws,-0.00028713428750637426
1145,ETTh1,fa_profholdout_simple_mix0.75_sev0.75_frac0.25,fault_augmentation,PatchTST,err_pert_mean,-0.001509255005326171
1146,ETTh1,fa_profholdout_simple_mix0.75_sev0.75_frac0.25,fault_augmentation,PatchTST,mCE_snaive,-0.002458047295171628
1147,ETTh1,fa_profholdout_simple_mix0.75_sev0.75_frac0.25,fault_augmentation,PatchTST,relative_mCE_snaive,-0.0022677056973672283
1148,ETTh1,fa_profholdout_simple_mix0.75_sev0.75_frac0.25,fault_augmentation,PatchTST,err_clean,-0.00308616634458303
1149,ETTh1,fa_profholdout_simple_mix0.75_sev0.75_frac0.25,fault_augmentation,PatchTST,tau_mean,0.001509255005326171
1150,ETTh1,fa_profholdout_varying_mix0.75_sev0.75_frac0.1,fault_augmentation,TSMixer,MSE_test,0.0011070052534341568
1151,ETTh1,fa_profholdout_varying_mix0.75_sev0.75_frac0.1,fault_augmentation,TSMixer,MSE_w,-0.00035514236539602173
1152,ETTh1,fa_profholdout_varying_mix0.75_sev0.75_frac0.1,fault_augmentation,TSMixer,D_w,-0.003464639550410986
1153,ETTh1,fa_profholdout_varying_mix0.75_sev0.75_frac0.1,fault_augmentation,TSMixer,D_mean,-0.005427902486531355
1154,ETTh1,fa_profholdout_varying_mix0.75_sev0.75_frac0.1,fault_augmentation,TSMixer,err_pert_ws,-0.00035514236539602173
1155,ETTh1,fa_profholdout_varying_mix0.75_sev0.75_frac0.1,fault_augmentation,TSMixer,err_pert_mean,-0.0013731947230175567
1156,ETTh1,fa_profholdout_varying_mix0.75_sev0.75_frac0.1,fault_augmentation,TSMixer,mCE_snaive,-0.0018703086036634398
1157,ETTh1,fa_profholdout_varying_mix0.75_sev0.75_frac0.1,fault_augmentation,TSMixer,relative_mCE_snaive,-0.0022158454104883596
1158,ETTh1,fa_profholdout_varying_mix0.75_sev0.75_frac0.1,fault_augmentation,TSMixer,err_clean,0.0011070052534341568
1159,ETTh1,fa_profholdout_varying_mix0.75_sev0.75_frac0.1,fault_augmentation,TSMixer,tau_mean,0.0013731947230175567
1160,ETTh1,fa_profholdout_simple_mix0.75_sev1.0_frac0.25,fault_augmentation,DLinear,MSE_test,-0.0005650954097509708
1161,ETTh1,fa_profholdout_simple_mix0.75_sev1.0_frac0.25,fault_augmentation,DLinear,MSE_w,-0.0032800996065139865
1162,ETTh1,fa_profholdout_simple_mix0.75_sev1.0_frac0.25,fault_augmentation,DLinear,D_w,-0.005884410868270962
1163,ETTh1,fa_profholdout_simple_mix0.75_sev1.0_frac0.25,fault_augmentation,DLinear,D_mean,-0.002401101308047826
1164,ETTh1,fa_profholdout_simple_mix0.75_sev1.0_frac0.25,fault_augmentation,DLinear,err_pert_ws,-0.0032800996065139865
1165,ETTh1,fa_profholdout_simple_mix0.75_sev1.0_frac0.25,fault_augmentation,DLinear,err_pert_mean,-0.0016823678678832277
1166,ETTh1,fa_profholdout_simple_mix0.75_sev1.0_frac0.25,fault_augmentation,DLinear,mCE_snaive,-0.0022393502657777065
1167,ETTh1,fa_profholdout_simple_mix0.75_sev1.0_frac0.25,fault_augmentation,DLinear,relative_mCE_snaive,-0.00236105466405645
1168,ETTh1,fa_profholdout_simple_mix0.75_sev1.0_frac0.25,fault_augmentation,DLinear,err_clean,-0.0005650954097509708
1169,ETTh1,fa_profholdout_simple_mix0.75_sev1.0_frac0.25,fault_augmentation,DLinear,tau_mean,0.0016823678678832277
1170,ETTh1,arl_alo0.001_ainit1.0_slo1e-05_sinit0.1,adaptive_robust_loss,PatchTST,MSE_test,0.00947070641070602
1171,ETTh1,arl_alo0.001_ainit1.0_slo1e-05_sinit0.1,adaptive_robust_loss,PatchTST,MSE_w,0.02016725419536225
1172,ETTh1,arl_alo0.001_ainit1.0_slo1e-05_sinit0.1,adaptive_robust_loss,PatchTST,D_w,0.01756119463019079
1173,ETTh1,arl_alo0.001_ainit1.0_slo1e-05_sinit0.1,adaptive_robust_loss,PatchTST,D_mean,-0.008861255345792962
1174,ETTh1,arl_alo0.001_ainit1.0_slo1e-05_sinit0.1,adaptive_robust_loss,PatchTST,err_pert_ws,0.02016725419536225
1175,ETTh1,arl_alo0.001_ainit1.0_slo1e-05_sinit0.1,adaptive_robust_loss,PatchTST,err_pert_mean,0.007106380810681712
1176,ETTh1,arl_alo0.001_ainit1.0_slo1e-05_sinit0.1,adaptive_robust_loss,PatchTST,mCE_snaive,0.009096672659885008
1177,ETTh1,arl_alo0.001_ainit1.0_slo1e-05_sinit0.1,adaptive_robust_loss,PatchTST,relative_mCE_snaive,0.00846974897434416
1178,ETTh1,arl_alo0.001_ainit1.0_slo1e-05_sinit0.1,adaptive_robust_loss,PatchTST,err_clean,0.00947070641070602
1179,ETTh1,arl_alo0.001_ainit1.0_slo1e-05_sinit0.1,adaptive_robust_loss,PatchTST,tau_mean,-0.007106380810681712
1180,ETTh1,arl_alo0.25_ainit1.0_slo1e-05_sinit1.0,adaptive_robust_loss,ModernTCN,MSE_test,0.05043749796599151
1181,ETTh1,arl_alo0.25_ainit1.0_slo1e-05_sinit1.0,adaptive_robust_loss,ModernTCN,MSE_w,0.04783279554992914
1182,ETTh1,arl_alo0.25_ainit1.0_slo1e-05_sinit1.0,adaptive_robust_loss,ModernTCN,D_w,-0.0263444978791898
1183,ETTh1,arl_alo0.25_ainit1.0_slo1e-05_sinit1.0,adaptive_robust_loss,ModernTCN,D_mean,-0.021544024079443336
1184,ETTh1,arl_alo0.25_ainit1.0_slo1e-05_sinit1.0,adaptive_robust_loss,ModernTCN,err_pert_ws,0.04783279554992914
1185,ETTh1,arl_alo0.25_ainit1.0_slo1e-05_sinit1.0,adaptive_robust_loss,ModernTCN,err_pert_mean,0.045139688698668023
1186,ETTh1,arl_alo0.25_ainit1.0_slo1e-05_sinit1.0,adaptive_robust_loss,ModernTCN,mCE_snaive,0.0620985535548737
1187,ETTh1,arl_alo0.25_ainit1.0_slo1e-05_sinit1.0,adaptive_robust_loss,ModernTCN,relative_mCE_snaive,0.06043147550003103
1188,ETTh1,arl_alo0.25_ainit1.0_slo1e-05_sinit1.0,adaptive_robust_loss,ModernTCN,err_clean,0.05043749796599151
1189,ETTh1,arl_alo0.25_ainit1.0_slo1e-05_sinit1.0,adaptive_robust_loss,ModernTCN,tau_mean,-0.045139688698668023
1190,ETTh1,arl_alo0.5_ainit1.0_slo0.01_sinit1.0,adaptive_robust_loss,GRU,MSE_test,0.09304270173907281
1191,ETTh1,arl_alo0.5_ainit1.0_slo0.01_sinit1.0,adaptive_robust_loss,GRU,MSE_w,0.09607271241545678
1192,ETTh1,arl_alo0.5_ainit1.0_slo0.01_sinit1.0,adaptive_robust_loss,GRU,D_w,-0.003875255709326675
1193,ETTh1,arl_alo0.5_ainit1.0_slo0.01_sinit1.0,adaptive_robust_loss,GRU,D_mean,-0.02288100470318577
1194,ETTh1,arl_alo0.5_ainit1.0_slo0.01_sinit1.0,adaptive_robust_loss,GRU,err_pert_ws,0.09607271241545678
1195,ETTh1,arl_alo0.5_ainit1.0_slo0.01_sinit1.0,adaptive_robust_loss,GRU,err_pert_mean,0.0777104098813608
1196,ETTh1,arl_alo0.5_ainit1.0_slo0.01_sinit1.0,adaptive_robust_loss,GRU,mCE_snaive,0.10894075614415732
1197,ETTh1,arl_alo0.5_ainit1.0_slo0.01_sinit1.0,adaptive_robust_loss,GRU,relative_mCE_snaive,0.10556033755143968
1198,ETTh1,arl_alo0.5_ainit1.0_slo0.01_sinit1.0,adaptive_robust_loss,GRU,err_clean,0.09304270173907281
1199,ETTh1,arl_alo0.5_ainit1.0_slo0.01_sinit1.0,adaptive_robust_loss,GRU,tau_mean,-0.0777104098813608
1200,ETTh1,arl_alo0.001_ainit1.0_slo0.001_sinit0.1,adaptive_robust_loss,TSMixer,MSE_test,-0.001408759517967706
1201,ETTh1,arl_alo0.001_ainit1.0_slo0.001_sinit0.1,adaptive_robust_loss,TSMixer,MSE_w,-0.0003356964945793184
1202,ETTh1,arl_alo0.001_ainit1.0_slo0.001_sinit0.1,adaptive_robust_loss,TSMixer,D_w,0.002768849064220369
1203,ETTh1,arl_alo0.001_ainit1.0_slo0.001_sinit0.1,adaptive_robust_loss,TSMixer,D_mean,-0.007504914822281883
1204,ETTh1,arl_alo0.001_ainit1.0_slo0.001_sinit0.1,adaptive_robust_loss,TSMixer,err_pert_ws,-0.0003356964945793184
1205,ETTh1,arl_alo0.001_ainit1.0_slo0.001_sinit0.1,adaptive_robust_loss,TSMixer,err_pert_mean,-0.005093409192375775
1206,ETTh1,arl_alo0.001_ainit1.0_slo0.001_sinit0.1,adaptive_robust_loss,TSMixer,mCE_snaive,-0.007186327920480018
1207,ETTh1,arl_alo0.001_ainit1.0_slo0.001_sinit0.1,adaptive_robust_loss,TSMixer,relative_mCE_snaive,-0.007678260016836469
1208,ETTh1,arl_alo0.001_ainit1.0_slo0.001_sinit0.1,adaptive_robust_loss,TSMixer,err_clean,-0.001408759517967706
1209,ETTh1,arl_alo0.001_ainit1.0_slo0.001_sinit0.1,adaptive_robust_loss,TSMixer,tau_mean,0.005093409192375775
1210,ETTh1,arl_alo0.001_ainit1.0_slo1e-05_sinit0.1,adaptive_robust_loss,DLinear,MSE_test,0.012416890357434707
1211,ETTh1,arl_alo0.001_ainit1.0_slo1e-05_sinit0.1,adaptive_robust_loss,DLinear,MSE_w,0.021462654207646814
1212,ETTh1,arl_alo0.001_ainit1.0_slo1e-05_sinit0.1,adaptive_robust_loss,DLinear,D_w,0.013173499828605939
1213,ETTh1,arl_alo0.001_ainit1.0_slo1e-05_sinit0.1,adaptive_robust_loss,DLinear,D_mean,0.007590099608641099
1214,ETTh1,arl_alo0.001_ainit1.0_slo1e-05_sinit0.1,adaptive_robust_loss,DLinear,err_pert_ws,0.021462654207646814
1215,ETTh1,arl_alo0.001_ainit1.0_slo1e-05_sinit0.1,adaptive_robust_loss,DLinear,err_pert_mean,0.01731243601515886
1216,ETTh1,arl_alo0.001_ainit1.0_slo1e-05_sinit0.1,adaptive_robust_loss,DLinear,mCE_snaive,0.023522200085265177
1217,ETTh1,arl_alo0.001_ainit1.0_slo1e-05_sinit0.1,adaptive_robust_loss,DLinear,relative_mCE_snaive,0.023872699091728622
1218,ETTh1,arl_alo0.001_ainit1.0_slo1e-05_sinit0.1,adaptive_robust_loss,DLinear,err_clean,0.012416890357434707
1219,ETTh1,arl_alo0.001_ainit1.0_slo1e-05_sinit0.1,adaptive_robust_loss,DLinear,tau_mean,-0.01731243601515886
1220,ETTh1,advtrain_eps0.05_steps7_alpha0.02_channelsall,adversarial_training,ModernTCN,MSE_test,0.0026538590922952077
1221,ETTh1,advtrain_eps0.05_steps7_alpha0.02_channelsall,adversarial_training,ModernTCN,MSE_w,0.0030072481825947905
1222,ETTh1,advtrain_eps0.05_steps7_alpha0.02_channelsall,adversarial_training,ModernTCN,D_w,-0.00047289599601230137
1223,ETTh1,advtrain_eps0.05_steps7_alpha0.02_channelsall,adversarial_training,ModernTCN,D_mean,-0.0038300572322316206
1224,ETTh1,advtrain_eps0.05_steps7_alpha0.02_channelsall,adversarial_training,ModernTCN,err_pert_ws,0.0030072481825947905
1225,ETTh1,advtrain_eps0.05_steps7_alpha0.02_channelsall,adversarial_training,ModernTCN,err_pert_mean,0.001176781102362967
1226,ETTh1,advtrain_eps0.05_steps7_alpha0.02_channelsall,adversarial_training,ModernTCN,mCE_snaive,0.0016362549365265266
1227,ETTh1,advtrain_eps0.05_steps7_alpha0.02_channelsall,adversarial_training,ModernTCN,relative_mCE_snaive,0.0013951547822530497
1228,ETTh1,advtrain_eps0.05_steps7_alpha0.02_channelsall,adversarial_training,ModernTCN,err_clean,0.0026538590922952077
1229,ETTh1,advtrain_eps0.05_steps7_alpha0.02_channelsall,adversarial_training,ModernTCN,tau_mean,-0.001176781102362967
1230,ETTh1,rt_spaceraw_std0.1_channelscontinuous,randomized_training,ModernTCN,MSE_test,0.0021266595140099764
1231,ETTh1,rt_spaceraw_std0.1_channelscontinuous,randomized_training,ModernTCN,MSE_w,0.002899238063394982
1232,ETTh1,rt_spaceraw_std0.1_channelscontinuous,randomized_training,ModernTCN,D_w,0.0006754215398256935
1233,ETTh1,rt_spaceraw_std0.1_channelscontinuous,randomized_training,ModernTCN,D_mean,-0.0033291689644969757
1234,ETTh1,rt_spaceraw_std0.1_channelscontinuous,randomized_training,ModernTCN,err_pert_ws,0.002899238063394982
1235,ETTh1,rt_spaceraw_std0.1_channelscontinuous,randomized_training,ModernTCN,err_pert_mean,0.0008240113595500143
1236,ETTh1,rt_spaceraw_std0.1_channelscontinuous,randomized_training,ModernTCN,mCE_snaive,0.0011383876557522488
1237,ETTh1,rt_spaceraw_std0.1_channelscontinuous,randomized_training,ModernTCN,relative_mCE_snaive,0.0009269399724264327
1238,ETTh1,rt_spaceraw_std0.1_channelscontinuous,randomized_training,ModernTCN,err_clean,0.0021266595140099764
1239,ETTh1,rt_spaceraw_std0.1_channelscontinuous,randomized_training,ModernTCN,tau_mean,-0.0008240113595500143
1240,ETTh1,advtrain_eps0.05_steps7_alpha0.02_channelsall,adversarial_training,GRU,MSE_test,-0.031391495925188084
1241,ETTh1,advtrain_eps0.05_steps7_alpha0.02_channelsall,adversarial_training,GRU,MSE_w,-0.031058392448723326
1242,ETTh1,advtrain_eps0.05_steps7_alpha0.02_channelsall,adversarial_training,GRU,D_w,0.0037056309025931267
1243,ETTh1,advtrain_eps0.05_steps7_alpha0.02_channelsall,adversarial_training,GRU,D_mean,-0.00017362175189017393
1244,ETTh1,advtrain_eps0.05_steps7_alpha0.02_channelsall,adversarial_training,GRU,err_pert_ws,-0.031058392448723326
1245,ETTh1,advtrain_eps0.05_steps7_alpha0.02_channelsall,adversarial_training,GRU,err_pert_mean,-0.03217584532722828
1246,ETTh1,advtrain_eps0.05_steps7_alpha0.02_channelsall,adversarial_training,GRU,mCE_snaive,-0.044262551162473907
1247,ETTh1,advtrain_eps0.05_steps7_alpha0.02_channelsall,adversarial_training,GRU,relative_mCE_snaive,-0.04376852143921639
1248,ETTh1,advtrain_eps0.05_steps7_alpha0.02_channelsall,adversarial_training,GRU,err_clean,-0.031391495925188084
1249,ETTh1,advtrain_eps0.05_steps7_alpha0.02_channelsall,adversarial_training,GRU,tau_mean,0.03217584532722828
1250,ETTh1,rt_spaceraw_std0.2_channelscontinuous,randomized_training,GRU,MSE_test,0.0312960954159498
1251,ETTh1,rt_spaceraw_std0.2_channelscontinuous,randomized_training,GRU,MSE_w,0.02945987994372845
1252,ETTh1,rt_spaceraw_std0.2_channelscontinuous,randomized_training,GRU,D_w,-0.005523490887291649
1253,ETTh1,rt_spaceraw_std0.2_channelscontinuous,randomized_training,GRU,D_mean,-0.00581103891771928
1254,ETTh1,rt_spaceraw_std0.2_channelscontinuous,randomized_training,GRU,err_pert_ws,0.02945987994372845
1255,ETTh1,rt_spaceraw_std0.2_channelscontinuous,randomized_training,GRU,err_pert_mean,0.02792570711914455
1256,ETTh1,rt_spaceraw_std0.2_channelscontinuous,randomized_training,GRU,mCE_snaive,0.03848950118235073
1257,ETTh1,rt_spaceraw_std0.2_channelscontinuous,randomized_training,GRU,relative_mCE_snaive,0.037456978926252216
1258,ETTh1,rt_spaceraw_std0.2_channelscontinuous,randomized_training,GRU,err_clean,0.0312960954159498
1259,ETTh1,rt_spaceraw_std0.2_channelscontinuous,randomized_training,GRU,tau_mean,-0.02792570711914455
1260,ETTh1,advtrain_eps0.1_steps5_alpha0.02_channelsall,adversarial_training,PatchTST,MSE_test,0.005047308303415765
1261,ETTh1,advtrain_eps0.1_steps5_alpha0.02_channelsall,adversarial_training,PatchTST,MSE_w,0.003951199229806579
1262,ETTh1,advtrain_eps0.1_steps5_alpha0.02_channelsall,adversarial_training,PatchTST,D_w,-0.006123796344458476
1263,ETTh1,advtrain_eps0.1_steps5_alpha0.02_channelsall,adversarial_training,PatchTST,D_mean,-0.005152060690886806
1264,ETTh1,advtrain_eps0.1_steps5_alpha0.02_channelsall,adversarial_training,PatchTST,err_pert_ws,0.003951199229806579
1265,ETTh1,advtrain_eps0.1_steps5_alpha0.02_channelsall,adversarial_training,PatchTST,err_pert_mean,0.0036207385783548762
1266,ETTh1,advtrain_eps0.1_steps5_alpha0.02_channelsall,adversarial_training,PatchTST,mCE_snaive,0.0046194013915196175
1267,ETTh1,advtrain_eps0.1_steps5_alpha0.02_channelsall,adversarial_training,PatchTST,relative_mCE_snaive,0.004271968745299892
1268,ETTh1,advtrain_eps0.1_steps5_alpha0.02_channelsall,adversarial_training,PatchTST,err_clean,0.005047308303415765
1269,ETTh1,advtrain_eps0.1_steps5_alpha0.02_channelsall,adversarial_training,PatchTST,tau_mean,-0.0036207385783548762
1270,ETTh1,rt_spaceraw_std0.1_channelscontinuous,randomized_training,PatchTST,MSE_test,0.010993025074899188
1271,ETTh1,rt_spaceraw_std0.1_channelscontinuous,randomized_training,PatchTST,MSE_w,0.006249358892440715
1272,ETTh1,rt_spaceraw_std0.1_channelscontinuous,randomized_training,PatchTST,D_w,-0.0184863133932911
1273,ETTh1,rt_spaceraw_std0.1_channelscontinuous,randomized_training,PatchTST,D_mean,0.012596741105476816
1274,ETTh1,rt_spaceraw_std0.1_channelscontinuous,randomized_training,PatchTST,err_pert_ws,0.006249358892440715
1275,ETTh1,rt_spaceraw_std0.1_channelscontinuous,randomized_training,PatchTST,err_pert_mean,0.01835284986356267
1276,ETTh1,rt_spaceraw_std0.1_channelscontinuous,randomized_training,PatchTST,mCE_snaive,0.025436419279636135
1277,ETTh1,rt_spaceraw_std0.1_channelscontinuous,randomized_training,PatchTST,relative_mCE_snaive,0.026227182093267132
1278,ETTh1,rt_spaceraw_std0.1_channelscontinuous,randomized_training,PatchTST,err_clean,0.010993025074899188
1279,ETTh1,rt_spaceraw_std0.1_channelscontinuous,randomized_training,PatchTST,tau_mean,-0.01835284986356267
1280,ETTh1,advtrain_eps0.05_steps7_alpha0.02_channelsall,adversarial_training,TSMixer,MSE_test,-0.00669186906963587
1281,ETTh1,advtrain_eps0.05_steps7_alpha0.02_channelsall,adversarial_training,TSMixer,MSE_w,-0.007039711198210785
1282,ETTh1,advtrain_eps0.05_steps7_alpha0.02_channelsall,adversarial_training,TSMixer,D_w,0.001670298986869545
1283,ETTh1,advtrain_eps0.05_steps7_alpha0.02_channelsall,adversarial_training,TSMixer,D_mean,-0.00788195298711658
1284,ETTh1,advtrain_eps0.05_steps7_alpha0.02_channelsall,adversarial_training,TSMixer,err_pert_ws,-0.007039711198210785
1285,ETTh1,advtrain_eps0.05_steps7_alpha0.02_channelsall,adversarial_training,TSMixer,err_pert_mean,-0.011006349381431968
1286,ETTh1,advtrain_eps0.05_steps7_alpha0.02_channelsall,adversarial_training,TSMixer,mCE_snaive,-0.015075581139352812
1287,ETTh1,advtrain_eps0.05_steps7_alpha0.02_channelsall,adversarial_training,TSMixer,relative_mCE_snaive,-0.015501796973740878
1288,ETTh1,advtrain_eps0.05_steps7_alpha0.02_channelsall,adversarial_training,TSMixer,err_clean,-0.00669186906963587
1289,ETTh1,advtrain_eps0.05_steps7_alpha0.02_channelsall,adversarial_training,TSMixer,tau_mean,0.011006349381431968
1290,ETTh1,rt_spaceraw_std0.1_channelscontinuous,randomized_training,TSMixer,MSE_test,-0.0010805415779352456
1291,ETTh1,rt_spaceraw_std0.1_channelscontinuous,randomized_training,TSMixer,MSE_w,-0.003066319362819203
1292,ETTh1,rt_spaceraw_std0.1_channelscontinuous,randomized_training,TSMixer,D_w,-0.003806308619743959
1293,ETTh1,rt_spaceraw_std0.1_channelscontinuous,randomized_training,TSMixer,D_mean,-0.009246863167395425
1294,ETTh1,rt_spaceraw_std0.1_channelscontinuous,randomized_training,TSMixer,err_pert_ws,-0.003066319362819203
1295,ETTh1,rt_spaceraw_std0.1_channelscontinuous,randomized_training,TSMixer,err_pert_mean,-0.005562325287982839
1296,ETTh1,rt_spaceraw_std0.1_channelscontinuous,randomized_training,TSMixer,mCE_snaive,-0.007591964719787514
1297,ETTh1,rt_spaceraw_std0.1_channelscontinuous,randomized_training,TSMixer,relative_mCE_snaive,-0.008150813321238903
1298,ETTh1,rt_spaceraw_std0.1_channelscontinuous,randomized_training,TSMixer,err_clean,-0.0010805415779352456
1299,ETTh1,rt_spaceraw_std0.1_channelscontinuous,randomized_training,TSMixer,tau_mean,0.005562325287982839
1300,ETTh1,advtrain_eps0.2_steps7_alpha0.02_channelsall,adversarial_training,DLinear,MSE_test,0.0032362136781215467
1301,ETTh1,advtrain_eps0.2_steps7_alpha0.02_channelsall,adversarial_training,DLinear,MSE_w,0.004808492426574218
1302,ETTh1,advtrain_eps0.2_steps7_alpha0.02_channelsall,adversarial_training,DLinear,D_w,0.0017245350287895533
1303,ETTh1,advtrain_eps0.2_steps7_alpha0.02_channelsall,adversarial_training,DLinear,D_mean,-0.0026608277661908097
1304,ETTh1,advtrain_eps0.2_steps7_alpha0.02_channelsall,adversarial_training,DLinear,err_pert_ws,0.004808492426574218
1305,ETTh1,advtrain_eps0.2_steps7_alpha0.02_channelsall,adversarial_training,DLinear,err_pert_mean,0.0024476642448454933
1306,ETTh1,advtrain_eps0.2_steps7_alpha0.02_channelsall,adversarial_training,DLinear,mCE_snaive,0.0034001932360890885
1307,ETTh1,advtrain_eps0.2_steps7_alpha0.02_channelsall,adversarial_training,DLinear,relative_mCE_snaive,0.003243670950267785
1308,ETTh1,advtrain_eps0.2_steps7_alpha0.02_channelsall,adversarial_training,DLinear,err_clean,0.0032362136781215467
1309,ETTh1,advtrain_eps0.2_steps7_alpha0.02_channelsall,adversarial_training,DLinear,tau_mean,-0.0024476642448454933
1310,ETTh1,rt_spaceraw_std0.2_channelscontinuous,randomized_training,DLinear,MSE_test,0.0032307899415492947
1311,ETTh1,rt_spaceraw_std0.2_channelscontinuous,randomized_training,DLinear,MSE_w,0.006899662682414043
1312,ETTh1,rt_spaceraw_std0.2_channelscontinuous,randomized_training,DLinear,D_w,0.006480719040106164
1313,ETTh1,rt_spaceraw_std0.2_channelscontinuous,randomized_training,DLinear,D_mean,-0.002461165113931685
1314,ETTh1,rt_spaceraw_std0.2_channelscontinuous,randomized_training,DLinear,err_pert_ws,0.006899662682414043
1315,ETTh1,rt_spaceraw_std0.2_channelscontinuous,randomized_training,DLinear,err_pert_mean,0.002529681073501655
1316,ETTh1,rt_spaceraw_std0.2_channelscontinuous,randomized_training,DLinear,mCE_snaive,0.003448689071492428
1317,ETTh1,rt_spaceraw_std0.2_channelscontinuous,randomized_training,DLinear,relative_mCE_snaive,0.0032893652054573064
1318,ETTh1,rt_spaceraw_std0.2_channelscontinuous,randomized_training,DLinear,err_clean,0.0032307899415492947
1319,ETTh1,rt_spaceraw_std0.2_channelscontinuous,randomized_training,DLinear,tau_mean,-0.002529681073501655
1320,ETTh1,revin_affineTrue_eps1e-5,revin,ModernTCN,MSE_test,-0.01760489232391116
1321,ETTh1,revin_affineTrue_eps1e-5,revin,ModernTCN,MSE_w,0.019598401384055553
1322,ETTh1,revin_affineTrue_eps1e-5,revin,ModernTCN,D_w,0.09230463768227515
1323,ETTh1,revin_affineTrue_eps1e-5,revin,ModernTCN,D_mean,0.037226177503599356
1324,ETTh1,revin_affineTrue_eps1e-5,revin,ModernTCN,err_pert_ws,0.019598401384055553
1325,ETTh1,revin_affineTrue_eps1e-5,revin,ModernTCN,err_pert_mean,-0.0030708618440664637
1326,ETTh1,revin_affineTrue_eps1e-5,revin,ModernTCN,mCE_snaive,-0.005385056312839476
1327,ETTh1,revin_affineTrue_eps1e-5,revin,ModernTCN,relative_mCE_snaive,-0.003354732584963771
1328,ETTh1,revin_affineTrue_eps1e-5,revin,ModernTCN,err_clean,-0.01760489232391116
1329,ETTh1,revin_affineTrue_eps1e-5,revin,ModernTCN,tau_mean,0.0030708618440664637
1330,ETTh1,revin_affineTrue_eps1e-5,revin,GRU,MSE_test,-0.1407426479548216
1331,ETTh1,revin_affineTrue_eps1e-5,revin,GRU,MSE_w,-0.04033585865795608
1332,ETTh1,revin_affineTrue_eps1e-5,revin,GRU,D_w,0.2089687553715358
1333,ETTh1,revin_affineTrue_eps1e-5,revin,GRU,D_mean,0.07600565232951206
1334,ETTh1,revin_affineTrue_eps1e-5,revin,GRU,err_pert_ws,-0.04033585865795608
1335,ETTh1,revin_affineTrue_eps1e-5,revin,GRU,err_pert_mean,-0.10396472262591128
1336,ETTh1,revin_affineTrue_eps1e-5,revin,GRU,mCE_snaive,-0.14460470718958707
1337,ETTh1,revin_affineTrue_eps1e-5,revin,GRU,relative_mCE_snaive,-0.1373527019336026
1338,ETTh1,revin_affineTrue_eps1e-5,revin,GRU,err_clean,-0.1407426479548216
1339,ETTh1,revin_affineTrue_eps1e-5,revin,GRU,tau_mean,0.10396472262591128
1340,ETTh1,revin_affineFalse_eps1e-5,revin,TSMixer,MSE_test,-0.032390597900748275
1341,ETTh1,revin_affineFalse_eps1e-5,revin,TSMixer,MSE_w,0.03163860425651066
1342,ETTh1,revin_affineFalse_eps1e-5,revin,TSMixer,D_w,0.15706873932723253
1343,ETTh1,revin_affineFalse_eps1e-5,revin,TSMixer,D_mean,0.05313680376853536
1344,ETTh1,revin_affineFalse_eps1e-5,revin,TSMixer,err_pert_ws,0.03163860425651066
1345,ETTh1,revin_affineFalse_eps1e-5,revin,TSMixer,err_pert_mean,-0.011901616672659321
1346,ETTh1,revin_affineFalse_eps1e-5,revin,TSMixer,mCE_snaive,-0.01746595850646293
1347,ETTh1,revin_affineFalse_eps1e-5,revin,TSMixer,relative_mCE_snaive,-0.01434739595161405
1348,ETTh1,revin_affineFalse_eps1e-5,revin,TSMixer,err_clean,-0.032390597900748275
1349,ETTh1,revin_affineFalse_eps1e-5,revin,TSMixer,tau_mean,0.011901616672659321
1350,ETTh1,revin_affineTrue_eps1e-5,revin,DLinear,MSE_test,0.009832121467590327
1351,ETTh1,revin_affineTrue_eps1e-5,revin,DLinear,MSE_w,0.029685163818299776
1352,ETTh1,revin_affineTrue_eps1e-5,revin,DLinear,D_w,0.0388367599401207
1353,ETTh1,revin_affineTrue_eps1e-5,revin,DLinear,D_mean,0.012899617427432064
1354,ETTh1,revin_affineTrue_eps1e-5,revin,DLinear,err_pert_ws,0.029685163818299776
1355,ETTh1,revin_affineTrue_eps1e-5,revin,DLinear,err_pert_mean,0.01677750906078146
1356,ETTh1,revin_affineTrue_eps1e-5,revin,DLinear,mCE_snaive,0.0226475011047359
1357,ETTh1,revin_affineTrue_eps1e-5,revin,DLinear,relative_mCE_snaive,0.02329354479278678
1358,ETTh1,revin_affineTrue_eps1e-5,revin,DLinear,err_clean,0.009832121467590327
1359,ETTh1,revin_affineTrue_eps1e-5,revin,DLinear,tau_mean,-0.01677750906078146
