,dataset,data_config_signature,run_id,model,loader_kind,model_architecture,pipeline_id,pipeline_method,pipeline_kind,stage,robustness_method,base_pipeline_method,backbone_run_id,backbone_run_ids,backbone_architecture,eval_data_seed,test_metric,MSE_val,MSE_pert_ws_val,MSE_pert_mean_val,MSE_test_improved,best_val_loss,robustness_scoring_semantics,perturbation_channel_fraction_max,perturbation_scenarios_signature,perturbation_scenarios_count,D_w_improved,D_w_CI_lo,D_w_CI_hi,D_mean_improved,D_mean_CI_lo,D_mean_CI_hi,err_pert_ws_improved,err_pert_ws_CI_lo,err_pert_ws_CI_hi,err_pert_mean_improved,err_pert_mean_CI_lo,err_pert_mean_CI_hi,MSE_w_improved,worst_scenario_improved,n_test_samples,selection_pool,mCE_snaive_improved,relative_mCE_snaive_improved,mPC,rPC,rho_eff,rho_eff_status,selection_metric,selection_value,MSE_test_baseline,MSE_w_baseline,D_w_baseline,D_mean_baseline,err_pert_ws_baseline,err_pert_mean_baseline,mCE_snaive_baseline,relative_mCE_snaive_baseline,matched_baseline_run_id,worst_scenario_baseline,architecture_family,delta_MSE_test,pct_change_MSE_test,delta_MSE_w,pct_change_MSE_w,delta_D_w,pct_change_D_w,delta_D_mean,pct_change_D_mean,delta_err_pert_ws,pct_change_err_pert_ws,delta_err_pert_mean,pct_change_err_pert_mean,delta_mCE_snaive,pct_change_mCE_snaive,delta_relative_mCE_snaive,pct_change_relative_mCE_snaive,delta_err_clean,tau_mean,tau_mean_status,tau_mean_base_run_id
0,Penmanshiel_Hourly_WT08,d379114cd53cbbe062e0e09b673d66d5a6d103c8d25daba8f040e64926c0f2d0,e78f42efaca24d7996939c737115cc9e,RandomizedSmoothing,RandomizedSmoothing,ModernTCN,rs_backbonebaseline_std0.25_samples30_alpha0.25,randomized_smoothing,wrap,improve,randomized_smoothing,baseline,0a3c1ca1f138463992a2135c0a32d428,,ModernTCN,1515776824,MSE,0.31191471219062805,,,0.3366118444508291,0.3116857409477234,uniform_severity_degradation,0.5,"[""drift"",""attenuation"",""noise"",""spike"",""time_stretch"",""time_compress"",""stuck_sensor"",""missing_data""]",8,1.1814355609627079,1.162861552010243,1.2011976355035043,1.0714939969613149,1.0650897865317102,1.0783612222165015,0.39768520327545703,0.3850157217762128,0.4096326469090098,0.3606775706351393,0.34925555566381417,0.3711219042346137,0.39768520327545703,noise,10000,winner_pool,0.8409856142687845,0.8389229001596552,0.3606775706351393,0.933276343904803,0.0024461199742302764,computed,MSE_val,0.31191471219062805,0.335525509723532,0.3969765509995632,1.183148641445075,1.0714641225017787,0.3969765509995632,0.35950354585288624,0.8382111001494363,0.8361465591322106,0a3c1ca1f138463992a2135c0a32d428,noise,Convolution,0.001086334727297078,0.3237711279217492,0.0007086522758938396,0.17851237664025635,-0.0017130804823670687,-0.14478996318457038,2.9874459536172182e-05,0.0027881903750932723,0.0007086522758938396,0.17851237664025635,0.0011740247822530359,0.3265683456522743,0.002774514119348148,0.331004220637678,0.0027763410274446176,0.3320399991032703,0.001086334727297078,-0.0011740247822530359,computed:lineage,0a3c1ca1f138463992a2135c0a32d428
1,Penmanshiel_Hourly_WT08,d379114cd53cbbe062e0e09b673d66d5a6d103c8d25daba8f040e64926c0f2d0,91d651009a96427f8455883dcacee85d,RandomizedSmoothing,RandomizedSmoothing,GRU,rs_backbonebaseline_std0.25_samples30_alpha0.35,randomized_smoothing,wrap,improve,randomized_smoothing,baseline,207cb29892c64707a2a730092d2a5c23,,GRU,1515776824,MSE,0.29957959055900574,,,0.34565211532259127,0.29940178990364075,uniform_severity_degradation,0.5,"[""drift"",""attenuation"",""noise"",""spike"",""time_stretch"",""time_compress"",""stuck_sensor"",""missing_data""]",8,1.0637471424240743,1.056291098058141,1.0726876231124352,1.027417488519025,1.0248609402820765,1.0301898064968649,0.3676864499472431,0.3571993548546533,0.37834815970639757,0.3551290282260252,0.3445940292990211,0.3653620366758865,0.3676864499472431,drift,10000,winner_pool,0.8309935471210826,0.8259528471477413,0.3551290282260252,0.9733141699207921,0.017747516341398373,computed,MSE_val,0.29957959055900574,0.3455990934811067,0.3676065480746038,1.063679144443995,1.0272414513836818,0.3676065480746038,0.35501371438441676,0.8307158932617698,0.8256602616766393,207cb29892c64707a2a730092d2a5c23,drift,Recurrent,5.302184148459066e-05,0.015342008264697393,7.99018726392875e-05,0.021735704398571223,6.799798007928182e-05,0.006392715362942049,0.00017603713534319887,0.01713688004958123,7.99018726392875e-05,0.021735704398571223,0.00011531384160845537,0.032481517455855514,0.00027765385931288744,0.03342344375074993,0.0002925854711020026,0.0354365451121336,5.302184148459066e-05,-0.00011531384160845537,computed:lineage,207cb29892c64707a2a730092d2a5c23
2,Penmanshiel_Hourly_WT08,d379114cd53cbbe062e0e09b673d66d5a6d103c8d25daba8f040e64926c0f2d0,942603ee56af4830bbd328dfe54df3cf,RandomizedSmoothing,RandomizedSmoothing,PatchTST,rs_backbonebaseline_std0.25_samples30_alpha0.25,randomized_smoothing,wrap,improve,randomized_smoothing,baseline,533ed0154c5c4e8195654b6e744969b6,,PatchTST,1515776824,MSE,0.32523441314697266,,,0.3571691093969508,0.3227744400501251,uniform_severity_degradation,0.5,"[""drift"",""attenuation"",""noise"",""spike"",""time_stretch"",""time_compress"",""stuck_sensor"",""missing_data""]",8,1.2050371583771515,1.1900436040640245,1.2439893569999407,1.1015558920298072,1.0921984750301157,1.1117925777815816,0.4304020486477995,0.41926444964009063,0.446392345155192,0.39344173690724993,0.3820075345581656,0.40358993531198945,0.4304020486477995,drift,10000,winner_pool,0.9164166638199729,0.9165185446660771,0.39344173690724993,0.9078068641231877,-0.008140370912493256,computed,MSE_val,0.32523441314697266,0.3539782933369628,0.42551623562115126,1.2020969749579795,1.1022719556597171,0.42551623562115126,0.39018034565762294,0.908671114896459,0.9088036495795564,533ed0154c5c4e8195654b6e744969b6,drift,Attention,0.0031908160599879998,0.9014157421654565,0.004885813026648256,1.148208368481204,0.0029401834191720155,0.24458787272755533,-0.0007160636299099465,-0.06496251911638065,0.004885813026648256,1.148208368481204,0.003261391249626988,0.8358676406752705,0.0077455489235138675,0.8524039992617631,0.007714895086520679,0.8489067016940186,0.0031908160599879998,-0.003261391249626988,computed:lineage,533ed0154c5c4e8195654b6e744969b6
3,Penmanshiel_Hourly_WT08,d379114cd53cbbe062e0e09b673d66d5a6d103c8d25daba8f040e64926c0f2d0,3535a87476fd41a2b9540ad341962848,RandomizedSmoothing,RandomizedSmoothing,TSMixer,rs_backbonebaseline_std0.25_samples30_alpha0.25,randomized_smoothing,wrap,improve,randomized_smoothing,baseline,81269ff3e448446eb88faf6d72b2ac76,,TSMixer,1515776824,MSE,0.32738178968429565,,,0.3598260198074626,0.32407164573669434,uniform_severity_degradation,0.5,"[""drift"",""attenuation"",""noise"",""spike"",""time_stretch"",""time_compress"",""stuck_sensor"",""missing_data""]",8,1.2502935165395157,1.2298418402702862,1.271339373923985,1.0923604139169942,1.0864520051242863,1.0986056278317966,0.44988813964748986,0.438167024217663,0.4630413038959366,0.39305969993498435,0.38181296334876824,0.4031104754635592,0.44988813964748986,noise,10000,winner_pool,0.9139396237829145,0.9129448438902388,0.39305969993498435,0.9154487724561462,-0.004891989228929028,computed,MSE_val,0.32738178968429565,0.35292215613917216,0.4434062187242089,1.256385327503652,1.094867065431011,0.4434062187242089,0.3864028454176805,0.8982741828796393,0.8974688609066778,81269ff3e448446eb88faf6d72b2ac76,noise,Fully Connected,0.006903863668290433,1.9562001274773884,0.006481920923280982,1.4618470940554458,-0.006091810964136357,-0.48486804412467555,-0.0025066515140168555,-0.22894574082654262,0.006481920923280982,1.4618470940554458,0.006656854517303856,1.722775749776935,0.015665440903275152,1.7439486964943953,0.01547598298356101,1.7244033367270513,0.006903863668290433,-0.006656854517303856,computed:lineage,81269ff3e448446eb88faf6d72b2ac76
4,Penmanshiel_Hourly_WT08,d379114cd53cbbe062e0e09b673d66d5a6d103c8d25daba8f040e64926c0f2d0,74818a93229d4d57978a8241f637c00c,RandomizedSmoothing,RandomizedSmoothing,DLinear,rs_backbonebaseline_std0.25_samples30_alpha0.45,randomized_smoothing,wrap,improve,randomized_smoothing,baseline,60fed0bc9ac241f78ae88438e7a81bd7,,DLinear,1515776824,MSE,0.32581233978271484,,,0.34254711021562106,0.32475700974464417,uniform_severity_degradation,0.5,"[""drift"",""attenuation"",""noise"",""spike"",""time_stretch"",""time_compress"",""stuck_sensor"",""missing_data""]",8,1.2559659700426895,1.2297306185167456,1.2835620268266488,1.0981522482256036,1.0881978033029676,1.1087112744594594,0.43022751356728256,0.4159373978248604,0.44435094475735704,0.3761688792064679,0.36466287268484676,0.38740638536090877,0.43022751356728256,noise,10000,winner_pool,0.875562510426276,0.8752632202716759,0.3761688792064679,0.9106205461180832,-0.006642087846112754,computed,MSE_val,0.32581233978271484,0.3402492441755021,0.428496300182608,1.2593600353792047,1.099251064760835,0.428496300182608,0.37401934394398995,0.8704926674979354,0.8702701830847648,60fed0bc9ac241f78ae88438e7a81bd7,noise,Fully Connected,0.0022978660401189455,0.6753478749635945,0.0017312133846745792,0.4040206143989587,-0.0033940653365152063,-0.2695071497558855,-0.0010988165352312507,-0.09996047040175679,0.0017312133846745792,0.4040206143989587,0.002149535262477964,0.5747123236491909,0.005069842928340562,0.5824107563034224,0.004993037186911131,0.5737341441726502,0.0022978660401189455,-0.002149535262477964,computed:lineage,60fed0bc9ac241f78ae88438e7a81bd7
5,Penmanshiel_Hourly_WT08,d379114cd53cbbe062e0e09b673d66d5a6d103c8d25daba8f040e64926c0f2d0,267c69033e154f2582995bc10fbbc659,Ensemble,Ensemble,ModernTCN,ensemble_top7_mean,ensemble,wrap,improve,ensemble,baseline,,"0a3c1ca1f138463992a2135c0a32d428,f76e7cceb950487aa248426ae1f8e0ed,c2b020d12cff4c6e8cf9d64c1f7f874b,534b1529b3674f06bee8114a955de664,64e1a6462eeb4e7ea686095a17fc7250,e0bec81494d94576bba93f1063ca9729,62582f1968d64227ace89d3c1f550670",ModernTCN,1515776824,MSE,0.30929648876190186,,,0.33098708972473395,0.3116857409477234,uniform_severity_degradation,0.5,"[""drift"",""attenuation"",""noise"",""spike"",""time_stretch"",""time_compress"",""stuck_sensor"",""missing_data""]",8,1.177388338126221,1.1587778337273422,1.1975237975952184,1.0700618523698409,1.0638789498696104,1.0771718268098622,0.38970033951223887,0.3773105295032093,0.40184094195695974,0.3541766583413515,0.3430453251000974,0.36440612126169614,0.38970033951223887,noise,10000,winner_pool,0.8260126262361092,0.8239131294699016,0.3541766583413515,0.9345254181198251,0.002878923881486639,computed,MSE_val,0.30929648876190186,0.335525509723532,0.3969765509995632,1.183148641445075,1.0714641225017787,0.3969765509995632,0.35950354585288624,0.8382111001494363,0.8361465591322106,0a3c1ca1f138463992a2135c0a32d428,noise,Convolution,-0.00453841999879806,-1.3526303864459217,-0.0072762114873243244,-1.8329071248675166,-0.005760303318854021,-0.4868621842660866,-0.0014022701319378328,-0.1308742031103804,-0.0072762114873243244,-1.8329071248675166,-0.005326887511534761,-1.4817343453170269,-0.012198473913327179,-1.4552985412806434,-0.012233429662309003,-1.4630724157981814,-0.00453841999879806,0.005326887511534761,computed:matched_baseline,0a3c1ca1f138463992a2135c0a32d428
6,Penmanshiel_Hourly_WT08,d379114cd53cbbe062e0e09b673d66d5a6d103c8d25daba8f040e64926c0f2d0,44b1104ae55f4888a45c4a6bbecc6af1,Ensemble,Ensemble,GRU,ensemble_top10_mean,ensemble,wrap,improve,ensemble,baseline,,"207cb29892c64707a2a730092d2a5c23,c5f8b499dcea47f79cc03b0ffb597fb9,447315075dae4f19b487cfe8d0a8fe91,6328c6c4af0e41c18e408fd583a21eee,f3efbdce366045cfbe1b8aaad0e8691f,6572f0f3b59c45908ea2e79f2b6215bb,762e808cf974466eacb94d91757e321a,480356a20f7649fc902d747bf8673cca,b79fa15009b74f4495f3803a29623fe0,3a18295cc7494834b016de62ee14df63",GRU,1515776824,MSE,0.2959790825843811,,,0.3374713239961129,0.29940178990364075,uniform_severity_degradation,0.5,"[""drift"",""attenuation"",""noise"",""spike"",""time_stretch"",""time_compress"",""stuck_sensor"",""missing_data""]",8,1.065010597123925,1.0568340586061507,1.0740049309327744,1.0262896513879947,1.023835103303917,1.0289826431554847,0.35941053628130176,0.3488428529008101,0.3696842578339981,0.34634332745741575,0.33577721572692343,0.3563816278914445,0.35941053628130176,drift,10000,winner_pool,0.8104046168721469,0.8053880386239605,0.34634332745741575,0.9743837898468141,0.01770758898989999,computed,MSE_val,0.2959790825843811,0.3455990934811067,0.3676065480746038,1.063679144443995,1.0272414513836818,0.3676065480746038,0.35501371438441676,0.8307158932617698,0.8256602616766393,207cb29892c64707a2a730092d2a5c23,drift,Recurrent,-0.008127769484993774,-2.3517913207252397,-0.008196011793302038,-2.229560881390693,0.0013314526799299564,0.12517427711962253,-0.0009517999956871748,-0.09265591788620987,-0.008196011793302038,-2.229560881390693,-0.008670386927001006,-2.4422681647764506,-0.020311276389622823,-2.4450328390698632,-0.02027222305267884,-2.455274159799425,-0.008127769484993774,0.008670386927001006,computed:matched_baseline,207cb29892c64707a2a730092d2a5c23
7,Penmanshiel_Hourly_WT08,d379114cd53cbbe062e0e09b673d66d5a6d103c8d25daba8f040e64926c0f2d0,29517173c81049f19b34e11332f2ecbd,Ensemble,Ensemble,PatchTST,ensemble_top7_mean,ensemble,wrap,improve,ensemble,baseline,,"533ed0154c5c4e8195654b6e744969b6,8bea439639da4ae0b728f974f654377a,d9168fd9e6354e778514e4f5b9238d41,e5874a5cb6d040368e959761f5a0cdcd,5767142541d74860a384091aef8ebcae,22c7ccbd127948a3a73142b927c39f56,7615ad55a9c04e308d4d56c7d2b99f60",PatchTST,1515776824,MSE,0.3191685676574707,,,0.3405332779457822,0.3227744400501251,uniform_severity_degradation,0.5,"[""drift"",""attenuation"",""noise"",""spike"",""time_stretch"",""time_compress"",""stuck_sensor"",""missing_data""]",8,1.2203574312550096,1.205224205450051,1.2636517678016022,1.1088091469206744,1.0984940880691902,1.1203558675024807,0.41557231633076297,0.4039468656570899,0.43427762403181175,0.3775864134171637,0.36614394629725994,0.3881013705034753,0.41557231633076297,noise,10000,winner_pool,0.8789678367545074,0.8795327976452879,0.3775864134171637,0.9018684620136356,-0.010232191183616346,computed,MSE_val,0.3191685676574707,0.3539782933369628,0.42551623562115126,1.2020969749579795,1.1022719556597171,0.42551623562115126,0.39018034565762294,0.908671114896459,0.9088036495795564,533ed0154c5c4e8195654b6e744969b6,drift,Attention,-0.013445015391180593,-3.798259849335414,-0.009943919290388292,-2.3369071396001058,0.018260456297030103,1.5190501829245862,0.006537191260957309,0.5930651893474652,-0.009943919290388292,-2.3369071396001058,-0.012593932240459238,-3.2277208169552996,-0.029703278141951617,-3.2688700735619,-0.029270851934268483,-3.2208114423627348,-0.013445015391180593,0.012593932240459238,computed:matched_baseline,533ed0154c5c4e8195654b6e744969b6
8,Penmanshiel_Hourly_WT08,d379114cd53cbbe062e0e09b673d66d5a6d103c8d25daba8f040e64926c0f2d0,29e5bde26f224b84b86a34b701c5437f,Ensemble,Ensemble,TSMixer,ensemble_top10_mean,ensemble,wrap,improve,ensemble,baseline,,"81269ff3e448446eb88faf6d72b2ac76,df78767a19b443d1913c0f402b7b9f7a,e7cb7274794c47ef8c9c0dbe6fdf1fa8,3191deaf401d488299bd641311b273b3,f04f1d3799ff4a9fb9dd0ae04cc24cff,93c2fb8b5241404294fb9c2d1d7e2d47,99e1835573f74124adaf05ae41105390,d1b14ec49ae045e794aadb499fc93bd6,ac8d4aafa1894aaaad261eecc1c627e4,b6d313d3e6554fdf8e9e5dffb3bb982f",TSMixer,1515776824,MSE,0.3139127790927887,,,0.34638609623718075,0.32407164573669434,uniform_severity_degradation,0.5,"[""drift"",""attenuation"",""noise"",""spike"",""time_stretch"",""time_compress"",""stuck_sensor"",""missing_data""]",8,1.1396484200425598,1.127343703587451,1.1548011736432864,1.05863655115844,1.0542242685591487,1.0633852366981837,0.3947583673014131,0.38280615067265183,0.4060626195243119,0.3666969822897645,0.3547661869122638,0.3769371537139106,0.3947583673014131,noise,10000,winner_pool,0.8551587937600291,0.8520258728753873,0.3666969822897645,0.944611253886638,0.0069713985607028905,computed,MSE_val,0.3139127790927887,0.35292215613917216,0.4434062187242089,1.256385327503652,1.094867065431011,0.4434062187242089,0.3864028454176805,0.8982741828796393,0.8974688609066778,81269ff3e448446eb88faf6d72b2ac76,noise,Fully Connected,-0.006536059901991409,-1.8519834440243994,-0.04864785142279576,-10.971395837155342,-0.11673690746109222,-9.291489235475245,-0.03623051427257118,-3.309124497073851,-0.04864785142279576,-10.971395837155342,-0.019705863127916,-5.099823503270281,-0.043115389119610215,-4.7998027708414375,-0.04544298803129043,-5.063461253171632,-0.006536059901991409,0.019705863127916,computed:matched_baseline,81269ff3e448446eb88faf6d72b2ac76
9,Penmanshiel_Hourly_WT08,d379114cd53cbbe062e0e09b673d66d5a6d103c8d25daba8f040e64926c0f2d0,401408fed7a842bbb15e7b4784c89b21,Ensemble,Ensemble,DLinear,ensemble_top10_mean,ensemble,wrap,improve,ensemble,baseline,,"60fed0bc9ac241f78ae88438e7a81bd7,03a611b601ec400695a85a06228c0fe7,7dd5201e142847de977bc4d5b42bb539,f5ebe6a0ea1f48fc8e8d26cfcb2749fc,1d0a9933f30841888ba0bb7684d97cd2,7896f95de6ae4b58b66b3f276bb460bc,e8fb408f03be445580fdd56b906b1f7d,690f9e263fea434294d9d16f05cb3aca,57c1215fbadc495b83bf650c31ab0b75,08390dcb7b9c40d4bf436b900b7b541b",DLinear,1515776824,MSE,0.324107825756073,,,0.3394014749585185,0.32475700974464417,uniform_severity_degradation,0.5,"[""drift"",""attenuation"",""noise"",""spike"",""time_stretch"",""time_compress"",""stuck_sensor"",""missing_data""]",8,1.2456396493268138,1.2206886206666145,1.2724974851756805,1.0969191923240993,1.087747668152612,1.1064569727654805,0.4227719342483324,0.40859577158234694,0.4368600153671324,0.3722959917851062,0.36087532508817133,0.3833515780365326,0.4227719342483324,noise,10000,winner_pool,0.8667678745865935,0.866421932149955,0.3722959917851062,0.9116441821764903,-0.00616278463692177,computed,MSE_val,0.324107825756073,0.3402492441755021,0.428496300182608,1.2593600353792047,1.099251064760835,0.428496300182608,0.37401934394398995,0.8704926674979354,0.8702701830847648,60fed0bc9ac241f78ae88438e7a81bd7,noise,Fully Connected,-0.000847769216983596,-0.24916123444680238,-0.005724365934275555,-1.335919570795841,-0.013720386052390898,-1.089472880426888,-0.0023318724367356047,-0.2121328340257694,-0.005724365934275555,-1.335919570795841,-0.0017233521588837508,-0.46076551568461815,-0.0037247929113418676,-0.4278948060582833,-0.0038482509348097826,-0.4421903691068962,-0.000847769216983596,0.0017233521588837508,computed:matched_baseline,60fed0bc9ac241f78ae88438e7a81bd7
10,Penmanshiel_Hourly_WT08,d379114cd53cbbe062e0e09b673d66d5a6d103c8d25daba8f040e64926c0f2d0,651591c4ae784e8495f849b46157672c,ModernTCN,ModernTCN,ModernTCN,fa_profholdout_simple_mix0.75_sev1.0_frac0.1,fault_augmentation,train,train,fault_augmentation,baseline,,,ModernTCN,1515776824,MSE,0.31126877665519714,0.3610660682322147,0.3239473307244237,0.337626048943316,0.31126880645751953,uniform_severity_degradation,0.5,"[""drift"",""attenuation"",""noise"",""spike"",""time_stretch"",""time_compress"",""stuck_sensor"",""missing_data""]",8,1.1652380953246055,1.1479568846658144,1.1838879813865144,1.0612059747872153,1.0557768086919153,1.0670542168690003,0.3934147342026816,0.3810702942543509,0.4055649201103425,0.3582907803824477,0.3469789942987317,0.36845036178611806,0.3934147342026816,noise,10000,winner_pool,0.8357877277279553,0.832991354871641,0.3582907803824477,0.9423241328814721,0.0059270568274472635,computed,best_val_loss,0.31126880645751953,0.335525509723532,0.3969765509995632,1.183148641445075,1.0714641225017787,0.3969765509995632,0.35950354585288624,0.8382111001494363,0.8361465591322106,0a3c1ca1f138463992a2135c0a32d428,noise,Convolution,0.002100539219783981,0.626044565587515,-0.0035618167968816117,-0.8972360679524194,-0.017910546120469384,-1.5138035486896886,-0.010258147714563348,-0.9573953526891256,-0.0035618167968816117,-0.8972360679524194,-0.001212765470438526,-0.3373445086783111,-0.0024233724214810515,-0.28911242299809825,-0.0031552042605695885,-0.37735062425469973,0.002100539219783981,0.001212765470438526,computed:matched_baseline,0a3c1ca1f138463992a2135c0a32d428
11,Penmanshiel_Hourly_WT08,d379114cd53cbbe062e0e09b673d66d5a6d103c8d25daba8f040e64926c0f2d0,52c00c5da9904a2f9f778182a4d4f9c7,GRU,GRU,GRU,fa_profholdout_varying_mix0.75_sev0.75_frac0.1,fault_augmentation,train,train,fault_augmentation,baseline,,,GRU,1515776824,MSE,0.301647424697876,0.3141211533055563,0.3077117397810022,0.34509504560066273,0.301647424697876,uniform_severity_degradation,0.5,"[""drift"",""attenuation"",""noise"",""spike"",""time_stretch"",""time_compress"",""stuck_sensor"",""missing_data""]",8,1.065359924617679,1.0599918620553508,1.074651213974101,1.027971722148275,1.0253765258496996,1.0307745874124368,0.3676504317670566,0.35716041674633964,0.37841153945245193,0.35474794833095075,0.3441548552506726,0.36480662559087323,0.3676504317670566,drift,10000,winner_pool,0.8300424399835302,0.8250428202509987,0.35474794833095075,0.9727894050530699,0.017527616071615126,computed,best_val_loss,0.301647424697876,0.3455990934811067,0.3676065480746038,1.063679144443995,1.0272414513836818,0.3676065480746038,0.35501371438441676,0.8307158932617698,0.8256602616766393,207cb29892c64707a2a730092d2a5c23,drift,Recurrent,-0.0005040478804439474,-0.14584757019089314,4.388369245278412e-05,0.011937679750981518,0.0016807801736840045,0.15801571201836243,0.0007302707645930884,0.07109046890674266,4.388369245278412e-05,0.011937679750981518,-0.00026576605346601,-0.07486078500568365,-0.000673453278239533,-0.0810690253674151,-0.0006174414256405747,-0.07478153597785583,-0.0005040478804439474,0.00026576605346601,computed:matched_baseline,207cb29892c64707a2a730092d2a5c23
12,Penmanshiel_Hourly_WT08,d379114cd53cbbe062e0e09b673d66d5a6d103c8d25daba8f040e64926c0f2d0,8de8897ab702492cb893ddfa509a8a1a,PatchTST,PatchTST,PatchTST,fa_profholdout_simple_mix1.0_sev1.0_frac0.1,fault_augmentation,train,train,fault_augmentation,baseline,,,PatchTST,1515776824,MSE,0.32259392738342285,0.3855482465297973,0.34570319130780863,0.34523671959769126,0.32259392738342285,uniform_severity_degradation,0.5,"[""drift"",""attenuation"",""noise"",""spike"",""time_stretch"",""time_compress"",""stuck_sensor"",""missing_data""]",8,1.221526708837802,1.2099663464799815,1.2927647654132435,1.1131204578102383,1.1021890031261932,1.1249528413734045,0.4217158738601269,0.41090423956744465,0.4491050600638618,0.38429005537148697,0.37274103560823874,0.39465262011899477,0.4217158738601269,noise,10000,winner_pool,0.8943298929993622,0.8951958592004334,0.38429005537148697,0.898375367179243,-0.011861649671289443,computed,best_val_loss,0.32259392738342285,0.3539782933369628,0.42551623562115126,1.2020969749579795,1.1022719556597171,0.42551623562115126,0.39018034565762294,0.908671114896459,0.9088036495795564,533ed0154c5c4e8195654b6e744969b6,drift,Attention,-0.008741573739271535,-2.469522539606733,-0.0038003617610243845,-0.8931179219229488,0.019429733879822386,1.6163200045072545,0.010848502150521133,0.9841946984878366,-0.0038003617610243845,-0.8931179219229488,-0.0058902902861359685,-1.5096327510316485,-0.014341221897096856,-1.5782632089863455,-0.013607790379122964,-1.497330076240164,-0.008741573739271535,0.0058902902861359685,computed:matched_baseline,533ed0154c5c4e8195654b6e744969b6
13,Penmanshiel_Hourly_WT08,d379114cd53cbbe062e0e09b673d66d5a6d103c8d25daba8f040e64926c0f2d0,8ca1140a4ea94cb5a5f0d98a278ed380,TSMixer,TSMixer,TSMixer,fa_profholdout_simple_mix0.75_sev0.75_frac0.1,fault_augmentation,train,train,fault_augmentation,baseline,,,TSMixer,1515776824,MSE,0.3221335709095001,0.3736610212957991,0.33468250873220673,0.3555816137491376,0.3221336007118225,uniform_severity_degradation,0.5,"[""drift"",""attenuation"",""noise"",""spike"",""time_stretch"",""time_compress"",""stuck_sensor"",""missing_data""]",8,1.1648328181365486,1.148212655165224,1.1830002491406775,1.0590154815946453,1.0537765772350514,1.0644669614597853,0.4141931332209497,0.4017097280699204,0.42614657093565417,0.37656643393074407,0.36545162038480783,0.38666952384471026,0.4141931332209497,noise,10000,winner_pool,0.8778707573399362,0.8746222019170471,0.37656643393074407,0.9442732588707949,0.007022300657056391,computed,best_val_loss,0.3221336007118225,0.35292215613917216,0.4434062187242089,1.256385327503652,1.094867065431011,0.4434062187242089,0.3864028454176805,0.8982741828796393,0.8974688609066778,81269ff3e448446eb88faf6d72b2ac76,noise,Fully Connected,0.0026594576099654432,0.7535535992012659,-0.029213085503259184,-6.588334639805588,-0.09155250936710346,-7.286976961837954,-0.035851583836365775,-3.274514776115971,-0.029213085503259184,-6.588334639805588,-0.009836411486936425,-2.5456364008665098,-0.02040342553970309,-2.2714028665829935,-0.022846658989630675,-2.5456770685669903,0.0026594576099654432,0.009836411486936425,computed:matched_baseline,81269ff3e448446eb88faf6d72b2ac76
14,Penmanshiel_Hourly_WT08,d379114cd53cbbe062e0e09b673d66d5a6d103c8d25daba8f040e64926c0f2d0,51a4c75f152d495eaea0c1425385cee7,DLinear,DLinear,DLinear,fa_profholdout_simple_mix0.75_sev1.0_frac0.1,fault_augmentation,train,train,fault_augmentation,baseline,,,DLinear,1515776824,MSE,0.3240950405597687,0.39783600317155166,0.3448863344278992,0.339836741187633,0.3240950405597687,uniform_severity_degradation,0.5,"[""drift"",""attenuation"",""noise"",""spike"",""time_stretch"",""time_compress"",""stuck_sensor"",""missing_data""]",8,1.2546756989866592,1.2292849214539707,1.282495098926603,1.097789360965744,1.0884462478470218,1.107553528362028,0.4263849007909419,0.41207604560899025,0.44036303785267955,0.37306915894105264,0.3615030030144903,0.3841174010072919,0.4263849007909419,noise,10000,winner_pool,0.8684063325453484,0.8680955779099332,0.37306915894105264,0.9109215625120313,-0.006466376604574553,computed,best_val_loss,0.3240950405597687,0.3402492441755021,0.428496300182608,1.2593600353792047,1.099251064760835,0.428496300182608,0.37401934394398995,0.8704926674979354,0.8702701830847648,60fed0bc9ac241f78ae88438e7a81bd7,noise,Fully Connected,-0.0004125029878691011,-0.12123553393004165,-0.0021113993916661022,-0.4927462362606884,-0.004684336392545507,-0.3719616520255076,-0.0014617037950908074,-0.13297269768020026,-0.0021113993916661022,-0.4927462362606884,-0.0009501850029373093,-0.2540470214502064,-0.0020863349525870323,-0.23967289220066643,-0.0021746051748315898,-0.24987701717223856,-0.0004125029878691011,0.0009501850029373093,computed:matched_baseline,60fed0bc9ac241f78ae88438e7a81bd7
15,Penmanshiel_Hourly_WT08,d379114cd53cbbe062e0e09b673d66d5a6d103c8d25daba8f040e64926c0f2d0,7a63d1e925c54195820e2bbc7a31aa01,GRU,GRU,GRU,advtrain_eps0.05_steps3_alpha0.02_channelsall,adversarial_training,train,train,adversarial_training,baseline,,,GRU,1515776824,MSE,0.3014352321624756,0.31041967139195187,0.304143465316416,0.34035325957185125,0.3014352321624756,uniform_severity_degradation,0.5,"[""drift"",""attenuation"",""noise"",""spike"",""time_stretch"",""time_compress"",""stuck_sensor"",""missing_data""]",8,1.037146794611287,1.0320163003642486,1.0439500360044631,1.0175629311747234,1.0153624115972706,1.0198489046650252,0.3529962922004488,0.3419433998558977,0.3637061330139188,0.34633086044480454,0.3350168740738186,0.3567312502122583,0.3529962922004488,attenuation,10000,winner_pool,0.8105666716059468,0.8048526154645437,0.34633086044480454,0.9827402014787938,0.02082915381242545,computed,best_val_loss,0.3014352321624756,0.3455990934811067,0.3676065480746038,1.063679144443995,1.0272414513836818,0.3676065480746038,0.35501371438441676,0.8307158932617698,0.8256602616766393,207cb29892c64707a2a730092d2a5c23,drift,Recurrent,-0.005245833909255426,-1.5178957376351472,-0.014610255874154987,-3.974427536908269,-0.026532349832708135,-2.494394101012208,-0.00967852020895843,-0.9421855198621103,-0.014610255874154987,-3.974427536908269,-0.008682853939612212,-2.445779863650626,-0.020149221655823002,-2.4255249982888807,-0.020807646212095632,-2.5201220378273113,-0.005245833909255426,0.008682853939612212,computed:matched_baseline,207cb29892c64707a2a730092d2a5c23
16,Penmanshiel_Hourly_WT08,d379114cd53cbbe062e0e09b673d66d5a6d103c8d25daba8f040e64926c0f2d0,023de9cd90734acb81a29ace5ded1ffb,PatchTST,PatchTST,PatchTST,arl_alo0.001_ainit1.0_slo1e-05_sinit0.1,adaptive_robust_loss,train,train,adaptive_robust_loss,baseline,,,PatchTST,1515776824,MSE,0.35370901226997375,0.47883867384463036,0.3948011352390552,0.38365322978944316,0.8042126893997192,uniform_severity_degradation,0.5,"[""drift"",""attenuation"",""noise"",""spike"",""time_stretch"",""time_compress"",""stuck_sensor"",""missing_data""]",8,1.7718300378308731,1.6483029256609267,1.9098996202544574,1.1939547014408065,1.1768470903862376,1.2137357219541967,0.6797683166517657,0.6304464612977655,0.7347060607439684,0.4580645774300558,0.44499565196800595,0.47052283343169815,0.6797683166517657,spike,10000,winner_pool,1.05958084208546,1.066413101713969,0.4580645774300558,0.837552713510193,-0.04419139407621414,computed,best_val_loss,0.8042126893997192,0.3539782933369628,0.42551623562115126,1.2020969749579795,1.1022719556597171,0.42551623562115126,0.39018034565762294,0.908671114896459,0.9088036495795564,533ed0154c5c4e8195654b6e744969b6,drift,Attention,0.02967493645248037,8.383264457471094,0.2542520810306145,59.751440661122516,0.5697330628728936,47.39493358202729,0.09168274578108937,8.317615749029615,0.2542520810306145,59.751440661122516,0.06788423177243286,17.398167931298158,0.15090972718900098,16.60773900644974,0.1576094521344127,17.342519718899478,0.02967493645248037,-0.06788423177243286,computed:matched_baseline,533ed0154c5c4e8195654b6e744969b6
17,Penmanshiel_Hourly_WT08,d379114cd53cbbe062e0e09b673d66d5a6d103c8d25daba8f040e64926c0f2d0,c138b1d89f6f4cee9ebf78be7b3622bb,ModernTCN,ModernTCN,ModernTCN,arl_alo0.5_ainit1.0_slo0.01_sinit1.0,adaptive_robust_loss,train,train,adaptive_robust_loss,baseline,,,ModernTCN,1515776824,MSE,0.38814523816108704,0.49882954054667306,0.4051835193878675,0.42006049131648615,0.9074698090553284,uniform_severity_degradation,0.5,"[""drift"",""attenuation"",""noise"",""spike"",""time_stretch"",""time_compress"",""stuck_sensor"",""missing_data""]",8,1.252918809639465,1.229775179556165,1.2773670281582925,1.062484871573918,1.056574452629382,1.0690755665663318,0.5263016907568207,0.5111974488026777,0.5417147968622658,0.4463079171696736,0.43355668734151875,0.45830814205181747,0.5263016907568207,noise,10000,winner_pool,1.0383626344526018,1.0344429123158077,0.4463079171696736,0.9411898717377919,0.006842630729179511,computed,best_val_loss,0.9074698090553284,0.335525509723532,0.3969765509995632,1.183148641445075,1.0714641225017787,0.3969765509995632,0.35950354585288624,0.8382111001494363,0.8361465591322106,0a3c1ca1f138463992a2135c0a32d428,noise,Convolution,0.08453498159295414,25.19480013981938,0.12932513975725746,32.57752616158927,0.06977016819439008,5.896990940138692,-0.008979250927860782,-0.8380356130726044,0.12932513975725746,32.57752616158927,0.08680437131678737,24.145623128932616,0.20015153430316546,23.878416101562294,0.19829635318359706,23.715501907870994,0.08453498159295414,-0.08680437131678737,computed:matched_baseline,0a3c1ca1f138463992a2135c0a32d428
18,Penmanshiel_Hourly_WT08,d379114cd53cbbe062e0e09b673d66d5a6d103c8d25daba8f040e64926c0f2d0,7d5da7ac21eb4fd6862ca355d06a7e5f,GRU,GRU,GRU,arl_alo0.001_ainit1.9_slo0.001_sinit1.0,adaptive_robust_loss,train,train,adaptive_robust_loss,baseline,,,GRU,1515776824,MSE,0.36225229501724243,0.38431541345241327,0.3754532342572056,0.4072365040635108,0.9735094904899597,uniform_severity_degradation,0.5,"[""drift"",""attenuation"",""noise"",""spike"",""time_stretch"",""time_compress"",""stuck_sensor"",""missing_data""]",8,1.1294397334973738,1.1180628896923508,1.1429158394138452,1.0462081640130452,1.0421026998840444,1.05013322273345,0.45994908861989386,0.4481674217194747,0.4716193310488501,0.42605415523537665,0.41473116438825164,0.4365673160308667,0.45994908861989386,drift,10000,winner_pool,0.9968023565322277,0.9926214784867098,0.42605415523537665,0.9558327246885554,0.013261425674451599,computed,best_val_loss,0.9735094904899597,0.3455990934811067,0.3676065480746038,1.063679144443995,1.0272414513836818,0.3676065480746038,0.35501371438441676,0.8307158932617698,0.8256602616766393,207cb29892c64707a2a730092d2a5c23,drift,Recurrent,0.06163741058240413,17.834945676954952,0.09234254054529006,25.119938975230017,0.06576058905337878,6.182370820831791,0.018966712629363336,1.8463733724739595,0.09234254054529006,25.119938975230017,0.0710404408509599,20.0106187374034,0.16608646327045795,19.99317271014603,0.16696121681007048,20.221539604077375,0.06163741058240413,-0.0710404408509599,computed:matched_baseline,207cb29892c64707a2a730092d2a5c23
19,Penmanshiel_Hourly_WT08,d379114cd53cbbe062e0e09b673d66d5a6d103c8d25daba8f040e64926c0f2d0,b2646f2ccdcf42c2a586a5aa10952cda,TSMixer,TSMixer,TSMixer,arl_alo0.001_ainit1.0_slo0.001_sinit0.1,adaptive_robust_loss,train,train,adaptive_robust_loss,baseline,,,TSMixer,1515776824,MSE,0.32452887296676636,0.3782753863202039,0.335878815273282,0.3610192412729928,0.6990898847579956,uniform_severity_degradation,0.5,"[""drift"",""attenuation"",""noise"",""spike"",""time_stretch"",""time_compress"",""stuck_sensor"",""missing_data""]",8,1.1672555906051012,1.1484919930125956,1.1898585290990153,1.0552618726749126,1.0488195361085404,1.0623795701104253,0.4214017276919127,0.40726565741237464,0.4355395077168997,0.3809698406174144,0.36788089432557924,0.39285236501956367,0.4214017276919127,noise,10000,winner_pool,0.8877057964339865,0.8840041554944318,0.3809698406174144,0.9476320768276856,0.008485149128298508,computed,best_val_loss,0.6990898847579956,0.35292215613917216,0.4434062187242089,1.256385327503652,1.094867065431011,0.4434062187242089,0.3864028454176805,0.8982741828796393,0.8974688609066778,81269ff3e448446eb88faf6d72b2ac76,noise,Fully Connected,0.008097085133820625,2.2942977631100048,-0.02200449103229618,-4.962603162312119,-0.08912973689855086,-7.094140224929663,-0.03960519275609853,-3.6173517321490842,-0.02200449103229618,-4.962603162312119,-0.005433004800266095,-1.4060467889136044,-0.010568386445652833,-1.1765212278252577,-0.01346470541224598,-1.5002977817685077,0.008097085133820625,0.005433004800266095,computed:matched_baseline,81269ff3e448446eb88faf6d72b2ac76
20,Penmanshiel_Hourly_WT08,d379114cd53cbbe062e0e09b673d66d5a6d103c8d25daba8f040e64926c0f2d0,005114298d2f467a8d407592de8602be,DLinear,DLinear,DLinear,arl_alo0.001_ainit1.0_slo0.001_sinit0.1,adaptive_robust_loss,train,train,adaptive_robust_loss,baseline,,,DLinear,1515776824,MSE,0.3415791392326355,0.4527716763942056,0.3672165951086187,0.35776115943853654,0.679492175579071,uniform_severity_degradation,0.5,"[""drift"",""attenuation"",""noise"",""spike"",""time_stretch"",""time_compress"",""stuck_sensor"",""missing_data""]",8,1.361178219113065,1.3276781126108872,1.3985096119871803,1.1138536442502767,1.1014186991733053,1.126916818428531,0.48697669787237247,0.46906065751311005,0.5048793234734849,0.3984935712118182,0.38518664774504685,0.41138527845094097,0.48697669787237247,noise,10000,winner_pool,0.9251879593042034,0.925708805598617,0.3984935712118182,0.8977840178213804,-0.012553486192136032,computed,best_val_loss,0.679492175579071,0.3402492441755021,0.428496300182608,1.2593600353792047,1.099251064760835,0.428496300182608,0.37401934394398995,0.8704926674979354,0.8702701830847648,60fed0bc9ac241f78ae88438e7a81bd7,noise,Fully Connected,0.017511915263034417,5.146790349371559,0.058480397689764485,13.647818584394424,0.10181818373386031,8.084914629135579,0.01460257948944177,1.3284116756911095,0.058480397689764485,13.647818584394424,0.024474227267828275,6.54357258898709,0.054695291806267976,6.2832570391981735,0.05543862251385223,6.370277138226678,0.017511915263034417,-0.024474227267828275,computed:matched_baseline,60fed0bc9ac241f78ae88438e7a81bd7
21,Penmanshiel_Hourly_WT08,d379114cd53cbbe062e0e09b673d66d5a6d103c8d25daba8f040e64926c0f2d0,3d95ee92f15b4b179f87da658e9416b8,PatchTST,PatchTST,PatchTST,advtrain_eps0.05_steps7_alpha0.02_channelsall,adversarial_training,train,train,adversarial_training,baseline,,,PatchTST,1515776824,MSE,0.3227425813674927,0.37539341005122817,0.34280233625601453,0.3471860807366378,0.3227425813674927,uniform_severity_degradation,0.5,"[""drift"",""attenuation"",""noise"",""spike"",""time_stretch"",""time_compress"",""stuck_sensor"",""missing_data""]",8,1.201854409783305,1.186020490059268,1.2223502935256247,1.0976755323829104,1.0891332005693635,1.1072721594911437,0.41726712214871076,0.4050384591170991,0.4299117347150757,0.38109766600852507,0.36969062444811385,0.3919105752553268,0.41726712214871076,drift,10000,winner_pool,0.8879265777104961,0.8877723369122397,0.38109766600852507,0.9110160247711182,-0.006566242509524645,computed,best_val_loss,0.3227425813674927,0.3539782933369628,0.42551623562115126,1.2020969749579795,1.1022719556597171,0.42551623562115126,0.39018034565762294,0.908671114896459,0.9088036495795564,533ed0154c5c4e8195654b6e744969b6,drift,Attention,-0.006792212600324976,-1.9188217831931464,-0.008249113472440506,-1.9386130967244495,-0.00024256517467446947,-0.020178503043229816,-0.00459642327680676,-0.4169953933061619,-0.008249113472440506,-1.9386130967244495,-0.009082679649097869,-2.3278157780576105,-0.02074453718596292,-2.2829532980507157,-0.021031312667316726,-2.314175639264491,-0.006792212600324976,0.009082679649097869,computed:matched_baseline,533ed0154c5c4e8195654b6e744969b6
22,Penmanshiel_Hourly_WT08,d379114cd53cbbe062e0e09b673d66d5a6d103c8d25daba8f040e64926c0f2d0,5f9778d7530847b8a65f50d7126c94d5,PatchTST,PatchTST,PatchTST,rt_spaceraw_std0.1_channelscontinuous,randomized_training,train,train,randomized_training,baseline,,,PatchTST,1515776824,MSE,0.32726770639419556,0.382486685129022,0.3481624197026969,0.3484457239113879,0.32726770639419556,uniform_severity_degradation,0.5,"[""drift"",""attenuation"",""noise"",""spike"",""time_stretch"",""time_compress"",""stuck_sensor"",""missing_data""]",8,1.2038515969636967,1.1907718925527133,1.2257428290541033,1.100603818845725,1.0920438566974844,1.109803577860179,0.4194769411858957,0.40795904410999473,0.43307382590449,0.3835006943973367,0.3719099647002435,0.39383437766913204,0.4194769411858957,drift,10000,winner_pool,0.8933053701743967,0.8933392140108711,0.3835006943973367,0.908592159028455,-0.00761033711120529,computed,best_val_loss,0.32726770639419556,0.3539782933369628,0.42551623562115126,1.2020969749579795,1.1022719556597171,0.42551623562115126,0.39018034565762294,0.908671114896459,0.9088036495795564,533ed0154c5c4e8195654b6e744969b6,drift,Attention,-0.005532569425574896,-1.5629685575969128,-0.006039294435255582,-1.4192864877269997,0.001754622005717188,0.14596343242428694,-0.0016681368139921382,-0.15133622926964038,-0.006039294435255582,-1.4192864877269997,-0.006679651260286246,-1.7119394491867956,-0.015365744722062313,-1.691012784511501,-0.015464435568685264,-1.7016256015080529,-0.005532569425574896,0.006679651260286246,computed:matched_baseline,533ed0154c5c4e8195654b6e744969b6
23,Penmanshiel_Hourly_WT08,d379114cd53cbbe062e0e09b673d66d5a6d103c8d25daba8f040e64926c0f2d0,0f7bc488f0ca48d090b7152800bff9fd,ModernTCN,ModernTCN,ModernTCN,advtrain_eps0.2_steps3_alpha0.02_channelsall,adversarial_training,train,train,adversarial_training,baseline,,,ModernTCN,1515776824,MSE,0.3061239421367645,0.3349250378537884,0.3163967453461458,0.3389717738935724,0.3061239421367645,uniform_severity_degradation,0.5,"[""drift"",""attenuation"",""noise"",""spike"",""time_stretch"",""time_compress"",""stuck_sensor"",""missing_data""]",8,1.1007217972571843,1.0927640754071397,1.1137347958734232,1.0505343004459018,1.046165776059668,1.055472494910636,0.37311362017958893,0.3626365377322031,0.38501546435362816,0.3561014753581905,0.3445945391119832,0.36667778381460997,0.37311362017958893,noise,10000,winner_pool,0.8318968669179292,0.8284928809617396,0.3561014753581905,0.95189657260648,0.009568160462085584,computed,best_val_loss,0.3061239421367645,0.335525509723532,0.3969765509995632,1.183148641445075,1.0714641225017787,0.3969765509995632,0.35950354585288624,0.8382111001494363,0.8361465591322106,0a3c1ca1f138463992a2135c0a32d428,noise,Convolution,0.003446264170040403,1.0271243378424708,-0.02386293081997426,-6.011168861205738,-0.08242684418789059,-6.966736156432216,-0.0209298220558769,-1.953385243269511,-0.02386293081997426,-6.011168861205738,-0.0034020704946957636,-0.9463246006724889,-0.006314233231507149,-0.753298689361361,-0.007653678170471023,-0.9153512726781229,0.003446264170040403,0.0034020704946957636,computed:matched_baseline,0a3c1ca1f138463992a2135c0a32d428
24,Penmanshiel_Hourly_WT08,d379114cd53cbbe062e0e09b673d66d5a6d103c8d25daba8f040e64926c0f2d0,eab37be4347e4eb4b558e1df6fab9afa,TSMixer,TSMixer,TSMixer,advtrain_eps0.1_steps3_alpha0.02_channelsall,adversarial_training,train,train,adversarial_training,baseline,,,TSMixer,1515776824,MSE,0.3097608983516693,0.339795350679274,0.3202418011567012,0.3359805406098079,0.3097608983516693,uniform_severity_degradation,0.5,"[""drift"",""attenuation"",""noise"",""spike"",""time_stretch"",""time_compress"",""stuck_sensor"",""missing_data""]",8,1.1103591901879053,1.0986560378654129,1.1427543878236763,1.055683784292353,1.0496174762442154,1.0626390032578068,0.37305908099040097,0.36106719026521006,0.38869239713782244,0.35468920855955255,0.3427708480425558,0.36554841102774416,0.37305908099040097,noise,10000,winner_pool,0.8280557738709933,0.8249692459366638,0.35468920855955255,0.9472533488522997,0.00775341737256896,computed,best_val_loss,0.3097608983516693,0.35292215613917216,0.4434062187242089,1.256385327503652,1.094867065431011,0.4434062187242089,0.3864028454176805,0.8982741828796393,0.8974688609066778,81269ff3e448446eb88faf6d72b2ac76,noise,Fully Connected,-0.01694161552936424,-4.800383097139258,-0.07034713773380791,-15.865167145425767,-0.14602613731574676,-11.622719090956775,-0.0391832811386581,-3.5788163125751713,-0.07034713773380791,-15.865167145425767,-0.03171363685812795,-8.207402516367917,-0.07021840900864607,-7.81703519336865,-0.072499614970014,-8.078231805922545,-0.01694161552936424,0.03171363685812795,computed:matched_baseline,81269ff3e448446eb88faf6d72b2ac76
25,Penmanshiel_Hourly_WT08,d379114cd53cbbe062e0e09b673d66d5a6d103c8d25daba8f040e64926c0f2d0,dac780dbd1084104adac95e854b5f958,DLinear,DLinear,DLinear,advtrain_eps0.05_steps7_alpha0.02_channelsall,adversarial_training,train,train,adversarial_training,baseline,,,DLinear,1515776824,MSE,0.3227537274360657,0.38663234594254753,0.34177693498049244,0.3383405032536364,0.3227536976337433,uniform_severity_degradation,0.5,"[""drift"",""attenuation"",""noise"",""spike"",""time_stretch"",""time_compress"",""stuck_sensor"",""missing_data""]",8,1.221883263627264,1.1999435384189057,1.246513502803021,1.0917285151002283,1.0832111485861844,1.1010175735224417,0.4134125983328442,0.4000713552735059,0.426677883095225,0.3693759752153565,0.3579552579010955,0.3799529199383995,0.4134125983328442,noise,10000,winner_pool,0.860441700065081,0.8597884804348601,0.3693759752153565,0.9159786395321853,-0.00438736852575633,computed,best_val_loss,0.3227536976337433,0.3402492441755021,0.428496300182608,1.2593600353792047,1.099251064760835,0.428496300182608,0.37401934394398995,0.8704926674979354,0.8702701830847648,60fed0bc9ac241f78ae88438e7a81bd7,noise,Fully Connected,-0.0019087409218657148,-0.5609831482479877,-0.015083701849763764,-3.5201475119705106,-0.03747677175194064,-2.9758584280194382,-0.0075225496606066145,-0.6843340799713761,-0.015083701849763764,-3.5201475119705106,-0.004643368728633468,-1.2414782293529771,-0.010050967432854385,-1.1546297640557923,-0.010481702649904667,-1.204419369252795,-0.0019087409218657148,0.004643368728633468,computed:matched_baseline,60fed0bc9ac241f78ae88438e7a81bd7
26,Penmanshiel_Hourly_WT08,d379114cd53cbbe062e0e09b673d66d5a6d103c8d25daba8f040e64926c0f2d0,cb61bcad2c6d4727b0470d8f68f17744,GRU,GRU,GRU,rt_spaceraw_std0.2_channelscontinuous,randomized_training,train,train,randomized_training,baseline,,,GRU,1515776824,MSE,0.29833200573921204,0.31031400191532643,0.3026773369540109,0.3369307619144325,0.29833200573921204,uniform_severity_degradation,0.5,"[""drift"",""attenuation"",""noise"",""spike"",""time_stretch"",""time_compress"",""stuck_sensor"",""missing_data""]",8,1.058134926752879,1.0506245404103256,1.0661331782482215,1.024714445110975,1.0223332083462695,1.0273403250196265,0.35651820707911974,0.3463788855346142,0.36724162043670305,0.3452578187359657,0.33471139568095276,0.3552905746641982,0.35651820707911974,drift,10000,winner_pool,0.8079677543036188,0.8028555400339774,0.3452578187359657,0.9758816270924155,0.018209927180511065,computed,best_val_loss,0.29833200573921204,0.3455990934811067,0.3676065480746038,1.063679144443995,1.0272414513836818,0.3676065480746038,0.35501371438441676,0.8307158932617698,0.8256602616766393,207cb29892c64707a2a730092d2a5c23,drift,Recurrent,-0.008668331566674181,-2.5082043703763546,-0.011088340995484058,-3.016361121302371,-0.005544217691116016,-0.521230271372302,-0.0025270062727067444,-0.24599925064383815,-0.011088340995484058,-3.016361121302371,-0.00975589564845103,-2.7480334570644582,-0.022748138958150976,-2.7383777224763812,-0.022804721642661896,-2.7619982093304514,-0.008668331566674181,0.00975589564845103,computed:matched_baseline,207cb29892c64707a2a730092d2a5c23
27,Penmanshiel_Hourly_WT08,d379114cd53cbbe062e0e09b673d66d5a6d103c8d25daba8f040e64926c0f2d0,4d8873025efd4d1da4090bf291037930,TSMixer,TSMixer,TSMixer,rt_spaceraw_std0.1_channelscontinuous,randomized_training,train,train,randomized_training,baseline,,,TSMixer,1515776824,MSE,0.3341737389564514,0.399140504358996,0.3465656857016087,0.3522980188521091,0.3341737389564514,uniform_severity_degradation,0.5,"[""drift"",""attenuation"",""noise"",""spike"",""time_stretch"",""time_compress"",""stuck_sensor"",""missing_data""]",8,1.1825735228595557,1.1645574913949337,1.2020884375534955,1.0606022047903254,1.0556579031477162,1.066229223900438,0.41661830925038085,0.4046992823347377,0.4285243077346441,0.37364805553781044,0.3616624046711175,0.3838519281549557,0.41661830925038085,noise,10000,winner_pool,0.8710089305864686,0.8679149378240668,0.37364805553781044,0.9428605706111031,0.006398253244477181,computed,best_val_loss,0.3341737389564514,0.35292215613917216,0.4434062187242089,1.256385327503652,1.094867065431011,0.4434062187242089,0.3864028454176805,0.8982741828796393,0.8974688609066778,81269ff3e448446eb88faf6d72b2ac76,noise,Fully Connected,-0.0006241372870630646,-0.1768484285290779,-0.02678790947382803,-6.0413923717406535,-0.07381180464409631,-5.874933671086011,-0.03426486064068568,-3.1295909542403484,-0.02678790947382803,-6.0413923717406535,-0.012754789879870054,-3.3009047503474824,-0.027265252293170783,-3.0352928774781542,-0.029553923082610956,-3.293030473809841,-0.0006241372870630646,0.012754789879870054,computed:matched_baseline,81269ff3e448446eb88faf6d72b2ac76
28,Penmanshiel_Hourly_WT08,d379114cd53cbbe062e0e09b673d66d5a6d103c8d25daba8f040e64926c0f2d0,38e96ed59f714d25957027c2dc7eb95d,DLinear,DLinear,DLinear,rt_spaceraw_std0.1_channelscontinuous,randomized_training,train,train,randomized_training,baseline,,,DLinear,1515776824,MSE,0.32445043325424194,0.38434637186462833,0.34318173526486984,0.34095533681841333,0.32445046305656433,uniform_severity_degradation,0.5,"[""drift"",""attenuation"",""noise"",""spike"",""time_stretch"",""time_compress"",""stuck_sensor"",""missing_data""]",8,1.2115987468590432,1.1900629797088391,1.2354621331601752,1.089475260439873,1.0814886345465693,1.0979640135311206,0.4131010588240926,0.3994290390529533,0.4270478309156303,0.37146240437860545,0.35996307985566356,0.3822956296426261,0.4131010588240926,noise,10000,winner_pool,0.8654898275371146,0.8646895409033428,0.37146240437860545,0.9178730681743544,-0.0036528552699143235,computed,best_val_loss,0.32445046305656433,0.3402492441755021,0.428496300182608,1.2593600353792047,1.099251064760835,0.428496300182608,0.37401934394398995,0.8704926674979354,0.8702701830847648,60fed0bc9ac241f78ae88438e7a81bd7,noise,Fully Connected,0.0007060926429112158,0.20752217822620936,-0.015395241358515388,-3.5928528092201852,-0.04776128852016148,-3.792504699085526,-0.009775804320961923,-0.8893149740172281,-0.015395241358515388,-3.5928528092201852,-0.0025569395653844973,-0.6836383215963834,-0.0050028399608208485,-0.5747136245501705,-0.0055806421814219576,-0.6412539794987323,0.0007060926429112158,0.0025569395653844973,computed:matched_baseline,60fed0bc9ac241f78ae88438e7a81bd7
29,Penmanshiel_Hourly_WT08,d379114cd53cbbe062e0e09b673d66d5a6d103c8d25daba8f040e64926c0f2d0,c84c01d3a22d4fe5830854e800349edc,ModernTCN,ModernTCN,ModernTCN,revin_affineFalse_eps1e-5,revin,train,train,revin,baseline,,,ModernTCN,1515776824,MSE,0.3116298317909241,0.37879626307159864,0.3349436993513254,0.33099350704477404,0.3116298317909241,uniform_severity_degradation,0.5,"[""drift"",""attenuation"",""noise"",""spike"",""time_stretch"",""time_compress"",""stuck_sensor"",""missing_data""]",8,1.2153565176521544,1.1990103219423773,1.23862863009037,1.1067606404750525,1.0989821093347336,1.1153905036968463,0.4022751160874104,0.38961155252413526,0.41559243305672716,0.3663305858499579,0.3549322282196071,0.3771425631232777,0.4022751160874104,noise,10000,winner_pool,0.8534688403608726,0.8540168812815621,0.3663305858499579,0.9035377329381465,-0.009268080485273666,computed,best_val_loss,0.3116298317909241,0.335525509723532,0.3969765509995632,1.183148641445075,1.0714641225017787,0.3969765509995632,0.35950354585288624,0.8382111001494363,0.8361465591322106,0a3c1ca1f138463992a2135c0a32d428,noise,Convolution,-0.004532002678757974,-1.3507177688195082,0.005298565087847207,1.33472999211307,0.03220787620707943,2.7222172328019036,0.03529651797327382,3.2942323715757666,0.005298565087847207,1.33472999211307,0.006827039997071682,1.899018820767181,0.015257740211436222,1.8202741777955542,0.01787032214935147,2.137223666613909,-0.004532002678757974,-0.006827039997071682,computed:matched_baseline,0a3c1ca1f138463992a2135c0a32d428
30,Penmanshiel_Hourly_WT08,d379114cd53cbbe062e0e09b673d66d5a6d103c8d25daba8f040e64926c0f2d0,79bd3aadca3543eb991f6c9bca5feb66,ModernTCN,ModernTCN,ModernTCN,rt_spaceraw_std0.1_channelscontinuous,randomized_training,train,train,randomized_training,baseline,,,ModernTCN,1515776824,MSE,0.3134680986404419,0.3492197983762987,0.3247455912498032,0.33456097908441446,0.3134680986404419,uniform_severity_degradation,0.5,"[""drift"",""attenuation"",""noise"",""spike"",""time_stretch"",""time_compress"",""stuck_sensor"",""missing_data""]",8,1.1290793392260488,1.1141284880243738,1.1440612499199754,1.0592105044619657,1.05449738601265,1.0643311983082193,0.3777458891954506,0.36617460345993663,0.3891759863531233,0.35437050342929177,0.3432613955448281,0.3647249079237824,0.3777458891954506,noise,10000,winner_pool,0.8273874717350516,0.8246072618408522,0.35437050342929177,0.9440993983608177,0.006540668104881797,computed,best_val_loss,0.3134680986404419,0.335525509723532,0.3969765509995632,1.183148641445075,1.0714641225017787,0.3969765509995632,0.35950354585288624,0.8382111001494363,0.8361465591322106,0a3c1ca1f138463992a2135c0a32d428,noise,Convolution,-0.0009645306391175557,-0.2874686458005278,-0.019230661804112592,-4.8442815465273545,-0.05406930221902617,-4.569950074319231,-0.012253618039812952,-1.1436330701584094,-0.019230661804112592,-4.8442815465273545,-0.005133042423594469,-1.427814129459235,-0.010823628414384778,-1.2912771511204206,-0.011539297291358386,-1.3800567813535431,-0.0009645306391175557,0.005133042423594469,computed:matched_baseline,0a3c1ca1f138463992a2135c0a32d428
31,Penmanshiel_Hourly_WT08,d379114cd53cbbe062e0e09b673d66d5a6d103c8d25daba8f040e64926c0f2d0,4abbffa5460a4c06b355f773b1087f81,GRU,GRU,GRU,revin_affineTrue_eps1e-5,revin,train,train,revin,baseline,,,GRU,1515776824,MSE,0.3061256408691406,0.4437247983685871,0.3406891169206877,0.3465443734268272,0.30612534284591675,uniform_severity_degradation,0.5,"[""drift"",""attenuation"",""noise"",""spike"",""time_stretch"",""time_compress"",""stuck_sensor"",""missing_data""]",8,1.4447972218684952,1.4034079812662699,1.4910825737151414,1.132677184849455,1.1251193598061677,1.141630839390113,0.5006863479812383,0.48392255854018196,0.5183989982289592,0.3925229053185169,0.38050281895627,0.40369533627385074,0.5006863479812383,stuck_sensor,10000,winner_pool,0.9193383537937277,0.923035410851567,0.3925229053185169,0.8828640793474716,-0.018683771212404277,computed,best_val_loss,0.30612534284591675,0.3455990934811067,0.3676065480746038,1.063679144443995,1.0272414513836818,0.3676065480746038,0.35501371438441676,0.8307158932617698,0.8256602616766393,207cb29892c64707a2a730092d2a5c23,drift,Recurrent,0.000945279945720523,0.2735192202615543,0.13307979990663454,36.20169461171478,0.3811180774245002,35.83017298169531,0.10543573346577317,10.263967962327895,0.13307979990663454,36.20169461171478,0.037509190934100156,10.565561107727902,0.08862246053195799,10.668203323278885,0.09737514917492773,11.793609756292673,0.000945279945720523,-0.037509190934100156,computed:matched_baseline,207cb29892c64707a2a730092d2a5c23
32,Penmanshiel_Hourly_WT08,d379114cd53cbbe062e0e09b673d66d5a6d103c8d25daba8f040e64926c0f2d0,249f87b882dc446fa424cb56ad26e859,TSMixer,TSMixer,TSMixer,revin_affineTrue_eps1e-5,revin,train,train,revin,baseline,,,TSMixer,1515776824,MSE,0.3202707767486572,0.41081859298069306,0.3494443524616032,0.34709362146782224,0.3202717900276184,uniform_severity_degradation,0.5,"[""drift"",""attenuation"",""noise"",""spike"",""time_stretch"",""time_compress"",""stuck_sensor"",""missing_data""]",8,1.282929961196296,1.249474398816026,1.3203898614786982,1.1199869208021949,1.1128485662522405,1.128143606782056,0.44529680632119506,0.4292735645992699,0.46178092663403114,0.3887403163378288,0.3768547138918006,0.399769307797793,0.44529680632119506,stuck_sensor,10000,winner_pool,0.9072515647412649,0.9092347526045581,0.3887403163378288,0.8928675696353189,-0.014308640142599194,computed,best_val_loss,0.3202717900276184,0.35292215613917216,0.4434062187242089,1.256385327503652,1.094867065431011,0.4434062187242089,0.3864028454176805,0.8982741828796393,0.8974688609066778,81269ff3e448446eb88faf6d72b2ac76,noise,Fully Connected,-0.005828534671349916,-1.6515071581540146,0.0018905875969861818,0.42637823222819865,0.026544633692644037,2.1127780714684348,0.025119855371183775,2.294329253688434,0.0018905875969861818,0.42637823222819865,0.002337470920148299,0.6049310836781286,0.008977381861625555,0.999403303882824,0.011765891697880337,1.3110083491914934,-0.005828534671349916,-0.002337470920148299,computed:matched_baseline,81269ff3e448446eb88faf6d72b2ac76
33,Penmanshiel_Hourly_WT08,d379114cd53cbbe062e0e09b673d66d5a6d103c8d25daba8f040e64926c0f2d0,22b8f894079842a39dfe7caa04f2743b,DLinear,DLinear,DLinear,revin_affineFalse_eps1e-5,revin,train,train,revin,baseline,,,DLinear,1515776824,MSE,0.33238375186920166,0.4097130095815998,0.35491825820178635,0.34625841194719176,0.3323838412761688,uniform_severity_degradation,0.5,"[""drift"",""attenuation"",""noise"",""spike"",""time_stretch"",""time_compress"",""stuck_sensor"",""missing_data""]",8,1.2597581701427771,1.2338483085265664,1.2875741580494195,1.1060720470094707,1.0965339333289292,1.1160935321683945,0.4362018634311382,0.4209776322663605,0.4509719962492462,0.382986750496679,0.3709038688502198,0.3950078676404862,0.4362018634311382,noise,10000,winner_pool,0.8912036751947005,0.891492146411438,0.382986750496679,0.9041002371443506,-0.00945611853944156,computed,best_val_loss,0.3323838412761688,0.3402492441755021,0.428496300182608,1.2593600353792047,1.099251064760835,0.428496300182608,0.37401934394398995,0.8704926674979354,0.8702701830847648,60fed0bc9ac241f78ae88438e7a81bd7,noise,Fully Connected,0.0060091677716896386,1.766107603339769,0.007705563248530223,1.7982799957074123,0.00039813476357242195,0.03161405415350821,0.00682098224863581,0.620511770904662,0.007705563248530223,1.7982799957074123,0.008967406552689072,2.3975782798100296,0.020711007696765038,2.379228277280596,0.021221963326673254,2.4385488253141983,0.0060091677716896386,-0.008967406552689072,computed:matched_baseline,60fed0bc9ac241f78ae88438e7a81bd7
34,traffic,41f9af6ab1b86f6fe5ef4323c149934cbaf2f1c6c4b6bb60ffda29c7857cf618,fe2451b69f01484989fc857b0fe329ad,RandomizedSmoothing,RandomizedSmoothing,ModernTCN,rs_backbonebaseline_std0.25_samples30_alpha0.25,randomized_smoothing,wrap,improve,randomized_smoothing,baseline,a0a6f9b2a8754ae0aaf937850b4287bf,,ModernTCN,74851880,MSE,0.4000979959964752,0.528062286088864,0.4469808234150211,0.5788665602862835,0.3998897969722748,uniform_severity_degradation,0.5,"[""drift"",""attenuation"",""noise"",""spike"",""time_stretch"",""time_compress"",""stuck_sensor"",""missing_data""]",8,1.2649291249916441,1.2590320599305076,1.2704843571065454,1.1133991420265332,1.1119396233232817,1.1148465809527368,0.7322251715898513,0.7277519424848259,0.7366349034010619,0.6445095315705984,0.6413959035482816,0.6476436006716453,0.7322251715898513,missing_data,10000,winner_pool,0.4671951441184251,0.4684175285797245,0.6445095315705984,0.8981505034931752,0.035197141115647645,computed,MSE_val,0.4000979959964752,0.5749438916027546,0.7275815823048353,1.2654827591551185,1.1113679660095408,0.7275815823048353,0.6389742233801634,0.4631872908029975,0.4643165023024144,a0a6f9b2a8754ae0aaf937850b4287bf,missing_data,Convolution,0.003922668683528863,0.6822698250769743,0.00464358928501607,0.6382224891270739,-0.0005536341634744257,-0.04374885074246698,0.002031176016992431,0.18276359217780386,0.00464358928501607,0.6382224891270739,0.005535308190435018,0.8662803580954058,0.004007853315427634,0.8652770477530766,0.004101026277310127,0.8832393974744158,0.003922668683528863,-0.005535308190435018,computed:lineage,a0a6f9b2a8754ae0aaf937850b4287bf
35,traffic,41f9af6ab1b86f6fe5ef4323c149934cbaf2f1c6c4b6bb60ffda29c7857cf618,d85f72e3bddb4c26a9f8c41ea567e4ec,RandomizedSmoothing,RandomizedSmoothing,GRU,rs_backbonebaseline_std0.5_samples30_alpha0.25,randomized_smoothing,wrap,improve,randomized_smoothing,baseline,130478b6c656458bac702a6d267e7918,,GRU,74851880,MSE,0.4827027916908264,0.6731511747837067,0.5295410027013471,0.7149937792599201,0.48777174949645996,uniform_severity_degradation,0.5,"[""drift"",""attenuation"",""noise"",""spike"",""time_stretch"",""time_compress"",""stuck_sensor"",""missing_data""]",8,1.2837750187422219,1.2702418671376314,1.2971290934610538,1.0740899211065602,1.0720523095371473,1.076334518411912,0.9178911523699761,0.9078918513991683,0.9278911995922029,0.7679676119569689,0.7650495577660762,0.7712071079684235,0.9178911523699761,missing_data,10000,winner_pool,0.5561990651863433,0.555526271700669,0.7679676119569689,0.9310207463540571,0.04422007118566684,computed,MSE_val,0.4827027916908264,0.7261284965008498,0.9322147336065769,1.2838151072418158,1.0707892546119862,0.9322147336065769,0.7775305915206671,0.5631296242329982,0.5622702145755886,130478b6c656458bac702a6d267e7918,missing_data,Recurrent,-0.011134717240929626,-1.5334362023508046,-0.014323581236600824,-1.5365109261023344,-4.008849959391547e-05,-0.0031226069367607553,0.003300666494574056,0.30824613530232836,-0.014323581236600824,-1.5365109261023344,-0.009562979563698115,-1.2299168248795427,-0.0069305590466548495,-1.2307217998155413,-0.0067439428749195285,-1.1994131469350506,-0.011134717240929626,0.009562979563698115,computed:lineage,130478b6c656458bac702a6d267e7918
36,traffic,41f9af6ab1b86f6fe5ef4323c149934cbaf2f1c6c4b6bb60ffda29c7857cf618,923807b928ca4f5a8f179ee210ecd506,RandomizedSmoothing,RandomizedSmoothing,PatchTST,rs_backbonebaseline_std0.25_samples30_alpha0.25,randomized_smoothing,wrap,improve,randomized_smoothing,baseline,966a68733399471296c536464bc22275,,PatchTST,74851880,MSE,0.3851388096809387,0.6030033422907194,0.4792022239497552,0.5120852142244577,0.3343311846256256,uniform_severity_degradation,0.5,"[""drift"",""attenuation"",""noise"",""spike"",""time_stretch"",""time_compress"",""stuck_sensor"",""missing_data""]",8,1.5720208105033624,1.55699596276949,1.5873292955689506,1.2480088953224344,1.244932637287535,1.2513101467953882,0.80500861351192,0.7974033948244155,0.8130242248040438,0.6390869025152176,0.6352019891976285,0.6432208158227335,0.80500861351192,missing_data,10000,winner_pool,0.4617198917233606,0.467585664008319,0.6390869025152176,0.801276340054965,-0.026120594986291157,computed,MSE_val,0.3851388096809387,0.4527831646978855,0.758964931833744,1.6762216244063644,1.2961403584602942,0.758964931833744,0.5868705333963037,0.42334218402013385,0.42998655414295905,966a68733399471296c536464bc22275,missing_data,Attention,0.059302049526572254,13.097229347328073,0.04604368167817596,6.06664152017265,-0.10420081390300195,-6.216410311488779,-0.048131463137859765,-3.7134452934584874,0.04604368167817596,6.06664152017265,0.05221636911891392,8.897425607097757,0.03837770770322674,9.065410713098585,0.03759910986535997,8.74425246628974,0.059302049526572254,-0.05221636911891392,computed:lineage,966a68733399471296c536464bc22275
37,traffic,41f9af6ab1b86f6fe5ef4323c149934cbaf2f1c6c4b6bb60ffda29c7857cf618,e624ca50cb7f486e825e3d5bb51efacd,RandomizedSmoothing,RandomizedSmoothing,TSMixer,rs_backbonebaseline_std0.25_samples30_alpha0.25,randomized_smoothing,wrap,improve,randomized_smoothing,baseline,892bc9a58a1a4da6b051823d2ca08e2a,,TSMixer,74851880,MSE,0.4230295419692993,0.5795537090500196,0.4831428719634811,0.6333748409628868,0.42147648334503174,uniform_severity_degradation,0.5,"[""drift"",""attenuation"",""noise"",""spike"",""time_stretch"",""time_compress"",""stuck_sensor"",""missing_data""]",8,1.2875120742367332,1.278440140748115,1.2962120457669752,1.113511902972367,1.111847579108211,1.1152080461441343,0.8154777552574873,0.809152120326236,0.8217501683291047,0.7052704244554043,0.7018961995499488,0.7085417187556066,0.8154777552574873,missing_data,10000,winner_pool,0.5109771319554839,0.5122662364840442,0.7052704244554043,0.8980595513443884,0.02801480477782159,computed,MSE_val,0.4230295419692993,0.6308187228739262,0.8136501274675131,1.2898319247098935,1.1133019834513824,0.8136501274675131,0.7022917353738098,0.5088025175177868,0.5100733698592473,892bc9a58a1a4da6b051823d2ca08e2a,missing_data,Fully Connected,0.0025561180889606128,0.40520643986520866,0.001827627789974251,0.22462084479268069,-0.002319850473160301,-0.17985680372131255,0.00020991952098459166,0.018855577741253415,0.001827627789974251,0.22462084479268069,0.0029786890815944878,0.4241384216217519,0.0021746144376970644,0.42739852159262237,0.0021928666247968964,0.42991199979759953,0.0025561180889606128,-0.0029786890815944878,computed:lineage,892bc9a58a1a4da6b051823d2ca08e2a
38,traffic,41f9af6ab1b86f6fe5ef4323c149934cbaf2f1c6c4b6bb60ffda29c7857cf618,c71aeebb723841c2b7fe8bdb650eac1e,RandomizedSmoothing,RandomizedSmoothing,DLinear,rs_backbonebaseline_std0.25_samples30_alpha0.25,randomized_smoothing,wrap,improve,randomized_smoothing,baseline,8a356407910a4d0fbf91309723d1cc26,,DLinear,74851880,MSE,0.5125615000724792,0.6204640807757775,0.5566717523671687,0.6848686217933894,0.512154757976532,uniform_severity_degradation,0.5,"[""drift"",""attenuation"",""noise"",""spike"",""time_stretch"",""time_compress"",""stuck_sensor"",""missing_data""]",8,1.176910058514208,1.170728067003659,1.183362383921313,1.081237548769732,1.079872344672755,1.0825945072417957,0.806028769749403,0.8002953215570747,0.811265420089215,0.740505669857189,0.7366680615118798,0.7445978222503234,0.806028769749403,missing_data,10000,winner_pool,0.5374176633942349,0.5373758941944113,0.740505669857189,0.9248661417075583,0.04273302284964342,computed,MSE_val,0.5125615000724792,0.6844583657115698,0.8056163526445628,1.177012938993062,1.081284797759741,0.8056163526445628,0.7400944255433977,0.5371186200140929,0.537079154960024,8a356407910a4d0fbf91309723d1cc26,missing_data,Fully Connected,0.00041025608181954887,0.05993879282825954,0.00041241710484019034,0.051192742486714196,-0.00010288047885387286,-0.008740811204835813,-4.724899000896343e-05,-0.00436970815707908,0.00041241710484019034,0.051192742486714196,0.00041124431379135906,0.05556646552085731,0.0002990433801419723,0.0556754819138696,0.0002967392343873332,0.05525055881370412,0.00041025608181954887,-0.00041124431379135906,computed:lineage,8a356407910a4d0fbf91309723d1cc26
39,traffic,41f9af6ab1b86f6fe5ef4323c149934cbaf2f1c6c4b6bb60ffda29c7857cf618,2cc8069a83dc4647b5407833906aab7d,Ensemble,Ensemble,ModernTCN,ensemble_top10_mean,ensemble,wrap,improve,ensemble,baseline,,"a0a6f9b2a8754ae0aaf937850b4287bf,57e5c7d7e301495a9ba942b047f787d5,d26c01491ee046efa69e7a3af41a971d,a8d5347f84c241d7ab51b7fa23bcbd53,3276f1a9968f475fbba8f6175af4c8e0,21c1ae5b024b43c5b8e791f16527d499,3380406f43e74bcd9a41c0c43a13ddc5,49d10c416b834a1abf1dca530aa355ff,e4ea6d634bd2470c9152db9a6bcc29a2,b859fb921cab427da4b229e4a7439e47",ModernTCN,74851880,MSE,0.3904944658279419,0.5147159081250429,0.4371409486811608,0.5716982667744159,0.3998897969722748,uniform_severity_degradation,0.5,"[""drift"",""attenuation"",""noise"",""spike"",""time_stretch"",""time_compress"",""stuck_sensor"",""missing_data""]",8,1.2563376753199658,1.2507735144182834,1.2616863609955489,1.112342951945336,1.1110053089916168,1.1137311489312425,0.7182460714638234,0.7139273121784627,0.7224485896524787,0.635924537685886,0.6329548605094943,0.6389083304249495,0.7182460714638234,missing_data,10000,winner_pool,0.46103097169796553,0.46220597078941283,0.635924537685886,0.8990033139070432,0.03667857923019724,computed,MSE_val,0.3904944658279419,0.5749438916027546,0.7275815823048353,1.2654827591551185,1.1113679660095408,0.7275815823048353,0.6389742233801634,0.4631872908029975,0.4643165023024144,a0a6f9b2a8754ae0aaf937850b4287bf,missing_data,Convolution,-0.003245624828338678,-0.5645115768237736,-0.009335510841011918,-1.2830878444502205,-0.009145083835152779,-0.7226557429560212,0.0009749859357952584,0.0877284540867258,-0.009335510841011918,-1.2830878444502205,-0.0030496856942774375,-0.4772783600165667,-0.0021563191050319452,-0.4655393504631088,-0.0021105315130015567,-0.4545458760427482,-0.003245624828338678,0.0030496856942774375,computed:matched_baseline,a0a6f9b2a8754ae0aaf937850b4287bf
40,traffic,41f9af6ab1b86f6fe5ef4323c149934cbaf2f1c6c4b6bb60ffda29c7857cf618,8ce688ba76254d329bc5d01cdbec4625,Ensemble,Ensemble,GRU,ensemble_top3_mean,ensemble,wrap,improve,ensemble,baseline,,"130478b6c656458bac702a6d267e7918,2e61f4c14f0944d99ac601f7f62a77de,7f6a2a213779401b897df32677251710",GRU,74851880,MSE,0.4747636318206787,0.5960920539498329,0.5080923323451231,0.7039817544162273,0.48777174949645996,uniform_severity_degradation,0.5,"[""drift"",""attenuation"",""noise"",""spike"",""time_stretch"",""time_compress"",""stuck_sensor"",""missing_data""]",8,1.1867706896224548,1.17813281763721,1.1957051522545519,1.0530636388313863,1.05153687258744,1.054676654015964,0.8354649121701717,0.8288632175897063,0.8424122060927004,0.7413375879764557,0.7384033650322259,0.7444869476319942,0.8354649121701717,missing_data,10000,winner_pool,0.5375576488683751,0.5359345848301742,0.7413375879764557,0.9496102259401223,0.060290626227191724,computed,MSE_val,0.4747636318206787,0.7261284965008498,0.9322147336065769,1.2838151072418158,1.0707892546119862,0.9322147336065769,0.7775305915206671,0.5631296242329982,0.5622702145755886,130478b6c656458bac702a6d267e7918,missing_data,Recurrent,-0.022146742084622417,-3.049975616071487,-0.0967498214364052,-10.378490915081008,-0.097044417619361,-7.559064936371868,-0.017725615780599835,-1.6553785634525193,-0.0967498214364052,-10.378490915081008,-0.0361930035442114,-4.6548655369850325,-0.02557197536462308,-4.541046015729147,-0.02633562974541437,-4.683803100844131,-0.022146742084622417,0.0361930035442114,computed:matched_baseline,130478b6c656458bac702a6d267e7918
41,traffic,41f9af6ab1b86f6fe5ef4323c149934cbaf2f1c6c4b6bb60ffda29c7857cf618,5cda713228aa4ccd8356971a92f7888b,Ensemble,Ensemble,PatchTST,ensemble_top3_mean,ensemble,wrap,improve,ensemble,baseline,,"966a68733399471296c536464bc22275,25fbd9d4d0404bef95d4e92fdb2c62d0,95f5d0f6be4d453aaad59fe01e9438ed",PatchTST,74851880,MSE,0.3325592279434204,0.5645241477042436,0.4295437206188216,0.4449739832803607,0.3343311846256256,uniform_severity_degradation,0.5,"[""drift"",""attenuation"",""noise"",""spike"",""time_stretch"",""time_compress"",""stuck_sensor"",""missing_data""]",8,1.709450651914194,1.6909700785245025,1.7274702146655307,1.298088114155331,1.2941626414759346,1.3019587816440434,0.7606610658034683,0.7526680102250353,0.7688430288764835,0.5776154388045892,0.5744667846509302,0.5808918100857875,0.7606610658034683,missing_data,10000,winner_pool,0.41654368432248573,0.42311238139505764,0.5776154388045892,0.770363728852646,-0.03311353857563526,computed,MSE_val,0.3325592279434204,0.4527831646978855,0.758964931833744,1.6762216244063644,1.2961403584602942,0.758964931833744,0.5868705333963037,0.42334218402013385,0.42998655414295905,966a68733399471296c536464bc22275,missing_data,Attention,-0.007809181417524791,-1.7247066645544076,0.001696133969724234,0.22347988669597485,0.033229027507829745,1.9823767349140267,0.0019477556950369124,0.15027351646936465,0.001696133969724234,0.22347988669597485,-0.009255094591714474,-1.5770249254386515,-0.006798499697648119,-1.6059112354663876,-0.006874172747901419,-1.5986948153769338,-0.007809181417524791,0.009255094591714474,computed:matched_baseline,966a68733399471296c536464bc22275
42,traffic,41f9af6ab1b86f6fe5ef4323c149934cbaf2f1c6c4b6bb60ffda29c7857cf618,1b70cc19ae7143bcb8cccfb1ea4178da,Ensemble,Ensemble,TSMixer,ensemble_top10_mean,ensemble,wrap,improve,ensemble,baseline,,"892bc9a58a1a4da6b051823d2ca08e2a,04fa27bbb9534629bd92c37f4c9d257e,bbae15355199447889856a3061267b3d,a9345db91c3143569d20d4e8ca5b1b4d,354e179d2c014a48abb22fc864773479,28e99ff8d44a499cbdab62fb337d03df,405347712b6e4ee28837a8270650523b,4074c40c6b644fe68bde80aa63e614dc,c6863336df174705a1c6a5b404739780,558db2800b454505882307280502fb86",TSMixer,74851880,MSE,0.3947298526763916,0.536610939949751,0.44662728993346296,0.581185748744011,0.42147648334503174,uniform_severity_degradation,0.5,"[""drift"",""attenuation"",""noise"",""spike"",""time_stretch"",""time_compress"",""stuck_sensor"",""missing_data""]",8,1.2691317733572722,1.2616006159113626,1.2758848197863668,1.109205495092147,1.1077879664826205,1.1106958656453527,0.7376012999534607,0.7326994926925748,0.742445400596857,0.6446544261761009,0.6415714210904762,0.6478494923637714,0.7376012999534607,missing_data,10000,winner_pool,0.4672923095535639,0.4683416312384228,0.6446544261761009,0.901546200793862,0.03734752885504533,computed,MSE_val,0.3947298526763916,0.6308187228739262,0.8136501274675131,1.2898319247098935,1.1133019834513824,0.8136501274675131,0.7022917353738098,0.5088025175177868,0.5100733698592473,892bc9a58a1a4da6b051823d2ca08e2a,missing_data,Fully Connected,-0.049632974129915186,-7.86802489054129,-0.0760488275140524,-9.346625158254994,-0.020700151352621265,-1.6048719958049653,-0.004096488359235373,-0.3679584174040291,-0.0760488275140524,-9.346625158254994,-0.05763730919770893,-8.207032248077109,-0.041510207964222945,-8.158412455726857,-0.04173173862082452,-8.181516834007668,-0.049632974129915186,0.05763730919770893,computed:matched_baseline,892bc9a58a1a4da6b051823d2ca08e2a
43,traffic,41f9af6ab1b86f6fe5ef4323c149934cbaf2f1c6c4b6bb60ffda29c7857cf618,3484b84a97594c9fa816b2821ca91b86,Ensemble,Ensemble,DLinear,ensemble_top5_mean,ensemble,wrap,improve,ensemble,baseline,,"8a356407910a4d0fbf91309723d1cc26,3b742aa19475408981c47601554c1153,5019bd4878654aa398fabd4ac4adf5ed,6db70b685d89455eaa117c9617eca202,bf12f16a2f0c4d0790eedae26315fa55",DLinear,74851880,MSE,0.5110814571380615,0.6178740386068821,0.5551595679962387,0.6828110410243273,0.512154757976532,uniform_severity_degradation,0.5,"[""drift"",""attenuation"",""noise"",""spike"",""time_stretch"",""time_compress"",""stuck_sensor"",""missing_data""]",8,1.1754802989503865,1.1697758550216302,1.1819277063404052,1.0814925082531408,1.0801257534773434,1.082850603348315,0.802630926629901,0.7973604531880468,0.8078444470117987,0.7384550254203379,0.7346711114284303,0.7425205296597537,0.802630926629901,missing_data,10000,winner_pool,0.5359416762930093,0.5359156245469012,0.7384550254203379,0.9246481065460455,0.042799220321596554,computed,MSE_val,0.5110814571380615,0.6844583657115698,0.8056163526445628,1.177012938993062,1.081284797759741,0.8056163526445628,0.7400944255433977,0.5371186200140929,0.537079154960024,8a356407910a4d0fbf91309723d1cc26,missing_data,Fully Connected,-0.0016473246872424907,-0.240675659728392,-0.002985426014661785,-0.3705766404643666,-0.0015326400426753928,-0.13021437504217845,0.00020771049339973757,0.0192096008221037,-0.002985426014661785,-0.3705766404643666,-0.0016394001230597421,-0.22151229173980733,-0.0011769437210836786,-0.2191217502481664,-0.001163530413122782,-0.2166403969279698,-0.0016473246872424907,0.0016394001230597421,computed:matched_baseline,8a356407910a4d0fbf91309723d1cc26
44,traffic,41f9af6ab1b86f6fe5ef4323c149934cbaf2f1c6c4b6bb60ffda29c7857cf618,b315fc3627ae4576a3d1d0e69355a270,GRU,GRU,GRU,fa_profholdout_simple_mix0.75_sev0.75_frac0.25,fault_augmentation,train,train,fault_augmentation,baseline,,,GRU,74851880,MSE,0.4696827232837677,0.6731480898161729,0.5159959711718063,0.6940290438324213,0.4696827232837677,uniform_severity_degradation,0.5,"[""drift"",""attenuation"",""noise"",""spike"",""time_stretch"",""time_compress"",""stuck_sensor"",""missing_data""]",8,1.324176257125391,1.3105160682750903,1.338207714967226,1.078208003368457,1.0761822538642243,1.0803669542467482,0.9190167815983296,0.9090768441547453,0.928724967879653,0.7483076696302742,0.7450888369286991,0.7518085154761187,0.9190167815983296,missing_data,10000,winner_pool,0.5416790214698665,0.5411799777021309,0.7483076696302742,0.9274648276361098,0.04375454785143207,computed,best_val_loss,0.4696827232837677,0.7261284965008498,0.9322147336065769,1.2838151072418158,1.0707892546119862,0.9322147336065769,0.7775305915206671,0.5631296242329982,0.5622702145755886,130478b6c656458bac702a6d267e7918,missing_data,Recurrent,-0.03209945266842851,-4.420629795292842,-0.01319795200824736,-1.415763078232713,0.0403611498835752,3.1438444411429476,0.00741874875647075,0.6928299592583254,-0.01319795200824736,-1.415763078232713,-0.029222921890392883,-3.7584272836441994,-0.02145060276313171,-3.8091767578997757,-0.02109023687345768,-3.7509077178091252,-0.03209945266842851,0.029222921890392883,computed:matched_baseline,130478b6c656458bac702a6d267e7918
45,traffic,41f9af6ab1b86f6fe5ef4323c149934cbaf2f1c6c4b6bb60ffda29c7857cf618,37468753e1754d129b2bbc5f0e83f069,PatchTST,PatchTST,PatchTST,fa_profholdout_varying_mix1.0_sev1.0_frac0.1,fault_augmentation,train,train,fault_augmentation,baseline,,,PatchTST,74851880,MSE,0.33249610662460327,0.5190844727406899,0.41085939272989835,0.45346912956237795,0.33249610662460327,uniform_severity_degradation,0.5,"[""drift"",""attenuation"",""noise"",""spike"",""time_stretch"",""time_compress"",""stuck_sensor"",""missing_data""]",8,1.5027210961280748,1.4894695948986783,1.5161386344771763,1.2353926905655048,1.2324711362619383,1.2383109785520805,0.6814376274362206,0.6745746620257944,0.6885023704143614,0.5602124480584636,0.5571511963120288,0.5634998630187613,0.6814376274362206,stuck_sensor,10000,winner_pool,0.4053588254659857,0.4102659787494448,0.5602124480584636,0.8094592170059278,-0.006959040572587005,computed,best_val_loss,0.33249610662460327,0.4527831646978855,0.758964931833744,1.6762216244063644,1.2961403584602942,0.758964931833744,0.5868705333963037,0.42334218402013385,0.42998655414295905,966a68733399471296c536464bc22275,missing_data,Attention,0.000685964864492461,0.15149963999879795,-0.07752730439752342,-10.21487306537455,-0.17350052827828955,-10.350691445096643,-0.06074766789478936,-4.686812465816008,-0.07752730439752342,-10.21487306537455,-0.026658085337840087,-4.542413329830335,-0.017983358554148177,-4.24794864130358,-0.01972057539351424,-4.586323735824928,0.000685964864492461,0.026658085337840087,computed:matched_baseline,966a68733399471296c536464bc22275
46,traffic,41f9af6ab1b86f6fe5ef4323c149934cbaf2f1c6c4b6bb60ffda29c7857cf618,c5a4959e55c74982a2807fce24d90ebd,ModernTCN,ModernTCN,ModernTCN,fa_profholdout_varying_mix0.75_sev0.75_frac0.1,fault_augmentation,train,train,fault_augmentation,baseline,,,ModernTCN,74851880,MSE,0.4130254089832306,0.5300991442898909,0.44854414044196406,0.5943409732609988,0.4130254089832306,uniform_severity_degradation,0.5,"[""drift"",""attenuation"",""noise"",""spike"",""time_stretch"",""time_compress"",""stuck_sensor"",""missing_data""]",8,1.2448162101768596,1.2397406082332292,1.2498450849383222,1.0889515840930435,1.087734085017743,1.0901799542589392,0.7398452778875828,0.7357044990760089,0.7439017881826312,0.6472085443239659,0.6442230443565269,0.650309764989065,0.7398452778875828,missing_data,10000,winner_pool,0.469342963431151,0.4695644383429409,0.6472085443239659,0.9183144729367111,0.0477860428349931,computed,best_val_loss,0.4130254089832306,0.5749438916027546,0.7275815823048353,1.2654827591551185,1.1113679660095408,0.7275815823048353,0.6389742233801634,0.4631872908029975,0.4643165023024144,a0a6f9b2a8754ae0aaf937850b4287bf,missing_data,Convolution,0.019397081658244164,3.373734714212108,0.012263695582747536,1.6855423338092976,-0.020666548978258925,-1.63309605198072,-0.022416381916497308,-2.0170081019147235,0.012263695582747536,1.6855423338092976,0.008234320943802498,1.2886781097746123,0.00615567262815353,1.3289813322558663,0.005247936040526535,1.1302497357951964,0.019397081658244164,-0.008234320943802498,computed:matched_baseline,a0a6f9b2a8754ae0aaf937850b4287bf
47,traffic,41f9af6ab1b86f6fe5ef4323c149934cbaf2f1c6c4b6bb60ffda29c7857cf618,d5be2ebf60b247b483afaf6c3b99c588,TSMixer,TSMixer,TSMixer,fa_profholdout_simple_mix1.0_sev0.75_frac0.1,fault_augmentation,train,train,fault_augmentation,baseline,,,TSMixer,74851880,MSE,0.4119585454463959,0.5751043293327093,0.47188479198515415,0.5789383964687586,0.4119585454463959,uniform_severity_degradation,0.5,"[""drift"",""attenuation"",""noise"",""spike"",""time_stretch"",""time_compress"",""stuck_sensor"",""missing_data""]",8,1.3197454201302796,1.3112264289172215,1.3278992991604333,1.1354985826667636,1.1338620858501998,1.1372110632343526,0.7640512972772121,0.7583251184493304,0.7694745641166717,0.6573837286416442,0.6542862991722953,0.6606558180126175,0.7640512972772121,missing_data,10000,winner_pool,0.47629922502876604,0.47842641845334916,0.6573837286416442,0.8806704079290528,0.0223940613643534,computed,best_val_loss,0.4119585454463959,0.6308187228739262,0.8136501274675131,1.2898319247098935,1.1133019834513824,0.8136501274675131,0.7022917353738098,0.5088025175177868,0.5100733698592473,892bc9a58a1a4da6b051823d2ca08e2a,missing_data,Fully Connected,-0.0518803264051676,-8.224284493143724,-0.04959883019030098,-6.095842490024231,0.029913495420386127,2.319177781796199,0.022196599215381196,1.9937626578701335,-0.04959883019030098,-6.095842490024231,-0.04490800673216566,-6.394494548374888,-0.032503292489020785,-6.388194116567933,-0.03164695140589818,-6.204392010237866,-0.0518803264051676,0.04490800673216566,computed:matched_baseline,892bc9a58a1a4da6b051823d2ca08e2a
48,traffic,41f9af6ab1b86f6fe5ef4323c149934cbaf2f1c6c4b6bb60ffda29c7857cf618,fe8c0758a0324806b078b75380387d86,DLinear,DLinear,DLinear,fa_profholdout_varying_mix0.75_sev0.75_frac0.1,fault_augmentation,train,train,fault_augmentation,baseline,,,DLinear,74851880,MSE,0.5123751163482666,0.619885453119874,0.5563332988334199,0.68473360645473,0.5123751163482666,uniform_severity_degradation,0.5,"[""drift"",""attenuation"",""noise"",""spike"",""time_stretch"",""time_compress"",""stuck_sensor"",""missing_data""]",8,1.1762015543293813,1.17010569988429,1.1826446195948084,1.0809529626123553,1.0795896504766336,1.0823150554812677,0.8053847322136164,0.7996699274244904,0.8106186041484773,0.740164820497483,0.7363206827205793,0.7442498259850592,0.8053847322136164,missing_data,10000,winner_pool,0.5371782715008556,0.5371237674527976,0.740164820497483,0.9251096343575256,0.042943684500894586,computed,best_val_loss,0.5123751163482666,0.6844583657115698,0.8056163526445628,1.177012938993062,1.081284797759741,0.8056163526445628,0.7400944255433977,0.5371186200140929,0.537079154960024,8a356407910a4d0fbf91309723d1cc26,missing_data,Fully Connected,0.00027524074316020997,0.04021292703085993,-0.00023162043094637763,-0.02875071120218042,-0.000811384663680581,-0.06893591708301211,-0.0003318351473857728,-0.030688968167617372,-0.00023162043094637763,-0.02875071120218042,7.039495408533991e-05,0.009511617930867943,5.965148676267962e-05,0.011105831103214125,4.461249277354362e-05,0.008306502377077776,0.00027524074316020997,-7.039495408533991e-05,computed:matched_baseline,8a356407910a4d0fbf91309723d1cc26
49,traffic,41f9af6ab1b86f6fe5ef4323c149934cbaf2f1c6c4b6bb60ffda29c7857cf618,e599a3a2526046d19fe3b9d3e585339b,GRU,GRU,GRU,rt_spaceraw_std0.3_channelscontinuous,randomized_training,train,train,randomized_training,baseline,,,GRU,74851880,MSE,0.4820117652416229,0.6801897991448641,0.5292581632540871,0.700618387466669,0.4820117652416229,uniform_severity_degradation,0.5,"[""drift"",""attenuation"",""noise"",""spike"",""time_stretch"",""time_compress"",""stuck_sensor"",""missing_data""]",8,1.313902418045812,1.3012516917966077,1.3259661745651241,1.075906951002905,1.0738450693291108,1.0779222431619608,0.9205441934198141,0.9115492246561497,0.9297162012318522,0.7538001930758358,0.7508043612545356,0.7569758384257277,0.9205441934198141,missing_data,10000,winner_pool,0.5457775312787617,0.5451781095118884,0.7538001930758358,0.9294484054293465,0.04459772637407167,computed,best_val_loss,0.4820117652416229,0.7261284965008498,0.9322147336065769,1.2838151072418158,1.0707892546119862,0.9322147336065769,0.7775305915206671,0.5631296242329982,0.5622702145755886,130478b6c656458bac702a6d267e7918,missing_data,Recurrent,-0.025510109034180717,-3.5131673191606883,-0.011670540186762834,-1.25191544029899,0.030087310803996292,2.3435859754475636,0.005117696390918747,0.4779368460111423,-0.011670540186762834,-1.25191544029899,-0.02373039844483127,-3.0520211942298228,-0.017352092954236453,-3.081367452097836,-0.01709210506370018,-3.039838252254141,-0.025510109034180717,0.02373039844483127,computed:matched_baseline,130478b6c656458bac702a6d267e7918
50,traffic,41f9af6ab1b86f6fe5ef4323c149934cbaf2f1c6c4b6bb60ffda29c7857cf618,63a976d881324c90a3825d1a2fffe933,PatchTST,PatchTST,PatchTST,arl_alo0.001_ainit1.0_slo0.01_sinit1.0,adaptive_robust_loss,train,train,adaptive_robust_loss,baseline,,,PatchTST,74851880,MSE,0.38696983456611633,0.6495921905239423,0.48887635181968414,0.5419386705443263,0.019459715113043785,uniform_severity_degradation,0.5,"[""drift"",""attenuation"",""noise"",""spike"",""time_stretch"",""time_compress"",""stuck_sensor"",""missing_data""]",8,1.5890787885550561,1.5789915371798973,1.606749969073651,1.248180232978703,1.2447269177474674,1.251662420045059,0.8611832460597157,0.8547393948471919,0.8712778019524738,0.6764371360601857,0.672589413253637,0.6806432013998042,0.8611832460597157,missing_data,10000,winner_pool,0.48808243788083383,0.4941580343563857,0.6764371360601857,0.8011663488802122,-0.03347676340149286,computed,best_val_loss,0.019459715113043785,0.4527831646978855,0.758964931833744,1.6762216244063644,1.2961403584602942,0.758964931833744,0.5868705333963037,0.42334218402013385,0.42998655414295905,966a68733399471296c536464bc22275,missing_data,Attention,0.08915550584644083,19.690552299118465,0.10221831422597172,13.468120849668358,-0.08714283585130822,-5.198765758804117,-0.04796012548159112,-3.7002262269314503,0.10221831422597172,13.468120849668358,0.08956660266388206,15.261731091787368,0.06474025386069998,15.292653627359986,0.06417148021342667,14.924066716767932,0.08915550584644083,-0.08956660266388206,computed:matched_baseline,966a68733399471296c536464bc22275
51,traffic,41f9af6ab1b86f6fe5ef4323c149934cbaf2f1c6c4b6bb60ffda29c7857cf618,37d49563e7a34e0a96fd52093b0dca58,ModernTCN,ModernTCN,ModernTCN,arl_alo0.001_ainit1.0_slo1e-05_sinit0.1,adaptive_robust_loss,train,train,adaptive_robust_loss,baseline,,,ModernTCN,74851880,MSE,0.4474695324897766,0.5901414507081111,0.5053211405643572,0.6683916574954987,0.4540768563747406,uniform_severity_degradation,0.5,"[""drift"",""attenuation"",""noise"",""spike"",""time_stretch"",""time_compress"",""stuck_sensor"",""missing_data""]",8,1.2378795075082505,1.232764653420539,1.2429636548581977,1.111032109735301,1.109712633896766,1.1123587131527852,0.8273883358031511,0.8220323773770035,0.8327359173114598,0.7426045933566987,0.7385006918387673,0.7467481495938264,0.8273883358031511,missing_data,10000,winner_pool,0.5384557852686009,0.5397799875774612,0.7426045933566987,0.9000639956645771,0.024716271068528695,computed,best_val_loss,0.4540768563747406,0.5749438916027546,0.7275815823048353,1.2654827591551185,1.1113679660095408,0.7275815823048353,0.6389742233801634,0.4631872908029975,0.4643165023024144,a0a6f9b2a8754ae0aaf937850b4287bf,missing_data,Convolution,0.09344776589274406,16.25337137372525,0.0998067534983158,13.717603073753963,-0.027603251646868054,-2.181242806128546,-0.00033585627423970976,-0.030220078723847844,0.0998067534983158,13.717603073753963,0.1036303699765353,16.21823951337697,0.07526849446560346,16.250120838832906,0.07546348527504676,16.252595998816467,0.09344776589274406,-0.1036303699765353,computed:matched_baseline,a0a6f9b2a8754ae0aaf937850b4287bf
52,traffic,41f9af6ab1b86f6fe5ef4323c149934cbaf2f1c6c4b6bb60ffda29c7857cf618,838a10bc5c7846968cd5371be73022b2,PatchTST,PatchTST,PatchTST,advtrain_eps0.05_steps5_alpha0.02_channelsall,adversarial_training,train,train,adversarial_training,baseline,,,PatchTST,74851880,MSE,0.33538275957107544,0.5715647107288241,0.4319269883694748,0.4370809951394796,0.33538275957107544,uniform_severity_degradation,0.5,"[""drift"",""attenuation"",""noise"",""spike"",""time_stretch"",""time_compress"",""stuck_sensor"",""missing_data""]",8,1.7395664827517925,1.7191351913946,1.7595857664587045,1.3056268360538659,1.301309285658986,1.3100904027293665,0.7603314493924379,0.7517078960520774,0.7688404681860282,0.570664676783234,0.5673377062503063,0.5741570342407981,0.7603314493924379,missing_data,10000,winner_pool,0.4113443035322028,0.4180007354856137,0.570664676783234,0.7659156294783322,-0.034317467515200484,computed,best_val_loss,0.33538275957107544,0.4527831646978855,0.758964931833744,1.6762216244063644,1.2961403584602942,0.758964931833744,0.5868705333963037,0.42334218402013385,0.42998655414295905,966a68733399471296c536464bc22275,missing_data,Attention,-0.015702169558405865,-3.4679225692684406,0.0013665175586938805,0.18005015796872478,0.06334485834542813,3.7790264379784375,0.009486477593571685,0.7319020298728158,0.0013665175586938805,0.18005015796872478,-0.016205856613069725,-2.7614023350745036,-0.011997880487931045,-2.8340857445381427,-0.011985818657345382,-2.7874868508935786,-0.015702169558405865,0.016205856613069725,computed:matched_baseline,966a68733399471296c536464bc22275
53,traffic,41f9af6ab1b86f6fe5ef4323c149934cbaf2f1c6c4b6bb60ffda29c7857cf618,dc191f65eb0d486eb3389cc4c4bcea9f,ModernTCN,ModernTCN,ModernTCN,advtrain_eps0.1_steps5_alpha0.02_channelsall,adversarial_training,train,train,adversarial_training,baseline,,,ModernTCN,74851880,MSE,0.40360236167907715,0.5157190394898256,0.44157727687122916,0.5813175215780735,0.40360239148139954,uniform_severity_degradation,0.5,"[""drift"",""attenuation"",""noise"",""spike"",""time_stretch"",""time_compress"",""stuck_sensor"",""missing_data""]",8,1.2368736346140272,1.231782351286382,1.2418965454024524,1.0945771473719892,1.0933971141199836,1.0957511503476876,0.71901631577909,0.7147916979560256,0.7231999791220576,0.6362968744862825,0.6332427944375855,0.6395081514125691,0.71901631577909,missing_data,10000,winner_pool,0.4614159923197573,0.4618714784869927,0.6362968744862825,0.9135948091013384,0.045835451881587996,computed,best_val_loss,0.40360239148139954,0.5749438916027546,0.7275815823048353,1.2654827591551185,1.1113679660095408,0.7275815823048353,0.6389742233801634,0.4631872908029975,0.4643165023024144,a0a6f9b2a8754ae0aaf937850b4287bf,missing_data,Convolution,0.006373629975318873,1.1085655606412805,-0.008565266525745296,-1.1772242088113636,-0.028609124541091324,-2.2607281161374178,-0.016790818637551608,-1.5108244209917656,-0.008565266525745296,-1.1772242088113636,-0.0026773488938809376,-0.41900733956337155,-0.0017712984832402023,-0.3824151738208141,-0.0024450238154216652,-0.5265855948038639,0.006373629975318873,0.0026773488938809376,computed:matched_baseline,a0a6f9b2a8754ae0aaf937850b4287bf
54,traffic,41f9af6ab1b86f6fe5ef4323c149934cbaf2f1c6c4b6bb60ffda29c7857cf618,a0eefe5e33a24ca08431fa8cda7d59ee,GRU,GRU,GRU,arl_alo0.001_ainit1.5_slo0.001_sinit0.1,adaptive_robust_loss,train,train,adaptive_robust_loss,baseline,,,GRU,74851880,MSE,0.5115535855293274,0.6760328837285439,0.5571000619965295,0.7748436431229114,0.46753454208374023,uniform_severity_degradation,0.5,"[""drift"",""attenuation"",""noise"",""spike"",""time_stretch"",""time_compress"",""stuck_sensor"",""missing_data""]",8,1.2338540707279715,1.2238560963563774,1.244485362397618,1.0658795707506024,1.0641615164801557,1.0675838220600407,0.9560439832448959,0.9477409049898385,0.9647514241745323,0.8258900097306818,0.8221503707399871,0.8296017719746753,0.9560439832448959,missing_data,10000,winner_pool,0.598587350034928,0.5974792623719409,0.8258900097306818,0.938192294365667,0.043253536410115756,computed,best_val_loss,0.46753454208374023,0.7261284965008498,0.9322147336065769,1.2838151072418158,1.0707892546119862,0.9322147336065769,0.7775305915206671,0.5631296242329982,0.5622702145755886,130478b6c656458bac702a6d267e7918,missing_data,Recurrent,0.04871514662206167,6.708887869959068,0.023829249638319006,2.5561974917654195,-0.049961036513844315,-3.891606839023884,-0.004909683861383796,-0.4585107517877438,0.023829249638319006,2.5561974917654195,0.04835941821001477,6.219616145962195,0.03545772580192985,6.29654777090168,0.035209047796352366,6.261944325635099,0.04871514662206167,-0.04835941821001477,computed:matched_baseline,130478b6c656458bac702a6d267e7918
55,traffic,41f9af6ab1b86f6fe5ef4323c149934cbaf2f1c6c4b6bb60ffda29c7857cf618,f5a25ed0c0484a14a097b0e68bff21a0,PatchTST,PatchTST,PatchTST,rt_spaceraw_std0.1_channelscontinuous,randomized_training,train,train,randomized_training,baseline,,,PatchTST,74851880,MSE,0.33523544669151306,0.568769907121857,0.43539498590584846,0.4501005528345704,0.33523544669151306,uniform_severity_degradation,0.5,"[""drift"",""attenuation"",""noise"",""spike"",""time_stretch"",""time_compress"",""stuck_sensor"",""missing_data""]",8,1.7082759433321197,1.690353224483108,1.726188052521261,1.3048734902194403,1.300965613079607,1.3088320989171025,0.7688959464877844,0.7607496136321872,0.7765710433878378,0.5873242793269455,0.5840762427086522,0.5907190697019221,0.7688959464877844,missing_data,10000,winner_pool,0.4234991856825259,0.43035832009258423,0.5873242793269455,0.7663578174400877,-0.03753799928368551,computed,best_val_loss,0.33523544669151306,0.4527831646978855,0.758964931833744,1.6762216244063644,1.2961403584602942,0.758964931833744,0.5868705333963037,0.42334218402013385,0.42998655414295905,966a68733399471296c536464bc22275,missing_data,Attention,-0.0026826118633150875,-0.5924716448114917,0.009931014654040338,1.30849453479305,0.03205431892575539,1.9122959911167747,0.00873313175914614,0.6737797879791635,0.009931014654040338,1.30849453479305,0.00045374593064184676,0.07731618897543793,0.00015700166239207558,0.03708623149745188,0.00037176594962518017,0.08645990113950817,-0.0026826118633150875,-0.00045374593064184676,computed:matched_baseline,966a68733399471296c536464bc22275
56,traffic,41f9af6ab1b86f6fe5ef4323c149934cbaf2f1c6c4b6bb60ffda29c7857cf618,57c86f7f4005474b80f8cc3d3dc959f3,TSMixer,TSMixer,TSMixer,arl_alo0.001_ainit1.0_slo1e-05_sinit1.0,adaptive_robust_loss,train,train,adaptive_robust_loss,baseline,,,TSMixer,74851880,MSE,0.45766201615333557,0.6360873432457447,0.5338903198428452,0.6709126899898052,0.30322685837745667,uniform_severity_degradation,0.5,"[""drift"",""attenuation"",""noise"",""spike"",""time_stretch"",""time_compress"",""stuck_sensor"",""missing_data""]",8,1.3205050797246007,1.3133236191226365,1.3317997579599374,1.1473747377275227,1.145214329283317,1.149781861586849,0.8859436151832342,0.8800741103702784,0.8937508316350729,0.7697882717151194,0.7657820448553283,0.77372284593625,0.8859436151832342,missing_data,10000,winner_pool,0.5571926978893162,0.5601255718112882,0.7697882717151194,0.8715548348054,-2.797141929211655e-05,computed,best_val_loss,0.30322685837745667,0.6308187228739262,0.8136501274675131,1.2898319247098935,1.1133019834513824,0.8136501274675131,0.7022917353738098,0.5088025175177868,0.5100733698592473,892bc9a58a1a4da6b051823d2ca08e2a,missing_data,Fully Connected,0.04009396711587909,6.355861939737031,0.07229348771572108,8.885082823096782,0.030673155014707243,2.37807379605728,0.034072754276140316,3.060513210486727,0.07229348771572108,8.885082823096782,0.06749653634130959,9.610897144529703,0.04839018037152942,9.510601599929739,0.05005220195204085,9.812745559693218,0.04009396711587909,-0.06749653634130959,computed:matched_baseline,892bc9a58a1a4da6b051823d2ca08e2a
57,traffic,41f9af6ab1b86f6fe5ef4323c149934cbaf2f1c6c4b6bb60ffda29c7857cf618,f4e82708557f4a2a915c4c502dc3115e,DLinear,DLinear,DLinear,arl_alo0.001_ainit1.9_slo0.01_sinit0.1,adaptive_robust_loss,train,train,adaptive_robust_loss,baseline,,,DLinear,74851880,MSE,0.5862807035446167,0.7755221033593019,0.6656210979521274,0.7876597479790449,0.29108452796936035,uniform_severity_degradation,0.5,"[""drift"",""attenuation"",""noise"",""spike"",""time_stretch"",""time_compress"",""stuck_sensor"",""missing_data""]",8,1.2779837170983068,1.2679371235021206,1.2883179037029333,1.1274435988382774,1.1251961498938372,1.1296948866907437,1.0066163325309754,0.9974826122999191,1.0159050559853016,0.888041940921545,0.8823323391442279,0.8935430790684464,1.0066163325309754,missing_data,10000,winner_pool,0.6429640704002213,0.6452797643363359,0.888041940921545,0.8869623287855856,-0.0067933459446346545,computed,best_val_loss,0.29108452796936035,0.6844583657115698,0.8056163526445628,1.177012938993062,1.081284797759741,0.8056163526445628,0.7400944255433977,0.5371186200140929,0.537079154960024,8a356407910a4d0fbf91309723d1cc26,missing_data,Fully Connected,0.1032013822674751,15.077817357113592,0.2009999798864126,24.949838620653424,0.10097077810524491,8.578561438043808,0.046158801078536316,4.268884679981665,0.2009999798864126,24.949838620653424,0.14794751537814732,19.990356672328698,0.10584545038612836,19.706159206201264,0.10820060937631193,20.146119687770334,0.1032013822674751,-0.14794751537814732,computed:matched_baseline,8a356407910a4d0fbf91309723d1cc26
58,traffic,41f9af6ab1b86f6fe5ef4323c149934cbaf2f1c6c4b6bb60ffda29c7857cf618,a0e8984d69dd41dfb12d40a94b1d7126,GRU,GRU,GRU,advtrain_eps0.2_steps7_alpha0.02_channelsall,adversarial_training,train,train,adversarial_training,baseline,,,GRU,74851880,MSE,0.47569650411605835,0.6549771201461554,0.5155047488945226,0.6961174143821001,0.47569650411605835,uniform_severity_degradation,0.5,"[""drift"",""attenuation"",""noise"",""spike"",""time_stretch"",""time_compress"",""stuck_sensor"",""missing_data""]",8,1.2806909604516497,1.269099840771035,1.2922540545759977,1.0597249861471836,1.0580154360209202,1.0614557250985635,0.8915112800121308,0.8830386311770976,0.9002999634868651,0.7376930173128844,0.7341431254450604,0.7410643331904057,0.8915112800121308,missing_data,10000,winner_pool,0.5344775759022742,0.533127972648674,0.7376930173128844,0.9436410512841408,0.05637820096494839,computed,best_val_loss,0.47569650411605835,0.7261284965008498,0.9322147336065769,1.2838151072418158,1.0707892546119862,0.9322147336065769,0.7775305915206671,0.5631296242329982,0.5622702145755886,130478b6c656458bac702a6d267e7918,missing_data,Recurrent,-0.0300110821187497,-4.133026353237822,-0.04070345359444616,-4.366317343748856,-0.003124146790166149,-0.24334865453314014,-0.011064268464802574,-1.0332816114046501,-0.04070345359444616,-4.366317343748856,-0.03983757420778267,-5.123602163339932,-0.02865204833072399,-5.088002317361489,-0.029142241926914614,-5.182960286970152,-0.0300110821187497,0.03983757420778267,computed:matched_baseline,130478b6c656458bac702a6d267e7918
59,traffic,41f9af6ab1b86f6fe5ef4323c149934cbaf2f1c6c4b6bb60ffda29c7857cf618,c976e4fb30294b179dd76051c446315e,TSMixer,TSMixer,TSMixer,advtrain_eps0.05_steps7_alpha0.02_channelsall,adversarial_training,train,train,adversarial_training,baseline,,,TSMixer,74851880,MSE,0.41312772035598755,0.5976348850925763,0.46720184780905644,0.5696087589591742,0.41312772035598755,uniform_severity_degradation,0.5,"[""drift"",""attenuation"",""noise"",""spike"",""time_stretch"",""time_compress"",""stuck_sensor"",""missing_data""]",8,1.3731550184994699,1.3633558114660131,1.3820266753436306,1.1234371710082551,1.121740436087328,1.1251977289480977,0.7821611259460449,0.7762297977172583,0.7880467320439964,0.6399196527466178,0.6368317401355132,0.6430519841406495,0.7821611259460449,missing_data,10000,winner_pool,0.46335897942664306,0.464884094857648,0.6399196527466178,0.890125434520318,0.03061020329538444,computed,best_val_loss,0.41312772035598755,0.6308187228739262,0.8136501274675131,1.2898319247098935,1.1133019834513824,0.8136501274675131,0.7022917353738098,0.5088025175177868,0.5100733698592473,892bc9a58a1a4da6b051823d2ca08e2a,missing_data,Fully Connected,-0.061209963914751975,-9.703257321832098,-0.03148900152146816,-3.8700911434104626,0.08332309378957636,6.45999623620087,0.010135187556872705,0.9103718225177585,-0.03148900152146816,-3.8700911434104626,-0.06237208262719207,-8.881221219838675,-0.045443538091143765,-8.93146879713604,-0.04518927500159936,-8.859367626674798,-0.061209963914751975,0.06237208262719207,computed:matched_baseline,892bc9a58a1a4da6b051823d2ca08e2a
60,traffic,41f9af6ab1b86f6fe5ef4323c149934cbaf2f1c6c4b6bb60ffda29c7857cf618,40d70a9aa5c34a129054818eddca46bc,DLinear,DLinear,DLinear,advtrain_eps0.05_steps3_alpha0.02_channelsall,adversarial_training,train,train,adversarial_training,baseline,,,DLinear,74851880,MSE,0.5124183893203735,0.6191236737122139,0.5560007351711393,0.6838560085356236,0.5124183893203735,uniform_severity_degradation,0.5,"[""drift"",""attenuation"",""noise"",""spike"",""time_stretch"",""time_compress"",""stuck_sensor"",""missing_data""]",8,1.1751303215351128,1.1698696486092806,1.1815590811184788,1.0804435824560628,1.0791115136208942,1.0817945612042321,0.8036199311941862,0.7985083904361725,0.8088927244196832,0.738867835746333,0.7350876756282431,0.7428904588338174,0.8036199311941862,missing_data,10000,winner_pool,0.5362511713952112,0.5361741517523431,0.738867835746333,0.9255457816009249,0.04339435266599856,computed,best_val_loss,0.5124183893203735,0.6844583657115698,0.8056163526445628,1.177012938993062,1.081284797759741,0.8056163526445628,0.7400944255433977,0.5371186200140929,0.537079154960024,8a356407910a4d0fbf91309723d1cc26,missing_data,Fully Connected,-0.0006023571759462554,-0.08800494027420336,-0.0019964214503765954,-0.2478129253239494,-0.001882617457949154,-0.15994874784976781,-0.000841215303678311,-0.07779775554240494,-0.0019964214503765954,-0.2478129253239494,-0.0012265897970646922,-0.16573422994830642,-0.000867448618881772,-0.16150038121169805,-0.0009050032076809433,-0.1685046234476005,-0.0006023571759462554,0.0012265897970646922,computed:matched_baseline,8a356407910a4d0fbf91309723d1cc26
61,traffic,41f9af6ab1b86f6fe5ef4323c149934cbaf2f1c6c4b6bb60ffda29c7857cf618,04316fdbd3304630b9f5deed784a0244,TSMixer,TSMixer,TSMixer,rt_spaceraw_std0.1_channelscontinuous,randomized_training,train,train,randomized_training,baseline,,,TSMixer,74851880,MSE,0.415939062833786,0.5799197808702786,0.4748088363197942,0.5766351296186447,0.415939062833786,uniform_severity_degradation,0.5,"[""drift"",""attenuation"",""noise"",""spike"",""time_stretch"",""time_compress"",""stuck_sensor"",""missing_data""]",8,1.3295169577894699,1.3205923963810449,1.3379863530571705,1.1326828045421173,1.1310538461014468,1.1343263814427054,0.7666461832851171,0.7610325375445187,0.7721889095718413,0.6531446958139538,0.649966750907926,0.6565333243373501,0.7666461832851171,missing_data,10000,winner_pool,0.4732226353088279,0.4752215361737274,0.6531446958139538,0.8828596991054757,0.024352185627630085,computed,best_val_loss,0.415939062833786,0.6308187228739262,0.8136501274675131,1.2898319247098935,1.1133019834513824,0.8136501274675131,0.7022917353738098,0.5088025175177868,0.5100733698592473,892bc9a58a1a4da6b051823d2ca08e2a,missing_data,Fully Connected,-0.05418359325528144,-8.589407906034905,-0.04700394418239595,-5.776923347716515,0.03968503307957638,3.0767600273580036,0.019380821090734912,1.7408413331530965,-0.04700394418239595,-5.776923347716515,-0.049147039559856,-6.998094535983173,-0.03557988220895891,-6.9928667771804225,-0.03485183368551992,-6.832709908995472,-0.05418359325528144,0.049147039559856,computed:matched_baseline,892bc9a58a1a4da6b051823d2ca08e2a
62,traffic,41f9af6ab1b86f6fe5ef4323c149934cbaf2f1c6c4b6bb60ffda29c7857cf618,567f8fdda8d940c4ac009331bbe3f1ec,DLinear,DLinear,DLinear,rt_spaceraw_std0.1_channelscontinuous,randomized_training,train,train,randomized_training,baseline,,,DLinear,74851880,MSE,0.5126840472221375,0.6197322059869766,0.5563651976082474,0.6850065152555704,0.5126840472221375,uniform_severity_degradation,0.5,"[""drift"",""attenuation"",""noise"",""spike"",""time_stretch"",""time_compress"",""stuck_sensor"",""missing_data""]",8,1.1752956515863178,1.1693522325988424,1.1816431314783982,1.0803730806146103,1.0790125867087514,1.0817209282969982,0.8050851786881685,0.799526392686367,0.8103188830453902,0.7400625991277396,0.7362637301437278,0.7441176710745228,0.8050851786881685,missing_data,10000,winner_pool,0.537115519457457,0.5370340134714807,0.7400625991277396,0.9256061798865934,0.04330905234466498,computed,best_val_loss,0.5126840472221375,0.6844583657115698,0.8056163526445628,1.177012938993062,1.081284797759741,0.8056163526445628,0.7400944255433977,0.5371186200140929,0.537079154960024,8a356407910a4d0fbf91309723d1cc26,missing_data,Fully Connected,0.0005481495440006201,0.08008515513295807,-0.0005311739563942375,-0.0659338597895357,-0.0017172874067441501,-0.14590216894414895,-0.0009117171451307193,-0.08431794722534337,-0.0005311739563942375,-0.0659338597895357,-3.182641565802058e-05,-0.004300318251235678,-3.100556635993179e-06,-0.0005772573358026253,-4.51414885432877e-05,-0.008404997313039952,0.0005481495440006201,3.182641565802058e-05,computed:matched_baseline,8a356407910a4d0fbf91309723d1cc26
63,traffic,41f9af6ab1b86f6fe5ef4323c149934cbaf2f1c6c4b6bb60ffda29c7857cf618,6e29a8d896df4547952293b7002c06cd,ModernTCN,ModernTCN,ModernTCN,revin_affineTrue_eps1e-5,revin,train,train,revin,baseline,,,ModernTCN,74851880,MSE,0.3790252208709717,0.6294015459368626,0.4675539881568402,0.5173858862787485,0.3790252208709717,uniform_severity_degradation,0.5,"[""drift"",""attenuation"",""noise"",""spike"",""time_stretch"",""time_compress"",""stuck_sensor"",""missing_data""]",8,1.6038457255561744,1.5945763197773284,1.6204239751770944,1.2391566399313116,1.2359961659977323,1.2423798685585894,0.8298071421712637,0.8244325326801091,0.8384637433253974,0.6411221563890577,0.6380713393725596,0.6441431640021876,0.8298071421712637,stuck_sensor,10000,winner_pool,0.46248850221859894,0.46792460559050236,0.6411221563890577,0.8070004774016557,-0.02281060840863336,computed,best_val_loss,0.3790252208709717,0.5749438916027546,0.7275815823048353,1.2654827591551185,1.1113679660095408,0.7275815823048353,0.6389742233801634,0.4631872908029975,0.4643165023024144,a0a6f9b2a8754ae0aaf937850b4287bf,missing_data,Convolution,-0.05755800532400612,-10.011064760346148,0.10222555986642845,14.050047768196386,0.3383629664010559,26.737856675894903,0.12778867392177085,11.498322592525922,0.10222555986642845,14.050047768196386,0.002147933008894265,0.3361533110884714,-0.0006987885843985353,-0.15086523276299124,0.0036081032880879715,0.7770784088431935,-0.05755800532400612,-0.002147933008894265,computed:matched_baseline,a0a6f9b2a8754ae0aaf937850b4287bf
64,traffic,41f9af6ab1b86f6fe5ef4323c149934cbaf2f1c6c4b6bb60ffda29c7857cf618,1026cf427efa4ad6a681379f8bcaf1d8,ModernTCN,ModernTCN,ModernTCN,rt_spaceraw_std0.1_channelscontinuous,randomized_training,train,train,randomized_training,baseline,,,ModernTCN,74851880,MSE,0.4267622232437134,0.5424001666605472,0.46109688641813895,0.6242102585107088,0.4267622232437134,uniform_severity_degradation,0.5,"[""drift"",""attenuation"",""noise"",""spike"",""time_stretch"",""time_compress"",""stuck_sensor"",""missing_data""]",8,1.2196580262273378,1.2145402949652344,1.2246826474117976,1.0790010608280722,1.0777816861881886,1.080231619984919,0.7613230518460273,0.7569347316463292,0.7657696777436137,0.6735235311128198,0.6702484026518837,0.6767756272017583,0.7613230518460273,missing_data,10000,winner_pool,0.48840433393232774,0.4881693442281039,0.6735235311128198,0.9267831481394067,0.0508057104786892,computed,best_val_loss,0.4267622232437134,0.5749438916027546,0.7275815823048353,1.2654827591551185,1.1113679660095408,0.7275815823048353,0.6389742233801634,0.4631872908029975,0.4643165023024144,a0a6f9b2a8754ae0aaf937850b4287bf,missing_data,Convolution,0.04926636690795416,8.568899961805963,0.03374146954119206,4.637482635872354,-0.045824732927780776,-3.621126609292963,-0.032366905181468564,-2.9123482205164355,0.03374146954119206,4.637482635872354,0.03454930773265641,5.406995535733996,0.025217043129330263,5.444243317991979,0.023852841925689483,5.1371945230053155,0.04926636690795416,-0.03454930773265641,computed:matched_baseline,a0a6f9b2a8754ae0aaf937850b4287bf
65,traffic,41f9af6ab1b86f6fe5ef4323c149934cbaf2f1c6c4b6bb60ffda29c7857cf618,6a448cc510df4c5f9dde75af206b06ae,GRU,GRU,GRU,revin_affineFalse_eps1e-5,revin,train,train,revin,baseline,,,GRU,74851880,MSE,0.4057559370994568,0.6982388074596723,0.4938434248243769,0.6381544421136379,0.4057558476924896,uniform_severity_degradation,0.5,"[""drift"",""attenuation"",""noise"",""spike"",""time_stretch"",""time_compress"",""stuck_sensor"",""missing_data""]",8,1.531201708814832,1.5136403173371369,1.5486551317861617,1.1755636959122517,1.172372617651497,1.1786090323880123,0.9771431722521782,0.965872670999989,0.988170736753866,0.7501911945339292,0.7470865276737512,0.7532160372188316,0.9771431722521782,missing_data,10000,winner_pool,0.5414655635066115,0.5452639841563822,0.7501911945339292,0.8506557351824207,-0.012243230787112203,computed,best_val_loss,0.4057558476924896,0.7261284965008498,0.9322147336065769,1.2838151072418158,1.0707892546119862,0.9322147336065769,0.7775305915206671,0.5631296242329982,0.5622702145755886,130478b6c656458bac702a6d267e7918,missing_data,Recurrent,-0.08797405438721184,-12.115493994678792,0.044928438645601254,4.819537497737343,0.24738660157301617,19.269644061480818,0.10477444130026559,9.784786394614308,0.044928438645601254,4.819537497737343,-0.02733939698673782,-3.516182808096127,-0.021664060726386714,-3.8470824112465944,-0.017006230419206347,-3.024565409719053,-0.08797405438721184,0.02733939698673782,computed:matched_baseline,130478b6c656458bac702a6d267e7918
66,traffic,41f9af6ab1b86f6fe5ef4323c149934cbaf2f1c6c4b6bb60ffda29c7857cf618,c482e008db7145da86be3e190630c6ab,TSMixer,TSMixer,TSMixer,revin_affineFalse_eps1e-5,revin,train,train,revin,baseline,,,TSMixer,74851880,MSE,0.38379040360450745,0.6590288245081901,0.48137109613729023,0.53004361320436,0.38379040360450745,uniform_severity_degradation,0.5,"[""drift"",""attenuation"",""noise"",""spike"",""time_stretch"",""time_compress"",""stuck_sensor"",""missing_data""]",8,1.636326301672437,1.619216487293866,1.6538822622939164,1.2473172097274443,1.243803512738067,1.250923542887989,0.8673243053197861,0.8578198804216086,0.877005750669688,0.6611325206559151,0.6576179821974506,0.6648715323750908,0.8673243053197861,stuck_sensor,10000,winner_pool,0.47703191259919925,0.4829389153570529,0.6611325206559151,0.801720678750607,-0.030091354117408042,computed,best_val_loss,0.38379040360450745,0.6308187228739262,0.8136501274675131,1.2898319247098935,1.1133019834513824,0.8136501274675131,0.7022917353738098,0.5088025175177868,0.5100733698592473,892bc9a58a1a4da6b051823d2ca08e2a,missing_data,Fully Connected,-0.10077510966956615,-15.975288306353397,0.05367417785227302,6.596714735279886,0.3464943769625435,26.86352929591786,0.13401522627606188,12.037634735958797,0.05367417785227302,6.596714735279886,-0.04115921471789474,-5.860700424729741,-0.031770604918587575,-6.24419176885793,-0.027134454502194427,-5.319715967466028,-0.10077510966956615,0.04115921471789474,computed:matched_baseline,892bc9a58a1a4da6b051823d2ca08e2a
67,traffic,41f9af6ab1b86f6fe5ef4323c149934cbaf2f1c6c4b6bb60ffda29c7857cf618,35b18fd9052e48c79601794a0c3f0b42,DLinear,DLinear,DLinear,revin_affineTrue_eps1e-5,revin,train,train,revin,baseline,,,DLinear,74851880,MSE,0.5075647234916687,0.685144504164656,0.5716709841911992,0.6769272307246923,0.5075647234916687,uniform_severity_degradation,0.5,"[""drift"",""attenuation"",""noise"",""spike"",""time_stretch"",""time_compress"",""stuck_sensor"",""missing_data""]",8,1.3117161778514839,1.302470773068249,1.3218030169579609,1.123620768006325,1.1215579985755473,1.1255611735361224,0.887936399769783,0.8805985679659992,0.8958289111921935,0.7606094948712736,0.7563476209505321,0.7648041282973764,0.887936399769783,stuck_sensor,10000,winner_pool,0.5510273401677148,0.5529081774389946,0.7606094948712736,0.8899799901120827,0.014964883118401273,computed,best_val_loss,0.5075647234916687,0.6844583657115698,0.8056163526445628,1.177012938993062,1.081284797759741,0.8056163526445628,0.7400944255433977,0.5371186200140929,0.537079154960024,8a356407910a4d0fbf91309723d1cc26,missing_data,Fully Connected,-0.007531134986877519,-1.1003057839826496,0.08232004712522023,10.218269137039199,0.13470323885842195,11.444499409977682,0.042335970246583976,3.915339449356702,0.08232004712522023,10.218269137039199,0.020515069327875946,2.7719529589502336,0.013908720153621879,2.5895062348158664,0.015829022478970556,2.947242009448076,-0.007531134986877519,-0.020515069327875946,computed:matched_baseline,8a356407910a4d0fbf91309723d1cc26
68,BeijingAir_Tiantan,4c5e0908fb1a9097c1bed37a3c29e849947e6fbd5828b63bc6ba2909525a5089,b22e34592bd842199e36a43e45786935,RandomizedSmoothing,RandomizedSmoothing,ModernTCN,rs_backbonebaseline_std0.25_samples30_alpha0.25,randomized_smoothing,wrap,improve,randomized_smoothing,baseline,bffc3cf719dd48b497ad3b9b0a32a8da,,ModernTCN,1806770612,MSE,0.2210831642150879,,,0.3084084052595426,0.21666859090328217,uniform_severity_degradation,0.5,"[""drift"",""attenuation"",""noise"",""spike"",""time_stretch"",""time_compress"",""stuck_sensor"",""missing_data""]",8,1.4925139905467752,1.4404597668495522,1.5421013126642582,1.1794718347497908,1.161836428446075,1.1994923718205388,0.460303859652087,0.43650115385591126,0.48416352154836695,0.36375902760372975,0.3440842810444941,0.3859165409873141,0.460303859652087,noise,10000,winner_pool,0.8984245405784004,0.9005075109197762,0.36375902760372975,0.8478371170364883,-0.007701260480841854,computed,MSE_val,0.2210831642150879,0.30107381857188886,0.45220457396311686,1.5019724269220764,1.185675259459173,0.45220457396311686,0.3569757779515883,0.8814635990317445,0.883896666124881,bffc3cf719dd48b497ad3b9b0a32a8da,noise,Convolution,0.0073345866876537436,2.436142313019632,0.008099285688970115,1.7910667329142753,-0.009458436375301194,-0.6297343550230103,-0.006203424709382288,-0.5231976175510217,0.008099285688970115,1.7910667329142753,0.006783249652141443,1.900198856926747,0.01696094154665584,1.924179463030216,0.016610844794895163,1.8792745160720299,0.0073345866876537436,-0.006783249652141443,computed:lineage,bffc3cf719dd48b497ad3b9b0a32a8da
69,BeijingAir_Tiantan,4c5e0908fb1a9097c1bed37a3c29e849947e6fbd5828b63bc6ba2909525a5089,cbf1633413d840079faaf3c8bcb2a434,RandomizedSmoothing,RandomizedSmoothing,GRU,rs_backbonebaseline_std0.25_samples30_alpha0.25,randomized_smoothing,wrap,improve,randomized_smoothing,baseline,a821a9e98c12454bb58f62ed3ab0772a,,GRU,1806770612,MSE,0.20951959490776062,,,0.2829824990930196,0.20813137292861938,uniform_severity_degradation,0.5,"[""drift"",""attenuation"",""noise"",""spike"",""time_stretch"",""time_compress"",""stuck_sensor"",""missing_data""]",8,1.2513725227309727,1.2264219710469833,1.2957875839004827,1.123591441474896,1.1108552285876325,1.1380596083307593,0.3541165237787471,0.33681386918259404,0.37884441481852127,0.31795671406809434,0.2996335810352699,0.3376167722855774,0.3541165237787471,attenuation,10000,winner_pool,0.7900606046760177,0.789083850752327,0.31795671406809434,0.8900032192193791,0.012919997366283631,computed,MSE_val,0.20951959490776062,0.2811948516822071,0.3518058420284884,1.251110537493348,1.1246824613735664,0.3518058420284884,0.31625491791551963,0.7857555758317323,0.7848445836573233,a821a9e98c12454bb58f62ed3ab0772a,attenuation,Recurrent,0.0017876474108124984,0.635732624590443,0.0023106817502586696,0.6568059634642326,0.0002619852376246623,0.02094021509478776,-0.0010910198986704422,-0.09700692738979744,0.0023106817502586696,0.6568059634642326,0.0017017961525747083,0.5381089925151156,0.004305028844285408,0.5478839701173587,0.004239267095003663,0.540140963354676,0.0017876474108124984,-0.0017017961525747083,computed:lineage,a821a9e98c12454bb58f62ed3ab0772a
70,BeijingAir_Tiantan,4c5e0908fb1a9097c1bed37a3c29e849947e6fbd5828b63bc6ba2909525a5089,a4ae224a5b37421ba166660aa19a795b,RandomizedSmoothing,RandomizedSmoothing,PatchTST,rs_backbonebaseline_std0.25_samples30_alpha0.25,randomized_smoothing,wrap,improve,randomized_smoothing,baseline,bf9287ea69da4512a922e1e6f4087986,,PatchTST,1806770612,MSE,0.23288732767105103,,,0.33809411054342925,0.23080633580684662,uniform_severity_degradation,0.5,"[""drift"",""attenuation"",""noise"",""spike"",""time_stretch"",""time_compress"",""stuck_sensor"",""missing_data""]",8,1.3824695018467599,1.341829506700021,1.423196587985272,1.1651961358691332,1.149436207835383,1.1844074611923638,0.467404796580298,0.4464136715987718,0.49111081200444545,0.3939459511653154,0.37341733973418784,0.4162214563132728,0.467404796580298,noise,10000,winner_pool,0.9752970136828445,0.9768500994921594,0.3939459511653154,0.8582246106180985,-0.008872043788907324,computed,MSE_val,0.23288732767105103,0.33783586047456626,0.4649167884752693,1.3761617485550213,1.1616686297558902,0.4649167884752693,0.3924533211198915,0.9716633042498545,0.9729410040395519,bf9287ea69da4512a922e1e6f4087986,noise,Attention,0.0002582500688629863,0.07644246780084747,0.002488008105028694,0.5351512715185678,0.006307753291738605,0.458358423227632,0.0035275061132429286,0.3036585496833283,0.002488008105028694,0.5351512715185678,0.0014926300454238817,0.38033314157326104,0.0036337094329900177,0.37396795959021234,0.003909095452607536,0.4017813450535408,0.0002582500688629863,-0.0014926300454238817,computed:lineage,bf9287ea69da4512a922e1e6f4087986
71,BeijingAir_Tiantan,4c5e0908fb1a9097c1bed37a3c29e849947e6fbd5828b63bc6ba2909525a5089,55e8def8826e447193b8dc52cb805d2d,RandomizedSmoothing,RandomizedSmoothing,TSMixer,rs_backbonebaseline_std0.25_samples30_alpha0.25,randomized_smoothing,wrap,improve,randomized_smoothing,baseline,f26ecf129f89445c806cd2def2c60008,,TSMixer,1806770612,MSE,0.2167016565799713,,,0.35371508117720657,0.21481704711914062,uniform_severity_degradation,0.5,"[""drift"",""attenuation"",""noise"",""spike"",""time_stretch"",""time_compress"",""stuck_sensor"",""missing_data""]",8,1.1606313184243573,1.1264187571762245,1.2032388041381101,1.070190340147552,1.0599589359168669,1.0814850961329292,0.4105328010132798,0.3874275438151021,0.4386290771602648,0.37854246304035366,0.35813157702327253,0.40253741733855747,0.4105328010132798,attenuation,10000,winner_pool,0.9423702585313811,0.9369999550941561,0.37854246304035366,0.9344132183646187,0.021647594120568714,computed,MSE_val,0.2167016565799713,0.3588569508749817,0.4136588330385654,1.1527123329503948,1.0680960448067403,0.4136588330385654,0.3832936898809747,0.9543260634722408,0.9487235374894833,f26ecf129f89445c806cd2def2c60008,attenuation,Fully Connected,-0.005141869697775137,-1.4328466218190816,-0.0031260320252855522,-0.755702955095392,0.007918985473962525,0.686987138733364,0.002094295340811847,0.19607743620011117,-0.0031260320252855522,-0.755702955095392,-0.0047512268406210145,-1.2395786745397315,-0.011955804940859682,-1.2528008401404673,-0.011723582395327226,-1.235721675710737,-0.005141869697775137,0.0047512268406210145,computed:lineage,f26ecf129f89445c806cd2def2c60008
72,BeijingAir_Tiantan,4c5e0908fb1a9097c1bed37a3c29e849947e6fbd5828b63bc6ba2909525a5089,b5e0ca11d169491caef03e3501299c11,RandomizedSmoothing,RandomizedSmoothing,DLinear,rs_backbonebaseline_std0.25_samples30_alpha0.25,randomized_smoothing,wrap,improve,randomized_smoothing,baseline,e765a57955e6486ca3ea08dd793c8c4b,,DLinear,1806770612,MSE,0.2306351512670517,,,0.33267532830146085,0.22663713991641998,uniform_severity_degradation,0.5,"[""drift"",""attenuation"",""noise"",""spike"",""time_stretch"",""time_compress"",""stuck_sensor"",""missing_data""]",8,1.6271961280371914,1.5616463321686331,1.6906755791887256,1.2056666162362133,1.1826937055496471,1.2309776789205185,0.5413280061056386,0.5159865213287967,0.5676240176809506,0.4010955373784937,0.3805790378862803,0.424224440122203,0.5413280061056386,noise,10000,winner_pool,0.9878554234914116,0.9916844533955591,0.4010955373784937,0.829416678320038,-0.02128917349193382,computed,MSE_val,0.2306351512670517,0.32909293177820803,0.5356411696031719,1.6276289092837974,1.206105177870259,0.5356411696031719,0.39692068901820055,0.9775175525953195,0.9813276019228063,e765a57955e6486ca3ea08dd793c8c4b,noise,Fully Connected,0.0035823965232528177,1.088566838520607,0.005686836502466708,1.0616877165509484,-0.0004327812466060621,-0.026589675578845427,-0.0004385616340456533,-0.03636180675553235,0.005686836502466708,1.0616877165509484,0.0041748483602931374,1.0518092091948632,0.010337870896092172,1.057563710098608,0.010356851472752782,1.0553918439122307,0.0035823965232528177,-0.0041748483602931374,computed:lineage,e765a57955e6486ca3ea08dd793c8c4b
73,BeijingAir_Tiantan,4c5e0908fb1a9097c1bed37a3c29e849947e6fbd5828b63bc6ba2909525a5089,7c2a137a453746cdbe3d1b60a3bb7b4a,Ensemble,Ensemble,ModernTCN,ensemble_top5_mean,ensemble,wrap,improve,ensemble,baseline,,"bffc3cf719dd48b497ad3b9b0a32a8da,8c79c2c5d61249e0bcf7bd2d5f117bf2,2c1f1166701c4a1e871d89d626c7c066,f80e398bc1f241eeb62c3c54a2b88b22,7c50625d8dc34dcba6044c761c69d0f9",ModernTCN,1806770612,MSE,0.21152110397815704,,,0.29643079135019795,0.21666859090328217,uniform_severity_degradation,0.5,"[""drift"",""attenuation"",""noise"",""spike"",""time_stretch"",""time_compress"",""stuck_sensor"",""missing_data""]",8,1.5181333088135582,1.4666897315376277,1.570387768932306,1.190002151145341,1.1724529161737889,1.2104557453095894,0.4500214581066975,0.42657843342372853,0.47309058457246794,0.35275327937245127,0.3338952034674099,0.37439454212993795,0.4500214581066975,noise,10000,winner_pool,0.8708630899727949,0.8735315880505188,0.35275327937245127,0.8403346153933675,-0.008518013289625037,computed,MSE_val,0.21152110397815704,0.30107381857188886,0.45220457396311686,1.5019724269220764,1.185675259459173,0.45220457396311686,0.3569757779515883,0.8814635990317445,0.883896666124881,bffc3cf719dd48b497ad3b9b0a32a8da,noise,Convolution,-0.00464302722169091,-1.5421557555932985,-0.0021831158564193376,-0.4827717325560265,0.016160881891481793,1.0759772684109488,0.004326891686167844,0.36493058716106525,-0.0021831158564193376,-0.4827717325560265,-0.004222498579137035,-1.182852966486055,-0.010600509058949603,-1.2026031557734063,-0.010365078074362266,-1.1726572201934111,-0.00464302722169091,0.004222498579137035,computed:matched_baseline,bffc3cf719dd48b497ad3b9b0a32a8da
74,BeijingAir_Tiantan,4c5e0908fb1a9097c1bed37a3c29e849947e6fbd5828b63bc6ba2909525a5089,c7c0c8ad29454524aedcf5df2111d3d2,Ensemble,Ensemble,GRU,ensemble_top3_mean,ensemble,wrap,improve,ensemble,baseline,,"a821a9e98c12454bb58f62ed3ab0772a,4717cbba34cd4d43a9ea89cd15a0fa84,24f76833b97a499c823ceb3115d02e04",GRU,1806770612,MSE,0.20092959702014923,,,0.28982737128363517,0.20813137292861938,uniform_severity_degradation,0.5,"[""drift"",""attenuation"",""noise"",""spike"",""time_stretch"",""time_compress"",""stuck_sensor"",""missing_data""]",8,1.2594103620052266,1.2271742687846217,1.2945110174587806,1.1352748122491898,1.1218843083055456,1.1494243772862551,0.36501159458734617,0.3453884761701311,0.38704193935192344,0.32903371451870517,0.3110797636848047,0.3489982388063199,0.36501159458734617,noise,10000,winner_pool,0.8174375681558566,0.817213143870835,0.32903371451870517,0.8808439940800012,0.008653625201026527,computed,MSE_val,0.20092959702014923,0.2811948516822071,0.3518058420284884,1.251110537493348,1.1246824613735664,0.3518058420284884,0.31625491791551963,0.7857555758317323,0.7848445836573233,a821a9e98c12454bb58f62ed3ab0772a,attenuation,Recurrent,0.00863251960142808,3.0699422659359845,0.013205752558857753,3.7537047374524217,0.008299824511878606,0.6633965795306664,0.01059235087562338,0.9418081315758244,0.013205752558857753,3.7537047374524217,0.012778796603185538,4.040663363407081,0.031681992324124275,4.032041680466407,0.032368560213511643,4.124199986534444,0.00863251960142808,-0.012778796603185538,computed:matched_baseline,a821a9e98c12454bb58f62ed3ab0772a
75,BeijingAir_Tiantan,4c5e0908fb1a9097c1bed37a3c29e849947e6fbd5828b63bc6ba2909525a5089,f0f2eafeffce491ca7abf254bbfb2ac4,Ensemble,Ensemble,PatchTST,ensemble_top3_mean,ensemble,wrap,improve,ensemble,baseline,,"bf9287ea69da4512a922e1e6f4087986,1e50ae1bf6fe4c85abc469f9188a4804,3ff4282976f24583acdb0f2ed54cfe60",PatchTST,1806770612,MSE,0.22712843120098114,,,0.330867951849589,0.23080633580684662,uniform_severity_degradation,0.5,"[""drift"",""attenuation"",""noise"",""spike"",""time_stretch"",""time_compress"",""stuck_sensor"",""missing_data""]",8,1.3683816365765744,1.329006873553727,1.4077349422768162,1.1646082722448656,1.1481360692111868,1.1856476088370054,0.45275362944267983,0.43141169688606823,0.4769913317445302,0.38533155374474726,0.3652848184995052,0.4086312248283694,0.45275362944267983,noise,10000,winner_pool,0.9540284480356098,0.9555087310896371,0.38533155374474726,0.8586578198284892,-0.007284928953663061,computed,MSE_val,0.22712843120098114,0.33783586047456626,0.4649167884752693,1.3761617485550213,1.1616686297558902,0.4649167884752693,0.3924533211198915,0.9716633042498545,0.9729410040395519,bf9287ea69da4512a922e1e6f4087986,noise,Attention,-0.006967908624977259,-2.0625130248722763,-0.012163159032589466,-2.6162012932420637,-0.0077801119784468575,-0.5653486580786035,0.0029396424889753803,0.2530534451630245,-0.012163159032589466,-2.6162012932420637,-0.00712176737514425,-1.814678839975622,-0.017634856214244654,-1.81491429563239,-0.017432272949914784,-1.791709145522469,-0.006967908624977259,0.00712176737514425,computed:matched_baseline,bf9287ea69da4512a922e1e6f4087986
76,BeijingAir_Tiantan,4c5e0908fb1a9097c1bed37a3c29e849947e6fbd5828b63bc6ba2909525a5089,353ebcf1101b470ca06070a21575ac8e,Ensemble,Ensemble,TSMixer,ensemble_top10_mean,ensemble,wrap,improve,ensemble,baseline,,"f26ecf129f89445c806cd2def2c60008,336096d7d0734f13af8aed161c7de890,4d2a2555ccb743fc82ea89a776e571cf,59d2f9644779474fa3bf6955e45a9ec5,ba620779250246b7bd8b22ff25ad1cf6,f9d0cce759e64d3f9ed0e6c8e3106b76,c042c8d758e3407ca30ea15c9d219758,573d4dde112c4d7f8337b764a190705d,60c9ca77c55d4670b97b3048434ce612,57bddc443784483d91bff04579c27cd4",TSMixer,1806770612,MSE,0.2067912369966507,,,0.3180907873567223,0.21481704711914062,uniform_severity_degradation,0.5,"[""drift"",""attenuation"",""noise"",""spike"",""time_stretch"",""time_compress"",""stuck_sensor"",""missing_data""]",8,1.19239710724387,1.157219471334606,1.236896458985903,1.0851489191070105,1.074167634162371,1.0983266042946764,0.3792905346850806,0.3558905814173571,0.40520157907207577,0.3451758740780452,0.3262573132310961,0.3670004472474591,0.3792905346850806,attenuation,10000,winner_pool,0.8584360422046686,0.8545828242298129,0.3451758740780452,0.9215325034124521,0.02038936780038464,computed,MSE_val,0.2067912369966507,0.3588569508749817,0.4136588330385654,1.1527123329503948,1.0680960448067403,0.4136588330385654,0.3832936898809747,0.9543260634722408,0.9487235374894833,f26ecf129f89445c806cd2def2c60008,attenuation,Fully Connected,-0.0407661635182594,-11.360003873092452,-0.03436829835348476,-8.308368058051503,0.03968477429347517,3.4427300861699845,0.01705287430027025,1.5965674981369087,-0.03436829835348476,-8.308368058051503,-0.0381178158029295,-9.944806504580427,-0.09589002126757218,-10.047930674625382,-0.09414071325967044,-9.922881591910961,-0.0407661635182594,0.0381178158029295,computed:matched_baseline,f26ecf129f89445c806cd2def2c60008
77,BeijingAir_Tiantan,4c5e0908fb1a9097c1bed37a3c29e849947e6fbd5828b63bc6ba2909525a5089,bf2cdbef5c834ef3aa8106834079827a,Ensemble,Ensemble,DLinear,ensemble_top10_mean,ensemble,wrap,improve,ensemble,baseline,,"e765a57955e6486ca3ea08dd793c8c4b,01b72671456f4ae5bb480533bfbfe512,b3a2a4ee28ec43e9a640c76aa4ca9271,7d6039eabeb446218f02a69511bf50d7,19cf78c7e2dc4e9095114bdeb5fd9b01,53850833cfe34b17a3429a2e91f18b63,3026c235ec6348ff832827cd550f2367,4122c88af17b47869ebd30414cf820b8,e4b2725a22f8449591387917571d7e73,34b375817aec4343990df54149f258f9",DLinear,1806770612,MSE,0.22642771899700165,,,0.3271511080876808,0.22663713991641998,uniform_severity_degradation,0.5,"[""drift"",""attenuation"",""noise"",""spike"",""time_stretch"",""time_compress"",""stuck_sensor"",""missing_data""]",8,1.6083681826327587,1.5440171868605332,1.6705821980853233,1.2027267557709596,1.1801331708026659,1.2277466325020028,0.5261794331612764,0.5014417931223039,0.5520226276132613,0.3934733908771708,0.3730469788258696,0.4164996242943744,0.5261794331612764,noise,10000,winner_pool,0.9693852303240734,0.9729756196858177,0.3934733908771708,0.8314440459578787,-0.019050112738533742,computed,MSE_val,0.22642771899700165,0.32909293177820803,0.5356411696031719,1.6276289092837974,1.206105177870259,0.5356411696031719,0.39692068901820055,0.9775175525953195,0.9813276019228063,e765a57955e6486ca3ea08dd793c8c4b,noise,Fully Connected,-0.0019418236905272557,-0.5900532958987847,-0.009461736441895519,-1.7664318911306272,-0.01926072665103873,-1.1833610561460224,-0.003378422099299394,-0.28011007342369704,-0.009461736441895519,-1.7664318911306272,-0.003447298141029731,-0.8685105706020926,-0.00813232227124605,-0.8319361887318185,-0.008351982236988631,-0.8510901171661549,-0.0019418236905272557,0.003447298141029731,computed:matched_baseline,e765a57955e6486ca3ea08dd793c8c4b
78,BeijingAir_Tiantan,4c5e0908fb1a9097c1bed37a3c29e849947e6fbd5828b63bc6ba2909525a5089,85060b2607b94afba7ae400723ffc861,ModernTCN,ModernTCN,ModernTCN,fa_profholdout_varying_mix0.75_sev0.75_frac0.1,fault_augmentation,train,train,fault_augmentation,baseline,,,ModernTCN,1806770612,MSE,0.2166977822780609,0.37008357365671934,0.2459483402907366,0.30643752418840886,0.2166977822780609,uniform_severity_degradation,0.5,"[""drift"",""attenuation"",""noise"",""spike"",""time_stretch"",""time_compress"",""stuck_sensor"",""missing_data""]",8,1.482658114038014,1.4331169824532968,1.5291145194595557,1.17313982230011,1.1562022155744909,1.1924833197646125,0.4543420816836646,0.4309765723297461,0.4777971796357272,0.35949406267247563,0.3398575297574328,0.38157613142369906,0.4543420816836646,noise,10000,winner_pool,0.8880228346004926,0.8896668281491429,0.35949406267247563,0.8524133108356646,-0.005376928939218373,computed,best_val_loss,0.2166977822780609,0.30107381857188886,0.45220457396311686,1.5019724269220764,1.185675259459173,0.45220457396311686,0.3569757779515883,0.8814635990317445,0.883896666124881,bffc3cf719dd48b497ad3b9b0a32a8da,noise,Convolution,0.005363705616519998,1.7815250897478088,0.0021375077205477155,0.4726860017833559,-0.01931431288406249,-1.2859299237365116,-0.012535437159063134,-1.0572403412365183,0.0021375077205477155,0.4726860017833559,0.0025182847208873316,0.70544974657324,0.006559235568748045,0.7441300555069007,0.005770162024261838,0.6528095698741557,0.005363705616519998,-0.0025182847208873316,computed:matched_baseline,bffc3cf719dd48b497ad3b9b0a32a8da
79,BeijingAir_Tiantan,4c5e0908fb1a9097c1bed37a3c29e849947e6fbd5828b63bc6ba2909525a5089,83ca5bcbbe234ecba2323b66ed99090e,GRU,GRU,GRU,fa_profholdout_varying_mix0.75_sev0.75_frac0.1,fault_augmentation,train,train,fault_augmentation,baseline,,,GRU,1806770612,MSE,0.20871244370937347,0.260138238902781,0.2222080429142631,0.2989660075846943,0.20871244370937347,uniform_severity_degradation,0.5,"[""drift"",""attenuation"",""noise"",""spike"",""time_stretch"",""time_compress"",""stuck_sensor"",""missing_data""]",8,1.2597794028954556,1.2276043988194074,1.2917401757231404,1.12282994297788,1.1104641383706049,1.1368827159811825,0.3766312185210845,0.3561932763020123,0.39929397050087817,0.33568798524864685,0.31666973603347554,0.35765033450324496,0.3766312185210845,noise,10000,winner_pool,0.8338495939402593,0.8327170104143184,0.33568798524864685,0.8906068156214997,0.011055454189493386,computed,best_val_loss,0.20871244370937347,0.2811948516822071,0.3518058420284884,1.251110537493348,1.1246824613735664,0.3518058420284884,0.31625491791551963,0.7857555758317323,0.7848445836573233,a821a9e98c12454bb58f62ed3ab0772a,attenuation,Recurrent,0.017771155902487235,6.31987242873541,0.024825376492596085,7.056556067817027,0.00866886540210765,0.6928936446715638,-0.0018525183956863422,-0.16471479366930603,0.024825376492596085,7.056556067817027,0.01943306733312722,6.144747870234962,0.04809401810852698,6.120735199062234,0.0478724267569951,6.0996059288468025,0.017771155902487235,-0.01943306733312722,computed:matched_baseline,a821a9e98c12454bb58f62ed3ab0772a
80,BeijingAir_Tiantan,4c5e0908fb1a9097c1bed37a3c29e849947e6fbd5828b63bc6ba2909525a5089,268d64b80ac342678bb036cd9076282b,PatchTST,PatchTST,PatchTST,fa_profholdout_simple_mix0.75_sev0.75_frac0.25,fault_augmentation,train,train,fault_augmentation,baseline,,,PatchTST,1806770612,MSE,0.23188848793506622,0.3408725795944629,0.2568399496494749,0.3333991160040081,0.23188850283622742,uniform_severity_degradation,0.5,"[""drift"",""attenuation"",""noise"",""spike"",""time_stretch"",""time_compress"",""stuck_sensor"",""missing_data""]",8,1.3126610959948664,1.2799853729752528,1.3480046855752597,1.150530523516636,1.1366374552363454,1.1681000081424107,0.4376400490175409,0.4162486474418569,0.46081119393816,0.38358585947607515,0.3633723734295452,0.4060361647260509,0.4376400490175409,noise,10000,winner_pool,0.9510169561213444,0.951619451622288,0.38358585947607515,0.8691642503698778,-0.003075180718509485,computed,best_val_loss,0.23188850283622742,0.33783586047456626,0.4649167884752693,1.3761617485550213,1.1616686297558902,0.4649167884752693,0.3924533211198915,0.9716633042498545,0.9729410040395519,bf9287ea69da4512a922e1e6f4087986,noise,Attention,-0.0044367444705581405,-1.3132840499305602,-0.027276739457728405,-5.867015374339265,-0.06350065256015491,-4.614330592085633,-0.011138106239254153,-0.9588023601527987,-0.027276739457728405,-5.867015374339265,-0.008867461643816354,-2.259494611617113,-0.020646348128510073,-2.124845925353691,-0.021321552417263856,-2.1914537807265746,-0.0044367444705581405,0.008867461643816354,computed:matched_baseline,bf9287ea69da4512a922e1e6f4087986
81,BeijingAir_Tiantan,4c5e0908fb1a9097c1bed37a3c29e849947e6fbd5828b63bc6ba2909525a5089,d8035d46cf5f4e1fb82fa36952007ecf,TSMixer,TSMixer,TSMixer,fa_profholdout_varying_mix0.75_sev1.0_frac0.1,fault_augmentation,train,train,fault_augmentation,baseline,,,TSMixer,1806770612,MSE,0.21050289273262024,0.25210975024895743,0.2226743935667837,0.3589983305360336,0.21050289273262024,uniform_severity_degradation,0.5,"[""drift"",""attenuation"",""noise"",""spike"",""time_stretch"",""time_compress"",""stuck_sensor"",""missing_data""]",8,1.1034564734954795,1.086661835271518,1.138720135574105,1.0545259482961384,1.0448323337889185,1.0655137226624252,0.39613903180405613,0.37638692969587023,0.4216043312610601,0.3785730549452414,0.35814936212349857,0.4020740504636093,0.39613903180405613,attenuation,10000,winner_pool,0.9431448734106872,0.9364755108426583,0.3785730549452414,0.9482934029416351,0.02670704535850016,computed,best_val_loss,0.21050289273262024,0.3588569508749817,0.4136588330385654,1.1527123329503948,1.0680960448067403,0.4136588330385654,0.3832936898809747,0.9543260634722408,0.9487235374894833,f26ecf129f89445c806cd2def2c60008,attenuation,Fully Connected,0.00014137966105187694,0.03939721961833496,-0.017519801234509247,-4.235326272574936,-0.049255859454915285,-4.273040033227001,-0.013570096510601815,-1.270494032496597,-0.017519801234509247,-4.235326272574936,-0.00472063493573327,-1.2315973522024801,-0.011181190061553603,-1.1716320542343481,-0.012248026646825005,-1.2910006090115347,0.00014137966105187694,0.00472063493573327,computed:matched_baseline,f26ecf129f89445c806cd2def2c60008
82,BeijingAir_Tiantan,4c5e0908fb1a9097c1bed37a3c29e849947e6fbd5828b63bc6ba2909525a5089,62c610bd88bc4766a4880fb809d3f45d,DLinear,DLinear,DLinear,fa_profholdout_simple_mix1.0_sev1.0_frac0.25,fault_augmentation,train,train,fault_augmentation,baseline,,,DLinear,1806770612,MSE,0.22589904069900513,0.4319521836657174,0.2631179893232317,0.33404434880896294,0.22589904069900513,uniform_severity_degradation,0.5,"[""drift"",""attenuation"",""noise"",""spike"",""time_stretch"",""time_compress"",""stuck_sensor"",""missing_data""]",8,1.5572979092255952,1.497109828632039,1.613579081016121,1.1880862704962944,1.1670482705934935,1.2113219743023447,0.5202065659888234,0.4953408875828344,0.5455303420062432,0.39687350455680404,0.3763755324080015,0.42048064513481104,0.5202065659888234,noise,10000,winner_pool,0.9786928767597234,0.9813813857069179,0.39687350455680404,0.8416897197055179,-0.015735142536410562,computed,best_val_loss,0.22589904069900513,0.32909293177820803,0.5356411696031719,1.6276289092837974,1.206105177870259,0.5356411696031719,0.39692068901820055,0.9775175525953195,0.9813276019228063,e765a57955e6486ca3ea08dd793c8c4b,noise,Fully Connected,0.004951417030754912,1.504564988375963,-0.015434603614348452,-2.8815192875826052,-0.07033100005820225,-4.321070955243101,-0.0180189073739645,-1.4939747962762495,-0.015434603614348452,-2.8815192875826052,-4.718446139651e-05,-0.011887629620220273,0.0011753241644039125,0.1202356071544101,5.378378411158291e-05,0.0054807165319919,0.004951417030754912,4.718446139651e-05,computed:matched_baseline,e765a57955e6486ca3ea08dd793c8c4b
83,BeijingAir_Tiantan,4c5e0908fb1a9097c1bed37a3c29e849947e6fbd5828b63bc6ba2909525a5089,706dc10764014afcaa70e5009a882797,PatchTST,PatchTST,PatchTST,arl_alo0.001_ainit1.0_slo0.01_sinit0.1,adaptive_robust_loss,train,train,adaptive_robust_loss,baseline,,,PatchTST,1806770612,MSE,0.23057326674461365,0.3626437414564328,0.25797853149879424,0.3286819581883872,0.23287469148635864,uniform_severity_degradation,0.5,"[""drift"",""attenuation"",""noise"",""spike"",""time_stretch"",""time_compress"",""stuck_sensor"",""missing_data""]",8,1.3663162450319133,1.3254505825024026,1.4055472556949746,1.1607066716060301,1.1455604080626223,1.17936761299997,0.4490834989216935,0.4266019235650524,0.474148229174843,0.3815033417057953,0.36095640241292165,0.4048264292071449,0.4490834989216935,noise,10000,winner_pool,0.9453890393297926,0.9466970099578709,0.3815033417057953,0.8615441131361242,-0.005586990316113261,computed,best_val_loss,0.23287469148635864,0.33783586047456626,0.4649167884752693,1.3761617485550213,1.1616686297558902,0.4649167884752693,0.3924533211198915,0.9716633042498545,0.9729410040395519,bf9287ea69da4512a922e1e6f4087986,noise,Attention,-0.009153902286179072,-2.709570935814914,-0.01583328955357577,-3.4056179398258064,-0.009845503523107979,-0.715432145490588,-0.0009619581498601093,-0.08280830911843186,-0.01583328955357577,-3.4056179398258064,-0.0109499794140962,-2.7901354950570196,-0.026274264920061907,-2.7040503438941967,-0.026243994081680988,-2.6973880196968367,-0.009153902286179072,0.0109499794140962,computed:matched_baseline,bf9287ea69da4512a922e1e6f4087986
84,BeijingAir_Tiantan,4c5e0908fb1a9097c1bed37a3c29e849947e6fbd5828b63bc6ba2909525a5089,d8193aea68954391adcc600410d1860c,ModernTCN,ModernTCN,ModernTCN,arl_alo0.001_ainit1.0_slo0.01_sinit0.1,adaptive_robust_loss,train,train,adaptive_robust_loss,baseline,,,ModernTCN,1806770612,MSE,0.20926505327224731,0.31746773017097923,0.23208441818372438,0.29545036760118676,0.18284930288791656,uniform_severity_degradation,0.5,"[""drift"",""attenuation"",""noise"",""spike"",""time_stretch"",""time_compress"",""stuck_sensor"",""missing_data""]",8,1.402467770964769,1.360424392677224,1.4446021675278247,1.1664277598742343,1.1504220573753223,1.1856642427939816,0.414359618480358,0.39089029834112937,0.4379552999997128,0.3446215104350713,0.32445412192072776,0.3669781797082125,0.414359618480358,noise,10000,winner_pool,0.8529700751444544,0.8543816227371679,0.3446215104350713,0.8573184164511152,-0.0013570573854183587,computed,best_val_loss,0.18284930288791656,0.30107381857188886,0.45220457396311686,1.5019724269220764,1.185675259459173,0.45220457396311686,0.3569757779515883,0.8814635990317445,0.883896666124881,bffc3cf719dd48b497ad3b9b0a32a8da,noise,Convolution,-0.005623450970702104,-1.8677980693825642,-0.037844955482758846,-8.368989979708962,-0.0995046559573074,-6.624932267313173,-0.019247499584938765,-1.623336527551246,-0.037844955482758846,-8.368989979708962,-0.012354267516517026,-3.4608139486126324,-0.028493523887290095,-3.232524169868068,-0.029515043387713158,-3.3391961434938975,-0.005623450970702104,0.012354267516517026,computed:matched_baseline,bffc3cf719dd48b497ad3b9b0a32a8da
85,BeijingAir_Tiantan,4c5e0908fb1a9097c1bed37a3c29e849947e6fbd5828b63bc6ba2909525a5089,3e96e701a1b843b58e28e227e798802a,GRU,GRU,GRU,arl_alo0.001_ainit1.0_slo1e-05_sinit0.1,adaptive_robust_loss,train,train,adaptive_robust_loss,baseline,,,GRU,1806770612,MSE,0.21949845552444458,0.28616578498654416,0.2356928382391998,0.3426464848663061,0.20614182949066162,uniform_severity_degradation,0.5,"[""drift"",""attenuation"",""noise"",""spike"",""time_stretch"",""time_compress"",""stuck_sensor"",""missing_data""]",8,1.271484000839847,1.2367544652039895,1.3081181809495535,1.1423367031722798,1.1265608578641775,1.1603572728496068,0.43566952345152093,0.41124141745590953,0.4620202407508708,0.3914176558757465,0.36963953665967847,0.41580225334390364,0.43566952345152093,noise,10000,winner_pool,0.9723811777718605,0.9726781489439522,0.3914176558757465,0.8753986431697334,-0.0019280565016872586,computed,best_val_loss,0.20614182949066162,0.2811948516822071,0.3518058420284884,1.251110537493348,1.1246824613735664,0.3518058420284884,0.31625491791551963,0.7857555758317323,0.7848445836573233,a821a9e98c12454bb58f62ed3ab0772a,attenuation,Recurrent,0.06145163318409902,21.85375472433923,0.08386368142303252,23.838058214008125,0.02037346334649892,1.6284303213781575,0.017654241798713333,1.5697089983204982,0.08386368142303252,23.838058214008125,0.07516273796022688,23.766504077038544,0.18662560194012823,23.751101192324683,0.18783356528662887,23.932580946324045,0.06145163318409902,-0.07516273796022688,computed:matched_baseline,a821a9e98c12454bb58f62ed3ab0772a
86,BeijingAir_Tiantan,4c5e0908fb1a9097c1bed37a3c29e849947e6fbd5828b63bc6ba2909525a5089,f90e701acfe84dbb8310b2b954d76b17,TSMixer,TSMixer,TSMixer,arl_alo0.001_ainit1.0_slo0.001_sinit0.1,adaptive_robust_loss,train,train,adaptive_robust_loss,baseline,,,TSMixer,1806770612,MSE,0.2078961879014969,0.2708301559487639,0.22356283310198796,0.31947356792693027,0.15841694176197052,uniform_severity_degradation,0.5,"[""drift"",""attenuation"",""noise"",""spike"",""time_stretch"",""time_compress"",""stuck_sensor"",""missing_data""]",8,1.2055417246359457,1.180195877626152,1.2485929225296497,1.1020365304590567,1.0893607314201492,1.1154143229459226,0.38513871605423045,0.36501862567433363,0.41128449929076155,0.35207154237157,0.3326561794315907,0.3747693563459122,0.38513871605423045,attenuation,10000,winner_pool,0.8748780828961452,0.8721783960501794,0.35207154237157,0.9074109363538493,0.014847989547291551,computed,best_val_loss,0.15841694176197052,0.3588569508749817,0.4136588330385654,1.1527123329503948,1.0680960448067403,0.4136588330385654,0.3832936898809747,0.9543260634722408,0.9487235374894833,f26ecf129f89445c806cd2def2c60008,attenuation,Fully Connected,-0.03938338294805144,-10.974674686396638,-0.02852011698433493,-6.894598811014874,0.0528293916855509,4.583050790333162,0.03394048565231644,3.1776623289020405,-0.02852011698433493,-6.894598811014874,-0.031222147509404663,-8.145750460723779,-0.07944798057609559,-8.325035186299987,-0.07654514143930391,-8.068224136386245,-0.03938338294805144,0.031222147509404663,computed:matched_baseline,f26ecf129f89445c806cd2def2c60008
87,BeijingAir_Tiantan,4c5e0908fb1a9097c1bed37a3c29e849947e6fbd5828b63bc6ba2909525a5089,06a4a44316734fe4b0a2320a5e9c8ac0,DLinear,DLinear,DLinear,arl_alo0.001_ainit1.9_slo0.001_sinit0.1,adaptive_robust_loss,train,train,adaptive_robust_loss,baseline,,,DLinear,1806770612,MSE,0.23324234783649445,0.43168783095518787,0.26947511048273615,0.3285013165105105,0.154860720038414,uniform_severity_degradation,0.5,"[""drift"",""attenuation"",""noise"",""spike"",""time_stretch"",""time_compress"",""stuck_sensor"",""missing_data""]",8,1.5434555280276436,1.4850661367608537,1.6033900262043472,1.1905599415076376,1.1678127554210005,1.2171644206074552,0.5070271729325061,0.48217973638829914,0.5341529960651431,0.39110050816993536,0.3704458364762023,0.4155818089844659,0.5070271729325061,noise,10000,winner_pool,0.9646361810117122,0.9674895923436806,0.39110050816993536,0.8399409094292837,-0.015360287283438745,computed,best_val_loss,0.154860720038414,0.32909293177820803,0.5356411696031719,1.6276289092837974,1.206105177870259,0.5356411696031719,0.39692068901820055,0.9775175525953195,0.9813276019228063,e765a57955e6486ca3ea08dd793c8c4b,noise,Fully Connected,-0.0005916152676975206,-0.17977149022946481,-0.028613996670665776,-5.342008474043242,-0.08417338125615381,-5.171533927422834,-0.015545236362621395,-1.2888790005919035,-0.028613996670665776,-5.342008474043242,-0.0058201808482651884,-1.4663334538347301,-0.012881371583607248,-1.3177637117008354,-0.013838009579125732,-1.410131494519428,-0.0005916152676975206,0.0058201808482651884,computed:matched_baseline,e765a57955e6486ca3ea08dd793c8c4b
88,BeijingAir_Tiantan,4c5e0908fb1a9097c1bed37a3c29e849947e6fbd5828b63bc6ba2909525a5089,85f668cf69794d92a27b4f17017ff337,PatchTST,PatchTST,PatchTST,advtrain_eps0.1_steps3_alpha0.02_channelsall,adversarial_training,train,train,adversarial_training,baseline,,,PatchTST,1806770612,MSE,0.23517166078090668,0.31778451964266907,0.25569591757858146,0.34152645363807244,0.23517166078090668,uniform_severity_degradation,0.5,"[""drift"",""attenuation"",""noise"",""spike"",""time_stretch"",""time_compress"",""stuck_sensor"",""missing_data""]",8,1.259165810660164,1.224532034267111,1.3048398840491722,1.1320676504363973,1.1196492355051277,1.1478937101152795,0.4300384338570744,0.40719982488321405,0.4580663350794772,0.3866310499319279,0.3665305221779725,0.40907844487383227,0.4300384338570744,attenuation,10000,winner_pool,0.9603202410765626,0.9597504662172458,0.3866310499319279,0.8833394361322072,0.0017729535215741388,computed,best_val_loss,0.23517166078090668,0.33783586047456626,0.4649167884752693,1.3761617485550213,1.1616686297558902,0.4649167884752693,0.3924533211198915,0.9716633042498545,0.9729410040395519,bf9287ea69da4512a922e1e6f4087986,noise,Attention,0.003690593163506173,1.0924219703384674,-0.034878354618194884,-7.502063913970747,-0.1169959378948573,-8.501612402590304,-0.029600979319492904,-2.548143124577029,-0.034878354618194884,-7.502063913970747,-0.005822271187963635,-1.4835576295671034,-0.011343063173291923,-1.1673861844611924,-0.013190537822306059,-1.355738710522045,0.003690593163506173,0.005822271187963635,computed:matched_baseline,bf9287ea69da4512a922e1e6f4087986
89,BeijingAir_Tiantan,4c5e0908fb1a9097c1bed37a3c29e849947e6fbd5828b63bc6ba2909525a5089,f0420cde0ea04422bac35a2576b86fc4,PatchTST,PatchTST,PatchTST,rt_spaceraw_std0.1_channelscontinuous,randomized_training,train,train,randomized_training,baseline,,,PatchTST,1806770612,MSE,0.24218128621578217,0.32981770456883047,0.2635585850018603,0.33942584147763555,0.24218128621578217,uniform_severity_degradation,0.5,"[""drift"",""attenuation"",""noise"",""spike"",""time_stretch"",""time_compress"",""stuck_sensor"",""missing_data""]",8,1.247820738003427,1.227428928814654,1.292789180757508,1.1324748793641426,1.1202138086843354,1.147809107147898,0.4235426040100574,0.4056814691713588,0.4511914612613269,0.3843912388804579,0.36431919591299894,0.4076955598690549,0.4235426040100574,noise,10000,winner_pool,0.9546625638126527,0.9541140583370513,0.3843912388804579,0.8830217943213681,0.001975317523409237,computed,best_val_loss,0.24218128621578217,0.33783586047456626,0.4649167884752693,1.3761617485550213,1.1616686297558902,0.4649167884752693,0.3924533211198915,0.9716633042498545,0.9729410040395519,bf9287ea69da4512a922e1e6f4087986,noise,Attention,0.0015899810030692851,0.47063713154541975,-0.041374184465211905,-8.899266597986653,-0.1283410105515943,-9.326012053913953,-0.029193750391747653,-2.513087608975233,-0.041374184465211905,-8.899266597986653,-0.00806208223943361,-2.0542780008659185,-0.01700074043720179,-1.749653440944416,-0.01882694570250054,-1.9350552216766466,0.0015899810030692851,0.00806208223943361,computed:matched_baseline,bf9287ea69da4512a922e1e6f4087986
90,BeijingAir_Tiantan,4c5e0908fb1a9097c1bed37a3c29e849947e6fbd5828b63bc6ba2909525a5089,0954926880684284a2d1e51f42ef8fc2,GRU,GRU,GRU,advtrain_eps0.05_steps7_alpha0.02_channelsall,adversarial_training,train,train,adversarial_training,baseline,,,GRU,1806770612,MSE,0.21352577209472656,0.26499866737013994,0.22756091715340396,0.2935204664538556,0.21352575719356537,uniform_severity_degradation,0.5,"[""drift"",""attenuation"",""noise"",""spike"",""time_stretch"",""time_compress"",""stuck_sensor"",""missing_data""]",8,1.2328350572872404,1.2071066301598792,1.2779577749251945,1.118655926022261,1.1067538140264337,1.1327019468179214,0.3618623210756166,0.3428357380849073,0.38677521481760674,0.3283484092074239,0.3096773976741738,0.3490501921519859,0.3618623210756166,attenuation,10000,winner_pool,0.8158209838436805,0.8144504793373168,0.3283484092074239,0.8939299178039665,0.01300367024136534,computed,best_val_loss,0.21352575719356537,0.2811948516822071,0.3518058420284884,1.251110537493348,1.1246824613735664,0.3518058420284884,0.31625491791551963,0.7857555758317323,0.7848445836573233,a821a9e98c12454bb58f62ed3ab0772a,attenuation,Recurrent,0.012325614771648508,4.38330029796503,0.010056479047128197,2.8585309979911724,-0.018275480206107586,-1.4607406506800966,-0.006026535351305373,-0.5358432765053711,0.010056479047128197,2.8585309979911724,0.01209349129190429,3.8239694015239927,0.030065408011948236,3.8263053978488943,0.0296058956799935,3.7721985086565804,0.012325614771648508,-0.01209349129190429,computed:matched_baseline,a821a9e98c12454bb58f62ed3ab0772a
91,BeijingAir_Tiantan,4c5e0908fb1a9097c1bed37a3c29e849947e6fbd5828b63bc6ba2909525a5089,c08994e7448e4ec49627ff352f7a4d8f,ModernTCN,ModernTCN,ModernTCN,advtrain_eps0.05_steps3_alpha0.02_channelsall,adversarial_training,train,train,adversarial_training,baseline,,,ModernTCN,1806770612,MSE,0.2221086323261261,0.298163583485332,0.23993178233433476,0.3198799763918796,0.2221086621284485,uniform_severity_degradation,0.5,"[""drift"",""attenuation"",""noise"",""spike"",""time_stretch"",""time_compress"",""stuck_sensor"",""missing_data""]",8,1.2953548594589543,1.2568281018136231,1.3410700203249115,1.1218765000270152,1.1101363809464053,1.1369843662525347,0.41435808186283685,0.3887351240821606,0.44322864802979767,0.35886582834324615,0.3387471171585572,0.3810496908179957,0.41435808186283685,attenuation,10000,winner_pool,0.8912443426771812,0.889941798887314,0.35886582834324615,0.8913637106900087,0.008451573918589916,computed,best_val_loss,0.2221086621284485,0.30107381857188886,0.45220457396311686,1.5019724269220764,1.185675259459173,0.45220457396311686,0.3569757779515883,0.8814635990317445,0.883896666124881,bffc3cf719dd48b497ad3b9b0a32a8da,noise,Convolution,0.018806157819990732,6.24636107822185,-0.037846492100280016,-8.369329785542348,-0.2066175674631221,-13.756415481376983,-0.06379875943215785,-5.380795367296323,-0.037846492100280016,-8.369329785542348,0.0018900503916578493,0.5294618034039751,0.009780743645436685,1.109602671758706,0.006045132762432903,0.6839184934292781,0.018806157819990732,-0.0018900503916578493,computed:matched_baseline,bffc3cf719dd48b497ad3b9b0a32a8da
92,BeijingAir_Tiantan,4c5e0908fb1a9097c1bed37a3c29e849947e6fbd5828b63bc6ba2909525a5089,ff851d62b9a74fb5b20f05187e60de8e,TSMixer,TSMixer,TSMixer,advtrain_eps0.1_steps3_alpha0.02_channelsall,adversarial_training,train,train,adversarial_training,baseline,,,TSMixer,1806770612,MSE,0.2066575139760971,0.263329314657875,0.22098957402109953,0.3458465660181333,0.2066574990749359,uniform_severity_degradation,0.5,"[""drift"",""attenuation"",""noise"",""spike"",""time_stretch"",""time_compress"",""stuck_sensor"",""missing_data""]",8,1.1479505457680765,1.1298701909279776,1.1684986339821157,1.071887734833942,1.0610885583147565,1.0840813192129963,0.39701475421253124,0.3751777307036545,0.4226262002275217,0.3707086922492743,0.35018095741747335,0.3952278050267838,0.39701475421253124,noise,10000,winner_pool,0.9219461839581558,0.9166631372517028,0.3707086922492743,0.9329335223291095,0.021879724775420828,computed,best_val_loss,0.2066574990749359,0.3588569508749817,0.4136588330385654,1.1527123329503948,1.0680960448067403,0.4136588330385654,0.3832936898809747,0.9543260634722408,0.9487235374894833,f26ecf129f89445c806cd2def2c60008,attenuation,Fully Connected,-0.013010384856848412,-3.6255072738944825,-0.016644078826034137,-4.023624662810575,-0.004761787182318233,-0.4130941472735288,0.0037916900272016996,0.35499523152786905,-0.016644078826034137,-4.023624662810575,-0.0125849976317004,-3.2833824203076385,-0.03237987951408505,-3.3929576853715377,-0.03206040023778056,-3.379319577399644,-0.013010384856848412,0.0125849976317004,computed:matched_baseline,f26ecf129f89445c806cd2def2c60008
93,BeijingAir_Tiantan,4c5e0908fb1a9097c1bed37a3c29e849947e6fbd5828b63bc6ba2909525a5089,a25afb6afae14c079aa7a573a25da968,DLinear,DLinear,DLinear,advtrain_eps0.05_steps3_alpha0.02_channelsall,adversarial_training,train,train,adversarial_training,baseline,,,DLinear,1806770612,MSE,0.2275799959897995,0.33206892635812985,0.24959036910450716,0.3285098091940861,0.2275799959897995,uniform_severity_degradation,0.5,"[""drift"",""attenuation"",""noise"",""spike"",""time_stretch"",""time_compress"",""stuck_sensor"",""missing_data""]",8,1.2927019277510408,1.2646370295160376,1.3310065526404227,1.1336443694718108,1.119080588231813,1.151482988865425,0.4246652636303217,0.4033659108187258,0.44996976764846536,0.37241329550913466,0.3521361481046998,0.39529977175073605,0.4246652636303217,noise,10000,winner_pool,0.9234154274247295,0.9227377647762953,0.37241329550913466,0.8821108514532837,0.0033352062926955695,computed,best_val_loss,0.2275799959897995,0.32909293177820803,0.5356411696031719,1.6276289092837974,1.206105177870259,0.5356411696031719,0.39692068901820055,0.9775175525953195,0.9813276019228063,e765a57955e6486ca3ea08dd793c8c4b,noise,Fully Connected,-0.000583122584121909,-0.17719085638548568,-0.11097590597285018,-20.71833015656103,-0.3349269815327567,-20.577600927482543,-0.07246080839844815,-6.007834949054732,-0.11097590597285018,-20.71833015656103,-0.02450739350906589,-6.174380471243744,-0.05410212517058999,-5.534644879465159,-0.058589837146511003,-5.970466644544644,-0.000583122584121909,0.02450739350906589,computed:matched_baseline,e765a57955e6486ca3ea08dd793c8c4b
94,BeijingAir_Tiantan,4c5e0908fb1a9097c1bed37a3c29e849947e6fbd5828b63bc6ba2909525a5089,24f9ae74884a4895bed21cc4218b061e,ModernTCN,ModernTCN,ModernTCN,rt_spaceraw_std0.1_channelscontinuous,randomized_training,train,train,randomized_training,baseline,,,ModernTCN,1806770612,MSE,0.22523799538612366,0.2807726857328574,0.24052191353467609,0.3054375394303468,0.22523801028728485,uniform_severity_degradation,0.5,"[""drift"",""attenuation"",""noise"",""spike"",""time_stretch"",""time_compress"",""stuck_sensor"",""missing_data""]",8,1.2791434789812899,1.2393308284138966,1.3238938719157975,1.116661495055625,1.1055646866743065,1.1304030787650807,0.3906984367984187,0.3660666341355981,0.4187003370010195,0.34107033942640247,0.32122697343488343,0.36279346683711206,0.3906984367984187,attenuation,10000,winner_pool,0.8482743666898667,0.8468515935295258,0.34107033942640247,0.8955265355058977,0.012061453008062661,computed,best_val_loss,0.22523801028728485,0.30107381857188886,0.45220457396311686,1.5019724269220764,1.185675259459173,0.45220457396311686,0.3569757779515883,0.8814635990317445,0.883896666124881,bffc3cf719dd48b497ad3b9b0a32a8da,noise,Convolution,0.004363720858457931,1.4493856952280906,-0.06150613716469816,-13.601396515222948,-0.22282894794078656,-14.835754901134887,-0.069013764403548,-5.820629540252661,-0.06150613716469816,-13.601396515222948,-0.015905438525185833,-4.45560721695321,-0.03318923234187787,-3.7652413983214994,-0.03704507259535528,-4.191108985371077,0.004363720858457931,0.015905438525185833,computed:matched_baseline,bffc3cf719dd48b497ad3b9b0a32a8da
95,BeijingAir_Tiantan,4c5e0908fb1a9097c1bed37a3c29e849947e6fbd5828b63bc6ba2909525a5089,f00ca3f812ad4a07a3dd523122a81df0,GRU,GRU,GRU,rt_spaceraw_std0.1_channelscontinuous,randomized_training,train,train,randomized_training,baseline,,,GRU,1806770612,MSE,0.22061601281166077,0.2466722921478892,0.2300546742435763,0.2964313160749269,0.22061599791049957,uniform_severity_degradation,0.5,"[""drift"",""attenuation"",""noise"",""spike"",""time_stretch"",""time_compress"",""stuck_sensor"",""missing_data""]",8,1.2337253544618325,1.1951977362441188,1.2761022791411587,1.0956988614898928,1.0855263959555803,1.107846107017813,0.3657148304981267,0.3442238236153259,0.39124953225669146,0.32479945553324796,0.3061724471923251,0.34600559545103027,0.3657148304981267,attenuation,10000,winner_pool,0.8087411347520652,0.8060482420624416,0.32479945553324796,0.9126595227453601,0.01943633000367978,computed,best_val_loss,0.22061599791049957,0.2811948516822071,0.3518058420284884,1.251110537493348,1.1246824613735664,0.3518058420284884,0.31625491791551963,0.7857555758317323,0.7848445836573233,a821a9e98c12454bb58f62ed3ab0772a,attenuation,Recurrent,0.015236464392719806,5.418472031607224,0.013908988469638284,3.953597924764412,-0.017385183031515483,-1.3895800978822719,-0.028983599883673605,-2.5770473781796284,0.013908988469638284,3.953597924764412,0.008544537617728332,2.7017880619996593,0.022985558920332938,2.9252810450632096,0.021203658405118286,2.701637858837052,0.015236464392719806,-0.008544537617728332,computed:matched_baseline,a821a9e98c12454bb58f62ed3ab0772a
96,BeijingAir_Tiantan,4c5e0908fb1a9097c1bed37a3c29e849947e6fbd5828b63bc6ba2909525a5089,d99eb3f8058543958bcfd350251f3c42,TSMixer,TSMixer,TSMixer,rt_spaceraw_std0.1_channelscontinuous,randomized_training,train,train,randomized_training,baseline,,,TSMixer,1806770612,MSE,0.30524682998657227,0.36517548631845664,0.3189649290289381,0.46378947409983373,0.3052468001842499,uniform_severity_degradation,0.5,"[""drift"",""attenuation"",""noise"",""spike"",""time_stretch"",""time_compress"",""stuck_sensor"",""missing_data""]",8,1.1146754924862206,1.0971941820726105,1.1343331475058547,1.054553221346781,1.0458194563448708,1.0645091444724404,0.5169747604521574,0.4945491940008925,0.5417954012812408,0.48909068393870914,0.4665732661107765,0.5129921883223205,0.5169747604521574,noise,10000,winner_pool,1.2177059784283562,1.2090176197457545,0.48909068393870914,0.9482688780020884,0.015077224619153173,computed,best_val_loss,0.3052468001842499,0.3588569508749817,0.4136588330385654,1.1527123329503948,1.0680960448067403,0.4136588330385654,0.3832936898809747,0.9543260634722408,0.9487235374894833,f26ecf129f89445c806cd2def2c60008,attenuation,Fully Connected,0.10493252322485203,29.240766541932842,0.10331592741359202,24.97612021352869,-0.038036840464174215,-3.299768674012363,-0.013542823459959275,-1.2679406056980291,0.10331592741359202,24.97612021352869,0.10579699405773446,27.60207038383228,0.26337991495611535,27.598524763939494,0.26029408225627115,27.436241641591668,0.10493252322485203,-0.10579699405773446,computed:matched_baseline,f26ecf129f89445c806cd2def2c60008
97,BeijingAir_Tiantan,4c5e0908fb1a9097c1bed37a3c29e849947e6fbd5828b63bc6ba2909525a5089,95629275d08b42c1babe91f2ed0dbe24,DLinear,DLinear,DLinear,rt_spaceraw_std0.1_channelscontinuous,randomized_training,train,train,randomized_training,baseline,,,DLinear,1806770612,MSE,0.23127661645412445,0.33993192911885367,0.25430594858883765,0.33160081577044914,0.23127661645412445,uniform_severity_degradation,0.5,"[""drift"",""attenuation"",""noise"",""spike"",""time_stretch"",""time_compress"",""stuck_sensor"",""missing_data""]",8,1.304390376255376,1.273541922889251,1.33947184259603,1.1358773504743396,1.1218685904198928,1.1529635558009428,0.43253691284940576,0.4109386449716083,0.4567186765177736,0.3766578560324673,0.3562985705958539,0.39877130981463454,0.43253691284940576,noise,10000,winner_pool,0.9338209917631872,0.9332946651627966,0.3766578560324673,0.8803767410120491,0.002102486941716497,computed,best_val_loss,0.23127661645412445,0.32909293177820803,0.5356411696031719,1.6276289092837974,1.206105177870259,0.5356411696031719,0.39692068901820055,0.9775175525953195,0.9813276019228063,e765a57955e6486ca3ea08dd793c8c4b,noise,Fully Connected,0.002507883992241111,0.7620595127005942,-0.10310425675376611,-19.248755063049124,-0.32323853302842154,-19.859473568250614,-0.07022782739591937,-5.822695125140553,-0.10310425675376611,-19.248755063049124,-0.020262832985733226,-5.105008014536649,-0.04369656083213225,-4.470156133372481,-0.04803293676000975,-4.894689262372153,0.002507883992241111,0.020262832985733226,computed:matched_baseline,e765a57955e6486ca3ea08dd793c8c4b
98,BeijingAir_Tiantan,4c5e0908fb1a9097c1bed37a3c29e849947e6fbd5828b63bc6ba2909525a5089,38cfc9a0190d44c1b164fa585c155782,ModernTCN,ModernTCN,ModernTCN,revin_affineFalse_eps1e-5,revin,train,train,revin,baseline,,,ModernTCN,1806770612,MSE,0.23040436208248138,0.38491375354687624,0.26310731518831687,0.32051539011184066,0.23040437698364258,uniform_severity_degradation,0.5,"[""drift"",""attenuation"",""noise"",""spike"",""time_stretch"",""time_compress"",""stuck_sensor"",""missing_data""]",8,1.4414925453089134,1.395652093453052,1.4891002644501856,1.186517137649846,1.168020094422462,1.2089918819552545,0.46202054550299654,0.43930428551813433,0.48556371421298705,0.38029700324822496,0.36070464816877096,0.40336864074500944,0.46202054550299654,noise,10000,winner_pool,0.9404022111964159,0.9432752017984269,0.38029700324822496,0.842802828773899,-0.012357685880736213,computed,best_val_loss,0.23040437698364258,0.30107381857188886,0.45220457396311686,1.5019724269220764,1.185675259459173,0.45220457396311686,0.3569757779515883,0.8814635990317445,0.883896666124881,bffc3cf719dd48b497ad3b9b0a32a8da,noise,Convolution,0.019441571539951796,6.457410223237209,0.009815971539879675,2.1706926698800473,-0.06047988161316309,-4.026697196905388,0.00084187819067294,0.07100411212568856,0.009815971539879675,2.1706926698800473,0.02332122529663666,6.532999362158234,0.05893861216467133,6.686448791466062,0.059378535673545896,6.717814191320484,0.019441571539951796,-0.02332122529663666,computed:matched_baseline,bffc3cf719dd48b497ad3b9b0a32a8da
99,BeijingAir_Tiantan,4c5e0908fb1a9097c1bed37a3c29e849947e6fbd5828b63bc6ba2909525a5089,105fe629e4624431854118ffa2c491d2,GRU,GRU,GRU,revin_affineFalse_eps1e-5,revin,train,train,revin,baseline,,,GRU,1806770612,MSE,0.24019859731197357,0.3152430829553632,0.264546766372292,0.30206874343866946,0.24019882082939148,uniform_severity_degradation,0.5,"[""drift"",""attenuation"",""noise"",""spike"",""time_stretch"",""time_compress"",""stuck_sensor"",""missing_data""]",8,1.484677652120728,1.4090824692114754,1.5748606123982947,1.1814107166451429,1.1646080495237736,1.201513542726292,0.4484747127875824,0.4201747140422543,0.4819414839700899,0.3568672506619763,0.33714642284375684,0.3783996213073507,0.4484747127875824,stuck_sensor,10000,winner_pool,0.8891668888567739,0.8926065017935915,0.3568672506619763,0.8464456821923068,-0.007058436057433726,computed,best_val_loss,0.24019882082939148,0.2811948516822071,0.3518058420284884,1.251110537493348,1.1246824613735664,0.3518058420284884,0.31625491791551963,0.7857555758317323,0.7848445836573233,a821a9e98c12454bb58f62ed3ab0772a,attenuation,Recurrent,0.02087389175646237,7.4232837591397445,0.09666887075909397,27.477903778319277,0.2335671146273801,18.668783263175253,0.05672825527157643,5.04393526349603,0.09666887075909397,27.477903778319277,0.04061233274645665,12.841644649872391,0.10341131302504158,13.1607482282998,0.10776191813626812,13.730351254270595,0.02087389175646237,-0.04061233274645665,computed:matched_baseline,a821a9e98c12454bb58f62ed3ab0772a
100,BeijingAir_Tiantan,4c5e0908fb1a9097c1bed37a3c29e849947e6fbd5828b63bc6ba2909525a5089,12dfa2584f574666b50a46bd33ea62ef,TSMixer,TSMixer,TSMixer,revin_affineFalse_eps1e-5,revin,train,train,revin,baseline,,,TSMixer,1806770612,MSE,0.24392658472061157,0.3162765498392388,0.26962489470672196,0.33353778644425913,0.24392671883106232,uniform_severity_degradation,0.5,"[""drift"",""attenuation"",""noise"",""spike"",""time_stretch"",""time_compress"",""stuck_sensor"",""missing_data""]",8,1.385564295990549,1.3217358712244145,1.4587634578851274,1.1476618925945032,1.1330827570659767,1.1646368370541686,0.462138048260886,0.43292524380558306,0.4946399748466887,0.3827886072423997,0.36302394074010336,0.4063395753056206,0.462138048260886,stuck_sensor,10000,winner_pool,0.9539600851670192,0.9551184427394407,0.3827886072423997,0.8713367642967685,-0.0021430146039509435,computed,best_val_loss,0.24392671883106232,0.3588569508749817,0.4136588330385654,1.1527123329503948,1.0680960448067403,0.4136588330385654,0.3832936898809747,0.9543260634722408,0.9487235374894833,f26ecf129f89445c806cd2def2c60008,attenuation,Fully Connected,-0.025319164430722574,-7.0555034168874835,0.048479215222320626,11.71961320545545,0.2328519630401542,20.20035323506638,0.07956584778776299,7.449315833966927,0.048479215222320626,11.71961320545545,-0.0005050826385749607,-0.13177431612083296,-0.0003659783052215593,-0.03834939851584644,0.006394905249957339,0.6740536096405457,-0.025319164430722574,0.0005050826385749607,computed:matched_baseline,f26ecf129f89445c806cd2def2c60008
101,BeijingAir_Tiantan,4c5e0908fb1a9097c1bed37a3c29e849947e6fbd5828b63bc6ba2909525a5089,e00d9e58ff9040eb9156864264bc53c9,DLinear,DLinear,DLinear,revin_affineFalse_eps1e-5,revin,train,train,revin,baseline,,,DLinear,1806770612,MSE,0.2343561351299286,0.3905199061699871,0.26463839250997445,0.3343974192469439,0.234356090426445,uniform_severity_degradation,0.5,"[""drift"",""attenuation"",""noise"",""spike"",""time_stretch"",""time_compress"",""stuck_sensor"",""missing_data""]",8,1.433577463751843,1.3874366969628567,1.4794944817225328,1.1699933419351862,1.151317977593316,1.1926374864249893,0.47938460416919554,0.4559256618737166,0.5049106135296318,0.3912427540792334,0.3708325260734388,0.41545299571668226,0.47938460416919554,noise,10000,winner_pool,0.9672964105123398,0.9689823412341427,0.3912427540792334,0.8547057185351032,-0.009761000431516342,computed,best_val_loss,0.234356090426445,0.32909293177820803,0.5356411696031719,1.6276289092837974,1.206105177870259,0.5356411696031719,0.39692068901820055,0.9775175525953195,0.9813276019228063,e765a57955e6486ca3ea08dd793c8c4b,noise,Fully Connected,0.005304487468735852,1.6118509261422875,-0.056256565433976335,-10.502658986360933,-0.19405144553195441,-11.922339571698965,-0.03611183593507272,-2.994086800857535,-0.056256565433976335,-10.502658986360933,-0.005677934938967122,-1.4304960905443667,-0.01022114208297964,-1.0456223579660948,-0.012345260688663595,-1.2580162490563171,0.005304487468735852,0.005677934938967122,computed:matched_baseline,e765a57955e6486ca3ea08dd793c8c4b
102,ETTh1,4a82efae1ffe76a156a2bf948861e2da349ef1c1c994d9f24654525f47fbf14d,fe60ffe33a81422b8f134c564c62cf8c,RandomizedSmoothing,RandomizedSmoothing,ModernTCN,rs_backbonebaseline_std0.25_samples30_alpha0.25,randomized_smoothing,wrap,improve,randomized_smoothing,baseline,920f0d5691bd441c95bac6953be76afe,,ModernTCN,341970080,MSE,0.3735855221748352,,,0.46211138830929993,0.3731577694416046,uniform_severity_degradation,0.5,"[""drift"",""attenuation"",""noise"",""spike"",""time_stretch"",""time_compress"",""stuck_sensor"",""missing_data""]",8,1.2157497598822447,1.2078028904503977,1.2239604234563441,1.1137032825639555,1.1116273539581953,1.1158156194317506,0.5618118093758822,0.5564616280608251,0.5670822265746072,0.5146549700702541,0.5108142433355864,0.5185928371168812,0.5618118093758822,stuck_sensor,10000,winner_pool,0.709424377332355,0.7078445319109166,0.5146549700702541,0.8979052281302529,0.008008648425273712,computed,MSE_val,0.3735855221748352,0.46183717436939475,0.5615611962378025,1.215928962419653,1.1137774243406833,0.5615611962378025,0.5143838185339235,0.7090471025852274,0.7074719962858452,920f0d5691bd441c95bac6953be76afe,stuck_sensor,Convolution,0.00027421393990517684,0.05937459241551877,0.00025061313807961394,0.044627930091787824,-0.00017920253740832948,-0.014737911748703078,-7.414177672782074e-05,-0.006656785737214062,0.00025061313807961394,0.044627930091787824,0.00027115153633061606,0.05271385423893028,0.00037727474712756504,0.05320870020510614,0.0003725356250713352,0.052657296264319815,0.00027421393990517684,-0.00027115153633061606,computed:lineage,920f0d5691bd441c95bac6953be76afe
103,ETTh1,4a82efae1ffe76a156a2bf948861e2da349ef1c1c994d9f24654525f47fbf14d,24c205a7407f4e43a0c88eda133084fb,RandomizedSmoothing,RandomizedSmoothing,GRU,rs_backbonebaseline_std0.25_samples30_alpha0.25,randomized_smoothing,wrap,improve,randomized_smoothing,baseline,36598a0f6b774ca4a4d3b82906b8927d,,GRU,341970080,MSE,0.4986000061035156,,,0.6649908903539181,0.4983765780925751,uniform_severity_degradation,0.5,"[""drift"",""attenuation"",""noise"",""spike"",""time_stretch"",""time_compress"",""stuck_sensor"",""missing_data""]",8,1.0638676540726983,1.0591801683084774,1.0691286514068867,1.0213992557470895,1.0204453748434588,1.0224004846894972,0.7074622985005379,0.7025092873869091,0.7127068050237,0.6792212004860863,0.6748831550056068,0.6830595240254608,0.7074622985005379,missing_data,10000,winner_pool,0.9367531100268239,0.9264125708707505,0.6792212004860863,0.9790490783827357,0.037958316566290784,computed,MSE_val,0.4986000061035156,0.6644111780494452,0.7070092246741057,1.0641139824735013,1.0214849084432376,0.7070092246741057,0.678685991378501,0.9360097961489464,0.9256846715882835,36598a0f6b774ca4a4d3b82906b8927d,missing_data,Recurrent,0.0005797123044729569,0.08725203964431419,0.0004530738264322265,0.06408315628994372,-0.00024632840080296425,-0.023148685653991804,-8.565269614813076e-05,-0.008385116161791082,0.0004530738264322265,0.06408315628994372,0.0005352091075851995,0.07885960729764276,0.0007433138778775161,0.07941304470698438,0.0007278992824669706,0.07863361086211419,0.0005797123044729569,-0.0005352091075851995,computed:lineage,36598a0f6b774ca4a4d3b82906b8927d
104,ETTh1,4a82efae1ffe76a156a2bf948861e2da349ef1c1c994d9f24654525f47fbf14d,a961f0d0a0ad42029bdd5636d671b7a1,RandomizedSmoothing,RandomizedSmoothing,PatchTST,rs_backbonebaseline_std0.25_samples30_alpha0.25,randomized_smoothing,wrap,improve,randomized_smoothing,baseline,519b468e69dd465daa969d3d9b3ffdf0,,PatchTST,341970080,MSE,0.35148605704307556,,,0.43025570122748613,0.352056086063385,uniform_severity_degradation,0.5,"[""drift"",""attenuation"",""noise"",""spike"",""time_stretch"",""time_compress"",""stuck_sensor"",""missing_data""]",8,1.3082090774264457,1.2965819968913137,1.3204384568927952,1.1604195543086215,1.157778058710757,1.1633257453770975,0.5628644139602781,0.5569555231778696,0.5689690868267044,0.4992771290571429,0.4954695420812909,0.5031466002109297,0.5628644139602781,stuck_sensor,10000,winner_pool,0.6876839538582785,0.6887724449522846,0.4992771290571429,0.8617572810515076,-0.008078329086380731,computed,MSE_val,0.35148605704307556,0.43126261972486973,0.5659023325152696,1.3121988937420432,1.162725447863271,0.5659023325152696,0.5014400226662867,0.6907532955168038,0.6919920706727194,519b468e69dd465daa969d3d9b3ffdf0,stuck_sensor,Attention,-0.001006918497383602,-0.23348151481943424,-0.00303791855499147,-0.5368273605604018,-0.003989816315597583,-0.30405575973469123,-0.0023058935546493853,-0.19831797428076448,-0.00303791855499147,-0.5368273605604018,-0.0021628936091438455,-0.4313364532897033,-0.0030693416585252375,-0.44434701628587026,-0.003219625720434771,-0.4652691637499278,-0.001006918497383602,0.0021628936091438455,computed:lineage,519b468e69dd465daa969d3d9b3ffdf0
105,ETTh1,4a82efae1ffe76a156a2bf948861e2da349ef1c1c994d9f24654525f47fbf14d,aa482962ea1f4291b40e5f4c28872482,RandomizedSmoothing,RandomizedSmoothing,TSMixer,rs_backbonebaseline_std0.5_samples30_alpha0.25,randomized_smoothing,wrap,improve,randomized_smoothing,baseline,2d589960c4334ac5adff37c302ad60ee,,TSMixer,341970080,MSE,0.38116419315338135,,,0.4706151711151004,0.38341596722602844,uniform_severity_degradation,0.5,"[""drift"",""attenuation"",""noise"",""spike"",""time_stretch"",""time_compress"",""stuck_sensor"",""missing_data""]",8,1.1711472970639638,1.165534068105355,1.1786142081434048,1.1036485321972926,1.1015982701035831,1.1056574621994189,0.5511596856087446,0.5467178152639046,0.5562515820592269,0.5193937428309583,0.515541112397029,0.5232818224566081,0.5511596856087446,stuck_sensor,10000,winner_pool,0.7159655058886816,0.7137268790307019,0.5193937428309583,0.9060855615048613,0.011620642365544387,computed,MSE_val,0.38116419315338135,0.47485841079205277,0.5550310251682997,1.1688347780184012,1.0933093031709502,0.5550310251682997,0.519167118207924,0.7155545147941209,0.7126224632628544,2d589960c4334ac5adff37c302ad60ee,stuck_sensor,Fully Connected,-0.004243239676952393,-0.8935799767924018,-0.003871339559555098,-0.6974996683079487,0.002312519045562622,0.19784824074820742,0.010339229026342434,0.9456819763954564,-0.003871339559555098,-0.6974996683079487,0.0002266246230342439,0.04365157481785697,0.0004109910945606643,0.057436727190368506,0.0011044157678474775,0.154979084267248,-0.004243239676952393,-0.0002266246230342439,computed:lineage,2d589960c4334ac5adff37c302ad60ee
106,ETTh1,4a82efae1ffe76a156a2bf948861e2da349ef1c1c994d9f24654525f47fbf14d,f6e5b53657ee4bc9b6168214b733c263,RandomizedSmoothing,RandomizedSmoothing,DLinear,rs_backbonebaseline_std0.25_samples30_alpha0.25,randomized_smoothing,wrap,improve,randomized_smoothing,baseline,2c53c17080c14c5aaa939b6c45fbe0a3,,DLinear,341970080,MSE,0.3586452901363373,,,0.4382821320667863,0.35828012228012085,uniform_severity_degradation,0.5,"[""drift"",""attenuation"",""noise"",""spike"",""time_stretch"",""time_compress"",""stuck_sensor"",""missing_data""]",8,1.2504898783426028,1.240550972489477,1.2603974455927007,1.1188288816025342,1.1165205185722538,1.121132597910971,0.5480673700079322,0.5423983353387192,0.553491750106141,0.4903627076466568,0.4867255155905406,0.49395814940760374,0.5480673700079322,stuck_sensor,10000,winner_pool,0.6756836280579875,0.6744362911445332,0.4903627076466568,0.89379172851497,0.008791906516586734,computed,MSE_val,0.3586452901363373,0.4378714672148228,0.54768025611341,1.2507785894272812,1.1190162857687238,0.54768025611341,0.4899853028868325,0.67516179410942,0.6739261911911286,2c53c17080c14c5aaa939b6c45fbe0a3,stuck_sensor,Fully Connected,0.0004106648519635048,0.09378662066647739,0.00038711389452217304,0.07068246302492454,-0.00028871108467831696,-0.023082509336086,-0.00018740416618956424,-0.016747224197977095,0.00038711389452217304,0.07068246302492454,0.0003774047598242847,0.07702368981288617,0.0005218339485675294,0.07729020704672138,0.0005100999534045636,0.0756907744604775,0.0004106648519635048,-0.0003774047598242847,computed:lineage,2c53c17080c14c5aaa939b6c45fbe0a3
107,ETTh1,4a82efae1ffe76a156a2bf948861e2da349ef1c1c994d9f24654525f47fbf14d,8b58e043e18c4a539ef68df3ac610a49,Ensemble,Ensemble,ModernTCN,ensemble_top3_mean,ensemble,wrap,improve,ensemble,baseline,,"920f0d5691bd441c95bac6953be76afe,83bfff58953d4d179b80e5f8ce1c2469,e2cb0b78f09542f9965a7d41174f9ec3",ModernTCN,341970080,MSE,0.37511035799980164,,,0.4575907476514578,0.3731577694416046,uniform_severity_degradation,0.5,"[""drift"",""attenuation"",""noise"",""spike"",""time_stretch"",""time_compress"",""stuck_sensor"",""missing_data""]",8,1.2017476020514897,1.1939063706911712,1.20968227471233,1.1095386043496633,1.1074861978893884,1.1116405578290995,0.5499085837110878,0.5449839212758839,0.5549372584623844,0.5077145995125175,0.5039092399713281,0.5115427480574465,0.5499085837110878,stuck_sensor,10000,winner_pool,0.7000912810933202,0.6983202782641561,0.5077145995125175,0.9012755356864148,0.010501560545560396,computed,MSE_val,0.37511035799980164,0.46183717436939475,0.5615611962378025,1.215928962419653,1.1137774243406833,0.5615611962378025,0.5143838185339235,0.7090471025852274,0.7074719962858452,920f0d5691bd441c95bac6953be76afe,stuck_sensor,Convolution,-0.0042464267179369575,-0.919464034859287,-0.01165261252671479,-2.075038767774883,-0.01418136036816331,-1.166298427495545,-0.0042388199910199376,-0.38058052698717326,-0.01165261252671479,-2.075038767774883,-0.006669219021405937,-1.2965452607771144,-0.008955821491907212,-1.2630784977829768,-0.009151718021689126,-1.2935802504883158,-0.0042464267179369575,0.006669219021405937,computed:matched_baseline,920f0d5691bd441c95bac6953be76afe
108,ETTh1,4a82efae1ffe76a156a2bf948861e2da349ef1c1c994d9f24654525f47fbf14d,55384ff06edc48f3b8999f7edf31887b,Ensemble,Ensemble,GRU,ensemble_top5_mean,ensemble,wrap,improve,ensemble,baseline,,"36598a0f6b774ca4a4d3b82906b8927d,3e72840a5e034d98b2e068b03a756a9e,a0e561f4ee8b4d2f832f925f2e483246,c48bb04bf948469ea4402bb81ab1b338,476d886ea9d44bf09bf0b450ee148438",GRU,341970080,MSE,0.4903300106525421,,,0.6547567181050777,0.4983765780925751,uniform_severity_degradation,0.5,"[""drift"",""attenuation"",""noise"",""spike"",""time_stretch"",""time_compress"",""stuck_sensor"",""missing_data""]",8,1.0678490485872008,1.0629731633827968,1.073147975278767,1.0180197581431016,1.0170866703871233,1.0189903804965226,0.6991813384845853,0.693976144638285,0.704079705527015,0.6665552758079022,0.6626703954644035,0.6701225215359078,0.6991813384845853,missing_data,10000,winner_pool,0.9192066929217467,0.9087115034595652,0.6665552758079022,0.9822992058857776,0.04102002828137352,computed,MSE_val,0.4903300106525421,0.6644111780494452,0.7070092246741057,1.0641139824735013,1.0214849084432376,0.7070092246741057,0.678685991378501,0.9360097961489464,0.9256846715882835,36598a0f6b774ca4a4d3b82906b8927d,missing_data,Recurrent,-0.009654459944367422,-1.4530851170672119,-0.00782788618952035,-1.1071830347232876,0.003735066113699448,0.35100244665683256,-0.003465150300135944,-0.3392267738362282,-0.00782788618952035,-1.1071830347232876,-0.01213071557059886,-1.7873826371397135,-0.01680310322719969,-1.7951845478896917,-0.016973168128718297,-1.8335799057357025,-0.009654459944367422,0.01213071557059886,computed:matched_baseline,36598a0f6b774ca4a4d3b82906b8927d
109,ETTh1,4a82efae1ffe76a156a2bf948861e2da349ef1c1c994d9f24654525f47fbf14d,6e6ea43629ab4ff897ba4fe741254a52,Ensemble,Ensemble,PatchTST,ensemble_top10_mean,ensemble,wrap,improve,ensemble,baseline,,"519b468e69dd465daa969d3d9b3ffdf0,1abfe68926cf41c3899dd94cd216c64e,eb2809988fd643c2b84c47d02dd1c5f5,b3ca28ced0ad41e9a112387529183a03,61b5e4572fd9475cae57866b1df89712,c94ba936852e4dd0bc3a28a376c0392b,736febf80c644fbca6ec33000caf6e8b,8266c72511904fa5810a24e23339e36c,ee1a13f4b23b4fcdbebe64250f8e19c9,d7dbc03e127f43568bd611bf50bc8d61",PatchTST,341970080,MSE,0.34776073694229126,,,0.42681377100646495,0.352056086063385,uniform_severity_degradation,0.5,"[""drift"",""attenuation"",""noise"",""spike"",""time_stretch"",""time_compress"",""stuck_sensor"",""missing_data""]",8,1.303986465998362,1.292106401360196,1.3161968942417235,1.1564249779421947,1.153899816813806,1.1593412538686865,0.5565593808941544,0.5507606853599287,0.5624312104621156,0.4935781057215761,0.4899801495422109,0.4972933617313183,0.5565593808941544,stuck_sensor,10000,winner_pool,0.6797142711210666,0.6805535564796356,0.4935781057215761,0.8647340027015452,-0.005796881242199903,computed,MSE_val,0.34776073694229126,0.43126261972486973,0.5659023325152696,1.3121988937420432,1.162725447863271,0.5659023325152696,0.5014400226662867,0.6907532955168038,0.6919920706727194,519b468e69dd465daa969d3d9b3ffdf0,stuck_sensor,Attention,-0.004448848718404785,-1.031586906660956,-0.009342951621115203,-1.6509830556075866,-0.00821242774368125,-0.6258523599468663,-0.006300469921076246,-0.5418708202056262,-0.009342951621115203,-1.6509830556075866,-0.007861916944710612,-1.5678678584343466,-0.011039024395737118,-1.5981138949873566,-0.011438514193083837,-1.652983419588016,-0.004448848718404785,0.007861916944710612,computed:matched_baseline,519b468e69dd465daa969d3d9b3ffdf0
110,ETTh1,4a82efae1ffe76a156a2bf948861e2da349ef1c1c994d9f24654525f47fbf14d,203e267d19aa40c099fb430583affcc2,Ensemble,Ensemble,TSMixer,ensemble_top5_mean,ensemble,wrap,improve,ensemble,baseline,,"2d589960c4334ac5adff37c302ad60ee,22d1d2cfeded4a16ba82b7a94c34c392,1969f5d036cc4259acff88476783d759,4be00085076544429ab2c3de2bdc6f3b,7886c8fa6a954af98665046e8723af58",TSMixer,341970080,MSE,0.3773650825023651,,,0.4688934217914939,0.38341596722602844,uniform_severity_degradation,0.5,"[""drift"",""attenuation"",""noise"",""spike"",""time_stretch"",""time_compress"",""stuck_sensor"",""missing_data""]",8,1.1644852981952751,1.1607582405575738,1.171387176648939,1.0843931946260519,1.0827465645986964,1.086093564876438,0.5460194960966707,0.5421413990124688,0.5510575371223502,0.508464835595619,0.504788457513717,0.5121369789750129,0.5460194960966707,stuck_sensor,10000,winner_pool,0.7009260420693421,0.6975022249826093,0.508464835595619,0.9221747286461396,0.020860385094372713,computed,MSE_val,0.3773650825023651,0.47485841079205277,0.5550310251682997,1.1688347780184012,1.0933093031709502,0.5550310251682997,0.519167118207924,0.7155545147941209,0.7126224632628544,2d589960c4334ac5adff37c302ad60ee,stuck_sensor,Fully Connected,-0.005964989000558862,-1.2561615978559588,-0.009011529071629054,-1.6236081701732847,-0.004349479823126057,-0.37212101358756644,-0.008916108544898327,-0.8155156568263648,-0.009011529071629054,-1.6236081701732847,-0.010702282612305103,-2.0614330601767596,-0.014628472724778852,-2.0443547517812464,-0.015120238280245113,-2.121774019165031,-0.005964989000558862,0.010702282612305103,computed:matched_baseline,2d589960c4334ac5adff37c302ad60ee
111,ETTh1,4a82efae1ffe76a156a2bf948861e2da349ef1c1c994d9f24654525f47fbf14d,12ccaf5b36de4f6aa4dfecf591653c9b,Ensemble,Ensemble,DLinear,ensemble_top5_mean,ensemble,wrap,improve,ensemble,baseline,,"2c53c17080c14c5aaa939b6c45fbe0a3,011454b4cadc47f388e3667aa8a8621b,7561403689a9480dae65742bc264369c,0e02afed27284774be739b7b8cd0d885,2771e2d1cc434837b0b3b14dddce661b",DLinear,341970080,MSE,0.35733693838119507,,,0.43951522865742443,0.35828012228012085,uniform_severity_degradation,0.5,"[""drift"",""attenuation"",""noise"",""spike"",""time_stretch"",""time_compress"",""stuck_sensor"",""missing_data""]",8,1.250882804329976,1.240820635383104,1.260830266867593,1.1210762271368262,1.118778380800075,1.1233590817285009,0.5497820417687297,0.5441513691335916,0.5551917643400281,0.49273007431244475,0.48906640535506185,0.4963595292200218,0.5497820417687297,stuck_sensor,10000,winner_pool,0.6789086809050593,0.6777807161129837,0.49273007431244475,0.8920000048114045,0.007645091929679437,computed,MSE_val,0.35733693838119507,0.4378714672148228,0.54768025611341,1.2507785894272812,1.1190162857687238,0.54768025611341,0.4899853028868325,0.67516179410942,0.6739261911911286,2c53c17080c14c5aaa939b6c45fbe0a3,stuck_sensor,Fully Connected,0.0016437614426016434,0.3753981626291266,0.00210178565531971,0.3837614432616111,0.00010421490269485467,0.008332002448376865,0.0020599413681023915,0.18408502130845095,0.00210178565531971,0.3837614432616111,0.002744771425612247,0.5601742357252258,0.0037468867956392815,0.5549613186542429,0.003854524921855118,0.5719506041221593,0.0016437614426016434,-0.002744771425612247,computed:matched_baseline,2c53c17080c14c5aaa939b6c45fbe0a3
112,ETTh1,4a82efae1ffe76a156a2bf948861e2da349ef1c1c994d9f24654525f47fbf14d,2f90ea82f5ba45839a8bd8434fd2c3b7,ModernTCN,ModernTCN,ModernTCN,fa_profholdout_varying_mix0.75_sev0.75_frac0.1,fault_augmentation,train,train,fault_augmentation,baseline,,,ModernTCN,341970080,MSE,0.3775119483470917,0.43187108409404756,0.4056758034427961,0.4641523075297475,0.3775119483470917,uniform_severity_degradation,0.5,"[""drift"",""attenuation"",""noise"",""spike"",""time_stretch"",""time_compress"",""stuck_sensor"",""missing_data""]",8,1.212045619936293,1.204234743361916,1.220018915481383,1.1114043706679724,1.1094079214944028,1.1134024273907277,0.5625737713247537,0.5572174265046418,0.5677119813775271,0.5158609032441862,0.5120218080709735,0.5197565853181365,0.5625737713247537,stuck_sensor,10000,winner_pool,0.7111242294780542,0.7094025387109181,0.5158609032441862,0.8997625224372507,0.00880872905488006,computed,best_val_loss,0.3775119483470917,0.46183717436939475,0.5615611962378025,1.215928962419653,1.1137774243406833,0.5615611962378025,0.5143838185339235,0.7090471025852274,0.7074719962858452,920f0d5691bd441c95bac6953be76afe,stuck_sensor,Convolution,0.002315133160352756,0.5012877457328772,0.001012575086951184,0.180314290541256,-0.003883342483359975,-0.31937248008570085,-0.002373053672710901,-0.21306354580814604,0.001012575086951184,0.180314290541256,0.001477084710262755,0.2871561384789832,0.002077126892826797,0.29294624930466123,0.0019305424250728453,0.2728789881730999,0.002315133160352756,-0.001477084710262755,computed:matched_baseline,920f0d5691bd441c95bac6953be76afe
113,ETTh1,4a82efae1ffe76a156a2bf948861e2da349ef1c1c994d9f24654525f47fbf14d,d84d6749fbcc4eac86276ed62d28040c,GRU,GRU,GRU,fa_profholdout_simple_mix1.0_sev0.75_frac0.1,fault_augmentation,train,train,fault_augmentation,baseline,,,GRU,341970080,MSE,0.50501549243927,0.5364881160110235,0.5144297060860942,0.6800412131398916,0.5050154328346252,uniform_severity_degradation,0.5,"[""drift"",""attenuation"",""noise"",""spike"",""time_stretch"",""time_compress"",""stuck_sensor"",""missing_data""]",8,1.0618729988113416,1.0572624139221345,1.0670120537666463,1.0163694300559083,1.0155267890227533,1.0173281375724221,0.7221174023121595,0.7170182485960425,0.7273780937583744,0.6911731002135202,0.6869917752837762,0.6950908516178792,0.7221174023121595,missing_data,10000,winner_pool,0.9531371274632935,0.9420825015099101,0.6911731002135202,0.9838942125059704,0.0400953520856524,computed,best_val_loss,0.5050154328346252,0.6644111780494452,0.7070092246741057,1.0641139824735013,1.0214849084432376,0.7070092246741057,0.678685991378501,0.9360097961489464,0.9256846715882835,36598a0f6b774ca4a4d3b82906b8927d,missing_data,Recurrent,0.01563003509044647,2.352464197898141,0.015108177638053832,2.136913792746893,-0.0022409836621597456,-0.21059620483048683,-0.005115478387329286,-0.5007884448459814,0.015108177638053832,2.136913792746893,0.012487108835019134,1.8398948841799672,0.017127331314347072,1.8298239382551948,0.01639782992162664,1.7714271851873007,0.01563003509044647,-0.012487108835019134,computed:matched_baseline,36598a0f6b774ca4a4d3b82906b8927d
114,ETTh1,4a82efae1ffe76a156a2bf948861e2da349ef1c1c994d9f24654525f47fbf14d,ad25c5ba0c9a40839080147d0509a0fe,PatchTST,PatchTST,PatchTST,fa_profholdout_simple_mix0.75_sev0.75_frac0.25,fault_augmentation,train,train,fault_augmentation,baseline,,,PatchTST,341970080,MSE,0.35284510254859924,0.4265202228451769,0.3900178341424714,0.4281764533802867,0.35284510254859924,uniform_severity_degradation,0.5,"[""drift"",""attenuation"",""noise"",""spike"",""time_stretch"",""time_compress"",""stuck_sensor"",""missing_data""]",8,1.320986228370222,1.3089940461827312,1.3339456571807502,1.1675811776061047,1.1646304735969968,1.1708864367637954,0.5656151982277632,0.559785959312655,0.5721056092012301,0.49993076766096056,0.49632765266123924,0.5036543653378286,0.5656151982277632,stuck_sensor,10000,winner_pool,0.6882952482216321,0.6897243649753522,0.49993076766096056,0.8564714978108016,-0.010796073767982195,computed,best_val_loss,0.35284510254859924,0.43126261972486973,0.5659023325152696,1.3121988937420432,1.162725447863271,0.5659023325152696,0.5014400226662867,0.6907532955168038,0.6919920706727194,519b468e69dd465daa969d3d9b3ffdf0,stuck_sensor,Attention,-0.00308616634458303,-0.7156118345132474,-0.00028713428750637426,-0.05073919491198185,0.008787334628178822,0.6696648404511053,0.00485572974283377,0.41761619234851155,-0.00028713428750637426,-0.05073919491198185,-0.001509255005326171,-0.30098415306003506,-0.002458047295171628,-0.3558502451056105,-0.0022677056973672283,-0.3277068905085401,-0.00308616634458303,0.001509255005326171,computed:matched_baseline,519b468e69dd465daa969d3d9b3ffdf0
115,ETTh1,4a82efae1ffe76a156a2bf948861e2da349ef1c1c994d9f24654525f47fbf14d,fd5140d7b4434176980e10c8da5d87fd,TSMixer,TSMixer,TSMixer,fa_profholdout_varying_mix0.75_sev0.75_frac0.1,fault_augmentation,train,train,fault_augmentation,baseline,,,TSMixer,341970080,MSE,0.3852348327636719,0.4320204554324349,0.4073218619568894,0.4759654160454869,0.3852347433567047,uniform_severity_degradation,0.5,"[""drift"",""attenuation"",""noise"",""spike"",""time_stretch"",""time_compress"",""stuck_sensor"",""missing_data""]",8,1.1653701384679902,1.1599890509507176,1.1714211787810185,1.0878814006844189,1.0860381512135413,1.089798690650996,0.5546758828029037,0.5500445813820511,0.5593526709853485,0.5177939234849065,0.5139914635067759,0.521615750747039,0.5546758828029037,missing_data,10000,winner_pool,0.7136842061904575,0.710406617852366,0.5177939234849065,0.9192178479849641,0.01846431158136319,computed,best_val_loss,0.3852347433567047,0.47485841079205277,0.5550310251682997,1.1688347780184012,1.0933093031709502,0.5550310251682997,0.519167118207924,0.7155545147941209,0.7126224632628544,2d589960c4334ac5adff37c302ad60ee,stuck_sensor,Fully Connected,0.0011070052534341568,0.23312322752959094,-0.00035514236539602173,-0.0639860384900706,-0.003464639550410986,-0.2964182462370607,-0.005427902486531355,-0.4964654074367322,-0.00035514236539602173,-0.0639860384900706,-0.0013731947230175567,-0.2644995560885269,-0.0018703086036634398,-0.26137891173834105,-0.0022158454104883596,-0.3109424028457876,0.0011070052534341568,0.0013731947230175567,computed:matched_baseline,2d589960c4334ac5adff37c302ad60ee
116,ETTh1,4a82efae1ffe76a156a2bf948861e2da349ef1c1c994d9f24654525f47fbf14d,1b399d9e22964ab898055f22ff719dbb,DLinear,DLinear,DLinear,fa_profholdout_simple_mix0.75_sev1.0_frac0.25,fault_augmentation,train,train,fault_augmentation,baseline,,,DLinear,341970080,MSE,0.35745102167129517,0.414472090780735,0.3832403839152927,0.4373063718050718,0.35745102167129517,uniform_severity_degradation,0.5,"[""drift"",""attenuation"",""noise"",""spike"",""time_stretch"",""time_compress"",""stuck_sensor"",""missing_data""]",8,1.2448941785590102,1.2351544872069358,1.25446230151827,1.116615184460676,1.1144544970798576,1.1188126293188563,0.544400156506896,0.5388600647770614,0.5497010972459242,0.4883029350189493,0.48472345869024286,0.4918744891096488,0.544400156506896,stuck_sensor,10000,winner_pool,0.6729224438436423,0.6715651365270722,0.4883029350189493,0.8955636766510559,0.009885527320421361,computed,best_val_loss,0.35745102167129517,0.4378714672148228,0.54768025611341,1.2507785894272812,1.1190162857687238,0.54768025611341,0.4899853028868325,0.67516179410942,0.6739261911911286,2c53c17080c14c5aaa939b6c45fbe0a3,stuck_sensor,Fully Connected,-0.0005650954097509708,-0.12905508855038758,-0.0032800996065139865,-0.5989077696156286,-0.005884410868270962,-0.470459833419868,-0.002401101308047826,-0.2145725078878862,-0.0032800996065139865,-0.5989077696156286,-0.0016823678678832277,-0.3433506796982009,-0.0022393502657777065,-0.33167609383637403,-0.00236105466405645,-0.35034321190031387,-0.0005650954097509708,0.0016823678678832277,computed:matched_baseline,2c53c17080c14c5aaa939b6c45fbe0a3
117,ETTh1,4a82efae1ffe76a156a2bf948861e2da349ef1c1c994d9f24654525f47fbf14d,6c193d65055246c8aac185358770c324,PatchTST,PatchTST,PatchTST,arl_alo0.001_ainit1.0_slo1e-05_sinit0.1,adaptive_robust_loss,train,train,adaptive_robust_loss,baseline,,,PatchTST,341970080,MSE,0.3551814556121826,0.43425866900136073,0.39064276311577606,0.44073332613557575,0.6923142075538635,uniform_severity_degradation,0.5,"[""drift"",""attenuation"",""noise"",""spike"",""time_stretch"",""time_compress"",""stuck_sensor"",""missing_data""]",8,1.329760088372234,1.317332275122357,1.3434305945654013,1.153864192517478,1.1509160857647343,1.15705584248631,0.5860695867106318,0.5797672891991213,0.5928217982882262,0.5085464034769684,0.5046839109824318,0.5123743222335017,0.5860695867106318,stuck_sensor,10000,winner_pool,0.6998499681766888,0.7004618196470636,0.5085464034769684,0.8666531178320213,-0.006965971117153802,computed,best_val_loss,0.6923142075538635,0.43126261972486973,0.5659023325152696,1.3121988937420432,1.162725447863271,0.5659023325152696,0.5014400226662867,0.6907532955168038,0.6919920706727194,519b468e69dd465daa969d3d9b3ffdf0,stuck_sensor,Attention,0.00947070641070602,2.1960415713163353,0.02016725419536225,3.5637340644497315,0.01756119463019079,1.338302807138552,-0.008861255345792962,-0.7621107254577771,0.02016725419536225,3.5637340644497315,0.007106380810681712,1.417194577508042,0.009096672659885008,1.3169206312767734,0.00846974897434416,1.2239661888192306,0.00947070641070602,-0.007106380810681712,computed:matched_baseline,519b468e69dd465daa969d3d9b3ffdf0
118,ETTh1,4a82efae1ffe76a156a2bf948861e2da349ef1c1c994d9f24654525f47fbf14d,87b69d9421234eaaa8b2ecd2a6f74530,ModernTCN,ModernTCN,ModernTCN,arl_alo0.25_ainit1.0_slo1e-05_sinit1.0,adaptive_robust_loss,train,train,adaptive_robust_loss,baseline,,,ModernTCN,341970080,MSE,0.4588300883769989,0.5045621047839522,0.4816943238141636,0.5122746723353863,0.9916918873786926,uniform_severity_degradation,0.5,"[""drift"",""attenuation"",""noise"",""spike"",""time_stretch"",""time_compress"",""stuck_sensor"",""missing_data""]",8,1.1895844645404632,1.1820448461303381,1.1973668049179795,1.09223340026124,1.090312017181551,1.0941585383708938,0.6093939917877317,0.6039199074881524,0.6143226915371046,0.5595235072325915,0.5560000558108604,0.5629682267134589,0.6093939917877317,stuck_sensor,10000,winner_pool,0.7711456561401011,0.7679034717858763,0.5595235072325915,0.9155552281781718,0.012123286109374298,computed,best_val_loss,0.9916918873786926,0.46183717436939475,0.5615611962378025,1.215928962419653,1.1137774243406833,0.5615611962378025,0.5143838185339235,0.7090471025852274,0.7074719962858452,920f0d5691bd441c95bac6953be76afe,stuck_sensor,Convolution,0.05043749796599151,10.921056330049712,0.04783279554992914,8.517824214063669,-0.0263444978791898,-2.1666148840443142,-0.021544024079443336,-1.9343204134521432,0.04783279554992914,8.517824214063669,0.045139688698668023,8.775487694640821,0.0620985535548737,8.758029378931065,0.06043147550003103,8.5418894058408,0.05043749796599151,-0.045139688698668023,computed:matched_baseline,920f0d5691bd441c95bac6953be76afe
119,ETTh1,4a82efae1ffe76a156a2bf948861e2da349ef1c1c994d9f24654525f47fbf14d,1989ae08d7ca4dc98fc9202660533153,GRU,GRU,GRU,arl_alo0.5_ainit1.0_slo0.01_sinit1.0,adaptive_robust_loss,train,train,adaptive_robust_loss,baseline,,,GRU,341970080,MSE,0.4892024099826813,0.5181825020015239,0.49952603741300605,0.757453879788518,1.0249470472335815,uniform_severity_degradation,0.5,"[""drift"",""attenuation"",""noise"",""spike"",""time_stretch"",""time_compress"",""stuck_sensor"",""missing_data""]",8,1.0602387267641746,1.0562937862148258,1.0643921830857588,0.9986039037400518,0.9973927560565818,1.0000208614347808,0.8030819370895624,0.7973153542468697,0.8090614915367216,0.7563964012598619,0.7515843470446578,0.760652080020397,0.8030819370895624,attenuation,10000,winner_pool,1.0449505522931037,1.0312450091397232,0.7563964012598619,1.0013980480696296,0.046717558291051176,computed,best_val_loss,1.0249470472335815,0.6644111780494452,0.7070092246741057,1.0641139824735013,1.0214849084432376,0.7070092246741057,0.678685991378501,0.9360097961489464,0.9256846715882835,36598a0f6b774ca4a4d3b82906b8927d,missing_data,Recurrent,0.09304270173907281,14.003783321681052,0.09607271241545678,13.588608049596706,-0.003875255709326675,-0.36417674921616555,-0.02288100470318577,-2.2399748164715283,0.09607271241545678,13.588608049596706,0.0777104098813608,11.450127285450622,0.10894075614415732,11.638847861675764,0.10556033755143968,11.403487687693906,0.09304270173907281,-0.0777104098813608,computed:matched_baseline,36598a0f6b774ca4a4d3b82906b8927d
120,ETTh1,4a82efae1ffe76a156a2bf948861e2da349ef1c1c994d9f24654525f47fbf14d,2e78eb7f11cf4ba6a187abef3bfff3d7,TSMixer,TSMixer,TSMixer,arl_alo0.001_ainit1.0_slo0.001_sinit0.1,adaptive_robust_loss,train,train,adaptive_robust_loss,baseline,,,TSMixer,341970080,MSE,0.37800920009613037,0.42481103164702655,0.3995898468627905,0.47344965127408506,0.735191822052002,uniform_severity_degradation,0.5,"[""drift"",""attenuation"",""noise"",""spike"",""time_stretch"",""time_compress"",""stuck_sensor"",""missing_data""]",8,1.1716036270826216,1.1641411984230248,1.180374829203322,1.0858043883486683,1.0836079535591845,1.0880705083926077,0.5546953286737204,0.5492748079317062,0.5600025324835256,0.5140737090155483,0.5100058963520778,0.5181357348015159,0.5546953286737204,stuck_sensor,10000,winner_pool,0.7083681868736409,0.7049442032460179,0.5140737090155483,0.9209762004377576,0.019719754903965603,computed,best_val_loss,0.735191822052002,0.47485841079205277,0.5550310251682997,1.1688347780184012,1.0933093031709502,0.5550310251682997,0.519167118207924,0.7155545147941209,0.7126224632628544,2d589960c4334ac5adff37c302ad60ee,stuck_sensor,Fully Connected,-0.001408759517967706,-0.2966693831152591,-0.0003356964945793184,-0.06048247383603945,0.002768849064220369,0.23688968845661593,-0.007504914822281883,-0.6864402233215436,-0.0003356964945793184,-0.06048247383603945,-0.005093409192375775,-0.9810731484608176,-0.007186327920480018,-1.004301946518731,-0.007678260016836469,-1.0774653358077353,-0.001408759517967706,0.005093409192375775,computed:matched_baseline,2d589960c4334ac5adff37c302ad60ee
121,ETTh1,4a82efae1ffe76a156a2bf948861e2da349ef1c1c994d9f24654525f47fbf14d,db6c66f756434ed488f63131790248c1,DLinear,DLinear,DLinear,arl_alo0.001_ainit1.0_slo1e-05_sinit0.1,adaptive_robust_loss,train,train,adaptive_robust_loss,baseline,,,DLinear,341970080,MSE,0.36462026834487915,0.4296736827865243,0.39405109948913253,0.4502883575722575,0.6955152153968811,uniform_severity_degradation,0.5,"[""drift"",""attenuation"",""noise"",""spike"",""time_stretch"",""time_compress"",""stuck_sensor"",""missing_data""]",8,1.263952089255887,1.2528165251996302,1.2753862583258926,1.126606385377365,1.124046988749072,1.1291217267141493,0.5691429103210568,0.5629102272962034,0.575183946746625,0.5072977389019914,0.5031981307384907,0.5114147162479534,0.5691429103210568,stuck_sensor,10000,winner_pool,0.6986839941946852,0.6977988902828572,0.5072977389019914,0.8876214558867807,0.003722076836671806,computed,best_val_loss,0.6955152153968811,0.4378714672148228,0.54768025611341,1.2507785894272812,1.1190162857687238,0.54768025611341,0.4899853028868325,0.67516179410942,0.6739261911911286,2c53c17080c14c5aaa939b6c45fbe0a3,stuck_sensor,Fully Connected,0.012416890357434707,2.835738632712255,0.021462654207646814,3.918829274576309,0.013173499828605939,1.0532239630547202,0.007590099608641099,0.6782832122435979,0.021462654207646814,3.918829274576309,0.01731243601515886,3.5332561840446384,0.023522200085265177,3.483935301210639,0.023872699091728622,3.542331401237708,0.012416890357434707,-0.01731243601515886,computed:matched_baseline,2c53c17080c14c5aaa939b6c45fbe0a3
122,ETTh1,4a82efae1ffe76a156a2bf948861e2da349ef1c1c994d9f24654525f47fbf14d,e4c78d78efed4ebcbe7500c0233cc7bf,ModernTCN,ModernTCN,ModernTCN,advtrain_eps0.05_steps7_alpha0.02_channelsall,adversarial_training,train,train,adversarial_training,baseline,,,ModernTCN,341970080,MSE,0.37605515122413635,0.4320652984902263,0.40392486053425825,0.46449103346168996,0.37605515122413635,uniform_severity_degradation,0.5,"[""drift"",""attenuation"",""noise"",""spike"",""time_stretch"",""time_compress"",""stuck_sensor"",""missing_data""]",8,1.2154560664236407,1.2073194777556013,1.2237253712010507,1.1099473671084517,1.1079310211828641,1.1119014065695616,0.5645684444203973,0.559196782006137,0.5698213015317544,0.5155605996362864,0.511689975732083,0.5194331318765948,0.5645684444203973,stuck_sensor,10000,winner_pool,0.7106833575217539,0.7088671510680983,0.5155605996362864,0.9009436209620661,0.009441853746678608,computed,best_val_loss,0.37605515122413635,0.46183717436939475,0.5615611962378025,1.215928962419653,1.1137774243406833,0.5615611962378025,0.5143838185339235,0.7090471025852274,0.7074719962858452,920f0d5691bd441c95bac6953be76afe,stuck_sensor,Convolution,0.0026538590922952077,0.574630895817094,0.0030072481825947905,0.5355156664566475,-0.00047289599601230137,-0.03889174537558971,-0.0038300572322316206,-0.34387994841059727,0.0030072481825947905,0.5355156664566475,0.001176781102362967,0.22877490697840813,0.0016362549365265266,0.23076815779383977,0.0013951547822530497,0.19720282775536954,0.0026538590922952077,-0.001176781102362967,computed:matched_baseline,920f0d5691bd441c95bac6953be76afe
123,ETTh1,4a82efae1ffe76a156a2bf948861e2da349ef1c1c994d9f24654525f47fbf14d,b6d1db7a2cf244cbaeddf3d1be26a950,ModernTCN,ModernTCN,ModernTCN,rt_spaceraw_std0.1_channelscontinuous,randomized_training,train,train,randomized_training,baseline,,,ModernTCN,341970080,MSE,0.37758976221084595,0.4333721482679248,0.4053795910216868,0.46396383388340473,0.37758976221084595,uniform_severity_degradation,0.5,"[""drift"",""attenuation"",""noise"",""spike"",""time_stretch"",""time_compress"",""stuck_sensor"",""missing_data""]",8,1.2166043839594787,1.2085930921216537,1.224762842761875,1.1104482553761863,1.1084302337010612,1.1125281363939585,0.5644604343011975,0.5590750942087546,0.5696739650706202,0.5152078298934735,0.5113141950812331,0.5191416723802756,0.5644604343011975,stuck_sensor,10000,winner_pool,0.7101854902409797,0.7083989362582717,0.5152078298934735,0.9005372336428502,0.009276600583267847,computed,best_val_loss,0.37758976221084595,0.46183717436939475,0.5615611962378025,1.215928962419653,1.1137774243406833,0.5615611962378025,0.5143838185339235,0.7090471025852274,0.7074719962858452,920f0d5691bd441c95bac6953be76afe,stuck_sensor,Convolution,0.0021266595140099764,0.4604782014167171,0.002899238063394982,0.5162817664073874,0.0006754215398256935,0.055547779574361814,-0.0033291689644969757,-0.2989079228704717,0.002899238063394982,0.5162817664073874,0.0008240113595500143,0.16019387271912616,0.0011383876557522488,0.160551767520327,0.0009269399724264327,0.13102143650812634,0.0021266595140099764,-0.0008240113595500143,computed:matched_baseline,920f0d5691bd441c95bac6953be76afe
124,ETTh1,4a82efae1ffe76a156a2bf948861e2da349ef1c1c994d9f24654525f47fbf14d,eff89d0c19a546478b307cc373bb00fd,GRU,GRU,GRU,advtrain_eps0.05_steps7_alpha0.02_channelsall,adversarial_training,train,train,adversarial_training,baseline,,,GRU,341970080,MSE,0.4747316241264343,0.5053910589516163,0.4850944637500991,0.6330196821242571,0.4747316241264343,uniform_severity_degradation,0.5,"[""drift"",""attenuation"",""noise"",""spike"",""time_stretch"",""time_compress"",""stuck_sensor"",""missing_data""]",8,1.0678196133760944,1.0634161763850696,1.072753299671442,1.0213112866913474,1.0203866190734736,1.0222469227022908,0.6759508322253823,0.6712602453889325,0.6807029688772931,0.6465101460512728,0.6424249787974311,0.6501618329764436,0.6759508322253823,missing_data,10000,winner_pool,0.8917472449864725,0.8819161501490671,0.6465101460512728,0.9791334072490399,0.04060052060747987,computed,best_val_loss,0.4747316241264343,0.6644111780494452,0.7070092246741057,1.0641139824735013,1.0214849084432376,0.7070092246741057,0.678685991378501,0.9360097961489464,0.9256846715882835,36598a0f6b774ca4a4d3b82906b8927d,missing_data,Recurrent,-0.031391495925188084,-4.724709180442468,-0.031058392448723326,-4.392926055956289,0.0037056309025931267,0.34823627577747807,-0.00017362175189017393,-0.016996996280128775,-0.031058392448723326,-4.392926055956289,-0.03217584532722828,-4.740903118078934,-0.044262551162473907,-4.728855546660373,-0.04376852143921639,-4.728232278505666,-0.031391495925188084,0.03217584532722828,computed:matched_baseline,36598a0f6b774ca4a4d3b82906b8927d
125,ETTh1,4a82efae1ffe76a156a2bf948861e2da349ef1c1c994d9f24654525f47fbf14d,e807db5a30e340a6928a4cc69ad626e9,GRU,GRU,GRU,rt_spaceraw_std0.2_channelscontinuous,randomized_training,train,train,randomized_training,baseline,,,GRU,341970080,MSE,0.5206787586212158,0.5546572140604258,0.5313434526578834,0.695707273465395,0.5206787586212158,uniform_severity_degradation,0.5,"[""drift"",""attenuation"",""noise"",""spike"",""time_stretch"",""time_compress"",""stuck_sensor"",""missing_data""]",8,1.0585904915862097,1.0539739750359283,1.063641490832632,1.0156738695255183,1.0148224050148977,1.0166590937267173,0.7364691046178341,0.7312761157924682,0.7418017930530757,0.7066116984976456,0.7023795650971215,0.7105163046636712,0.7364691046178341,missing_data,10000,winner_pool,0.9744992973312971,0.9631416505145357,0.7066116984976456,0.9845680094804049,0.0392788713151867,computed,best_val_loss,0.5206787586212158,0.6644111780494452,0.7070092246741057,1.0641139824735013,1.0214849084432376,0.7070092246741057,0.678685991378501,0.9360097961489464,0.9256846715882835,36598a0f6b774ca4a4d3b82906b8927d,missing_data,Recurrent,0.0312960954159498,4.710350525382154,0.02945987994372845,4.166831056172982,-0.005523490887291649,-0.5190694773554669,-0.00581103891771928,-0.5688815243071397,0.02945987994372845,4.166831056172982,0.02792570711914455,4.114672687206014,0.03848950118235073,4.112083157752115,0.037456978926252216,4.046408034604676,0.0312960954159498,-0.02792570711914455,computed:matched_baseline,36598a0f6b774ca4a4d3b82906b8927d
126,ETTh1,4a82efae1ffe76a156a2bf948861e2da349ef1c1c994d9f24654525f47fbf14d,445bf0933531400cbc4a605c7969ba70,PatchTST,PatchTST,PatchTST,advtrain_eps0.1_steps5_alpha0.02_channelsall,adversarial_training,train,train,adversarial_training,baseline,,,PatchTST,341970080,MSE,0.3469904065132141,0.4195513606518507,0.382613613263083,0.4363099280282855,0.3469904065132141,uniform_severity_degradation,0.5,"[""drift"",""attenuation"",""noise"",""spike"",""time_stretch"",""time_compress"",""stuck_sensor"",""missing_data""]",8,1.3060750973975848,1.2947237378457932,1.3181003755154825,1.1575733871723841,1.1549996029872338,1.1603398152278717,0.5698535317450761,0.563974788149111,0.5760360391494259,0.5050607612446416,0.5013200425644464,0.5087511860191007,0.5698535317450761,stuck_sensor,10000,winner_pool,0.6953726969083234,0.6962640394180193,0.5050607612446416,0.8638761145353469,-0.007859221453701992,computed,best_val_loss,0.3469904065132141,0.43126261972486973,0.5659023325152696,1.3121988937420432,1.162725447863271,0.5659023325152696,0.5014400226662867,0.6907532955168038,0.6919920706727194,519b468e69dd465daa969d3d9b3ffdf0,stuck_sensor,Attention,0.005047308303415765,1.1703560829444872,0.003951199229806579,0.6982122183954711,-0.006123796344458476,-0.46668202310360385,-0.005152060690886806,-0.4431020840177444,0.003951199229806579,0.6982122183954711,0.0036207385783548762,0.7220681267327784,0.0046194013915196175,0.6687483681222977,0.004271968745299892,0.617343597759278,0.005047308303415765,-0.0036207385783548762,computed:matched_baseline,519b468e69dd465daa969d3d9b3ffdf0
127,ETTh1,4a82efae1ffe76a156a2bf948861e2da349ef1c1c994d9f24654525f47fbf14d,3f668d43118d4c12a567252b807c5da1,PatchTST,PatchTST,PatchTST,rt_spaceraw_std0.1_channelscontinuous,randomized_training,train,train,randomized_training,baseline,,,PatchTST,341970080,MSE,0.3566772937774658,0.42583477213730414,0.39756691320830334,0.4422556447997689,0.3566773533821106,uniform_severity_degradation,0.5,"[""drift"",""attenuation"",""noise"",""spike"",""time_stretch"",""time_compress"",""stuck_sensor"",""missing_data""]",8,1.2937125803487521,1.2824712780548435,1.305229913058719,1.1753221889687477,1.1725566270176282,1.178417181950823,0.5721516914077103,0.5659857725757732,0.5783189316043258,0.5197928725298494,0.5159801639558281,0.5238044806452422,0.5721516914077103,stuck_sensor,10000,winner_pool,0.7161897147964399,0.7182192527659865,0.5197928725298494,0.8508305291823179,-0.016706769414648326,computed,best_val_loss,0.3566773533821106,0.43126261972486973,0.5659023325152696,1.3121988937420432,1.162725447863271,0.5659023325152696,0.5014400226662867,0.6907532955168038,0.6919920706727194,519b468e69dd465daa969d3d9b3ffdf0,stuck_sensor,Attention,0.010993025074899188,2.549032671069973,0.006249358892440715,1.1043175709603725,-0.0184863133932911,-1.4088042202636701,0.012596741105476816,1.0833805287934244,0.006249358892440715,1.1043175709603725,0.01835284986356267,3.66002892349434,0.025436419279636135,3.682417361556743,0.026227182093267132,3.7900986448833733,0.010993025074899188,-0.01835284986356267,computed:matched_baseline,519b468e69dd465daa969d3d9b3ffdf0
128,ETTh1,4a82efae1ffe76a156a2bf948861e2da349ef1c1c994d9f24654525f47fbf14d,18107c26dc5d463bbd33a63c93bc01fb,TSMixer,TSMixer,TSMixer,advtrain_eps0.05_steps7_alpha0.02_channelsall,adversarial_training,train,train,adversarial_training,baseline,,,TSMixer,341970080,MSE,0.37903839349746704,0.4244575054521362,0.4000348767920707,0.4681665417224169,0.37903839349746704,uniform_severity_degradation,0.5,"[""drift"",""attenuation"",""noise"",""spike"",""time_stretch"",""time_compress"",""stuck_sensor"",""missing_data""]",8,1.1705050770052707,1.1634761925744106,1.178417327013041,1.0854273501838336,1.0835882572314945,1.0872815635180542,0.5479913139700889,0.5430759236399456,0.5527445287354663,0.5081607688264921,0.5045885831020307,0.5119414709435403,0.5479913139700889,stuck_sensor,10000,winner_pool,0.7004789336547681,0.6971206662891135,0.5081607688264921,0.9212961142269309,0.020451085025428806,computed,best_val_loss,0.37903839349746704,0.47485841079205277,0.5550310251682997,1.1688347780184012,1.0933093031709502,0.5550310251682997,0.519167118207924,0.7155545147941209,0.7126224632628544,2d589960c4334ac5adff37c302ad60ee,stuck_sensor,Fully Connected,-0.00669186906963587,-1.409234609212036,-0.007039711198210785,-1.2683455300676505,0.001670298986869545,0.14290291650127895,-0.00788195298711658,-0.7209261792848894,-0.007039711198210785,-1.2683455300676505,-0.011006349381431968,-2.1200012472715914,-0.015075581139352812,-2.106838937867697,-0.015501796973740878,-2.175316913638037,-0.00669186906963587,0.011006349381431968,computed:matched_baseline,2d589960c4334ac5adff37c302ad60ee
129,ETTh1,4a82efae1ffe76a156a2bf948861e2da349ef1c1c994d9f24654525f47fbf14d,4f1aec131ffe44b894f6f3dd0324889b,TSMixer,TSMixer,TSMixer,rt_spaceraw_std0.1_channelscontinuous,randomized_training,train,train,randomized_training,baseline,,,TSMixer,341970080,MSE,0.3841294050216675,0.430547437739869,0.4051430868919318,0.4737778692141175,0.3841294050216675,uniform_severity_degradation,0.5,"[""drift"",""attenuation"",""noise"",""spike"",""time_stretch"",""time_compress"",""stuck_sensor"",""missing_data""]",8,1.1650284693986572,1.1605709220503768,1.172979038169782,1.0840624400035548,1.0822538969210875,1.0859816705521959,0.5519647058054805,0.5481217292897032,0.5571799632023647,0.5136047929199412,0.5098282517512887,0.5174938454638934,0.5519647058054805,stuck_sensor,10000,winner_pool,0.7079625500743334,0.7044716499416155,0.5136047929199412,0.9224560902568685,0.02051033301039673,computed,best_val_loss,0.3841294050216675,0.47485841079205277,0.5550310251682997,1.1688347780184012,1.0933093031709502,0.5550310251682997,0.519167118207924,0.7155545147941209,0.7126224632628544,2d589960c4334ac5adff37c302ad60ee,stuck_sensor,Fully Connected,-0.0010805415779352456,-0.22755026622207816,-0.003066319362819203,-0.5524590921542478,-0.003806308619743959,-0.32564984301690886,-0.009246863167395425,-0.8457682689223017,-0.003066319362819203,-0.5524590921542478,-0.005562325287982839,-1.0713939871968459,-0.007591964719787514,-1.0609904015449991,-0.008150813321238903,-1.14377720903143,-0.0010805415779352456,0.005562325287982839,computed:matched_baseline,2d589960c4334ac5adff37c302ad60ee
130,ETTh1,4a82efae1ffe76a156a2bf948861e2da349ef1c1c994d9f24654525f47fbf14d,4b669487f4b1446391128ae461663617,DLinear,DLinear,DLinear,advtrain_eps0.2_steps7_alpha0.02_channelsall,adversarial_training,train,train,adversarial_training,baseline,,,DLinear,341970080,MSE,0.35313379764556885,0.4137889991849661,0.37949315686027213,0.44110768089294433,0.35313376784324646,uniform_severity_degradation,0.5,"[""drift"",""attenuation"",""noise"",""spike"",""time_stretch"",""time_compress"",""stuck_sensor"",""missing_data""]",8,1.2525031244560707,1.242578312742092,1.2625045817625373,1.116355458002533,1.1142154170120075,1.1184376687502198,0.5524887485399842,0.5467821101560444,0.5579625376526266,0.492432967131678,0.48876654590402957,0.4960669963002228,0.5524887485399842,stuck_sensor,10000,winner_pool,0.6785619873455091,0.6771698621413964,0.492432967131678,0.8957720346432266,0.009517789030911328,computed,best_val_loss,0.35313376784324646,0.4378714672148228,0.54768025611341,1.2507785894272812,1.1190162857687238,0.54768025611341,0.4899853028868325,0.67516179410942,0.6739261911911286,2c53c17080c14c5aaa939b6c45fbe0a3,stuck_sensor,Fully Connected,0.0032362136781215467,0.7390784557637865,0.004808492426574218,0.8779743970866292,0.0017245350287895533,0.13787692269174517,-0.0026608277661908097,-0.2377827561609541,0.004808492426574218,0.8779743970866292,0.0024476642448454933,0.49953829848051756,0.0034001932360890885,0.5036116180972818,0.003243670950267785,0.48130952508831415,0.0032362136781215467,-0.0024476642448454933,computed:matched_baseline,2c53c17080c14c5aaa939b6c45fbe0a3
131,ETTh1,4a82efae1ffe76a156a2bf948861e2da349ef1c1c994d9f24654525f47fbf14d,901d9b75b2d243b2ba3fa4ce8ae45b00,DLinear,DLinear,DLinear,rt_spaceraw_std0.2_channelscontinuous,randomized_training,train,train,randomized_training,baseline,,,DLinear,341970080,MSE,0.35716232657432556,0.41815266258021194,0.382985202643089,0.4411022571563721,0.35716232657432556,uniform_severity_degradation,0.5,"[""drift"",""attenuation"",""noise"",""spike"",""time_stretch"",""time_compress"",""stuck_sensor"",""missing_data""]",8,1.2572593084673873,1.2469831440450632,1.267584511169129,1.1165551206547921,1.1143004344664944,1.1187815206441714,0.554579918795824,0.5489284944380819,0.560091310947463,0.49251498396033416,0.48883972007093957,0.49619064827621684,0.554579918795824,stuck_sensor,10000,winner_pool,0.6786104831809124,0.6772155563965859,0.49251498396033416,0.8956118524749235,0.009430407160452903,computed,best_val_loss,0.35716232657432556,0.4378714672148228,0.54768025611341,1.2507785894272812,1.1190162857687238,0.54768025611341,0.4899853028868325,0.67516179410942,0.6739261911911286,2c53c17080c14c5aaa939b6c45fbe0a3,stuck_sensor,Fully Connected,0.0032307899415492947,0.7378397962533253,0.006899662682414043,1.259797592737268,0.006480719040106164,0.5181347917918566,-0.002461165113931685,-0.21994006210919023,0.006899662682414043,1.259797592737268,0.002529681073501655,0.5162769288379886,0.003448689071492428,0.5107944646129542,0.0032893652054573064,0.4880898306747106,0.0032307899415492947,-0.002529681073501655,computed:matched_baseline,2c53c17080c14c5aaa939b6c45fbe0a3
132,ETTh1,4a82efae1ffe76a156a2bf948861e2da349ef1c1c994d9f24654525f47fbf14d,1a53c8cc92124bbb870cb1da7deebc89,ModernTCN,ModernTCN,ModernTCN,revin_affineTrue_eps1e-5,revin,train,train,revin,baseline,,,ModernTCN,341970080,MSE,0.3597264587879181,0.4338019091362755,0.3947185320425779,0.4442322820454836,0.3597264885902405,uniform_severity_degradation,0.5,"[""drift"",""attenuation"",""noise"",""spike"",""time_stretch"",""time_compress"",""stuck_sensor"",""missing_data""]",8,1.3082336001019281,1.2956586542917334,1.320550508654242,1.1510036018442826,1.148344027861342,1.153667562543265,0.5811595976218581,0.574946158538796,0.5875118244700507,0.511312956689857,0.5076589919077651,0.5148877926826967,0.5811595976218581,stuck_sensor,10000,winner_pool,0.7036620462723879,0.7041172637008815,0.511312956689857,0.8688070118961175,-0.0062728429783061035,computed,best_val_loss,0.3597264885902405,0.46183717436939475,0.5615611962378025,1.215928962419653,1.1137774243406833,0.5615611962378025,0.5143838185339235,0.7090471025852274,0.7074719962858452,920f0d5691bd441c95bac6953be76afe,stuck_sensor,Convolution,-0.01760489232391116,-3.8119262157597786,0.019598401384055553,3.4899849767675684,0.09230463768227515,7.591285390438632,0.037226177503599356,3.342335433458434,0.019598401384055553,3.4899849767675684,-0.0030708618440664637,-0.5969981429079385,-0.005385056312839476,-0.7594779378133334,-0.003354732584963771,-0.4741859186760423,-0.01760489232391116,0.0030708618440664637,computed:matched_baseline,920f0d5691bd441c95bac6953be76afe
133,ETTh1,4a82efae1ffe76a156a2bf948861e2da349ef1c1c994d9f24654525f47fbf14d,7779dd45cff240eb9e920f16d674b5ab,GRU,GRU,GRU,revin_affineTrue_eps1e-5,revin,train,train,revin,baseline,,,GRU,341970080,MSE,0.3878875970840454,0.46912736583004394,0.41608546348754316,0.5236685300946236,0.3878875970840454,uniform_severity_degradation,0.5,"[""drift"",""attenuation"",""noise"",""spike"",""time_stretch"",""time_compress"",""stuck_sensor"",""missing_data""]",8,1.2730827378450371,1.2613538929526338,1.2842979307222697,1.0974905607727496,1.0954483924993632,1.0995944795859085,0.6666733660161496,0.659946030061245,0.673475175010562,0.5747212687525898,0.571609929912272,0.5779943115345947,0.6666733660161496,stuck_sensor,10000,winner_pool,0.7914050889593593,0.7883319696546809,0.5747212687525898,0.9111695678693531,0.007961907998875417,computed,best_val_loss,0.3878875970840454,0.6644111780494452,0.7070092246741057,1.0641139824735013,1.0214849084432376,0.7070092246741057,0.678685991378501,0.9360097961489464,0.9256846715882835,36598a0f6b774ca4a4d3b82906b8927d,missing_data,Recurrent,-0.1407426479548216,-21.18306443428735,-0.04033585865795608,-5.705138950138706,0.2089687553715358,19.63781688929546,0.07600565232951206,7.440702422647254,-0.04033585865795608,-5.705138950138706,-0.10396472262591128,-15.318530800193058,-0.14460470718958707,-15.44905916418168,-0.1373527019336026,-14.837957908272779,-0.1407426479548216,0.10396472262591128,computed:matched_baseline,36598a0f6b774ca4a4d3b82906b8927d
134,ETTh1,4a82efae1ffe76a156a2bf948861e2da349ef1c1c994d9f24654525f47fbf14d,9382cd57e4f64ac28bd56dd342b77d99,TSMixer,TSMixer,TSMixer,revin_affineFalse_eps1e-5,revin,train,train,revin,baseline,,,TSMixer,341970080,MSE,0.35699912905693054,0.44255111437042555,0.394285098520418,0.4424678128913045,0.35699912905693054,uniform_severity_degradation,0.5,"[""drift"",""attenuation"",""noise"",""spike"",""time_stretch"",""time_compress"",""stuck_sensor"",""missing_data""]",8,1.3259035173456337,1.3120258283051194,1.3394385756963076,1.1464461069394856,1.1435190082414446,1.149259828696543,0.5866696294248104,0.5799182063689082,0.5934179873847961,0.5072655015352647,0.5034231167215074,0.5111773669701478,0.5866696294248104,stuck_sensor,10000,winner_pool,0.698088556287658,0.6982750673112403,0.5072655015352647,0.8722608013991751,-0.003969604416610983,computed,best_val_loss,0.35699912905693054,0.47485841079205277,0.5550310251682997,1.1688347780184012,1.0933093031709502,0.5550310251682997,0.519167118207924,0.7155545147941209,0.7126224632628544,2d589960c4334ac5adff37c302ad60ee,stuck_sensor,Fully Connected,-0.032390597900748275,-6.821106495033227,0.03163860425651066,5.700330760233992,0.15706873932723253,13.438061758696213,0.05313680376853536,4.860180336380698,0.03163860425651066,5.700330760233992,-0.011901616672659321,-2.2924442352477294,-0.01746595850646293,-2.44089837257029,-0.01434739595161405,-2.01332356068629,-0.032390597900748275,0.011901616672659321,computed:matched_baseline,2d589960c4334ac5adff37c302ad60ee
135,ETTh1,4a82efae1ffe76a156a2bf948861e2da349ef1c1c994d9f24654525f47fbf14d,4f6886bbe567453abf068751c5dd47a4,DLinear,DLinear,DLinear,revin_affineTrue_eps1e-5,revin,train,train,revin,baseline,,,DLinear,341970080,MSE,0.3668711483478546,0.4375911532714963,0.39691769125095255,0.4477035886824131,0.3668711483478546,uniform_severity_degradation,0.5,"[""drift"",""attenuation"",""noise"",""spike"",""time_stretch"",""time_compress"",""stuck_sensor"",""missing_data""]",8,1.2896153493674019,1.2775776665748642,1.3020160460904142,1.1319159031961559,1.1293269038773932,1.1344319561868463,0.5773654199317098,0.5709560192510857,0.5837086636664719,0.506762811947614,0.5028458454403258,0.5104972347578033,0.5773654199317098,stuck_sensor,10000,winner_pool,0.6978092952141559,0.6972197359839154,0.506762811947614,0.8834578586415571,0.0017061257866171076,computed,best_val_loss,0.3668711483478546,0.4378714672148228,0.54768025611341,1.2507785894272812,1.1190162857687238,0.54768025611341,0.4899853028868325,0.67516179410942,0.6739261911911286,2c53c17080c14c5aaa939b6c45fbe0a3,stuck_sensor,Fully Connected,0.009832121467590327,2.245435522467286,0.029685163818299776,5.420163222417273,0.0388367599401207,3.105006774852427,0.012899617427432064,1.1527640474482006,0.029685163818299776,5.420163222417273,0.01677750906078146,3.4240841433271334,0.0226475011047359,3.3543813204965707,0.02329354479278678,3.456394052828943,0.009832121467590327,-0.01677750906078146,computed:matched_baseline,2c53c17080c14c5aaa939b6c45fbe0a3
