,dataset,data_config_signature,run_id,robustness_method,pipeline_method,pipeline_id,model_architecture,model,scenario_idx,scenario,D,D_CI_lo,D_CI_hi,err_pert,err_pert_CI_lo,err_pert_CI_hi
0,Penmanshiel_Hourly_WT08,d379114cd53cbbe062e0e09b673d66d5a6d103c8d25daba8f040e64926c0f2d0,e78f42efaca24d7996939c737115cc9e,randomized_smoothing,randomized_smoothing,rs_backbonebaseline_std0.25_samples30_alpha0.25,ModernTCN,RandomizedSmoothing,0,drift,1.1060328781507716,1.0947563711351862,1.118485224581096,0.37230376713759034,0.3606547006963013,0.3831983679191335
1,Penmanshiel_Hourly_WT08,d379114cd53cbbe062e0e09b673d66d5a6d103c8d25daba8f040e64926c0f2d0,e78f42efaca24d7996939c737115cc9e,randomized_smoothing,randomized_smoothing,rs_backbonebaseline_std0.25_samples30_alpha0.25,ModernTCN,RandomizedSmoothing,1,attenuation,1.097282606490079,1.0848043023833995,1.1115027540212068,0.36935832205443875,0.3584930942853517,0.37965589654402865
2,Penmanshiel_Hourly_WT08,d379114cd53cbbe062e0e09b673d66d5a6d103c8d25daba8f040e64926c0f2d0,e78f42efaca24d7996939c737115cc9e,randomized_smoothing,randomized_smoothing,rs_backbonebaseline_std0.25_samples30_alpha0.25,ModernTCN,RandomizedSmoothing,2,noise,1.1814355609627079,1.162861552010243,1.2011976355035043,0.39768520327545703,0.3850157217762128,0.4096326469090098
3,Penmanshiel_Hourly_WT08,d379114cd53cbbe062e0e09b673d66d5a6d103c8d25daba8f040e64926c0f2d0,e78f42efaca24d7996939c737115cc9e,randomized_smoothing,randomized_smoothing,rs_backbonebaseline_std0.25_samples30_alpha0.25,ModernTCN,RandomizedSmoothing,3,spike,1.10335878730781,1.070941797679284,1.1428798959085587,0.37140363648671193,0.35634429111000643,0.38799818740561665
4,Penmanshiel_Hourly_WT08,d379114cd53cbbe062e0e09b673d66d5a6d103c8d25daba8f040e64926c0f2d0,e78f42efaca24d7996939c737115cc9e,randomized_smoothing,randomized_smoothing,rs_backbonebaseline_std0.25_samples30_alpha0.25,ModernTCN,RandomizedSmoothing,4,time_stretch,1.0060361528708124,0.9990444899679992,1.0134044793175192,0.3386436850020604,0.32746209666269,0.34888797968373153
5,Penmanshiel_Hourly_WT08,d379114cd53cbbe062e0e09b673d66d5a6d103c8d25daba8f040e64926c0f2d0,e78f42efaca24d7996939c737115cc9e,randomized_smoothing,randomized_smoothing,rs_backbonebaseline_std0.25_samples30_alpha0.25,ModernTCN,RandomizedSmoothing,5,time_compress,1.0042136202324063,0.9999995136049565,1.0081814547058006,0.3380301989290747,0.32665943879792003,0.34838192090489145
6,Penmanshiel_Hourly_WT08,d379114cd53cbbe062e0e09b673d66d5a6d103c8d25daba8f040e64926c0f2d0,e78f42efaca24d7996939c737115cc9e,randomized_smoothing,randomized_smoothing,rs_backbonebaseline_std0.25_samples30_alpha0.25,ModernTCN,RandomizedSmoothing,6,stuck_sensor,1.0465166508499932,1.033345094919319,1.061131336167975,0.3522699000911205,0.34037574925042313,0.3638837771605307
7,Penmanshiel_Hourly_WT08,d379114cd53cbbe062e0e09b673d66d5a6d103c8d25daba8f040e64926c0f2d0,e78f42efaca24d7996939c737115cc9e,randomized_smoothing,randomized_smoothing,rs_backbonebaseline_std0.25_samples30_alpha0.25,ModernTCN,RandomizedSmoothing,7,missing_data,1.0270757188259394,1.0166102978365434,1.0385458868162065,0.3457258521046606,0.3340392362665493,0.3559867854911818
8,Penmanshiel_Hourly_WT08,d379114cd53cbbe062e0e09b673d66d5a6d103c8d25daba8f040e64926c0f2d0,91d651009a96427f8455883dcacee85d,randomized_smoothing,randomized_smoothing,rs_backbonebaseline_std0.25_samples30_alpha0.35,GRU,RandomizedSmoothing,0,drift,1.0637471424240743,1.0552226305180854,1.0726876231124352,0.3676864499472431,0.3570006746150172,0.3782510601515084
9,Penmanshiel_Hourly_WT08,d379114cd53cbbe062e0e09b673d66d5a6d103c8d25daba8f040e64926c0f2d0,91d651009a96427f8455883dcacee85d,randomized_smoothing,randomized_smoothing,rs_backbonebaseline_std0.25_samples30_alpha0.35,GRU,RandomizedSmoothing,1,attenuation,1.0561397981960898,1.048946706965278,1.063950364686831,0.36505695532285315,0.3545894837521908,0.37536636387204264
10,Penmanshiel_Hourly_WT08,d379114cd53cbbe062e0e09b673d66d5a6d103c8d25daba8f040e64926c0f2d0,91d651009a96427f8455883dcacee85d,randomized_smoothing,randomized_smoothing,rs_backbonebaseline_std0.25_samples30_alpha0.35,GRU,RandomizedSmoothing,2,noise,1.0180017103867862,1.013350660257514,1.0230789902291113,0.3518744445972086,0.34143412800995415,0.3624283399876734
11,Penmanshiel_Hourly_WT08,d379114cd53cbbe062e0e09b673d66d5a6d103c8d25daba8f040e64926c0f2d0,91d651009a96427f8455883dcacee85d,randomized_smoothing,randomized_smoothing,rs_backbonebaseline_std0.25_samples30_alpha0.35,GRU,RandomizedSmoothing,3,spike,1.0118392211820744,1.0080453545675079,1.0157266959029896,0.3497443671679473,0.3390703320892992,0.3602830336698443
12,Penmanshiel_Hourly_WT08,d379114cd53cbbe062e0e09b673d66d5a6d103c8d25daba8f040e64926c0f2d0,91d651009a96427f8455883dcacee85d,randomized_smoothing,randomized_smoothing,rs_backbonebaseline_std0.25_samples30_alpha0.35,GRU,RandomizedSmoothing,4,time_stretch,1.0055358565772414,1.0020209531687585,1.0091886293325976,0.3475655958586372,0.336892837887528,0.3580463081532845
13,Penmanshiel_Hourly_WT08,d379114cd53cbbe062e0e09b673d66d5a6d103c8d25daba8f040e64926c0f2d0,91d651009a96427f8455883dcacee85d,randomized_smoothing,randomized_smoothing,rs_backbonebaseline_std0.25_samples30_alpha0.35,GRU,RandomizedSmoothing,5,time_compress,1.0010870664983995,0.9994379354801383,1.0026587019366864,0.3460278621572594,0.3354663436712901,0.3565479070878994
14,Penmanshiel_Hourly_WT08,d379114cd53cbbe062e0e09b673d66d5a6d103c8d25daba8f040e64926c0f2d0,91d651009a96427f8455883dcacee85d,randomized_smoothing,randomized_smoothing,rs_backbonebaseline_std0.25_samples30_alpha0.35,GRU,RandomizedSmoothing,6,stuck_sensor,1.029797358706705,1.0221637430019415,1.0378574216023475,0.35595163539058994,0.34519712224474847,0.36640931122997455
15,Penmanshiel_Hourly_WT08,d379114cd53cbbe062e0e09b673d66d5a6d103c8d25daba8f040e64926c0f2d0,91d651009a96427f8455883dcacee85d,randomized_smoothing,randomized_smoothing,rs_backbonebaseline_std0.25_samples30_alpha0.35,GRU,RandomizedSmoothing,7,missing_data,1.0331917541808302,1.0239395156065172,1.0437276913254605,0.3571249153664627,0.34534732475158614,0.36753363321836124
16,Penmanshiel_Hourly_WT08,d379114cd53cbbe062e0e09b673d66d5a6d103c8d25daba8f040e64926c0f2d0,942603ee56af4830bbd328dfe54df3cf,randomized_smoothing,randomized_smoothing,rs_backbonebaseline_std0.25_samples30_alpha0.25,PatchTST,RandomizedSmoothing,0,drift,1.2050371583771515,1.186768290463484,1.2249652549975605,0.4304020486477995,0.41870605918962744,0.44190440071508347
17,Penmanshiel_Hourly_WT08,d379114cd53cbbe062e0e09b673d66d5a6d103c8d25daba8f040e64926c0f2d0,942603ee56af4830bbd328dfe54df3cf,randomized_smoothing,randomized_smoothing,rs_backbonebaseline_std0.25_samples30_alpha0.25,PatchTST,RandomizedSmoothing,1,attenuation,1.1252436626272078,1.1105898457000152,1.1399088684207337,0.40190227683512275,0.39093226542887455,0.41298438729384085
18,Penmanshiel_Hourly_WT08,d379114cd53cbbe062e0e09b673d66d5a6d103c8d25daba8f040e64926c0f2d0,942603ee56af4830bbd328dfe54df3cf,randomized_smoothing,randomized_smoothing,rs_backbonebaseline_std0.25_samples30_alpha0.25,PatchTST,RandomizedSmoothing,2,noise,1.1844918981184105,1.1652427329009407,1.2056570962280622,0.4230639163388565,0.4101764757663162,0.43556954247134344
19,Penmanshiel_Hourly_WT08,d379114cd53cbbe062e0e09b673d66d5a6d103c8d25daba8f040e64926c0f2d0,942603ee56af4830bbd328dfe54df3cf,randomized_smoothing,randomized_smoothing,rs_backbonebaseline_std0.25_samples30_alpha0.25,PatchTST,RandomizedSmoothing,3,spike,1.1782102293540795,1.1221635274962105,1.2439893569999407,0.4208202983007737,0.3984545555859537,0.44579382401538725
20,Penmanshiel_Hourly_WT08,d379114cd53cbbe062e0e09b673d66d5a6d103c8d25daba8f040e64926c0f2d0,942603ee56af4830bbd328dfe54df3cf,randomized_smoothing,randomized_smoothing,rs_backbonebaseline_std0.25_samples30_alpha0.25,PatchTST,RandomizedSmoothing,4,time_stretch,1.0126938759316084,1.0047632524292993,1.0217578405764587,0.36170296975823873,0.3508176410363726,0.37228152545621396
21,Penmanshiel_Hourly_WT08,d379114cd53cbbe062e0e09b673d66d5a6d103c8d25daba8f040e64926c0f2d0,942603ee56af4830bbd328dfe54df3cf,randomized_smoothing,randomized_smoothing,rs_backbonebaseline_std0.25_samples30_alpha0.25,PatchTST,RandomizedSmoothing,5,time_compress,1.0015833542265045,0.9975159572228949,1.0056405550311835,0.3577346346158913,0.34709856673873585,0.36775140450347976
22,Penmanshiel_Hourly_WT08,d379114cd53cbbe062e0e09b673d66d5a6d103c8d25daba8f040e64926c0f2d0,942603ee56af4830bbd328dfe54df3cf,randomized_smoothing,randomized_smoothing,rs_backbonebaseline_std0.25_samples30_alpha0.25,PatchTST,RandomizedSmoothing,6,stuck_sensor,1.0776923744172533,1.0581269492262535,1.0999863768522702,0.3849184255744956,0.372190482956436,0.3975450383000025
23,Penmanshiel_Hourly_WT08,d379114cd53cbbe062e0e09b673d66d5a6d103c8d25daba8f040e64926c0f2d0,942603ee56af4830bbd328dfe54df3cf,randomized_smoothing,randomized_smoothing,rs_backbonebaseline_std0.25_samples30_alpha0.25,PatchTST,RandomizedSmoothing,7,missing_data,1.0274945831862419,1.0168376287109264,1.0388729134171033,0.3669893251868212,0.35569449019417126,0.37803371610166925
24,Penmanshiel_Hourly_WT08,d379114cd53cbbe062e0e09b673d66d5a6d103c8d25daba8f040e64926c0f2d0,3535a87476fd41a2b9540ad341962848,randomized_smoothing,randomized_smoothing,rs_backbonebaseline_std0.25_samples30_alpha0.25,TSMixer,RandomizedSmoothing,0,drift,1.21992701017686,1.2032396493121404,1.2387075076335339,0.43896148052755746,0.4272984069929854,0.45054137795802
25,Penmanshiel_Hourly_WT08,d379114cd53cbbe062e0e09b673d66d5a6d103c8d25daba8f040e64926c0f2d0,3535a87476fd41a2b9540ad341962848,randomized_smoothing,randomized_smoothing,rs_backbonebaseline_std0.25_samples30_alpha0.25,TSMixer,RandomizedSmoothing,1,attenuation,1.0822412856664738,1.072368781948156,1.0931632519870929,0.3894185742926784,0.37856143063562636,0.399467449198337
26,Penmanshiel_Hourly_WT08,d379114cd53cbbe062e0e09b673d66d5a6d103c8d25daba8f040e64926c0f2d0,3535a87476fd41a2b9540ad341962848,randomized_smoothing,randomized_smoothing,rs_backbonebaseline_std0.25_samples30_alpha0.25,TSMixer,RandomizedSmoothing,2,noise,1.2502935165395157,1.2297837249099126,1.271339373923985,0.44988813964748986,0.43797677679080926,0.4630413038959366
27,Penmanshiel_Hourly_WT08,d379114cd53cbbe062e0e09b673d66d5a6d103c8d25daba8f040e64926c0f2d0,3535a87476fd41a2b9540ad341962848,randomized_smoothing,randomized_smoothing,rs_backbonebaseline_std0.25_samples30_alpha0.25,TSMixer,RandomizedSmoothing,3,spike,1.1463000504964345,1.1248227246688836,1.1687486422973805,0.4124685846752254,0.3994414084977203,0.4252162897758966
28,Penmanshiel_Hourly_WT08,d379114cd53cbbe062e0e09b673d66d5a6d103c8d25daba8f040e64926c0f2d0,3535a87476fd41a2b9540ad341962848,randomized_smoothing,randomized_smoothing,rs_backbonebaseline_std0.25_samples30_alpha0.25,TSMixer,RandomizedSmoothing,4,time_stretch,1.0002360101195171,0.9952176693757301,1.00568900954532,0.35991094238940274,0.3490660336231452,0.37025262075045
29,Penmanshiel_Hourly_WT08,d379114cd53cbbe062e0e09b673d66d5a6d103c8d25daba8f040e64926c0f2d0,3535a87476fd41a2b9540ad341962848,randomized_smoothing,randomized_smoothing,rs_backbonebaseline_std0.25_samples30_alpha0.25,TSMixer,RandomizedSmoothing,5,time_compress,0.9989667025313492,0.9951185276175069,1.0028760004750124,0.35945421249204085,0.3488770038914759,0.36961724958718317
30,Penmanshiel_Hourly_WT08,d379114cd53cbbe062e0e09b673d66d5a6d103c8d25daba8f040e64926c0f2d0,3535a87476fd41a2b9540ad341962848,randomized_smoothing,randomized_smoothing,rs_backbonebaseline_std0.25_samples30_alpha0.25,TSMixer,RandomizedSmoothing,6,stuck_sensor,1.023282794313069,1.0137631669364957,1.0334733846078383,0.36820377501512996,0.35705289597184237,0.37919774032382086
31,Penmanshiel_Hourly_WT08,d379114cd53cbbe062e0e09b673d66d5a6d103c8d25daba8f040e64926c0f2d0,3535a87476fd41a2b9540ad341962848,randomized_smoothing,randomized_smoothing,rs_backbonebaseline_std0.25_samples30_alpha0.25,TSMixer,RandomizedSmoothing,7,missing_data,1.0176359414927343,1.007182206307148,1.0291874608046925,0.3661718904403504,0.354745191483373,0.3760777502015434
32,Penmanshiel_Hourly_WT08,d379114cd53cbbe062e0e09b673d66d5a6d103c8d25daba8f040e64926c0f2d0,74818a93229d4d57978a8241f637c00c,randomized_smoothing,randomized_smoothing,rs_backbonebaseline_std0.25_samples30_alpha0.45,DLinear,RandomizedSmoothing,0,drift,1.1578850981707198,1.143281120871966,1.1745216332751431,0.39663019434011076,0.3841435777686059,0.4084036346524465
33,Penmanshiel_Hourly_WT08,d379114cd53cbbe062e0e09b673d66d5a6d103c8d25daba8f040e64926c0f2d0,74818a93229d4d57978a8241f637c00c,randomized_smoothing,randomized_smoothing,rs_backbonebaseline_std0.25_samples30_alpha0.45,DLinear,RandomizedSmoothing,1,attenuation,1.1150792714271922,1.098723975894105,1.1311816409655526,0.3819671820887248,0.37052858343429457,0.39348485014626583
34,Penmanshiel_Hourly_WT08,d379114cd53cbbe062e0e09b673d66d5a6d103c8d25daba8f040e64926c0f2d0,74818a93229d4d57978a8241f637c00c,randomized_smoothing,randomized_smoothing,rs_backbonebaseline_std0.25_samples30_alpha0.45,DLinear,RandomizedSmoothing,2,noise,1.2559659700426895,1.2297306185167456,1.2832229325850932,0.43022751356728256,0.4159373978248604,0.44435094475735704
35,Penmanshiel_Hourly_WT08,d379114cd53cbbe062e0e09b673d66d5a6d103c8d25daba8f040e64926c0f2d0,74818a93229d4d57978a8241f637c00c,randomized_smoothing,randomized_smoothing,rs_backbonebaseline_std0.25_samples30_alpha0.45,DLinear,RandomizedSmoothing,3,spike,1.1504449770093665,1.0951386996347587,1.2162274168255527,0.39408160233663514,0.37170816656604466,0.4211154390138187
36,Penmanshiel_Hourly_WT08,d379114cd53cbbe062e0e09b673d66d5a6d103c8d25daba8f040e64926c0f2d0,74818a93229d4d57978a8241f637c00c,randomized_smoothing,randomized_smoothing,rs_backbonebaseline_std0.25_samples30_alpha0.45,DLinear,RandomizedSmoothing,4,time_stretch,1.0123504240114178,1.0043426084160831,1.0224195741298812,0.3467777122706699,0.33512995015313923,0.35816143935457195
37,Penmanshiel_Hourly_WT08,d379114cd53cbbe062e0e09b673d66d5a6d103c8d25daba8f040e64926c0f2d0,74818a93229d4d57978a8241f637c00c,randomized_smoothing,randomized_smoothing,rs_backbonebaseline_std0.25_samples30_alpha0.45,DLinear,RandomizedSmoothing,5,time_compress,1.0030985382693651,0.9992050091760073,1.006898019923582,0.3436085055456846,0.33199229117521434,0.3548650161014305
38,Penmanshiel_Hourly_WT08,d379114cd53cbbe062e0e09b673d66d5a6d103c8d25daba8f040e64926c0f2d0,74818a93229d4d57978a8241f637c00c,randomized_smoothing,randomized_smoothing,rs_backbonebaseline_std0.25_samples30_alpha0.45,DLinear,RandomizedSmoothing,6,stuck_sensor,1.0652724469382255,1.0480415709008524,1.0845864425953475,0.36490599829101267,0.35235226221578636,0.3769882884863169
39,Penmanshiel_Hourly_WT08,d379114cd53cbbe062e0e09b673d66d5a6d103c8d25daba8f040e64926c0f2d0,74818a93229d4d57978a8241f637c00c,randomized_smoothing,randomized_smoothing,rs_backbonebaseline_std0.25_samples30_alpha0.45,DLinear,RandomizedSmoothing,7,missing_data,1.0251212599358517,1.0136513988937625,1.0380715354615684,0.35115232521162254,0.3391277870912987,0.36237584348124274
40,Penmanshiel_Hourly_WT08,d379114cd53cbbe062e0e09b673d66d5a6d103c8d25daba8f040e64926c0f2d0,267c69033e154f2582995bc10fbbc659,ensemble,ensemble,ensemble_top7_mean,ModernTCN,Ensemble,0,drift,1.095633128422381,1.084963572161159,1.1070590048992475,0.3626404205825296,0.3511191478001405,0.37363483711987766
41,Penmanshiel_Hourly_WT08,d379114cd53cbbe062e0e09b673d66d5a6d103c8d25daba8f040e64926c0f2d0,267c69033e154f2582995bc10fbbc659,ensemble,ensemble,ensemble_top7_mean,ModernTCN,Ensemble,1,attenuation,1.104793217855827,1.092765698611561,1.1182000766519653,0.36567229192572415,0.3551629130317607,0.3760440486153909
42,Penmanshiel_Hourly_WT08,d379114cd53cbbe062e0e09b673d66d5a6d103c8d25daba8f040e64926c0f2d0,267c69033e154f2582995bc10fbbc659,ensemble,ensemble,ensemble_top7_mean,ModernTCN,Ensemble,2,noise,1.177388338126221,1.1587778337273422,1.1975237975952184,0.38970033951223887,0.3773105295032093,0.40184094195695974
43,Penmanshiel_Hourly_WT08,d379114cd53cbbe062e0e09b673d66d5a6d103c8d25daba8f040e64926c0f2d0,267c69033e154f2582995bc10fbbc659,ensemble,ensemble,ensemble_top7_mean,ModernTCN,Ensemble,3,spike,1.1000763271377894,1.066340195747528,1.1403655437987785,0.3641110619944113,0.3489512651751921,0.38069454875794095
44,Penmanshiel_Hourly_WT08,d379114cd53cbbe062e0e09b673d66d5a6d103c8d25daba8f040e64926c0f2d0,267c69033e154f2582995bc10fbbc659,ensemble,ensemble,ensemble_top7_mean,ModernTCN,Ensemble,4,time_stretch,1.006473367753326,1.0001240120770074,1.0131203449942796,0.3331296908781253,0.3220228464193062,0.3431533648404238
45,Penmanshiel_Hourly_WT08,d379114cd53cbbe062e0e09b673d66d5a6d103c8d25daba8f040e64926c0f2d0,267c69033e154f2582995bc10fbbc659,ensemble,ensemble,ensemble_top7_mean,ModernTCN,Ensemble,5,time_compress,1.0029041320954108,1.0000423217761039,1.0058681365517117,0.33194831995517016,0.32086533238954024,0.3419922693509732
46,Penmanshiel_Hourly_WT08,d379114cd53cbbe062e0e09b673d66d5a6d103c8d25daba8f040e64926c0f2d0,267c69033e154f2582995bc10fbbc659,ensemble,ensemble,ensemble_top7_mean,ModernTCN,Ensemble,6,stuck_sensor,1.0451904348316774,1.0329977994107737,1.0585445307553798,0.3459445402330661,0.3343423135682261,0.35715812368328076
47,Penmanshiel_Hourly_WT08,d379114cd53cbbe062e0e09b673d66d5a6d103c8d25daba8f040e64926c0f2d0,267c69033e154f2582995bc10fbbc659,ensemble,ensemble,ensemble_top7_mean,ModernTCN,Ensemble,7,missing_data,1.0280358727360939,1.0179766070840157,1.0390289500014191,0.34026660164954664,0.32868861745902117,0.35065592174393384
48,Penmanshiel_Hourly_WT08,d379114cd53cbbe062e0e09b673d66d5a6d103c8d25daba8f040e64926c0f2d0,44b1104ae55f4888a45c4a6bbecc6af1,ensemble,ensemble,ensemble_top10_mean,GRU,Ensemble,0,drift,1.065010597123925,1.0567597810997054,1.0740049309327744,0.35941053628130176,0.3488428529008101,0.36964331654221455
49,Penmanshiel_Hourly_WT08,d379114cd53cbbe062e0e09b673d66d5a6d103c8d25daba8f040e64926c0f2d0,44b1104ae55f4888a45c4a6bbecc6af1,ensemble,ensemble,ensemble_top10_mean,GRU,Ensemble,1,attenuation,1.055035533632729,1.0487816218348973,1.0621615295483566,0.35604423839798255,0.344850044219269,0.36665442646470836
50,Penmanshiel_Hourly_WT08,d379114cd53cbbe062e0e09b673d66d5a6d103c8d25daba8f040e64926c0f2d0,44b1104ae55f4888a45c4a6bbecc6af1,ensemble,ensemble,ensemble_top10_mean,GRU,Ensemble,2,noise,1.0179510303384487,1.0131290938720718,1.0228236427524795,0.3435292819715236,0.33270615344515153,0.3540295750612727
51,Penmanshiel_Hourly_WT08,d379114cd53cbbe062e0e09b673d66d5a6d103c8d25daba8f040e64926c0f2d0,44b1104ae55f4888a45c4a6bbecc6af1,ensemble,ensemble,ensemble_top10_mean,GRU,Ensemble,3,spike,1.0091809770054283,1.0053140184888607,1.013137203168039,0.3405696404617127,0.3297975175201183,0.3510546613147909
52,Penmanshiel_Hourly_WT08,d379114cd53cbbe062e0e09b673d66d5a6d103c8d25daba8f040e64926c0f2d0,44b1104ae55f4888a45c4a6bbecc6af1,ensemble,ensemble,ensemble_top10_mean,GRU,Ensemble,4,time_stretch,1.0050151155572697,1.0021859988366755,1.0080322511542195,0.33916378168321826,0.328335579486955,0.34961214562676346
53,Penmanshiel_Hourly_WT08,d379114cd53cbbe062e0e09b673d66d5a6d103c8d25daba8f040e64926c0f2d0,44b1104ae55f4888a45c4a6bbecc6af1,ensemble,ensemble,ensemble_top10_mean,GRU,Ensemble,5,time_compress,1.001039339631971,1.0001514277276764,1.0019818654443438,0.3378220713177958,0.32729307973612753,0.3481776456227031
54,Penmanshiel_Hourly_WT08,d379114cd53cbbe062e0e09b673d66d5a6d103c8d25daba8f040e64926c0f2d0,44b1104ae55f4888a45c4a6bbecc6af1,ensemble,ensemble,ensemble_top10_mean,GRU,Ensemble,6,stuck_sensor,1.0262282926644937,1.0196481366417773,1.033716378350778,0.34632262064775715,0.3356545354241571,0.3567871653716085
55,Penmanshiel_Hourly_WT08,d379114cd53cbbe062e0e09b673d66d5a6d103c8d25daba8f040e64926c0f2d0,44b1104ae55f4888a45c4a6bbecc6af1,ensemble,ensemble,ensemble_top10_mean,GRU,Ensemble,7,missing_data,1.030856325149693,1.0222008172458126,1.0412694003898426,0.3478844488980343,0.33636914482190144,0.35827539708034745
56,Penmanshiel_Hourly_WT08,d379114cd53cbbe062e0e09b673d66d5a6d103c8d25daba8f040e64926c0f2d0,29517173c81049f19b34e11332f2ecbd,ensemble,ensemble,ensemble_top7_mean,PatchTST,Ensemble,0,drift,1.2076261178503822,1.189508620551125,1.2276324744723004,0.4112368804445301,0.3989935506398127,0.4229756439446942
57,Penmanshiel_Hourly_WT08,d379114cd53cbbe062e0e09b673d66d5a6d103c8d25daba8f040e64926c0f2d0,29517173c81049f19b34e11332f2ecbd,ensemble,ensemble,ensemble_top7_mean,PatchTST,Ensemble,1,attenuation,1.1251740997660487,1.1106675477723225,1.140664074500014,0.38315922445302714,0.37208339065324514,0.3943203198085525
58,Penmanshiel_Hourly_WT08,d379114cd53cbbe062e0e09b673d66d5a6d103c8d25daba8f040e64926c0f2d0,29517173c81049f19b34e11332f2ecbd,ensemble,ensemble,ensemble_top7_mean,PatchTST,Ensemble,2,noise,1.2203574312550096,1.197623665089737,1.2450263969322637,0.41557231633076297,0.4022280434671535,0.42830478371924946
59,Penmanshiel_Hourly_WT08,d379114cd53cbbe062e0e09b673d66d5a6d103c8d25daba8f040e64926c0f2d0,29517173c81049f19b34e11332f2ecbd,ensemble,ensemble,ensemble_top7_mean,PatchTST,Ensemble,3,spike,1.1856917636956563,1.1205507054701196,1.2636517678016022,0.4037675029245976,0.3792140059281562,0.4328418797445938
60,Penmanshiel_Hourly_WT08,d379114cd53cbbe062e0e09b673d66d5a6d103c8d25daba8f040e64926c0f2d0,29517173c81049f19b34e11332f2ecbd,ensemble,ensemble,ensemble_top7_mean,PatchTST,Ensemble,4,time_stretch,1.0145855108063182,1.0069385064034644,1.0233854347356033,0.34550012975117134,0.33469257303744665,0.35667381042874985
61,Penmanshiel_Hourly_WT08,d379114cd53cbbe062e0e09b673d66d5a6d103c8d25daba8f040e64926c0f2d0,29517173c81049f19b34e11332f2ecbd,ensemble,ensemble,ensemble_top7_mean,PatchTST,Ensemble,5,time_compress,1.0033149795484486,1.0009821334266389,1.005654531337714,0.3416621387977386,0.3309353101258743,0.3521095338343862
62,Penmanshiel_Hourly_WT08,d379114cd53cbbe062e0e09b673d66d5a6d103c8d25daba8f040e64926c0f2d0,29517173c81049f19b34e11332f2ecbd,ensemble,ensemble,ensemble_top7_mean,PatchTST,Ensemble,6,stuck_sensor,1.0832858206617404,1.0629956827889424,1.1053531848106406,0.36889487146212924,0.3560844920537797,0.38146528128753066
63,Penmanshiel_Hourly_WT08,d379114cd53cbbe062e0e09b673d66d5a6d103c8d25daba8f040e64926c0f2d0,29517173c81049f19b34e11332f2ecbd,ensemble,ensemble,ensemble_top7_mean,PatchTST,Ensemble,7,missing_data,1.0304374517817918,1.0195464149083238,1.0418393797698693,0.35089824317335244,0.33926186594701646,0.36165715868291165
64,Penmanshiel_Hourly_WT08,d379114cd53cbbe062e0e09b673d66d5a6d103c8d25daba8f040e64926c0f2d0,29e5bde26f224b84b86a34b701c5437f,ensemble,ensemble,ensemble_top10_mean,TSMixer,Ensemble,0,drift,1.1290752965863753,1.1165358850175906,1.1429029236966601,0.3910959843423916,0.379146425079023,0.4026968749168237
65,Penmanshiel_Hourly_WT08,d379114cd53cbbe062e0e09b673d66d5a6d103c8d25daba8f040e64926c0f2d0,29e5bde26f224b84b86a34b701c5437f,ensemble,ensemble,ensemble_top10_mean,TSMixer,Ensemble,1,attenuation,1.0561341008258363,1.0480871152772446,1.0645701950762665,0.36583016828802645,0.3545457770049236,0.3761783416461577
66,Penmanshiel_Hourly_WT08,d379114cd53cbbe062e0e09b673d66d5a6d103c8d25daba8f040e64926c0f2d0,29e5bde26f224b84b86a34b701c5437f,ensemble,ensemble,ensemble_top10_mean,TSMixer,Ensemble,2,noise,1.1396484200425598,1.125881640050222,1.1548011736432864,0.3947583673014131,0.38273308791320276,0.4060626195243119
67,Penmanshiel_Hourly_WT08,d379114cd53cbbe062e0e09b673d66d5a6d103c8d25daba8f040e64926c0f2d0,29e5bde26f224b84b86a34b701c5437f,ensemble,ensemble,ensemble_top10_mean,TSMixer,Ensemble,3,spike,1.0914698462865104,1.0754424290259708,1.107545770206576,0.37806997921578006,0.36579551319429504,0.38959326752963186
68,Penmanshiel_Hourly_WT08,d379114cd53cbbe062e0e09b673d66d5a6d103c8d25daba8f040e64926c0f2d0,29e5bde26f224b84b86a34b701c5437f,ensemble,ensemble,ensemble_top10_mean,TSMixer,Ensemble,4,time_stretch,1.0041046832616258,0.9998495505494437,1.0083895275225916,0.3478079014484654,0.33589421063383673,0.35843152933337025
69,Penmanshiel_Hourly_WT08,d379114cd53cbbe062e0e09b673d66d5a6d103c8d25daba8f040e64926c0f2d0,29e5bde26f224b84b86a34b701c5437f,ensemble,ensemble,ensemble_top10_mean,TSMixer,Ensemble,5,time_compress,1.0024557354261223,0.9997168372735731,1.0050812542196552,0.3472367288448266,0.33564024034158163,0.3575794097550942
70,Penmanshiel_Hourly_WT08,d379114cd53cbbe062e0e09b673d66d5a6d103c8d25daba8f040e64926c0f2d0,29e5bde26f224b84b86a34b701c5437f,ensemble,ensemble,ensemble_top10_mean,TSMixer,Ensemble,6,stuck_sensor,1.0215976271579175,1.013143298345564,1.029750016012397,0.3538672139963979,0.3419733013216261,0.3645389134539722
71,Penmanshiel_Hourly_WT08,d379114cd53cbbe062e0e09b673d66d5a6d103c8d25daba8f040e64926c0f2d0,29e5bde26f224b84b86a34b701c5437f,ensemble,ensemble,ensemble_top10_mean,TSMixer,Ensemble,7,missing_data,1.0246066996805723,1.0144595948691322,1.036166680187049,0.35490951488081485,0.34256827921906136,0.3657694926899545
72,Penmanshiel_Hourly_WT08,d379114cd53cbbe062e0e09b673d66d5a6d103c8d25daba8f040e64926c0f2d0,401408fed7a842bbb15e7b4784c89b21,ensemble,ensemble,ensemble_top10_mean,DLinear,Ensemble,0,drift,1.1591143128805566,1.1447433369847901,1.174845681203276,0.3934051074371906,0.38099524997719797,0.40518438350659675
73,Penmanshiel_Hourly_WT08,d379114cd53cbbe062e0e09b673d66d5a6d103c8d25daba8f040e64926c0f2d0,401408fed7a842bbb15e7b4784c89b21,ensemble,ensemble,ensemble_top10_mean,DLinear,Ensemble,1,attenuation,1.1188767930625914,1.1040520975377583,1.134574425736298,0.3797484338623006,0.36825541698398184,0.3911682251345424
74,Penmanshiel_Hourly_WT08,d379114cd53cbbe062e0e09b673d66d5a6d103c8d25daba8f040e64926c0f2d0,401408fed7a842bbb15e7b4784c89b21,ensemble,ensemble,ensemble_top10_mean,DLinear,Ensemble,2,noise,1.2456396493268138,1.2206886206666145,1.2722355379471193,0.4227719342483324,0.40859577158234694,0.4368600153671324
75,Penmanshiel_Hourly_WT08,d379114cd53cbbe062e0e09b673d66d5a6d103c8d25daba8f040e64926c0f2d0,401408fed7a842bbb15e7b4784c89b21,ensemble,ensemble,ensemble_top10_mean,DLinear,Ensemble,3,spike,1.1430991154234522,1.090628594917329,1.2052805237613362,0.38796952579849747,0.3667954170559248,0.41338552156283215
76,Penmanshiel_Hourly_WT08,d379114cd53cbbe062e0e09b673d66d5a6d103c8d25daba8f040e64926c0f2d0,401408fed7a842bbb15e7b4784c89b21,ensemble,ensemble,ensemble_top10_mean,DLinear,Ensemble,4,time_stretch,1.0129003217812687,1.0053058324519226,1.0218363240114423,0.3437798631985206,0.33228408205324433,0.3550596400128055
77,Penmanshiel_Hourly_WT08,d379114cd53cbbe062e0e09b673d66d5a6d103c8d25daba8f040e64926c0f2d0,401408fed7a842bbb15e7b4784c89b21,ensemble,ensemble,ensemble_top10_mean,DLinear,Ensemble,5,time_compress,1.0034925566594066,1.001508245351613,1.005512098588738,0.3405868538400973,0.32886297300094797,0.3516974050896219
78,Penmanshiel_Hourly_WT08,d379114cd53cbbe062e0e09b673d66d5a6d103c8d25daba8f040e64926c0f2d0,401408fed7a842bbb15e7b4784c89b21,ensemble,ensemble,ensemble_top10_mean,DLinear,Ensemble,6,stuck_sensor,1.0655030910066128,1.048737579262642,1.0845541228466589,0.36163332066050496,0.3489345526422407,0.37369374457629034
79,Penmanshiel_Hourly_WT08,d379114cd53cbbe062e0e09b673d66d5a6d103c8d25daba8f040e64926c0f2d0,401408fed7a842bbb15e7b4784c89b21,ensemble,ensemble,ensemble_top10_mean,DLinear,Ensemble,7,missing_data,1.0267276984520928,1.0158716566974104,1.039124905165394,0.3484728952354053,0.336170251925535,0.3597427331414312
80,Penmanshiel_Hourly_WT08,d379114cd53cbbe062e0e09b673d66d5a6d103c8d25daba8f040e64926c0f2d0,651591c4ae784e8495f849b46157672c,fault_augmentation,fault_augmentation,fa_profholdout_simple_mix0.75_sev1.0_frac0.1,ModernTCN,ModernTCN,0,drift,1.0749148295925768,1.065405474374771,1.0849173640309009,0.36291924686591953,0.3511435104919987,0.3738101736775074
81,Penmanshiel_Hourly_WT08,d379114cd53cbbe062e0e09b673d66d5a6d103c8d25daba8f040e64926c0f2d0,651591c4ae784e8495f849b46157672c,fault_augmentation,fault_augmentation,fa_profholdout_simple_mix0.75_sev1.0_frac0.1,ModernTCN,ModernTCN,1,attenuation,1.0892309221562801,1.0783682618114752,1.1015943939792474,0.36775273263450947,0.35721104648418756,0.37774895198342634
82,Penmanshiel_Hourly_WT08,d379114cd53cbbe062e0e09b673d66d5a6d103c8d25daba8f040e64926c0f2d0,651591c4ae784e8495f849b46157672c,fault_augmentation,fault_augmentation,fa_profholdout_simple_mix0.75_sev1.0_frac0.1,ModernTCN,ModernTCN,2,noise,1.1652380953246055,1.1479568846658144,1.1838879813865144,0.3934147342026816,0.3810702942543509,0.4055649201103425
83,Penmanshiel_Hourly_WT08,d379114cd53cbbe062e0e09b673d66d5a6d103c8d25daba8f040e64926c0f2d0,651591c4ae784e8495f849b46157672c,fault_augmentation,fault_augmentation,fa_profholdout_simple_mix0.75_sev1.0_frac0.1,ModernTCN,ModernTCN,3,spike,1.0910646814184168,1.0624876645977324,1.1261745723687022,0.36837185752889784,0.35417163820627495,0.383296713968665
84,Penmanshiel_Hourly_WT08,d379114cd53cbbe062e0e09b673d66d5a6d103c8d25daba8f040e64926c0f2d0,651591c4ae784e8495f849b46157672c,fault_augmentation,fault_augmentation,fa_profholdout_simple_mix0.75_sev1.0_frac0.1,ModernTCN,ModernTCN,4,time_stretch,1.004582868409402,0.9987059492939215,1.0107001515361436,0.33917334469720956,0.3276765753581267,0.3492554724064237
85,Penmanshiel_Hourly_WT08,d379114cd53cbbe062e0e09b673d66d5a6d103c8d25daba8f040e64926c0f2d0,651591c4ae784e8495f849b46157672c,fault_augmentation,fault_augmentation,fa_profholdout_simple_mix0.75_sev1.0_frac0.1,ModernTCN,ModernTCN,5,time_compress,1.0025179783168343,0.9992885068340421,1.0057321581398009,0.3384761840137537,0.3270664668822117,0.34872746606732924
86,Penmanshiel_Hourly_WT08,d379114cd53cbbe062e0e09b673d66d5a6d103c8d25daba8f040e64926c0f2d0,651591c4ae784e8495f849b46157672c,fault_augmentation,fault_augmentation,fa_profholdout_simple_mix0.75_sev1.0_frac0.1,ModernTCN,ModernTCN,6,stuck_sensor,1.0366155494936395,1.0259210858865493,1.0488421217474304,0.34998841224874194,0.3385270298977336,0.36099391433506073
87,Penmanshiel_Hourly_WT08,d379114cd53cbbe062e0e09b673d66d5a6d103c8d25daba8f040e64926c0f2d0,651591c4ae784e8495f849b46157672c,fault_augmentation,fault_augmentation,fa_profholdout_simple_mix0.75_sev1.0_frac0.1,ModernTCN,ModernTCN,7,missing_data,1.0254828735859671,1.0156385375655788,1.0366538783525823,0.34622973086786807,0.33444019599757085,0.35656599175640935
88,Penmanshiel_Hourly_WT08,d379114cd53cbbe062e0e09b673d66d5a6d103c8d25daba8f040e64926c0f2d0,52c00c5da9904a2f9f778182a4d4f9c7,fault_augmentation,fault_augmentation,fa_profholdout_varying_mix0.75_sev0.75_frac0.1,GRU,GRU,0,drift,1.065359924617679,1.056413312856002,1.074580455727011,0.3676504317670566,0.3564858153417784,0.37825914112375736
89,Penmanshiel_Hourly_WT08,d379114cd53cbbe062e0e09b673d66d5a6d103c8d25daba8f040e64926c0f2d0,52c00c5da9904a2f9f778182a4d4f9c7,fault_augmentation,fault_augmentation,fa_profholdout_varying_mix0.75_sev0.75_frac0.1,GRU,GRU,1,attenuation,1.0627461583313398,1.0555504127463775,1.0708710665582213,0.3667484339712828,0.35562463466445743,0.37763590342974074
90,Penmanshiel_Hourly_WT08,d379114cd53cbbe062e0e09b673d66d5a6d103c8d25daba8f040e64926c0f2d0,52c00c5da9904a2f9f778182a4d4f9c7,fault_augmentation,fault_augmentation,fa_profholdout_varying_mix0.75_sev0.75_frac0.1,GRU,GRU,2,noise,1.022093333565844,1.0171661490000221,1.0275548272339068,0.3527193455550383,0.3418317752657943,0.3633606159327867
91,Penmanshiel_Hourly_WT08,d379114cd53cbbe062e0e09b673d66d5a6d103c8d25daba8f040e64926c0f2d0,52c00c5da9904a2f9f778182a4d4f9c7,fault_augmentation,fault_augmentation,fa_profholdout_varying_mix0.75_sev0.75_frac0.1,GRU,GRU,3,spike,1.011076496835051,1.0071135408314276,1.0153991538161449,0.34891748978105025,0.33824216666328794,0.35947630746604264
92,Penmanshiel_Hourly_WT08,d379114cd53cbbe062e0e09b673d66d5a6d103c8d25daba8f040e64926c0f2d0,52c00c5da9904a2f9f778182a4d4f9c7,fault_augmentation,fault_augmentation,fa_profholdout_varying_mix0.75_sev0.75_frac0.1,GRU,GRU,4,time_stretch,1.0056014094608214,1.0023497077663572,1.0086209888760551,0.34702806425397287,0.33635636040223355,0.35770864288246523
93,Penmanshiel_Hourly_WT08,d379114cd53cbbe062e0e09b673d66d5a6d103c8d25daba8f040e64926c0f2d0,52c00c5da9904a2f9f778182a4d4f9c7,fault_augmentation,fault_augmentation,fa_profholdout_varying_mix0.75_sev0.75_frac0.1,GRU,GRU,5,time_compress,1.0007589386725408,0.9993267173983365,1.002249131147899,0.34535695157647134,0.3350099795041146,0.35574473174953003
94,Penmanshiel_Hourly_WT08,d379114cd53cbbe062e0e09b673d66d5a6d103c8d25daba8f040e64926c0f2d0,52c00c5da9904a2f9f778182a4d4f9c7,fault_augmentation,fault_augmentation,fa_profholdout_varying_mix0.75_sev0.75_frac0.1,GRU,GRU,6,stuck_sensor,1.0238348088422902,1.0166198516545013,1.0309428459777585,0.35332032004497593,0.34280617074038233,0.3637131154507726
95,Penmanshiel_Hourly_WT08,d379114cd53cbbe062e0e09b673d66d5a6d103c8d25daba8f040e64926c0f2d0,52c00c5da9904a2f9f778182a4d4f9c7,fault_augmentation,fault_augmentation,fa_profholdout_varying_mix0.75_sev0.75_frac0.1,GRU,GRU,7,missing_data,1.0323027068606336,1.0235029917122558,1.0430894877041172,0.3562425496977579,0.344976627172398,0.3667440496063216
96,Penmanshiel_Hourly_WT08,d379114cd53cbbe062e0e09b673d66d5a6d103c8d25daba8f040e64926c0f2d0,8de8897ab702492cb893ddfa509a8a1a,fault_augmentation,fault_augmentation,fa_profholdout_simple_mix1.0_sev1.0_frac0.1,PatchTST,PatchTST,0,drift,1.2154908908912405,1.1976235085870215,1.2355473127808376,0.41963208787216716,0.4072935442195291,0.43097126864423974
97,Penmanshiel_Hourly_WT08,d379114cd53cbbe062e0e09b673d66d5a6d103c8d25daba8f040e64926c0f2d0,8de8897ab702492cb893ddfa509a8a1a,fault_augmentation,fault_augmentation,fa_profholdout_simple_mix1.0_sev1.0_frac0.1,PatchTST,PatchTST,1,attenuation,1.12262215165031,1.1085072853951374,1.1382315660052669,0.3875703889834549,0.3766440585763169,0.3988432322158779
98,Penmanshiel_Hourly_WT08,d379114cd53cbbe062e0e09b673d66d5a6d103c8d25daba8f040e64926c0f2d0,8de8897ab702492cb893ddfa509a8a1a,fault_augmentation,fault_augmentation,fa_profholdout_simple_mix1.0_sev1.0_frac0.1,PatchTST,PatchTST,2,noise,1.221526708837802,1.1996645021565129,1.2459488298391836,0.4217158738601269,0.40822059024948687,0.43478105176628423
99,Penmanshiel_Hourly_WT08,d379114cd53cbbe062e0e09b673d66d5a6d103c8d25daba8f040e64926c0f2d0,8de8897ab702492cb893ddfa509a8a1a,fault_augmentation,fault_augmentation,fa_profholdout_simple_mix1.0_sev1.0_frac0.1,PatchTST,PatchTST,3,spike,1.2118729453944084,1.1430023729472654,1.2927647654132435,0.41838304023715756,0.39315257693001365,0.4491050600638618
100,Penmanshiel_Hourly_WT08,d379114cd53cbbe062e0e09b673d66d5a6d103c8d25daba8f040e64926c0f2d0,8de8897ab702492cb893ddfa509a8a1a,fault_augmentation,fault_augmentation,fa_profholdout_simple_mix1.0_sev1.0_frac0.1,PatchTST,PatchTST,4,time_stretch,1.0141676941502098,1.0069982146545127,1.0228263357951386,0.3501279278503731,0.3395425627380091,0.3607538529959824
101,Penmanshiel_Hourly_WT08,d379114cd53cbbe062e0e09b673d66d5a6d103c8d25daba8f040e64926c0f2d0,8de8897ab702492cb893ddfa509a8a1a,fault_augmentation,fault_augmentation,fa_profholdout_simple_mix1.0_sev1.0_frac0.1,PatchTST,PatchTST,5,time_compress,1.006024478701491,1.0028928616928134,1.0091371525721324,0.3473165908618801,0.3366396639861089,0.3571704375259792
102,Penmanshiel_Hourly_WT08,d379114cd53cbbe062e0e09b673d66d5a6d103c8d25daba8f040e64926c0f2d0,8de8897ab702492cb893ddfa509a8a1a,fault_augmentation,fault_augmentation,fa_profholdout_simple_mix1.0_sev1.0_frac0.1,PatchTST,PatchTST,6,stuck_sensor,1.083581195406991,1.063589057309943,1.106441928409778,0.3740920173200544,0.3611354841554057,0.38688727448767984
103,Penmanshiel_Hourly_WT08,d379114cd53cbbe062e0e09b673d66d5a6d103c8d25daba8f040e64926c0f2d0,8de8897ab702492cb893ddfa509a8a1a,fault_augmentation,fault_augmentation,fa_profholdout_simple_mix1.0_sev1.0_frac0.1,PatchTST,PatchTST,7,missing_data,1.0296775974494536,1.0185470338872227,1.0420150850868715,0.3554825159866814,0.3439501745231633,0.36610584289396314
104,Penmanshiel_Hourly_WT08,d379114cd53cbbe062e0e09b673d66d5a6d103c8d25daba8f040e64926c0f2d0,8ca1140a4ea94cb5a5f0d98a278ed380,fault_augmentation,fault_augmentation,fa_profholdout_simple_mix0.75_sev0.75_frac0.1,TSMixer,TSMixer,0,drift,1.0925710933644424,1.0807908095242682,1.1052694100928084,0.3884981925141881,0.3764930112701983,0.39940494256523146
105,Penmanshiel_Hourly_WT08,d379114cd53cbbe062e0e09b673d66d5a6d103c8d25daba8f040e64926c0f2d0,8ca1140a4ea94cb5a5f0d98a278ed380,fault_augmentation,fault_augmentation,fa_profholdout_simple_mix0.75_sev0.75_frac0.1,TSMixer,TSMixer,1,attenuation,1.0685259526200899,1.0578259844411553,1.079484307617494,0.37994818256548607,0.3689303942251996,0.3902880228718705
106,Penmanshiel_Hourly_WT08,d379114cd53cbbe062e0e09b673d66d5a6d103c8d25daba8f040e64926c0f2d0,8ca1140a4ea94cb5a5f0d98a278ed380,fault_augmentation,fault_augmentation,fa_profholdout_simple_mix0.75_sev0.75_frac0.1,TSMixer,TSMixer,2,noise,1.1648328181365486,1.148212655165224,1.1830002491406775,0.4141931332209497,0.4017097280699204,0.42614657093565417
107,Penmanshiel_Hourly_WT08,d379114cd53cbbe062e0e09b673d66d5a6d103c8d25daba8f040e64926c0f2d0,8ca1140a4ea94cb5a5f0d98a278ed380,fault_augmentation,fault_augmentation,fa_profholdout_simple_mix0.75_sev0.75_frac0.1,TSMixer,TSMixer,3,spike,1.1082805362218002,1.0855444928954874,1.1327491899631892,0.39408418155650726,0.3803748614264662,0.40851501962168757
108,Penmanshiel_Hourly_WT08,d379114cd53cbbe062e0e09b673d66d5a6d103c8d25daba8f040e64926c0f2d0,8ca1140a4ea94cb5a5f0d98a278ed380,fault_augmentation,fault_augmentation,fa_profholdout_simple_mix0.75_sev0.75_frac0.1,TSMixer,TSMixer,4,time_stretch,1.0010175107712997,0.9956387627681703,1.0064954756295899,0.3559434218712035,0.3447374867147452,0.3660760245242744
109,Penmanshiel_Hourly_WT08,d379114cd53cbbe062e0e09b673d66d5a6d103c8d25daba8f040e64926c0f2d0,8ca1140a4ea94cb5a5f0d98a278ed380,fault_augmentation,fault_augmentation,fa_profholdout_simple_mix0.75_sev0.75_frac0.1,TSMixer,TSMixer,5,time_compress,0.9975321094813794,0.9942713656429389,1.000751372258879,0.3547040772559703,0.343344477819195,0.36498370417990544
110,Penmanshiel_Hourly_WT08,d379114cd53cbbe062e0e09b673d66d5a6d103c8d25daba8f040e64926c0f2d0,8ca1140a4ea94cb5a5f0d98a278ed380,fault_augmentation,fault_augmentation,fa_profholdout_simple_mix0.75_sev0.75_frac0.1,TSMixer,TSMixer,6,stuck_sensor,1.0235500706518268,1.0137800816115887,1.0337808721738235,0.3639555858754204,0.3524195797255484,0.3753068547229654
111,Penmanshiel_Hourly_WT08,d379114cd53cbbe062e0e09b673d66d5a6d103c8d25daba8f040e64926c0f2d0,8ca1140a4ea94cb5a5f0d98a278ed380,fault_augmentation,fault_augmentation,fa_profholdout_simple_mix0.75_sev0.75_frac0.1,TSMixer,TSMixer,7,missing_data,1.0158137615097753,1.0054605247682575,1.0267486671366162,0.3612046965862275,0.3489023340954345,0.37204566143098317
112,Penmanshiel_Hourly_WT08,d379114cd53cbbe062e0e09b673d66d5a6d103c8d25daba8f040e64926c0f2d0,51a4c75f152d495eaea0c1425385cee7,fault_augmentation,fault_augmentation,fa_profholdout_simple_mix0.75_sev1.0_frac0.1,DLinear,DLinear,0,drift,1.1542003062629207,1.1400952076040891,1.1695974914314196,0.3922396707581589,0.37983236951431987,0.40411625804199747
113,Penmanshiel_Hourly_WT08,d379114cd53cbbe062e0e09b673d66d5a6d103c8d25daba8f040e64926c0f2d0,51a4c75f152d495eaea0c1425385cee7,fault_augmentation,fault_augmentation,fa_profholdout_simple_mix0.75_sev1.0_frac0.1,DLinear,DLinear,1,attenuation,1.118931350750653,1.1041155059470467,1.1345237004215516,0.38025398385177833,0.3686437292022395,0.39162895382863905
114,Penmanshiel_Hourly_WT08,d379114cd53cbbe062e0e09b673d66d5a6d103c8d25daba8f040e64926c0f2d0,51a4c75f152d495eaea0c1425385cee7,fault_augmentation,fault_augmentation,fa_profholdout_simple_mix0.75_sev1.0_frac0.1,DLinear,DLinear,2,noise,1.2546756989866592,1.2292849214539707,1.2822566991423254,0.4263849007909419,0.41207604560899025,0.44036303785267955
115,Penmanshiel_Hourly_WT08,d379114cd53cbbe062e0e09b673d66d5a6d103c8d25daba8f040e64926c0f2d0,51a4c75f152d495eaea0c1425385cee7,fault_augmentation,fault_augmentation,fa_profholdout_simple_mix0.75_sev1.0_frac0.1,DLinear,DLinear,3,spike,1.1489228947615797,1.0940767929166824,1.2137499081730172,0.39044621243163713,0.36834165521173823,0.4167211230663152
116,Penmanshiel_Hourly_WT08,d379114cd53cbbe062e0e09b673d66d5a6d103c8d25daba8f040e64926c0f2d0,51a4c75f152d495eaea0c1425385cee7,fault_augmentation,fault_augmentation,fa_profholdout_simple_mix0.75_sev1.0_frac0.1,DLinear,DLinear,4,time_stretch,1.0125424075963363,1.0050507575149759,1.0212973752508128,0.344099112111819,0.3326318318172,0.3553693904793367
117,Penmanshiel_Hourly_WT08,d379114cd53cbbe062e0e09b673d66d5a6d103c8d25daba8f040e64926c0f2d0,51a4c75f152d495eaea0c1425385cee7,fault_augmentation,fault_augmentation,fa_profholdout_simple_mix0.75_sev1.0_frac0.1,DLinear,DLinear,5,time_compress,1.0030798808794141,1.0011859821233628,1.0049657917100931,0.34088339786893923,0.32920381157793105,0.3518617821346674
118,Penmanshiel_Hourly_WT08,d379114cd53cbbe062e0e09b673d66d5a6d103c8d25daba8f040e64926c0f2d0,51a4c75f152d495eaea0c1425385cee7,fault_augmentation,fault_augmentation,fa_profholdout_simple_mix0.75_sev1.0_frac0.1,DLinear,DLinear,6,stuck_sensor,1.0643629093140499,1.047851471863937,1.0831018711617921,0.3617096225422749,0.3489099664484501,0.373821398956741
119,Penmanshiel_Hourly_WT08,d379114cd53cbbe062e0e09b673d66d5a6d103c8d25daba8f040e64926c0f2d0,51a4c75f152d495eaea0c1425385cee7,fault_augmentation,fault_augmentation,fa_profholdout_simple_mix0.75_sev1.0_frac0.1,DLinear,DLinear,7,missing_data,1.025599439174339,1.0147984878058336,1.03803349624209,0.34853637117287145,0.33625863920037985,0.3598342376633137
120,Penmanshiel_Hourly_WT08,d379114cd53cbbe062e0e09b673d66d5a6d103c8d25daba8f040e64926c0f2d0,7a63d1e925c54195820e2bbc7a31aa01,adversarial_training,adversarial_training,advtrain_eps0.05_steps3_alpha0.02_channelsall,GRU,GRU,0,drift,1.0317764121263695,1.0251641970353664,1.0387446806526845,0.35116846501655963,0.3397579112527438,0.36150073010046335
121,Penmanshiel_Hourly_WT08,d379114cd53cbbe062e0e09b673d66d5a6d103c8d25daba8f040e64926c0f2d0,7a63d1e925c54195820e2bbc7a31aa01,adversarial_training,adversarial_training,advtrain_eps0.05_steps3_alpha0.02_channelsall,GRU,GRU,1,attenuation,1.037146794611287,1.031221347555692,1.0434599773947755,0.3529962922004488,0.34193508125539607,0.3637061330139188
122,Penmanshiel_Hourly_WT08,d379114cd53cbbe062e0e09b673d66d5a6d103c8d25daba8f040e64926c0f2d0,7a63d1e925c54195820e2bbc7a31aa01,adversarial_training,adversarial_training,advtrain_eps0.05_steps3_alpha0.02_channelsall,GRU,GRU,2,noise,1.0119196094065304,1.00807614787275,1.0157343587027956,0.34441013748618715,0.332854453090406,0.3554335673856296
123,Penmanshiel_Hourly_WT08,d379114cd53cbbe062e0e09b673d66d5a6d103c8d25daba8f040e64926c0f2d0,7a63d1e925c54195820e2bbc7a31aa01,adversarial_training,adversarial_training,advtrain_eps0.05_steps3_alpha0.02_channelsall,GRU,GRU,3,spike,1.0054976568019554,1.0024129383632132,1.0086162830755225,0.3422244049844041,0.33077468440311786,0.3527787951611265
124,Penmanshiel_Hourly_WT08,d379114cd53cbbe062e0e09b673d66d5a6d103c8d25daba8f040e64926c0f2d0,7a63d1e925c54195820e2bbc7a31aa01,adversarial_training,adversarial_training,advtrain_eps0.05_steps3_alpha0.02_channelsall,GRU,GRU,4,time_stretch,1.0047612832133535,1.0022223297069417,1.007627384376073,0.34197377783326083,0.33053939395284293,0.3524907307969483
125,Penmanshiel_Hourly_WT08,d379114cd53cbbe062e0e09b673d66d5a6d103c8d25daba8f040e64926c0f2d0,7a63d1e925c54195820e2bbc7a31aa01,adversarial_training,adversarial_training,advtrain_eps0.05_steps3_alpha0.02_channelsall,GRU,GRU,5,time_compress,1.0008075268722019,1.00027377361585,1.001340617091239,0.34062810397499704,0.32909713075550634,0.35126761691311276
126,Penmanshiel_Hourly_WT08,d379114cd53cbbe062e0e09b673d66d5a6d103c8d25daba8f040e64926c0f2d0,7a63d1e925c54195820e2bbc7a31aa01,adversarial_training,adversarial_training,advtrain_eps0.05_steps3_alpha0.02_channelsall,GRU,GRU,6,stuck_sensor,1.0213935344007719,1.0151651278558398,1.0281810149385562,0.3476346187389165,0.33654725484385445,0.358657429339069
127,Penmanshiel_Hourly_WT08,d379114cd53cbbe062e0e09b673d66d5a6d103c8d25daba8f040e64926c0f2d0,7a63d1e925c54195820e2bbc7a31aa01,adversarial_training,adversarial_training,advtrain_eps0.05_steps3_alpha0.02_channelsall,GRU,GRU,7,missing_data,1.0272006319653195,1.0189031149571093,1.0370770605731168,0.34961108332366203,0.3373814446155794,0.36030631569232086
128,Penmanshiel_Hourly_WT08,d379114cd53cbbe062e0e09b673d66d5a6d103c8d25daba8f040e64926c0f2d0,023de9cd90734acb81a29ace5ded1ffb,adaptive_robust_loss,adaptive_robust_loss,arl_alo0.001_ainit1.0_slo1e-05_sinit0.1,PatchTST,PatchTST,0,drift,1.1595284550918787,1.1434421820881928,1.1771327578189255,0.4448568368287626,0.4317699894789863,0.4576068485121219
129,Penmanshiel_Hourly_WT08,d379114cd53cbbe062e0e09b673d66d5a6d103c8d25daba8f040e64926c0f2d0,023de9cd90734acb81a29ace5ded1ffb,adaptive_robust_loss,adaptive_robust_loss,arl_alo0.001_ainit1.0_slo1e-05_sinit0.1,PatchTST,PatchTST,1,attenuation,1.0909006195728257,1.0784661888168352,1.1049251210123912,0.41852754607841924,0.40693142848075603,0.42943055206106157
130,Penmanshiel_Hourly_WT08,d379114cd53cbbe062e0e09b673d66d5a6d103c8d25daba8f040e64926c0f2d0,023de9cd90734acb81a29ace5ded1ffb,adaptive_robust_loss,adaptive_robust_loss,arl_alo0.001_ainit1.0_slo1e-05_sinit0.1,PatchTST,PatchTST,2,noise,1.3633999772411485,1.3326617340544533,1.4009757062823198,0.5230728047634199,0.5066407407428759,0.5391970743910832
131,Penmanshiel_Hourly_WT08,d379114cd53cbbe062e0e09b673d66d5a6d103c8d25daba8f040e64926c0f2d0,023de9cd90734acb81a29ace5ded1ffb,adaptive_robust_loss,adaptive_robust_loss,arl_alo0.001_ainit1.0_slo1e-05_sinit0.1,PatchTST,PatchTST,3,spike,1.7718300378308731,1.6483029256609267,1.9098996202544574,0.6797683166517657,0.6304464612977655,0.7347060607439684
132,Penmanshiel_Hourly_WT08,d379114cd53cbbe062e0e09b673d66d5a6d103c8d25daba8f040e64926c0f2d0,023de9cd90734acb81a29ace5ded1ffb,adaptive_robust_loss,adaptive_robust_loss,arl_alo0.001_ainit1.0_slo1e-05_sinit0.1,PatchTST,PatchTST,4,time_stretch,1.0143679266693553,1.0042342720061845,1.0260489072941592,0.3891655312615192,0.377107327677681,0.4010736798112685
133,Penmanshiel_Hourly_WT08,d379114cd53cbbe062e0e09b673d66d5a6d103c8d25daba8f040e64926c0f2d0,023de9cd90734acb81a29ace5ded1ffb,adaptive_robust_loss,adaptive_robust_loss,arl_alo0.001_ainit1.0_slo1e-05_sinit0.1,PatchTST,PatchTST,5,time_compress,1.0144967324408067,1.005862386642301,1.023491795996435,0.3892149480117521,0.37714693901634294,0.40044921561468355
134,Penmanshiel_Hourly_WT08,d379114cd53cbbe062e0e09b673d66d5a6d103c8d25daba8f040e64926c0f2d0,023de9cd90734acb81a29ace5ded1ffb,adaptive_robust_loss,adaptive_robust_loss,arl_alo0.001_ainit1.0_slo1e-05_sinit0.1,PatchTST,PatchTST,6,stuck_sensor,1.0958977251643405,1.0743087408335166,1.118956527399398,0.42044470177820276,0.40603126720391375,0.4345582972022891
135,Penmanshiel_Hourly_WT08,d379114cd53cbbe062e0e09b673d66d5a6d103c8d25daba8f040e64926c0f2d0,023de9cd90734acb81a29ace5ded1ffb,adaptive_robust_loss,adaptive_robust_loss,arl_alo0.001_ainit1.0_slo1e-05_sinit0.1,PatchTST,PatchTST,7,missing_data,1.0412161375152236,1.026046233212274,1.0562860255368731,0.3994659340666045,0.38706392554872904,0.4116274843404143
136,Penmanshiel_Hourly_WT08,d379114cd53cbbe062e0e09b673d66d5a6d103c8d25daba8f040e64926c0f2d0,c138b1d89f6f4cee9ebf78be7b3622bb,adaptive_robust_loss,adaptive_robust_loss,arl_alo0.5_ainit1.0_slo0.01_sinit1.0,ModernTCN,ModernTCN,0,drift,1.045292658251715,1.0367527232265281,1.054173968223396,0.4390861475947313,0.425867662809389,0.45123636942812706
137,Penmanshiel_Hourly_WT08,d379114cd53cbbe062e0e09b673d66d5a6d103c8d25daba8f040e64926c0f2d0,c138b1d89f6f4cee9ebf78be7b3622bb,adaptive_robust_loss,adaptive_robust_loss,arl_alo0.5_ainit1.0_slo0.01_sinit1.0,ModernTCN,ModernTCN,1,attenuation,1.041919111893625,1.032719716732735,1.052468877762404,0.4376690540540731,0.42502317696103215,0.4507210291846053
138,Penmanshiel_Hourly_WT08,d379114cd53cbbe062e0e09b673d66d5a6d103c8d25daba8f040e64926c0f2d0,c138b1d89f6f4cee9ebf78be7b3622bb,adaptive_robust_loss,adaptive_robust_loss,arl_alo0.5_ainit1.0_slo0.01_sinit1.0,ModernTCN,ModernTCN,2,noise,1.252918809639465,1.229775179556165,1.2773670281582925,0.5263016907568207,0.5111974488026777,0.5417147968622658
139,Penmanshiel_Hourly_WT08,d379114cd53cbbe062e0e09b673d66d5a6d103c8d25daba8f040e64926c0f2d0,c138b1d89f6f4cee9ebf78be7b3622bb,adaptive_robust_loss,adaptive_robust_loss,arl_alo0.5_ainit1.0_slo0.01_sinit1.0,ModernTCN,ModernTCN,3,spike,1.1544358424610577,1.1304643696860253,1.181150161749261,0.4849328871775535,0.46845720272482605,0.501405426389135
140,Penmanshiel_Hourly_WT08,d379114cd53cbbe062e0e09b673d66d5a6d103c8d25daba8f040e64926c0f2d0,c138b1d89f6f4cee9ebf78be7b3622bb,adaptive_robust_loss,adaptive_robust_loss,arl_alo0.5_ainit1.0_slo0.01_sinit1.0,ModernTCN,ModernTCN,4,time_stretch,0.9911160092327883,0.9817277002390165,0.9997541621201566,0.4163286777899601,0.40246521960321613,0.428745650135719
141,Penmanshiel_Hourly_WT08,d379114cd53cbbe062e0e09b673d66d5a6d103c8d25daba8f040e64926c0f2d0,c138b1d89f6f4cee9ebf78be7b3622bb,adaptive_robust_loss,adaptive_robust_loss,arl_alo0.5_ainit1.0_slo0.01_sinit1.0,ModernTCN,ModernTCN,5,time_compress,0.999484307525797,0.9912833965552343,1.0074343121930986,0.4198438692824042,0.40732608320414265,0.4318188184441949
142,Penmanshiel_Hourly_WT08,d379114cd53cbbe062e0e09b673d66d5a6d103c8d25daba8f040e64926c0f2d0,c138b1d89f6f4cee9ebf78be7b3622bb,adaptive_robust_loss,adaptive_robust_loss,arl_alo0.5_ainit1.0_slo0.01_sinit1.0,ModernTCN,ModernTCN,6,stuck_sensor,1.00420945087271,0.9933834296915657,1.0164032215055125,0.4218287153182493,0.408383923037919,0.4346180788515252
143,Penmanshiel_Hourly_WT08,d379114cd53cbbe062e0e09b673d66d5a6d103c8d25daba8f040e64926c0f2d0,c138b1d89f6f4cee9ebf78be7b3622bb,adaptive_robust_loss,adaptive_robust_loss,arl_alo0.5_ainit1.0_slo0.01_sinit1.0,ModernTCN,ModernTCN,7,missing_data,1.0105027827141846,0.9967332821947562,1.0248310806249796,0.4244722953835968,0.4107638609036195,0.4371812569387257
144,Penmanshiel_Hourly_WT08,d379114cd53cbbe062e0e09b673d66d5a6d103c8d25daba8f040e64926c0f2d0,7d5da7ac21eb4fd6862ca355d06a7e5f,adaptive_robust_loss,adaptive_robust_loss,arl_alo0.001_ainit1.9_slo0.001_sinit1.0,GRU,GRU,0,drift,1.1294397334973738,1.1169201540325429,1.1429158394138452,0.45994908861989386,0.4469510973766024,0.47145300953532104
145,Penmanshiel_Hourly_WT08,d379114cd53cbbe062e0e09b673d66d5a6d103c8d25daba8f040e64926c0f2d0,7d5da7ac21eb4fd6862ca355d06a7e5f,adaptive_robust_loss,adaptive_robust_loss,arl_alo0.001_ainit1.9_slo0.001_sinit1.0,GRU,GRU,1,attenuation,1.1163052050811126,1.1015650368100067,1.1322127023166384,0.45460022918513276,0.4419434863432768,0.46674576638070286
146,Penmanshiel_Hourly_WT08,d379114cd53cbbe062e0e09b673d66d5a6d103c8d25daba8f040e64926c0f2d0,7d5da7ac21eb4fd6862ca355d06a7e5f,adaptive_robust_loss,adaptive_robust_loss,arl_alo0.001_ainit1.9_slo0.001_sinit1.0,GRU,GRU,2,noise,1.0241213016344863,1.0176409196789369,1.03052826999336,0.41705957861460047,0.4055086305323802,0.4282464867650639
147,Penmanshiel_Hourly_WT08,d379114cd53cbbe062e0e09b673d66d5a6d103c8d25daba8f040e64926c0f2d0,7d5da7ac21eb4fd6862ca355d06a7e5f,adaptive_robust_loss,adaptive_robust_loss,arl_alo0.001_ainit1.9_slo0.001_sinit1.0,GRU,GRU,3,spike,1.0144157972707102,1.0102145809611633,1.0192966433479473,0.41310714294732315,0.40106113196272697,0.42404218797685056
148,Penmanshiel_Hourly_WT08,d379114cd53cbbe062e0e09b673d66d5a6d103c8d25daba8f040e64926c0f2d0,7d5da7ac21eb4fd6862ca355d06a7e5f,adaptive_robust_loss,adaptive_robust_loss,arl_alo0.001_ainit1.9_slo0.001_sinit1.0,GRU,GRU,4,time_stretch,1.0081671944179957,1.0022290310867001,1.0142048707543276,0.41056248376630244,0.39888358869390417,0.42178240962172453
149,Penmanshiel_Hourly_WT08,d379114cd53cbbe062e0e09b673d66d5a6d103c8d25daba8f040e64926c0f2d0,7d5da7ac21eb4fd6862ca355d06a7e5f,adaptive_robust_loss,adaptive_robust_loss,arl_alo0.001_ainit1.9_slo0.001_sinit1.0,GRU,GRU,5,time_compress,1.0002299117162479,0.9959437667887915,1.0047569746025815,0.40733013250707883,0.3956164714904872,0.4183110877543615
150,Penmanshiel_Hourly_WT08,d379114cd53cbbe062e0e09b673d66d5a6d103c8d25daba8f040e64926c0f2d0,7d5da7ac21eb4fd6862ca355d06a7e5f,adaptive_robust_loss,adaptive_robust_loss,arl_alo0.001_ainit1.9_slo0.001_sinit1.0,GRU,GRU,6,stuck_sensor,1.0383963840963129,1.0274804505700426,1.050206195083211,0.42287291329157306,0.41101913403831775,0.434310934971596
151,Penmanshiel_Hourly_WT08,d379114cd53cbbe062e0e09b673d66d5a6d103c8d25daba8f040e64926c0f2d0,7d5da7ac21eb4fd6862ca355d06a7e5f,adaptive_robust_loss,adaptive_robust_loss,arl_alo0.001_ainit1.9_slo0.001_sinit1.0,GRU,GRU,7,missing_data,1.0385897843901222,1.027015715255364,1.0501759808390891,0.4229516729511088,0.41144357566410267,0.4342828788203304
152,Penmanshiel_Hourly_WT08,d379114cd53cbbe062e0e09b673d66d5a6d103c8d25daba8f040e64926c0f2d0,b2646f2ccdcf42c2a586a5aa10952cda,adaptive_robust_loss,adaptive_robust_loss,arl_alo0.001_ainit1.0_slo0.001_sinit0.1,TSMixer,TSMixer,0,drift,1.0732546790416229,1.0630546794362647,1.0847070866034478,0.38746558992029606,0.37327566628023034,0.3999038751235603
153,Penmanshiel_Hourly_WT08,d379114cd53cbbe062e0e09b673d66d5a6d103c8d25daba8f040e64926c0f2d0,b2646f2ccdcf42c2a586a5aa10952cda,adaptive_robust_loss,adaptive_robust_loss,arl_alo0.001_ainit1.0_slo0.001_sinit0.1,TSMixer,TSMixer,1,attenuation,1.023481536127367,1.012677968520425,1.0353601420228142,0.3694965276296192,0.3568082697079981,0.38123079422304135
154,Penmanshiel_Hourly_WT08,d379114cd53cbbe062e0e09b673d66d5a6d103c8d25daba8f040e64926c0f2d0,b2646f2ccdcf42c2a586a5aa10952cda,adaptive_robust_loss,adaptive_robust_loss,arl_alo0.001_ainit1.0_slo0.001_sinit0.1,TSMixer,TSMixer,2,noise,1.1672555906051012,1.1467067554871975,1.1886898633319922,0.4214017276919127,0.40656310046806793,0.4352617119600918
155,Penmanshiel_Hourly_WT08,d379114cd53cbbe062e0e09b673d66d5a6d103c8d25daba8f040e64926c0f2d0,b2646f2ccdcf42c2a586a5aa10952cda,adaptive_robust_loss,adaptive_robust_loss,arl_alo0.001_ainit1.0_slo0.001_sinit0.1,TSMixer,TSMixer,3,spike,1.1399689433403177,1.1053182129754096,1.1789763199372718,0.4115507229994968,0.39444843914233924,0.43023084525304983
156,Penmanshiel_Hourly_WT08,d379114cd53cbbe062e0e09b673d66d5a6d103c8d25daba8f040e64926c0f2d0,b2646f2ccdcf42c2a586a5aa10952cda,adaptive_robust_loss,adaptive_robust_loss,arl_alo0.001_ainit1.0_slo0.001_sinit0.1,TSMixer,TSMixer,4,time_stretch,1.0046523771284697,0.9987382577426357,1.0108252756839424,0.36269883893402877,0.3491189912273781,0.3749096670730565
157,Penmanshiel_Hourly_WT08,d379114cd53cbbe062e0e09b673d66d5a6d103c8d25daba8f040e64926c0f2d0,b2646f2ccdcf42c2a586a5aa10952cda,adaptive_robust_loss,adaptive_robust_loss,arl_alo0.001_ainit1.0_slo0.001_sinit0.1,TSMixer,TSMixer,5,time_compress,0.9937932955889445,0.9898052899384848,0.9979613981847772,0.3587785015557078,0.3457682300947763,0.37060671699495007
158,Penmanshiel_Hourly_WT08,d379114cd53cbbe062e0e09b673d66d5a6d103c8d25daba8f040e64926c0f2d0,b2646f2ccdcf42c2a586a5aa10952cda,adaptive_robust_loss,adaptive_robust_loss,arl_alo0.001_ainit1.0_slo0.001_sinit0.1,TSMixer,TSMixer,6,stuck_sensor,1.018250271586678,1.0090587876842103,1.028002439001869,0.36760794047424133,0.3542586861402343,0.3799213062071833
159,Penmanshiel_Hourly_WT08,d379114cd53cbbe062e0e09b673d66d5a6d103c8d25daba8f040e64926c0f2d0,b2646f2ccdcf42c2a586a5aa10952cda,adaptive_robust_loss,adaptive_robust_loss,arl_alo0.001_ainit1.0_slo0.001_sinit0.1,TSMixer,TSMixer,7,missing_data,1.0214382879807988,1.0094210264153867,1.0353102092165303,0.36875887573401267,0.3544460405430217,0.38074737277631976
160,Penmanshiel_Hourly_WT08,d379114cd53cbbe062e0e09b673d66d5a6d103c8d25daba8f040e64926c0f2d0,005114298d2f467a8d407592de8602be,adaptive_robust_loss,adaptive_robust_loss,arl_alo0.001_ainit1.0_slo0.001_sinit0.1,DLinear,DLinear,0,drift,1.150807610741158,1.1362622274261422,1.1673181684978322,0.41171426510944875,0.3967598115459343,0.42490545959690273
161,Penmanshiel_Hourly_WT08,d379114cd53cbbe062e0e09b673d66d5a6d103c8d25daba8f040e64926c0f2d0,005114298d2f467a8d407592de8602be,adaptive_robust_loss,adaptive_robust_loss,arl_alo0.001_ainit1.0_slo0.001_sinit0.1,DLinear,DLinear,1,attenuation,1.0736920049606278,1.059155841887579,1.088726042924572,0.3841252965746011,0.3712126752220138,0.39676567250580463
162,Penmanshiel_Hourly_WT08,d379114cd53cbbe062e0e09b673d66d5a6d103c8d25daba8f040e64926c0f2d0,005114298d2f467a8d407592de8602be,adaptive_robust_loss,adaptive_robust_loss,arl_alo0.001_ainit1.0_slo0.001_sinit0.1,DLinear,DLinear,2,noise,1.361178219113065,1.3276781126108872,1.3980564473053911,0.48697669787237247,0.46906065751311005,0.5048793234734849
163,Penmanshiel_Hourly_WT08,d379114cd53cbbe062e0e09b673d66d5a6d103c8d25daba8f040e64926c0f2d0,005114298d2f467a8d407592de8602be,adaptive_robust_loss,adaptive_robust_loss,arl_alo0.001_ainit1.0_slo0.001_sinit0.1,DLinear,DLinear,3,spike,1.2103560069359156,1.132361800720831,1.2981211857584194,0.4330183683747906,0.40276800370941124,0.46845359731919456
164,Penmanshiel_Hourly_WT08,d379114cd53cbbe062e0e09b673d66d5a6d103c8d25daba8f040e64926c0f2d0,005114298d2f467a8d407592de8602be,adaptive_robust_loss,adaptive_robust_loss,arl_alo0.001_ainit1.0_slo0.001_sinit0.1,DLinear,DLinear,4,time_stretch,1.0143379947098623,1.0058299203721315,1.0239438385507795,0.36289073704996044,0.34937658436943286,0.3758458848407145
165,Penmanshiel_Hourly_WT08,d379114cd53cbbe062e0e09b673d66d5a6d103c8d25daba8f040e64926c0f2d0,005114298d2f467a8d407592de8602be,adaptive_robust_loss,adaptive_robust_loss,arl_alo0.001_ainit1.0_slo0.001_sinit0.1,DLinear,DLinear,5,time_compress,1.0017371453070698,1.00004670820264,1.0034807852524548,0.358382642557707,0.3446859929873089,0.37094471111705807
166,Penmanshiel_Hourly_WT08,d379114cd53cbbe062e0e09b673d66d5a6d103c8d25daba8f040e64926c0f2d0,005114298d2f467a8d407592de8602be,adaptive_robust_loss,adaptive_robust_loss,arl_alo0.001_ainit1.0_slo0.001_sinit0.1,DLinear,DLinear,6,stuck_sensor,1.070323941318366,1.052445046460684,1.0900189393594912,0.3829203342208828,0.3685668570534467,0.3970627964138274
167,Penmanshiel_Hourly_WT08,d379114cd53cbbe062e0e09b673d66d5a6d103c8d25daba8f040e64926c0f2d0,005114298d2f467a8d407592de8602be,adaptive_robust_loss,adaptive_robust_loss,arl_alo0.001_ainit1.0_slo0.001_sinit0.1,DLinear,DLinear,7,missing_data,1.0283962309161492,1.0175048501422916,1.0413938153937545,0.36792022793478246,0.3541509171049562,0.38062447203198235
168,Penmanshiel_Hourly_WT08,d379114cd53cbbe062e0e09b673d66d5a6d103c8d25daba8f040e64926c0f2d0,3d95ee92f15b4b179f87da658e9416b8,adversarial_training,adversarial_training,advtrain_eps0.05_steps7_alpha0.02_channelsall,PatchTST,PatchTST,0,drift,1.201854409783305,1.1841383226841182,1.2212870958245958,0.41726712214871076,0.404715711062732,0.42902752552792517
169,Penmanshiel_Hourly_WT08,d379114cd53cbbe062e0e09b673d66d5a6d103c8d25daba8f040e64926c0f2d0,3d95ee92f15b4b179f87da658e9416b8,adversarial_training,adversarial_training,advtrain_eps0.05_steps7_alpha0.02_channelsall,PatchTST,PatchTST,1,attenuation,1.1188617070857598,1.1045978174423607,1.133543521356498,0.388453210969409,0.37722180854192966,0.3998966289936812
170,Penmanshiel_Hourly_WT08,d379114cd53cbbe062e0e09b673d66d5a6d103c8d25daba8f040e64926c0f2d0,3d95ee92f15b4b179f87da658e9416b8,adversarial_training,adversarial_training,advtrain_eps0.05_steps7_alpha0.02_channelsall,PatchTST,PatchTST,2,noise,1.1850096883416439,1.166225262719355,1.2059764065942284,0.41141886933028,0.39823084978660944,0.42425995750855144
171,Penmanshiel_Hourly_WT08,d379114cd53cbbe062e0e09b673d66d5a6d103c8d25daba8f040e64926c0f2d0,3d95ee92f15b4b179f87da658e9416b8,adversarial_training,adversarial_training,advtrain_eps0.05_steps7_alpha0.02_channelsall,PatchTST,PatchTST,3,spike,1.1421200374194829,1.0924550691397055,1.2010974876460911,0.3965281795224524,0.3759267331349921,0.4206447372357304
172,Penmanshiel_Hourly_WT08,d379114cd53cbbe062e0e09b673d66d5a6d103c8d25daba8f040e64926c0f2d0,3d95ee92f15b4b179f87da658e9416b8,adversarial_training,adversarial_training,advtrain_eps0.05_steps7_alpha0.02_channelsall,PatchTST,PatchTST,4,time_stretch,1.0142333773587375,1.007025048739007,1.0227461743233162,0.3521277112374635,0.3407371537565982,0.36351043161103835
173,Penmanshiel_Hourly_WT08,d379114cd53cbbe062e0e09b673d66d5a6d103c8d25daba8f040e64926c0f2d0,3d95ee92f15b4b179f87da658e9416b8,adversarial_training,adversarial_training,advtrain_eps0.05_steps7_alpha0.02_channelsall,PatchTST,PatchTST,5,time_compress,1.0017437773123998,0.9996297095374832,1.0039699682558847,0.3477914959474074,0.3369971024268192,0.3582249233489644
174,Penmanshiel_Hourly_WT08,d379114cd53cbbe062e0e09b673d66d5a6d103c8d25daba8f040e64926c0f2d0,3d95ee92f15b4b179f87da658e9416b8,adversarial_training,adversarial_training,advtrain_eps0.05_steps7_alpha0.02_channelsall,PatchTST,PatchTST,6,stuck_sensor,1.088130675051271,1.0683422554027344,1.110281914914244,0.37778382440036273,0.3644310885322134,0.39082391307354664
175,Penmanshiel_Hourly_WT08,d379114cd53cbbe062e0e09b673d66d5a6d103c8d25daba8f040e64926c0f2d0,3d95ee92f15b4b179f87da658e9416b8,adversarial_training,adversarial_training,advtrain_eps0.05_steps7_alpha0.02_channelsall,PatchTST,PatchTST,7,missing_data,1.029450586710684,1.018885683315762,1.0411533545849208,0.3574109145121147,0.34536611317614513,0.3688544068825806
176,Penmanshiel_Hourly_WT08,d379114cd53cbbe062e0e09b673d66d5a6d103c8d25daba8f040e64926c0f2d0,5f9778d7530847b8a65f50d7126c94d5,randomized_training,randomized_training,rt_spaceraw_std0.1_channelscontinuous,PatchTST,PatchTST,0,drift,1.2038515969636967,1.186114766981036,1.2235089370893222,0.4194769411858957,0.4067716512225643,0.43112653701671544
177,Penmanshiel_Hourly_WT08,d379114cd53cbbe062e0e09b673d66d5a6d103c8d25daba8f040e64926c0f2d0,5f9778d7530847b8a65f50d7126c94d5,randomized_training,randomized_training,rt_spaceraw_std0.1_channelscontinuous,PatchTST,PatchTST,1,attenuation,1.1196116901642708,1.1054842246304613,1.1348337851949544,0.39012390587894186,0.3784412716876567,0.4014158746376556
178,Penmanshiel_Hourly_WT08,d379114cd53cbbe062e0e09b673d66d5a6d103c8d25daba8f040e64926c0f2d0,5f9778d7530847b8a65f50d7126c94d5,randomized_training,randomized_training,rt_spaceraw_std0.1_channelscontinuous,PatchTST,PatchTST,2,noise,1.1969231320828342,1.1767036534140387,1.2189268864209455,0.4170627472248889,0.4037087344524158,0.4296818869488565
179,Penmanshiel_Hourly_WT08,d379114cd53cbbe062e0e09b673d66d5a6d103c8d25daba8f040e64926c0f2d0,5f9778d7530847b8a65f50d7126c94d5,randomized_training,randomized_training,rt_spaceraw_std0.1_channelscontinuous,PatchTST,PatchTST,3,spike,1.1518628564016467,1.1024301641064733,1.2116133494812553,0.4013616868455108,0.3809770502008904,0.4245432583088222
180,Penmanshiel_Hourly_WT08,d379114cd53cbbe062e0e09b673d66d5a6d103c8d25daba8f040e64926c0f2d0,5f9778d7530847b8a65f50d7126c94d5,randomized_training,randomized_training,rt_spaceraw_std0.1_channelscontinuous,PatchTST,PatchTST,4,time_stretch,1.013162439869338,1.0060532900409591,1.0217266211455227,0.35303211980009946,0.3421519751111999,0.36376912945207884
181,Penmanshiel_Hourly_WT08,d379114cd53cbbe062e0e09b673d66d5a6d103c8d25daba8f040e64926c0f2d0,5f9778d7530847b8a65f50d7126c94d5,randomized_training,randomized_training,rt_spaceraw_std0.1_channelscontinuous,PatchTST,PatchTST,5,time_compress,1.0048184326889986,1.0020030768813888,1.0073566163723668,0.35012468617782433,0.33891547942856104,0.3602572349277756
182,Penmanshiel_Hourly_WT08,d379114cd53cbbe062e0e09b673d66d5a6d103c8d25daba8f040e64926c0f2d0,5f9778d7530847b8a65f50d7126c94d5,randomized_training,randomized_training,rt_spaceraw_std0.1_channelscontinuous,PatchTST,PatchTST,6,stuck_sensor,1.086105454806717,1.0666235695651711,1.1086445565711567,0.3784488014442337,0.36528152025531996,0.39104669280109267
183,Penmanshiel_Hourly_WT08,d379114cd53cbbe062e0e09b673d66d5a6d103c8d25daba8f040e64926c0f2d0,5f9778d7530847b8a65f50d7126c94d5,randomized_training,randomized_training,rt_spaceraw_std0.1_channelscontinuous,PatchTST,PatchTST,7,missing_data,1.0284949477882985,1.0182685149634814,1.039866679570784,0.3583746666212988,0.34628634459580865,0.3691421977228771
184,Penmanshiel_Hourly_WT08,d379114cd53cbbe062e0e09b673d66d5a6d103c8d25daba8f040e64926c0f2d0,533ed0154c5c4e8195654b6e744969b6,baseline,baseline,baseline,PatchTST,PatchTST,0,drift,1.2020969749579795,1.1842467913516754,1.221097654368627,0.42551623562115126,0.4136868918618407,0.4370109059999589
185,Penmanshiel_Hourly_WT08,d379114cd53cbbe062e0e09b673d66d5a6d103c8d25daba8f040e64926c0f2d0,533ed0154c5c4e8195654b6e744969b6,baseline,baseline,baseline,PatchTST,PatchTST,1,attenuation,1.1210948639340217,1.107804452156852,1.1355783041689422,0.3968432466041995,0.38595252442363287,0.4079658324249997
186,Penmanshiel_Hourly_WT08,d379114cd53cbbe062e0e09b673d66d5a6d103c8d25daba8f040e64926c0f2d0,533ed0154c5c4e8195654b6e744969b6,baseline,baseline,baseline,PatchTST,PatchTST,2,noise,1.1912661562529967,1.1717175107634406,1.212541148129438,0.4216823609005194,0.40896954259874124,0.4341606083536919
187,Penmanshiel_Hourly_WT08,d379114cd53cbbe062e0e09b673d66d5a6d103c8d25daba8f040e64926c0f2d0,533ed0154c5c4e8195654b6e744969b6,baseline,baseline,baseline,PatchTST,PatchTST,3,spike,1.1820953565451309,1.1263649413199983,1.2480754964325027,0.418436096871394,0.39631143903975025,0.4437550091420667
188,Penmanshiel_Hourly_WT08,d379114cd53cbbe062e0e09b673d66d5a6d103c8d25daba8f040e64926c0f2d0,533ed0154c5c4e8195654b6e744969b6,baseline,baseline,baseline,PatchTST,PatchTST,4,time_stretch,1.0126285289224919,1.0052771935712765,1.0212127333615446,0.35844851845230297,0.3480059339148233,0.36911450085153635
189,Penmanshiel_Hourly_WT08,d379114cd53cbbe062e0e09b673d66d5a6d103c8d25daba8f040e64926c0f2d0,533ed0154c5c4e8195654b6e744969b6,baseline,baseline,baseline,PatchTST,PatchTST,5,time_compress,1.0024296768779264,0.9989920775915684,1.0059924370927245,0.35483834621157145,0.3441930095684271,0.3646840657396517
190,Penmanshiel_Hourly_WT08,d379114cd53cbbe062e0e09b673d66d5a6d103c8d25daba8f040e64926c0f2d0,533ed0154c5c4e8195654b6e744969b6,baseline,baseline,baseline,PatchTST,PatchTST,6,stuck_sensor,1.0782130120574291,1.0591494985431267,1.0999768893962247,0.38166400186179483,0.369146252345017,0.39463909881538567
191,Penmanshiel_Hourly_WT08,d379114cd53cbbe062e0e09b673d66d5a6d103c8d25daba8f040e64926c0f2d0,533ed0154c5c4e8195654b6e744969b6,baseline,baseline,baseline,PatchTST,PatchTST,7,missing_data,1.0283510757297598,1.0177559416504893,1.0401151729917293,0.36401395873805015,0.35247397331327424,0.37491110983231846
192,Penmanshiel_Hourly_WT08,d379114cd53cbbe062e0e09b673d66d5a6d103c8d25daba8f040e64926c0f2d0,0f7bc488f0ca48d090b7152800bff9fd,adversarial_training,adversarial_training,advtrain_eps0.2_steps3_alpha0.02_channelsall,ModernTCN,ModernTCN,0,drift,1.0783091458907033,1.0694806030477255,1.0872640125675752,0.36551636398823467,0.3538948720827029,0.3764855232478032
193,Penmanshiel_Hourly_WT08,d379114cd53cbbe062e0e09b673d66d5a6d103c8d25daba8f040e64926c0f2d0,0f7bc488f0ca48d090b7152800bff9fd,adversarial_training,adversarial_training,advtrain_eps0.2_steps3_alpha0.02_channelsall,ModernTCN,ModernTCN,1,attenuation,1.0968177669975008,1.085527657933783,1.109063289185771,0.37179026411712984,0.361420960773887,0.3821304770198258
194,Penmanshiel_Hourly_WT08,d379114cd53cbbe062e0e09b673d66d5a6d103c8d25daba8f040e64926c0f2d0,0f7bc488f0ca48d090b7152800bff9fd,adversarial_training,adversarial_training,advtrain_eps0.2_steps3_alpha0.02_channelsall,ModernTCN,ModernTCN,2,noise,1.1007217972571843,1.0888305904965967,1.1133628516390284,0.37311362017958893,0.36148364479829614,0.3842357218309649
195,Penmanshiel_Hourly_WT08,d379114cd53cbbe062e0e09b673d66d5a6d103c8d25daba8f040e64926c0f2d0,0f7bc488f0ca48d090b7152800bff9fd,adversarial_training,adversarial_training,advtrain_eps0.2_steps3_alpha0.02_channelsall,ModernTCN,ModernTCN,3,spike,1.0593513213176284,1.0375064174834177,1.0849271814464183,0.3590901965635363,0.34615702970671847,0.3723681458894204
196,Penmanshiel_Hourly_WT08,d379114cd53cbbe062e0e09b673d66d5a6d103c8d25daba8f040e64926c0f2d0,0f7bc488f0ca48d090b7152800bff9fd,adversarial_training,adversarial_training,advtrain_eps0.2_steps3_alpha0.02_channelsall,ModernTCN,ModernTCN,4,time_stretch,1.0049284123766662,1.0001094979061045,1.0103888740605194,0.34064236657936997,0.32953610805171374,0.3511151894617813
197,Penmanshiel_Hourly_WT08,d379114cd53cbbe062e0e09b673d66d5a6d103c8d25daba8f040e64926c0f2d0,0f7bc488f0ca48d090b7152800bff9fd,adversarial_training,adversarial_training,advtrain_eps0.2_steps3_alpha0.02_channelsall,ModernTCN,ModernTCN,5,time_compress,0.9972919258520108,0.9951250107898801,0.9996256419634884,0.3380538131957932,0.3270934589152705,0.3485501154935389
198,Penmanshiel_Hourly_WT08,d379114cd53cbbe062e0e09b673d66d5a6d103c8d25daba8f040e64926c0f2d0,0f7bc488f0ca48d090b7152800bff9fd,adversarial_training,adversarial_training,advtrain_eps0.2_steps3_alpha0.02_channelsall,ModernTCN,ModernTCN,6,stuck_sensor,1.0372650915175923,1.0265018520785105,1.0490377505792103,0.351603588069597,0.340068711901349,0.36310637685665736
199,Penmanshiel_Hourly_WT08,d379114cd53cbbe062e0e09b673d66d5a6d103c8d25daba8f040e64926c0f2d0,0f7bc488f0ca48d090b7152800bff9fd,adversarial_training,adversarial_training,advtrain_eps0.2_steps3_alpha0.02_channelsall,ModernTCN,ModernTCN,7,missing_data,1.0295889423579287,1.0192844336698812,1.040139998804488,0.34900159017227417,0.337040358143012,0.35940232136810774
200,Penmanshiel_Hourly_WT08,d379114cd53cbbe062e0e09b673d66d5a6d103c8d25daba8f040e64926c0f2d0,eab37be4347e4eb4b558e1df6fab9afa,adversarial_training,adversarial_training,advtrain_eps0.1_steps3_alpha0.02_channelsall,TSMixer,TSMixer,0,drift,1.0849846899497342,1.0738948396874455,1.0969444897423453,0.3645337426826765,0.35261074791240943,0.3755376922680665
201,Penmanshiel_Hourly_WT08,d379114cd53cbbe062e0e09b673d66d5a6d103c8d25daba8f040e64926c0f2d0,eab37be4347e4eb4b558e1df6fab9afa,adversarial_training,adversarial_training,advtrain_eps0.1_steps3_alpha0.02_channelsall,TSMixer,TSMixer,1,attenuation,1.0767724228743671,1.0660654994987306,1.088709610877228,0.3617745807510626,0.3504544816440295,0.37288713074184443
202,Penmanshiel_Hourly_WT08,d379114cd53cbbe062e0e09b673d66d5a6d103c8d25daba8f040e64926c0f2d0,eab37be4347e4eb4b558e1df6fab9afa,adversarial_training,adversarial_training,advtrain_eps0.1_steps3_alpha0.02_channelsall,TSMixer,TSMixer,2,noise,1.1103591901879053,1.0967268450268897,1.1256672184186276,0.37305908099040097,0.36060601900559935,0.38509896759874246
203,Penmanshiel_Hourly_WT08,d379114cd53cbbe062e0e09b673d66d5a6d103c8d25daba8f040e64926c0f2d0,eab37be4347e4eb4b558e1df6fab9afa,adversarial_training,adversarial_training,advtrain_eps0.1_steps3_alpha0.02_channelsall,TSMixer,TSMixer,3,spike,1.0996547789624245,1.0629534630527422,1.1427543878236763,0.3694626071199542,0.3523953828129955,0.38791810857921694
204,Penmanshiel_Hourly_WT08,d379114cd53cbbe062e0e09b673d66d5a6d103c8d25daba8f040e64926c0f2d0,eab37be4347e4eb4b558e1df6fab9afa,adversarial_training,adversarial_training,advtrain_eps0.1_steps3_alpha0.02_channelsall,TSMixer,TSMixer,4,time_stretch,1.008288454159987,1.0035309614595154,1.0137361602865396,0.3387652999193,0.3270907611839124,0.34924304124148214
205,Penmanshiel_Hourly_WT08,d379114cd53cbbe062e0e09b673d66d5a6d103c8d25daba8f040e64926c0f2d0,eab37be4347e4eb4b558e1df6fab9afa,adversarial_training,adversarial_training,advtrain_eps0.1_steps3_alpha0.02_channelsall,TSMixer,TSMixer,5,time_compress,1.0004090714686915,0.9994468655774897,1.001471951664594,0.3361179806630069,0.3243400341395857,0.3469629181701824
206,Penmanshiel_Hourly_WT08,d379114cd53cbbe062e0e09b673d66d5a6d103c8d25daba8f040e64926c0f2d0,eab37be4347e4eb4b558e1df6fab9afa,adversarial_training,adversarial_training,advtrain_eps0.1_steps3_alpha0.02_channelsall,TSMixer,TSMixer,6,stuck_sensor,1.0406886231158285,1.0293919766484427,1.052901756529949,0.34965112620093275,0.3374951241055477,0.360972405575679
207,Penmanshiel_Hourly_WT08,d379114cd53cbbe062e0e09b673d66d5a6d103c8d25daba8f040e64926c0f2d0,eab37be4347e4eb4b558e1df6fab9afa,adversarial_training,adversarial_training,advtrain_eps0.1_steps3_alpha0.02_channelsall,TSMixer,TSMixer,7,missing_data,1.0243130436198846,1.0150280648248564,1.0354917432708777,0.3441492501490866,0.33189069235196217,0.3557229205930591
208,Penmanshiel_Hourly_WT08,d379114cd53cbbe062e0e09b673d66d5a6d103c8d25daba8f040e64926c0f2d0,dac780dbd1084104adac95e854b5f958,adversarial_training,adversarial_training,advtrain_eps0.05_steps7_alpha0.02_channelsall,DLinear,DLinear,0,drift,1.1527798645106542,1.138795137857147,1.1683265668595009,0.39003211949919353,0.3779647276222878,0.4015745342758374
209,Penmanshiel_Hourly_WT08,d379114cd53cbbe062e0e09b673d66d5a6d103c8d25daba8f040e64926c0f2d0,dac780dbd1084104adac95e854b5f958,adversarial_training,adversarial_training,advtrain_eps0.05_steps7_alpha0.02_channelsall,DLinear,DLinear,1,attenuation,1.121151073060689,1.1058987489358298,1.1364508952284265,0.37933081828270804,0.3679864663431718,0.3908999029801283
210,Penmanshiel_Hourly_WT08,d379114cd53cbbe062e0e09b673d66d5a6d103c8d25daba8f040e64926c0f2d0,dac780dbd1084104adac95e854b5f958,adversarial_training,adversarial_training,advtrain_eps0.05_steps7_alpha0.02_channelsall,DLinear,DLinear,2,noise,1.221883263627264,1.199754145640608,1.2459952669010774,0.4134125983328442,0.4000713552735059,0.426677883095225
211,Penmanshiel_Hourly_WT08,d379114cd53cbbe062e0e09b673d66d5a6d103c8d25daba8f040e64926c0f2d0,dac780dbd1084104adac95e854b5f958,adversarial_training,adversarial_training,advtrain_eps0.05_steps7_alpha0.02_channelsall,DLinear,DLinear,3,spike,1.1298693483066824,1.0795146403004576,1.1887530635762065,0.38228056391694115,0.362793806567654,0.406553278787701
212,Penmanshiel_Hourly_WT08,d379114cd53cbbe062e0e09b673d66d5a6d103c8d25daba8f040e64926c0f2d0,dac780dbd1084104adac95e854b5f958,adversarial_training,adversarial_training,advtrain_eps0.05_steps7_alpha0.02_channelsall,DLinear,DLinear,4,time_stretch,1.0148085507631912,1.007502694384942,1.023873920880019,0.34335083577131154,0.3314245070566004,0.3545339924835809
213,Penmanshiel_Hourly_WT08,d379114cd53cbbe062e0e09b673d66d5a6d103c8d25daba8f040e64926c0f2d0,dac780dbd1084104adac95e854b5f958,adversarial_training,adversarial_training,advtrain_eps0.05_steps7_alpha0.02_channelsall,DLinear,DLinear,5,time_compress,1.001790240783074,1.0007581416245743,1.0028669912251065,0.33894621422112686,0.327685348505938,0.349403915286322
214,Penmanshiel_Hourly_WT08,d379114cd53cbbe062e0e09b673d66d5a6d103c8d25daba8f040e64926c0f2d0,dac780dbd1084104adac95e854b5f958,adversarial_training,adversarial_training,advtrain_eps0.05_steps7_alpha0.02_channelsall,DLinear,DLinear,6,stuck_sensor,1.0650087008514373,1.0487013067167996,1.0833316219809332,0.3603355798155768,0.3475594917461695,0.3724897881393801
215,Penmanshiel_Hourly_WT08,d379114cd53cbbe062e0e09b673d66d5a6d103c8d25daba8f040e64926c0f2d0,dac780dbd1084104adac95e854b5f958,adversarial_training,adversarial_training,advtrain_eps0.05_steps7_alpha0.02_channelsall,DLinear,DLinear,7,missing_data,1.0265370788988342,1.0168161590195814,1.0381900636544845,0.3473190718831494,0.3353262650977986,0.3584206221433141
216,Penmanshiel_Hourly_WT08,d379114cd53cbbe062e0e09b673d66d5a6d103c8d25daba8f040e64926c0f2d0,5ee5587a822c45ed8fbf5dd85e911272,baseline,baseline,baseline,Chronos2,Chronos2,0,drift,1.1599573577847928,1.1456676674408794,1.1775815436316888,0.4656673556226398,0.4505488295620248,0.48113090202027115
217,Penmanshiel_Hourly_WT08,d379114cd53cbbe062e0e09b673d66d5a6d103c8d25daba8f040e64926c0f2d0,5ee5587a822c45ed8fbf5dd85e911272,baseline,baseline,baseline,Chronos2,Chronos2,1,attenuation,1.0531611007773982,1.0406277257537335,1.0669151220420567,0.4227937704367127,0.4091507705200663,0.43668799690527665
218,Penmanshiel_Hourly_WT08,d379114cd53cbbe062e0e09b673d66d5a6d103c8d25daba8f040e64926c0f2d0,5ee5587a822c45ed8fbf5dd85e911272,baseline,baseline,baseline,Chronos2,Chronos2,2,noise,1.028640737589151,1.0203508638086554,1.0375429617956358,0.41295001832966644,0.3987415351661912,0.42757758862256784
219,Penmanshiel_Hourly_WT08,d379114cd53cbbe062e0e09b673d66d5a6d103c8d25daba8f040e64926c0f2d0,5ee5587a822c45ed8fbf5dd85e911272,baseline,baseline,baseline,Chronos2,Chronos2,3,spike,1.0531749952786014,1.0356968483283986,1.0750241155806548,0.42279934841385947,0.4065214503369469,0.43910716700724073
220,Penmanshiel_Hourly_WT08,d379114cd53cbbe062e0e09b673d66d5a6d103c8d25daba8f040e64926c0f2d0,5ee5587a822c45ed8fbf5dd85e911272,baseline,baseline,baseline,Chronos2,Chronos2,4,time_stretch,1.0002913474268522,0.9890935903621076,1.0129439717470372,0.4015690951760746,0.38701024514866955,0.41587847908851666
221,Penmanshiel_Hourly_WT08,d379114cd53cbbe062e0e09b673d66d5a6d103c8d25daba8f040e64926c0f2d0,5ee5587a822c45ed8fbf5dd85e911272,baseline,baseline,baseline,Chronos2,Chronos2,5,time_compress,0.994635108932064,0.9872785107410584,1.0018372813828949,0.3992983861668494,0.38531001744502524,0.41414869796220855
222,Penmanshiel_Hourly_WT08,d379114cd53cbbe062e0e09b673d66d5a6d103c8d25daba8f040e64926c0f2d0,5ee5587a822c45ed8fbf5dd85e911272,baseline,baseline,baseline,Chronos2,Chronos2,6,stuck_sensor,1.0951412621204852,1.0731421142792612,1.1208349474993744,0.43964679575703997,0.4235102969734798,0.45573185756598256
223,Penmanshiel_Hourly_WT08,d379114cd53cbbe062e0e09b673d66d5a6d103c8d25daba8f040e64926c0f2d0,5ee5587a822c45ed8fbf5dd85e911272,baseline,baseline,baseline,Chronos2,Chronos2,7,missing_data,1.0298775696302178,1.0140936033101078,1.0473839327402392,0.4134465471908763,0.3979187215003734,0.4283998203717819
224,Penmanshiel_Hourly_WT08,d379114cd53cbbe062e0e09b673d66d5a6d103c8d25daba8f040e64926c0f2d0,cb61bcad2c6d4727b0470d8f68f17744,randomized_training,randomized_training,rt_spaceraw_std0.2_channelscontinuous,GRU,GRU,0,drift,1.058134926752879,1.0502116765378928,1.0661331782482215,0.35651820707911974,0.3463788855346142,0.3669200552432696
225,Penmanshiel_Hourly_WT08,d379114cd53cbbe062e0e09b673d66d5a6d103c8d25daba8f040e64926c0f2d0,cb61bcad2c6d4727b0470d8f68f17744,randomized_training,randomized_training,rt_spaceraw_std0.2_channelscontinuous,GRU,GRU,1,attenuation,1.0468081080902638,1.040487893451368,1.053794848257801,0.3527018534370582,0.34202031933971005,0.3626805207962663
226,Penmanshiel_Hourly_WT08,d379114cd53cbbe062e0e09b673d66d5a6d103c8d25daba8f040e64926c0f2d0,cb61bcad2c6d4727b0470d8f68f17744,randomized_training,randomized_training,rt_spaceraw_std0.2_channelscontinuous,GRU,GRU,2,noise,1.0153804043197363,1.0108360502416598,1.01971672391457,0.3421128932604333,0.3317159420167464,0.3524884630951753
227,Penmanshiel_Hourly_WT08,d379114cd53cbbe062e0e09b673d66d5a6d103c8d25daba8f040e64926c0f2d0,cb61bcad2c6d4727b0470d8f68f17744,randomized_training,randomized_training,rt_spaceraw_std0.2_channelscontinuous,GRU,GRU,3,spike,1.0076216421654358,1.0043247451458772,1.011049722867478,0.3394987276162719,0.3292983695854114,0.3495841229535252
228,Penmanshiel_Hourly_WT08,d379114cd53cbbe062e0e09b673d66d5a6d103c8d25daba8f040e64926c0f2d0,cb61bcad2c6d4727b0470d8f68f17744,randomized_training,randomized_training,rt_spaceraw_std0.2_channelscontinuous,GRU,GRU,4,time_stretch,1.0069276081559504,1.0037403907162183,1.0102715375648539,0.33926488620866146,0.3288415571083851,0.34949521816412066
229,Penmanshiel_Hourly_WT08,d379114cd53cbbe062e0e09b673d66d5a6d103c8d25daba8f040e64926c0f2d0,cb61bcad2c6d4727b0470d8f68f17744,randomized_training,randomized_training,rt_spaceraw_std0.2_channelscontinuous,GRU,GRU,5,time_compress,1.0003718060913127,0.9990616585449273,1.0017426988962037,0.33705603482406293,0.326874792313453,0.3475653829446442
230,Penmanshiel_Hourly_WT08,d379114cd53cbbe062e0e09b673d66d5a6d103c8d25daba8f040e64926c0f2d0,cb61bcad2c6d4727b0470d8f68f17744,randomized_training,randomized_training,rt_spaceraw_std0.2_channelscontinuous,GRU,GRU,6,stuck_sensor,1.0274934872071133,1.0204503140081869,1.0350439263732747,0.34619416350680987,0.33540517441222734,0.35658151348040484
231,Penmanshiel_Hourly_WT08,d379114cd53cbbe062e0e09b673d66d5a6d103c8d25daba8f040e64926c0f2d0,cb61bcad2c6d4727b0470d8f68f17744,randomized_training,randomized_training,rt_spaceraw_std0.2_channelscontinuous,GRU,GRU,7,missing_data,1.0349775781051083,1.0258824885365383,1.0469010427509127,0.34871578395530817,0.3372378070538005,0.3591955188235837
232,Penmanshiel_Hourly_WT08,d379114cd53cbbe062e0e09b673d66d5a6d103c8d25daba8f040e64926c0f2d0,4d8873025efd4d1da4090bf291037930,randomized_training,randomized_training,rt_spaceraw_std0.1_channelscontinuous,TSMixer,TSMixer,0,drift,1.0709921499545252,1.0586811617932153,1.0843284306409988,0.37730841263514014,0.3655229287655058,0.3884238548364909
233,Penmanshiel_Hourly_WT08,d379114cd53cbbe062e0e09b673d66d5a6d103c8d25daba8f040e64926c0f2d0,4d8873025efd4d1da4090bf291037930,randomized_training,randomized_training,rt_spaceraw_std0.1_channelscontinuous,TSMixer,TSMixer,1,attenuation,1.0665966654204457,1.0573509255209377,1.076364109630019,0.3757598921418889,0.36409156905202483,0.3861583750152314
234,Penmanshiel_Hourly_WT08,d379114cd53cbbe062e0e09b673d66d5a6d103c8d25daba8f040e64926c0f2d0,4d8873025efd4d1da4090bf291037930,randomized_training,randomized_training,rt_spaceraw_std0.1_channelscontinuous,TSMixer,TSMixer,2,noise,1.1825735228595557,1.1645574913949337,1.2020884375534955,0.41661830925038085,0.4046992823347377,0.4285243077346441
235,Penmanshiel_Hourly_WT08,d379114cd53cbbe062e0e09b673d66d5a6d103c8d25daba8f040e64926c0f2d0,4d8873025efd4d1da4090bf291037930,randomized_training,randomized_training,rt_spaceraw_std0.1_channelscontinuous,TSMixer,TSMixer,3,spike,1.111230958747145,1.0914567293379585,1.1319636182721522,0.3914844652537489,0.3782952753545361,0.4035347394225828
236,Penmanshiel_Hourly_WT08,d379114cd53cbbe062e0e09b673d66d5a6d103c8d25daba8f040e64926c0f2d0,4d8873025efd4d1da4090bf291037930,randomized_training,randomized_training,rt_spaceraw_std0.1_channelscontinuous,TSMixer,TSMixer,4,time_stretch,1.0046115431779625,0.9995845466102208,1.0094093009365146,0.35392265637755627,0.3418221183169179,0.36438759189911274
237,Penmanshiel_Hourly_WT08,d379114cd53cbbe062e0e09b673d66d5a6d103c8d25daba8f040e64926c0f2d0,4d8873025efd4d1da4090bf291037930,randomized_training,randomized_training,rt_spaceraw_std0.1_channelscontinuous,TSMixer,TSMixer,5,time_compress,1.0014044221962297,0.99893282824112,1.0039373446938091,0.3527927940094727,0.34063170920363045,0.3633331184629121
238,Penmanshiel_Hourly_WT08,d379114cd53cbbe062e0e09b673d66d5a6d103c8d25daba8f040e64926c0f2d0,4d8873025efd4d1da4090bf291037930,randomized_training,randomized_training,rt_spaceraw_std0.1_channelscontinuous,TSMixer,TSMixer,6,stuck_sensor,1.0248343916628584,1.0170698509706935,1.0325165109345924,0.3610471258343314,0.34917076956802134,0.37155933424380927
239,Penmanshiel_Hourly_WT08,d379114cd53cbbe062e0e09b673d66d5a6d103c8d25daba8f040e64926c0f2d0,4d8873025efd4d1da4090bf291037930,randomized_training,randomized_training,rt_spaceraw_std0.1_channelscontinuous,TSMixer,TSMixer,7,missing_data,1.0225739843038792,1.0121713116717834,1.0332325902986441,0.36025078879996436,0.3472664629848389,0.37141126614664915
240,Penmanshiel_Hourly_WT08,d379114cd53cbbe062e0e09b673d66d5a6d103c8d25daba8f040e64926c0f2d0,38e96ed59f714d25957027c2dc7eb95d,randomized_training,randomized_training,rt_spaceraw_std0.1_channelscontinuous,DLinear,DLinear,0,drift,1.1564543058873868,1.1424176187551107,1.1723291669938234,0.3942992673789384,0.3818615232107686,0.40615949786143635
241,Penmanshiel_Hourly_WT08,d379114cd53cbbe062e0e09b673d66d5a6d103c8d25daba8f040e64926c0f2d0,38e96ed59f714d25957027c2dc7eb95d,randomized_training,randomized_training,rt_spaceraw_std0.1_channelscontinuous,DLinear,DLinear,1,attenuation,1.1191388617734195,1.1041169463860725,1.1345261789967265,0.38157636756253194,0.370135194098248,0.3930849609097309
242,Penmanshiel_Hourly_WT08,d379114cd53cbbe062e0e09b673d66d5a6d103c8d25daba8f040e64926c0f2d0,38e96ed59f714d25957027c2dc7eb95d,randomized_training,randomized_training,rt_spaceraw_std0.1_channelscontinuous,DLinear,DLinear,2,noise,1.2115987468590432,1.1900629797088391,1.2354621331601752,0.4131010588240926,0.3994290390529533,0.4270478309156303
243,Penmanshiel_Hourly_WT08,d379114cd53cbbe062e0e09b673d66d5a6d103c8d25daba8f040e64926c0f2d0,38e96ed59f714d25957027c2dc7eb95d,randomized_training,randomized_training,rt_spaceraw_std0.1_channelscontinuous,DLinear,DLinear,3,spike,1.1215331164126792,1.0770665103650432,1.1740715440638732,0.3823927014594898,0.3637253553794412,0.4042442092817405
244,Penmanshiel_Hourly_WT08,d379114cd53cbbe062e0e09b673d66d5a6d103c8d25daba8f040e64926c0f2d0,38e96ed59f714d25957027c2dc7eb95d,randomized_training,randomized_training,rt_spaceraw_std0.1_channelscontinuous,DLinear,DLinear,4,time_stretch,1.0125349945162,1.0050663642331858,1.0212718710859945,0.3452292100957013,0.33348303571159804,0.3565349729047663
245,Penmanshiel_Hourly_WT08,d379114cd53cbbe062e0e09b673d66d5a6d103c8d25daba8f040e64926c0f2d0,38e96ed59f714d25957027c2dc7eb95d,randomized_training,randomized_training,rt_spaceraw_std0.1_channelscontinuous,DLinear,DLinear,5,time_compress,1.0031450391156223,1.0010988894425323,1.0051646505683158,0.3420276546893874,0.3304532013229042,0.3528847868080303
246,Penmanshiel_Hourly_WT08,d379114cd53cbbe062e0e09b673d66d5a6d103c8d25daba8f040e64926c0f2d0,38e96ed59f714d25957027c2dc7eb95d,randomized_training,randomized_training,rt_spaceraw_std0.1_channelscontinuous,DLinear,DLinear,6,stuck_sensor,1.0643852864069285,1.0480259968201462,1.083309369527878,0.36290784383143765,0.3501815062608489,0.37490027743287124
247,Penmanshiel_Hourly_WT08,d379114cd53cbbe062e0e09b673d66d5a6d103c8d25daba8f040e64926c0f2d0,38e96ed59f714d25957027c2dc7eb95d,randomized_training,randomized_training,rt_spaceraw_std0.1_channelscontinuous,DLinear,DLinear,7,missing_data,1.027011732547703,1.016244761488542,1.0395608837576207,0.35016513118726433,0.33802660154439534,0.36159162430824304
248,Penmanshiel_Hourly_WT08,d379114cd53cbbe062e0e09b673d66d5a6d103c8d25daba8f040e64926c0f2d0,44d49900f195447783004972cddf02af,baseline,baseline,baseline,SeasonalNaive,SeasonalNaive,0,drift,1.1898658696261806,1.1739825167595632,1.2076829246612422,0.4628304125167102,0.44687082461045324,0.4784924879629184
249,Penmanshiel_Hourly_WT08,d379114cd53cbbe062e0e09b673d66d5a6d103c8d25daba8f040e64926c0f2d0,44d49900f195447783004972cddf02af,baseline,baseline,baseline,SeasonalNaive,SeasonalNaive,1,attenuation,1.0400140920305696,1.0268289280493703,1.0541919710431338,0.40454152314573555,0.39065111499295574,0.4188769015967431
250,Penmanshiel_Hourly_WT08,d379114cd53cbbe062e0e09b673d66d5a6d103c8d25daba8f040e64926c0f2d0,44d49900f195447783004972cddf02af,baseline,baseline,baseline,SeasonalNaive,SeasonalNaive,2,noise,1.3204154727826485,1.2901590085302834,1.3532310315763012,0.5136112006922579,0.4946551243384145,0.5323123700383176
251,Penmanshiel_Hourly_WT08,d379114cd53cbbe062e0e09b673d66d5a6d103c8d25daba8f040e64926c0f2d0,44d49900f195447783004972cddf02af,baseline,baseline,baseline,SeasonalNaive,SeasonalNaive,3,spike,1.1936830959578213,1.1179298493945147,1.2785534394626046,0.46431522562282773,0.43188792849737656,0.5023179268623693
252,Penmanshiel_Hourly_WT08,d379114cd53cbbe062e0e09b673d66d5a6d103c8d25daba8f040e64926c0f2d0,44d49900f195447783004972cddf02af,baseline,baseline,baseline,SeasonalNaive,SeasonalNaive,4,time_stretch,1.0161106175498116,1.0082519727591663,1.0259024848355507,0.39524362223360365,0.3802239092423193,0.4093301557382563
253,Penmanshiel_Hourly_WT08,d379114cd53cbbe062e0e09b673d66d5a6d103c8d25daba8f040e64926c0f2d0,44d49900f195447783004972cddf02af,baseline,baseline,baseline,SeasonalNaive,SeasonalNaive,5,time_compress,0.9999999999999997,0.9999999999999989,1.0000000000000009,0.38897696314469227,0.37413622512141614,0.4027564508437339
254,Penmanshiel_Hourly_WT08,d379114cd53cbbe062e0e09b673d66d5a6d103c8d25daba8f040e64926c0f2d0,44d49900f195447783004972cddf02af,baseline,baseline,baseline,SeasonalNaive,SeasonalNaive,6,stuck_sensor,1.068896137795268,1.0516016529873302,1.0899069593110495,0.415775973596694,0.4002488452233078,0.43126908881985543
255,Penmanshiel_Hourly_WT08,d379114cd53cbbe062e0e09b673d66d5a6d103c8d25daba8f040e64926c0f2d0,44d49900f195447783004972cddf02af,baseline,baseline,baseline,SeasonalNaive,SeasonalNaive,7,missing_data,1.0267043463885916,1.016596469251221,1.0397082419631871,0.39936433870569066,0.38377652742705387,0.4134043930955526
256,Penmanshiel_Hourly_WT08,d379114cd53cbbe062e0e09b673d66d5a6d103c8d25daba8f040e64926c0f2d0,c84c01d3a22d4fe5830854e800349edc,revin,revin,revin_affineFalse_eps1e-5,ModernTCN,ModernTCN,0,drift,1.2026376770322655,1.185414085385329,1.2221972927202578,0.3980652624250899,0.3851318252117124,0.4098393978376756
257,Penmanshiel_Hourly_WT08,d379114cd53cbbe062e0e09b673d66d5a6d103c8d25daba8f040e64926c0f2d0,c84c01d3a22d4fe5830854e800349edc,revin,revin,revin_affineFalse_eps1e-5,ModernTCN,ModernTCN,1,attenuation,1.1142115105678487,1.0997947430298154,1.1298821418132774,0.36879677547250755,0.35746690587660807,0.3801300008817323
258,Penmanshiel_Hourly_WT08,d379114cd53cbbe062e0e09b673d66d5a6d103c8d25daba8f040e64926c0f2d0,c84c01d3a22d4fe5830854e800349edc,revin,revin,revin_affineFalse_eps1e-5,ModernTCN,ModernTCN,2,noise,1.2153565176521544,1.1942165856755615,1.23862863009037,0.4022751160874104,0.3890913359023164,0.41558445246042913
259,Penmanshiel_Hourly_WT08,d379114cd53cbbe062e0e09b673d66d5a6d103c8d25daba8f040e64926c0f2d0,c84c01d3a22d4fe5830854e800349edc,revin,revin,revin_affineFalse_eps1e-5,ModernTCN,ModernTCN,3,spike,1.1271470754534019,1.0893456243763562,1.1724383716533378,0.373078363459582,0.3562975729259535,0.39107147361676947
260,Penmanshiel_Hourly_WT08,d379114cd53cbbe062e0e09b673d66d5a6d103c8d25daba8f040e64926c0f2d0,c84c01d3a22d4fe5830854e800349edc,revin,revin,revin_affineFalse_eps1e-5,ModernTCN,ModernTCN,4,time_stretch,1.0140473365061016,1.0053704721611136,1.023401992501115,0.3356430842195667,0.3240728338342089,0.34646380468243687
261,Penmanshiel_Hourly_WT08,d379114cd53cbbe062e0e09b673d66d5a6d103c8d25daba8f040e64926c0f2d0,c84c01d3a22d4fe5830854e800349edc,revin,revin,revin_affineFalse_eps1e-5,ModernTCN,ModernTCN,5,time_compress,1.0120839691501295,1.0074713888491305,1.017188523927659,0.3349932223727963,0.3234717053503162,0.34589350929012935
262,Penmanshiel_Hourly_WT08,d379114cd53cbbe062e0e09b673d66d5a6d103c8d25daba8f040e64926c0f2d0,c84c01d3a22d4fe5830854e800349edc,revin,revin,revin_affineFalse_eps1e-5,ModernTCN,ModernTCN,6,stuck_sensor,1.1240210640680446,1.1035722118557005,1.1495857351565821,0.3720436739880807,0.358966374193911,0.38513937207738014
263,Penmanshiel_Hourly_WT08,d379114cd53cbbe062e0e09b673d66d5a6d103c8d25daba8f040e64926c0f2d0,c84c01d3a22d4fe5830854e800349edc,revin,revin,revin_affineFalse_eps1e-5,ModernTCN,ModernTCN,7,missing_data,1.0445799733704737,1.0309385369800559,1.0581065085699033,0.3457491887746298,0.3337470081236125,0.35690283687247504
264,Penmanshiel_Hourly_WT08,d379114cd53cbbe062e0e09b673d66d5a6d103c8d25daba8f040e64926c0f2d0,79bd3aadca3543eb991f6c9bca5feb66,randomized_training,randomized_training,rt_spaceraw_std0.1_channelscontinuous,ModernTCN,ModernTCN,0,drift,1.094145706805052,1.0841383151001545,1.1046049222412222,0.36605845892970684,0.35450419080556894,0.3771433221676236
265,Penmanshiel_Hourly_WT08,d379114cd53cbbe062e0e09b673d66d5a6d103c8d25daba8f040e64926c0f2d0,79bd3aadca3543eb991f6c9bca5feb66,randomized_training,randomized_training,rt_spaceraw_std0.1_channelscontinuous,ModernTCN,ModernTCN,1,attenuation,1.1000215336135388,1.088397491170949,1.1125345684176442,0.3680242812996847,0.3576311643391026,0.3781135109570294
266,Penmanshiel_Hourly_WT08,d379114cd53cbbe062e0e09b673d66d5a6d103c8d25daba8f040e64926c0f2d0,79bd3aadca3543eb991f6c9bca5feb66,randomized_training,randomized_training,rt_spaceraw_std0.1_channelscontinuous,ModernTCN,ModernTCN,2,noise,1.1290793392260488,1.1141284880243738,1.1440612499199754,0.3777458891954506,0.36617460345993663,0.3891759863531233
267,Penmanshiel_Hourly_WT08,d379114cd53cbbe062e0e09b673d66d5a6d103c8d25daba8f040e64926c0f2d0,79bd3aadca3543eb991f6c9bca5feb66,randomized_training,randomized_training,rt_spaceraw_std0.1_channelscontinuous,ModernTCN,ModernTCN,3,spike,1.0706731601621788,1.0477950474035178,1.0976175537592734,0.35820546074326265,0.34552439978349225,0.3716681544342221
268,Penmanshiel_Hourly_WT08,d379114cd53cbbe062e0e09b673d66d5a6d103c8d25daba8f040e64926c0f2d0,79bd3aadca3543eb991f6c9bca5feb66,randomized_training,randomized_training,rt_spaceraw_std0.1_channelscontinuous,ModernTCN,ModernTCN,4,time_stretch,1.0065439861414591,1.0005668014021938,1.012595467662064,0.33675034149501587,0.3256701953813863,0.34693766146377064
269,Penmanshiel_Hourly_WT08,d379114cd53cbbe062e0e09b673d66d5a6d103c8d25daba8f040e64926c0f2d0,79bd3aadca3543eb991f6c9bca5feb66,randomized_training,randomized_training,rt_spaceraw_std0.1_channelscontinuous,ModernTCN,ModernTCN,5,time_compress,1.0048123678343925,1.0018232611515685,1.0077026760235637,0.3361710095788032,0.32510847313746155,0.34611516509953255
270,Penmanshiel_Hourly_WT08,d379114cd53cbbe062e0e09b673d66d5a6d103c8d25daba8f040e64926c0f2d0,79bd3aadca3543eb991f6c9bca5feb66,randomized_training,randomized_training,rt_spaceraw_std0.1_channelscontinuous,ModernTCN,ModernTCN,6,stuck_sensor,1.0405602687499127,1.0295262872948487,1.0523133629197463,0.34813086230931223,0.3367372830070782,0.3591870073498257
271,Penmanshiel_Hourly_WT08,d379114cd53cbbe062e0e09b673d66d5a6d103c8d25daba8f040e64926c0f2d0,79bd3aadca3543eb991f6c9bca5feb66,randomized_training,randomized_training,rt_spaceraw_std0.1_channelscontinuous,ModernTCN,ModernTCN,7,missing_data,1.0278476731631427,1.018516711138117,1.0394924066853277,0.34387772388309823,0.3325829484305308,0.3542987364547196
272,Penmanshiel_Hourly_WT08,d379114cd53cbbe062e0e09b673d66d5a6d103c8d25daba8f040e64926c0f2d0,0a3c1ca1f138463992a2135c0a32d428,baseline,baseline,baseline,ModernTCN,ModernTCN,0,drift,1.1042956068485035,1.0935255583367463,1.1159036067889294,0.37051934637330125,0.35885483915622884,0.3814906154618001
273,Penmanshiel_Hourly_WT08,d379114cd53cbbe062e0e09b673d66d5a6d103c8d25daba8f040e64926c0f2d0,0a3c1ca1f138463992a2135c0a32d428,baseline,baseline,baseline,ModernTCN,ModernTCN,1,attenuation,1.097097447412333,1.0852039353221143,1.1107760149433892,0.3681041802594089,0.35714572562621194,0.37827442860363136
274,Penmanshiel_Hourly_WT08,d379114cd53cbbe062e0e09b673d66d5a6d103c8d25daba8f040e64926c0f2d0,0a3c1ca1f138463992a2135c0a32d428,baseline,baseline,baseline,ModernTCN,ModernTCN,2,noise,1.183148641445075,1.1648539910389428,1.202886965368547,0.3969765509995632,0.38428878040683034,0.40882647225363716
275,Penmanshiel_Hourly_WT08,d379114cd53cbbe062e0e09b673d66d5a6d103c8d25daba8f040e64926c0f2d0,0a3c1ca1f138463992a2135c0a32d428,baseline,baseline,baseline,ModernTCN,ModernTCN,3,spike,1.104313515477288,1.0717609107849424,1.1442762000076445,0.3705253551751026,0.35526903979939556,0.3867502390912065
276,Penmanshiel_Hourly_WT08,d379114cd53cbbe062e0e09b673d66d5a6d103c8d25daba8f040e64926c0f2d0,0a3c1ca1f138463992a2135c0a32d428,baseline,baseline,baseline,ModernTCN,ModernTCN,4,time_stretch,1.006233238565841,0.9996961749924959,1.0134520608352082,0.33761692027056417,0.3264440019674636,0.3476512710651927
277,Penmanshiel_Hourly_WT08,d379114cd53cbbe062e0e09b673d66d5a6d103c8d25daba8f040e64926c0f2d0,0a3c1ca1f138463992a2135c0a32d428,baseline,baseline,baseline,ModernTCN,ModernTCN,5,time_compress,1.004189652204646,1.0009937527125556,1.0075117296652552,0.3369312449150602,0.3257886650069538,0.3471705154725397
278,Penmanshiel_Hourly_WT08,d379114cd53cbbe062e0e09b673d66d5a6d103c8d25daba8f040e64926c0f2d0,0a3c1ca1f138463992a2135c0a32d428,baseline,baseline,baseline,ModernTCN,ModernTCN,6,stuck_sensor,1.0455449097995524,1.0330434504173078,1.0594912906574792,0.35080698879933914,0.3389394697402151,0.362302343636266
279,Penmanshiel_Hourly_WT08,d379114cd53cbbe062e0e09b673d66d5a6d103c8d25daba8f040e64926c0f2d0,0a3c1ca1f138463992a2135c0a32d428,baseline,baseline,baseline,ModernTCN,ModernTCN,7,missing_data,1.0268899682609904,1.0166946449828278,1.0383919187442678,0.34454778003075043,0.3327084624043727,0.35503920722086335
280,Penmanshiel_Hourly_WT08,d379114cd53cbbe062e0e09b673d66d5a6d103c8d25daba8f040e64926c0f2d0,4abbffa5460a4c06b355f773b1087f81,revin,revin,revin_affineTrue_eps1e-5,GRU,GRU,0,drift,1.2058563990709898,1.1889610766593597,1.224697139197194,0.4178827502587863,0.40433423869356905,0.4303298624109833
281,Penmanshiel_Hourly_WT08,d379114cd53cbbe062e0e09b673d66d5a6d103c8d25daba8f040e64926c0f2d0,4abbffa5460a4c06b355f773b1087f81,revin,revin,revin_affineTrue_eps1e-5,GRU,GRU,1,attenuation,1.1063639536520358,1.0926989043490598,1.12202064456104,0.38340420310037204,0.3716467455154925,0.3948359784337991
282,Penmanshiel_Hourly_WT08,d379114cd53cbbe062e0e09b673d66d5a6d103c8d25daba8f040e64926c0f2d0,4abbffa5460a4c06b355f773b1087f81,revin,revin,revin_affineTrue_eps1e-5,GRU,GRU,2,noise,1.0694287943024154,1.059141305381765,1.0806096389995234,0.37060453144613786,0.3587943031905727,0.38237075158250633
283,Penmanshiel_Hourly_WT08,d379114cd53cbbe062e0e09b673d66d5a6d103c8d25daba8f040e64926c0f2d0,4abbffa5460a4c06b355f773b1087f81,revin,revin,revin_affineTrue_eps1e-5,GRU,GRU,3,spike,1.0385569596865762,1.0309227349371863,1.0468812364830653,0.3599060708626552,0.34770212944396617,0.3713457737142944
284,Penmanshiel_Hourly_WT08,d379114cd53cbbe062e0e09b673d66d5a6d103c8d25daba8f040e64926c0f2d0,4abbffa5460a4c06b355f773b1087f81,revin,revin,revin_affineTrue_eps1e-5,GRU,GRU,4,time_stretch,1.0585478027532345,1.0475909569866608,1.069125850230815,0.36683378504746433,0.3547973311000439,0.37856732628502954
285,Penmanshiel_Hourly_WT08,d379114cd53cbbe062e0e09b673d66d5a6d103c8d25daba8f040e64926c0f2d0,4abbffa5460a4c06b355f773b1087f81,revin,revin,revin_affineTrue_eps1e-5,GRU,GRU,5,time_compress,1.0623998996706534,1.0500896237110593,1.0764075944297304,0.3681687075600907,0.3553816253673165,0.3810007321271764
286,Penmanshiel_Hourly_WT08,d379114cd53cbbe062e0e09b673d66d5a6d103c8d25daba8f040e64926c0f2d0,4abbffa5460a4c06b355f773b1087f81,revin,revin,revin_affineTrue_eps1e-5,GRU,GRU,6,stuck_sensor,1.4447972218684952,1.4034079812662699,1.4910825737151414,0.5006863479812383,0.48392255854018196,0.5183989982289592
287,Penmanshiel_Hourly_WT08,d379114cd53cbbe062e0e09b673d66d5a6d103c8d25daba8f040e64926c0f2d0,4abbffa5460a4c06b355f773b1087f81,revin,revin,revin_affineTrue_eps1e-5,GRU,GRU,7,missing_data,1.075466447791239,1.0617582159828756,1.0899939128427851,0.3726968462913905,0.3607761450852598,0.38405543710872403
288,Penmanshiel_Hourly_WT08,d379114cd53cbbe062e0e09b673d66d5a6d103c8d25daba8f040e64926c0f2d0,207cb29892c64707a2a730092d2a5c23,baseline,baseline,baseline,GRU,GRU,0,drift,1.063679144443995,1.055286331308422,1.072394749806824,0.3676065480746038,0.3569701153985939,0.37804274820871225
289,Penmanshiel_Hourly_WT08,d379114cd53cbbe062e0e09b673d66d5a6d103c8d25daba8f040e64926c0f2d0,207cb29892c64707a2a730092d2a5c23,baseline,baseline,baseline,GRU,GRU,1,attenuation,1.0553979631765336,1.0482832542496074,1.063131889711485,0.36474457933561644,0.3540741802588577,0.37503471789164144
290,Penmanshiel_Hourly_WT08,d379114cd53cbbe062e0e09b673d66d5a6d103c8d25daba8f040e64926c0f2d0,207cb29892c64707a2a730092d2a5c23,baseline,baseline,baseline,GRU,GRU,2,noise,1.0185074271940866,1.0139008103935256,1.0236037103824966,0.3519952435420506,0.34156994893759435,0.36243022700257344
291,Penmanshiel_Hourly_WT08,d379114cd53cbbe062e0e09b673d66d5a6d103c8d25daba8f040e64926c0f2d0,207cb29892c64707a2a730092d2a5c23,baseline,baseline,baseline,GRU,GRU,3,spike,1.011209598119538,1.0073997860248511,1.015131486627531,0.3494731204295065,0.33883994268292283,0.35991744017756455
292,Penmanshiel_Hourly_WT08,d379114cd53cbbe062e0e09b673d66d5a6d103c8d25daba8f040e64926c0f2d0,207cb29892c64707a2a730092d2a5c23,baseline,baseline,baseline,GRU,GRU,4,time_stretch,1.0057758815634406,1.0024974998556038,1.0091643974871776,0.347595232913486,0.3367543362111648,0.3580942485599808
293,Penmanshiel_Hourly_WT08,d379114cd53cbbe062e0e09b673d66d5a6d103c8d25daba8f040e64926c0f2d0,207cb29892c64707a2a730092d2a5c23,baseline,baseline,baseline,GRU,GRU,5,time_compress,1.0012601799751062,0.9999334151457627,1.0027339923068608,0.34603461053812645,0.3354250007297922,0.3564858866636641
294,Penmanshiel_Hourly_WT08,d379114cd53cbbe062e0e09b673d66d5a6d103c8d25daba8f040e64926c0f2d0,207cb29892c64707a2a730092d2a5c23,baseline,baseline,baseline,GRU,GRU,6,stuck_sensor,1.0290703761374185,1.0214450350302955,1.0371526319883007,0.3556457891213533,0.34485794642745066,0.3661587958437261
295,Penmanshiel_Hourly_WT08,d379114cd53cbbe062e0e09b673d66d5a6d103c8d25daba8f040e64926c0f2d0,207cb29892c64707a2a730092d2a5c23,baseline,baseline,baseline,GRU,GRU,7,missing_data,1.033031040459336,1.0240723800738711,1.0437643996058728,0.3570145911205909,0.34524169008220634,0.36742991805463243
296,Penmanshiel_Hourly_WT08,d379114cd53cbbe062e0e09b673d66d5a6d103c8d25daba8f040e64926c0f2d0,249f87b882dc446fa424cb56ad26e859,revin,revin,revin_affineTrue_eps1e-5,TSMixer,TSMixer,0,drift,1.2243002507488132,1.206859044719902,1.2436196899645513,0.4249468077963684,0.41148154622818,0.4380842590133716
297,Penmanshiel_Hourly_WT08,d379114cd53cbbe062e0e09b673d66d5a6d103c8d25daba8f040e64926c0f2d0,249f87b882dc446fa424cb56ad26e859,revin,revin,revin_affineTrue_eps1e-5,TSMixer,TSMixer,1,attenuation,1.1044913457106265,1.0907228535042062,1.120708037766324,0.3833619010625698,0.3716845042677213,0.3941613283827324
298,Penmanshiel_Hourly_WT08,d379114cd53cbbe062e0e09b673d66d5a6d103c8d25daba8f040e64926c0f2d0,249f87b882dc446fa424cb56ad26e859,revin,revin,revin_affineTrue_eps1e-5,TSMixer,TSMixer,2,noise,1.1500289480013943,1.1342451853136863,1.1679716180981021,0.39916771235463383,0.38663416288175007,0.4111801564927824
299,Penmanshiel_Hourly_WT08,d379114cd53cbbe062e0e09b673d66d5a6d103c8d25daba8f040e64926c0f2d0,249f87b882dc446fa424cb56ad26e859,revin,revin,revin_affineTrue_eps1e-5,TSMixer,TSMixer,3,spike,1.1045704449749925,1.0816026152791784,1.128898650993506,0.383389355912694,0.3692195304882602,0.3972374710716112
300,Penmanshiel_Hourly_WT08,d379114cd53cbbe062e0e09b673d66d5a6d103c8d25daba8f040e64926c0f2d0,249f87b882dc446fa424cb56ad26e859,revin,revin,revin_affineTrue_eps1e-5,TSMixer,TSMixer,4,time_stretch,1.0232168992308865,1.0142280220843725,1.0318456806459506,0.3551520591011242,0.34310679284902357,0.3663648750626568
301,Penmanshiel_Hourly_WT08,d379114cd53cbbe062e0e09b673d66d5a6d103c8d25daba8f040e64926c0f2d0,249f87b882dc446fa424cb56ad26e859,revin,revin,revin_affineTrue_eps1e-5,TSMixer,TSMixer,5,time_compress,1.0269579997213671,1.019783889504155,1.0350751487694438,0.3564505712186401,0.3445307595785121,0.36783380583390113
302,Penmanshiel_Hourly_WT08,d379114cd53cbbe062e0e09b673d66d5a6d103c8d25daba8f040e64926c0f2d0,249f87b882dc446fa424cb56ad26e859,revin,revin,revin_affineTrue_eps1e-5,TSMixer,TSMixer,6,stuck_sensor,1.282929961196296,1.249474398816026,1.3203898614786982,0.44529680632119506,0.4292735645992699,0.46178092663403114
303,Penmanshiel_Hourly_WT08,d379114cd53cbbe062e0e09b673d66d5a6d103c8d25daba8f040e64926c0f2d0,249f87b882dc446fa424cb56ad26e859,revin,revin,revin_affineTrue_eps1e-5,TSMixer,TSMixer,7,missing_data,1.0433995168331818,1.0300484675034605,1.0584658763966504,0.36215731693540504,0.34955376921340153,0.3730400063866481
304,Penmanshiel_Hourly_WT08,d379114cd53cbbe062e0e09b673d66d5a6d103c8d25daba8f040e64926c0f2d0,81269ff3e448446eb88faf6d72b2ac76,baseline,baseline,baseline,TSMixer,TSMixer,0,drift,1.2314879592027945,1.2129116509953721,1.2519608863036684,0.4346193858212791,0.4230274362988924,0.44641566771823155
305,Penmanshiel_Hourly_WT08,d379114cd53cbbe062e0e09b673d66d5a6d103c8d25daba8f040e64926c0f2d0,81269ff3e448446eb88faf6d72b2ac76,baseline,baseline,baseline,TSMixer,TSMixer,1,attenuation,1.0784886528465372,1.068007742426029,1.0894113140851174,0.380622540734231,0.36922129204721044,0.3911989886113731
306,Penmanshiel_Hourly_WT08,d379114cd53cbbe062e0e09b673d66d5a6d103c8d25daba8f040e64926c0f2d0,81269ff3e448446eb88faf6d72b2ac76,baseline,baseline,baseline,TSMixer,TSMixer,2,noise,1.256385327503652,1.235247415297208,1.2787153360486723,0.4434062187242089,0.4311810680724628,0.45604276238386754
307,Penmanshiel_Hourly_WT08,d379114cd53cbbe062e0e09b673d66d5a6d103c8d25daba8f040e64926c0f2d0,81269ff3e448446eb88faf6d72b2ac76,baseline,baseline,baseline,TSMixer,TSMixer,3,spike,1.1466470700387539,1.1243387451183984,1.1698595385768216,0.4046771562887414,0.3915055379168473,0.41746019086823943
308,Penmanshiel_Hourly_WT08,d379114cd53cbbe062e0e09b673d66d5a6d103c8d25daba8f040e64926c0f2d0,81269ff3e448446eb88faf6d72b2ac76,baseline,baseline,baseline,TSMixer,TSMixer,4,time_stretch,1.0019072350070184,0.9970356911488125,1.0070210665366717,0.35359526163011323,0.34235597500558473,0.36381756985470914
309,Penmanshiel_Hourly_WT08,d379114cd53cbbe062e0e09b673d66d5a6d103c8d25daba8f040e64926c0f2d0,81269ff3e448446eb88faf6d72b2ac76,baseline,baseline,baseline,TSMixer,TSMixer,5,time_compress,1.0002695546658649,0.9968951066143689,1.003380738690064,0.3530172879530466,0.3416866132857272,0.3632809478787298
310,Penmanshiel_Hourly_WT08,d379114cd53cbbe062e0e09b673d66d5a6d103c8d25daba8f040e64926c0f2d0,81269ff3e448446eb88faf6d72b2ac76,baseline,baseline,baseline,TSMixer,TSMixer,6,stuck_sensor,1.0232613661830259,1.0142021661047884,1.0329770350575107,0.3611316076472285,0.3497339094519574,0.3720657647380274
311,Penmanshiel_Hourly_WT08,d379114cd53cbbe062e0e09b673d66d5a6d103c8d25daba8f040e64926c0f2d0,81269ff3e448446eb88faf6d72b2ac76,baseline,baseline,baseline,TSMixer,TSMixer,7,missing_data,1.0204893580004413,1.0103185946930575,1.0321612248818277,0.3601533045425953,0.34826633235370613,0.3702191832045748
312,Penmanshiel_Hourly_WT08,d379114cd53cbbe062e0e09b673d66d5a6d103c8d25daba8f040e64926c0f2d0,22b8f894079842a39dfe7caa04f2743b,revin,revin,revin_affineFalse_eps1e-5,DLinear,DLinear,0,drift,1.1973590533054725,1.1797093716638734,1.2168633472608552,0.4145956443281459,0.4012253413516805,0.42751698696538815
313,Penmanshiel_Hourly_WT08,d379114cd53cbbe062e0e09b673d66d5a6d103c8d25daba8f040e64926c0f2d0,22b8f894079842a39dfe7caa04f2743b,revin,revin,revin_affineFalse_eps1e-5,DLinear,DLinear,1,attenuation,1.1016531134226646,1.0869509572102058,1.117526853345415,0.38145665757041136,0.3695860217816641,0.393896856307888
314,Penmanshiel_Hourly_WT08,d379114cd53cbbe062e0e09b673d66d5a6d103c8d25daba8f040e64926c0f2d0,22b8f894079842a39dfe7caa04f2743b,revin,revin,revin_affineFalse_eps1e-5,DLinear,DLinear,2,noise,1.2597581701427771,1.2338483085265664,1.2875741580494195,0.4362018634311382,0.4209776322663605,0.4509719962492462
315,Penmanshiel_Hourly_WT08,d379114cd53cbbe062e0e09b673d66d5a6d103c8d25daba8f040e64926c0f2d0,22b8f894079842a39dfe7caa04f2743b,revin,revin,revin_affineFalse_eps1e-5,DLinear,DLinear,3,spike,1.1486679116225371,1.0945411910317655,1.2137529997444245,0.39773592693311693,0.3751792336427533,0.4232531685456746
316,Penmanshiel_Hourly_WT08,d379114cd53cbbe062e0e09b673d66d5a6d103c8d25daba8f040e64926c0f2d0,22b8f894079842a39dfe7caa04f2743b,revin,revin,revin_affineFalse_eps1e-5,DLinear,DLinear,4,time_stretch,1.0148187931705686,1.0067148521019147,1.024070201235063,0.3513895437374067,0.3395009034922294,0.3633037140385253
317,Penmanshiel_Hourly_WT08,d379114cd53cbbe062e0e09b673d66d5a6d103c8d25daba8f040e64926c0f2d0,22b8f894079842a39dfe7caa04f2743b,revin,revin,revin_affineFalse_eps1e-5,DLinear,DLinear,5,time_compress,1.0056452886634843,1.0032599717502397,1.0079945936088446,0.3482131406347933,0.3365573333598113,0.35994244652382107
318,Penmanshiel_Hourly_WT08,d379114cd53cbbe062e0e09b673d66d5a6d103c8d25daba8f040e64926c0f2d0,22b8f894079842a39dfe7caa04f2743b,revin,revin,revin_affineFalse_eps1e-5,DLinear,DLinear,6,stuck_sensor,1.086673586012517,1.0665943855775666,1.1091404616230223,0.37626987019765423,0.3627457971968654,0.3899832181241212
319,Penmanshiel_Hourly_WT08,d379114cd53cbbe062e0e09b673d66d5a6d103c8d25daba8f040e64926c0f2d0,22b8f894079842a39dfe7caa04f2743b,revin,revin,revin_affineFalse_eps1e-5,DLinear,DLinear,7,missing_data,1.0340004597357455,1.0221083095266217,1.046723780253733,0.35803135714076545,0.3450367371070782,0.3697987887439548
320,Penmanshiel_Hourly_WT08,d379114cd53cbbe062e0e09b673d66d5a6d103c8d25daba8f040e64926c0f2d0,60fed0bc9ac241f78ae88438e7a81bd7,baseline,baseline,baseline,DLinear,DLinear,0,drift,1.1592735551603026,1.14496697473057,1.1749664276118088,0.39444195093594026,0.38195055279290013,0.40627144042759666
321,Penmanshiel_Hourly_WT08,d379114cd53cbbe062e0e09b673d66d5a6d103c8d25daba8f040e64926c0f2d0,60fed0bc9ac241f78ae88438e7a81bd7,baseline,baseline,baseline,DLinear,DLinear,1,attenuation,1.1163291454790767,1.1015144322612833,1.1315800526280457,0.37983014800034,0.36837206612756596,0.3912230676949909
322,Penmanshiel_Hourly_WT08,d379114cd53cbbe062e0e09b673d66d5a6d103c8d25daba8f040e64926c0f2d0,60fed0bc9ac241f78ae88438e7a81bd7,baseline,baseline,baseline,DLinear,DLinear,2,noise,1.2593600353792047,1.233293587266708,1.2872387775358762,0.428496300182608,0.4139483772604313,0.44258402317309403
323,Penmanshiel_Hourly_WT08,d379114cd53cbbe062e0e09b673d66d5a6d103c8d25daba8f040e64926c0f2d0,60fed0bc9ac241f78ae88438e7a81bd7,baseline,baseline,baseline,DLinear,DLinear,3,spike,1.152177368242061,1.096149918198382,1.2181773660386455,0.39202747870048044,0.36945056618971517,0.4187613530126953
324,Penmanshiel_Hourly_WT08,d379114cd53cbbe062e0e09b673d66d5a6d103c8d25daba8f040e64926c0f2d0,60fed0bc9ac241f78ae88438e7a81bd7,baseline,baseline,baseline,DLinear,DLinear,4,time_stretch,1.012756782854255,1.0050337717791027,1.02171826663221,0.3445897298997734,0.3329185747006646,0.35604106943164543
325,Penmanshiel_Hourly_WT08,d379114cd53cbbe062e0e09b673d66d5a6d103c8d25daba8f040e64926c0f2d0,60fed0bc9ac241f78ae88438e7a81bd7,baseline,baseline,baseline,DLinear,DLinear,5,time_compress,1.0033765149229101,1.0013065407588695,1.0053945657413697,0.3413981008259696,0.3296340485203403,0.3525940365394313
326,Penmanshiel_Hourly_WT08,d379114cd53cbbe062e0e09b673d66d5a6d103c8d25daba8f040e64926c0f2d0,60fed0bc9ac241f78ae88438e7a81bd7,baseline,baseline,baseline,DLinear,DLinear,6,stuck_sensor,1.0647431456090335,1.048285599572957,1.0838596630651416,0.3622780505345203,0.3496015481041654,0.3744275041990669
327,Penmanshiel_Hourly_WT08,d379114cd53cbbe062e0e09b673d66d5a6d103c8d25daba8f040e64926c0f2d0,60fed0bc9ac241f78ae88438e7a81bd7,baseline,baseline,baseline,DLinear,DLinear,7,missing_data,1.0259919704398344,1.0151667313686181,1.0385480348932477,0.34909299247228776,0.33680111898604725,0.3605426751080985
328,traffic,41f9af6ab1b86f6fe5ef4323c149934cbaf2f1c6c4b6bb60ffda29c7857cf618,fe2451b69f01484989fc857b0fe329ad,randomized_smoothing,randomized_smoothing,rs_backbonebaseline_std0.25_samples30_alpha0.25,ModernTCN,RandomizedSmoothing,0,drift,1.0617653199241268,1.059635660126551,1.0637343949374989,0.6146204385757447,0.6112982191628218,0.6178431558709592
329,traffic,41f9af6ab1b86f6fe5ef4323c149934cbaf2f1c6c4b6bb60ffda29c7857cf618,fe2451b69f01484989fc857b0fe329ad,randomized_smoothing,randomized_smoothing,rs_backbonebaseline_std0.25_samples30_alpha0.25,ModernTCN,RandomizedSmoothing,1,attenuation,1.079978869785587,1.0779668111254903,1.081992645034116,0.6251636535346508,0.6219580004617572,0.6283863121142983
330,traffic,41f9af6ab1b86f6fe5ef4323c149934cbaf2f1c6c4b6bb60ffda29c7857cf618,fe2451b69f01484989fc857b0fe329ad,randomized_smoothing,randomized_smoothing,rs_backbonebaseline_std0.25_samples30_alpha0.25,ModernTCN,RandomizedSmoothing,2,noise,1.0298417183921067,1.0287979826256237,1.0309058365700992,0.5961409331649542,0.5931729731142521,0.5991994543279707
331,traffic,41f9af6ab1b86f6fe5ef4323c149934cbaf2f1c6c4b6bb60ffda29c7857cf618,fe2451b69f01484989fc857b0fe329ad,randomized_smoothing,randomized_smoothing,rs_backbonebaseline_std0.25_samples30_alpha0.25,ModernTCN,RandomizedSmoothing,3,spike,1.0184131640343983,1.0176263672166188,1.0191689483759505,0.5895253252148628,0.5865079458341748,0.5924287666277588
332,traffic,41f9af6ab1b86f6fe5ef4323c149934cbaf2f1c6c4b6bb60ffda29c7857cf618,fe2451b69f01484989fc857b0fe329ad,randomized_smoothing,randomized_smoothing,rs_backbonebaseline_std0.25_samples30_alpha0.25,ModernTCN,RandomizedSmoothing,4,time_stretch,1.117413929987219,1.114722950176048,1.1201278155481245,0.6468335580676794,0.6432469266372919,0.6503256425904482
333,traffic,41f9af6ab1b86f6fe5ef4323c149934cbaf2f1c6c4b6bb60ffda29c7857cf618,fe2451b69f01484989fc857b0fe329ad,randomized_smoothing,randomized_smoothing,rs_backbonebaseline_std0.25_samples30_alpha0.25,ModernTCN,RandomizedSmoothing,5,time_compress,1.1164580847908494,1.1139880631278485,1.1188680828166264,0.6462802512466908,0.6430465546504408,0.6493912707164884
334,traffic,41f9af6ab1b86f6fe5ef4323c149934cbaf2f1c6c4b6bb60ffda29c7857cf618,fe2451b69f01484989fc857b0fe329ad,randomized_smoothing,randomized_smoothing,rs_backbonebaseline_std0.25_samples30_alpha0.25,ModernTCN,RandomizedSmoothing,6,stuck_sensor,1.2183929243063343,1.213376152434479,1.223669300726106,0.7052869211703539,0.7010040569911151,0.7098281765316427
335,traffic,41f9af6ab1b86f6fe5ef4323c149934cbaf2f1c6c4b6bb60ffda29c7857cf618,fe2451b69f01484989fc857b0fe329ad,randomized_smoothing,randomized_smoothing,rs_backbonebaseline_std0.25_samples30_alpha0.25,ModernTCN,RandomizedSmoothing,7,missing_data,1.2649291249916441,1.2590320599305076,1.2704843571065454,0.7322251715898513,0.7277519424848259,0.7366349034010619
336,traffic,41f9af6ab1b86f6fe5ef4323c149934cbaf2f1c6c4b6bb60ffda29c7857cf618,d85f72e3bddb4c26a9f8c41ea567e4ec,randomized_smoothing,randomized_smoothing,rs_backbonebaseline_std0.5_samples30_alpha0.25,GRU,RandomizedSmoothing,0,drift,1.0478314044180312,1.0458454359232054,1.0496635803525247,0.7491929358720779,0.7460794641935825,0.7522769679588079
337,traffic,41f9af6ab1b86f6fe5ef4323c149934cbaf2f1c6c4b6bb60ffda29c7857cf618,d85f72e3bddb4c26a9f8c41ea567e4ec,randomized_smoothing,randomized_smoothing,rs_backbonebaseline_std0.5_samples30_alpha0.25,GRU,RandomizedSmoothing,1,attenuation,0.9982247999313183,0.9972111532995902,0.9992955274048723,0.713724522253871,0.7108343803406507,0.716815768428594
338,traffic,41f9af6ab1b86f6fe5ef4323c149934cbaf2f1c6c4b6bb60ffda29c7857cf618,d85f72e3bddb4c26a9f8c41ea567e4ec,randomized_smoothing,randomized_smoothing,rs_backbonebaseline_std0.5_samples30_alpha0.25,GRU,RandomizedSmoothing,2,noise,1.004946193229724,1.004101238015986,1.0057811381238746,0.7185302766501903,0.7155967661511153,0.7214165237385035
339,traffic,41f9af6ab1b86f6fe5ef4323c149934cbaf2f1c6c4b6bb60ffda29c7857cf618,d85f72e3bddb4c26a9f8c41ea567e4ec,randomized_smoothing,randomized_smoothing,rs_backbonebaseline_std0.5_samples30_alpha0.25,GRU,RandomizedSmoothing,3,spike,1.005048193678432,1.0043408224921855,1.0057136656301504,0.7186032063364982,0.7158135424109547,0.7214745179253071
340,traffic,41f9af6ab1b86f6fe5ef4323c149934cbaf2f1c6c4b6bb60ffda29c7857cf618,d85f72e3bddb4c26a9f8c41ea567e4ec,randomized_smoothing,randomized_smoothing,rs_backbonebaseline_std0.5_samples30_alpha0.25,GRU,RandomizedSmoothing,4,time_stretch,1.0728150116282305,1.0684070158988976,1.0773931194297335,0.7670560596108437,0.7631240492513031,0.7706834477023036
341,traffic,41f9af6ab1b86f6fe5ef4323c149934cbaf2f1c6c4b6bb60ffda29c7857cf618,d85f72e3bddb4c26a9f8c41ea567e4ec,randomized_smoothing,randomized_smoothing,rs_backbonebaseline_std0.5_samples30_alpha0.25,GRU,RandomizedSmoothing,5,time_compress,1.0683863595364536,1.064559511063503,1.0725287246892616,0.7638896009147167,0.7602552120898665,0.7673439489535242
342,traffic,41f9af6ab1b86f6fe5ef4323c149934cbaf2f1c6c4b6bb60ffda29c7857cf618,d85f72e3bddb4c26a9f8c41ea567e4ec,randomized_smoothing,randomized_smoothing,rs_backbonebaseline_std0.5_samples30_alpha0.25,GRU,RandomizedSmoothing,6,stuck_sensor,1.1116923876880698,1.1061068466547046,1.1179683319163618,0.7948531416475773,0.7899282883824409,0.7999875800642371
343,traffic,41f9af6ab1b86f6fe5ef4323c149934cbaf2f1c6c4b6bb60ffda29c7857cf618,d85f72e3bddb4c26a9f8c41ea567e4ec,randomized_smoothing,randomized_smoothing,rs_backbonebaseline_std0.5_samples30_alpha0.25,GRU,RandomizedSmoothing,7,missing_data,1.2837750187422219,1.2702418671376314,1.2971290934610538,0.9178911523699761,0.9078918513991683,0.9278911995922029
344,traffic,41f9af6ab1b86f6fe5ef4323c149934cbaf2f1c6c4b6bb60ffda29c7857cf618,923807b928ca4f5a8f179ee210ecd506,randomized_smoothing,randomized_smoothing,rs_backbonebaseline_std0.25_samples30_alpha0.25,PatchTST,RandomizedSmoothing,0,drift,1.1260705600998513,1.1227841350908145,1.1295078974951378,0.5766440840005874,0.5729827390103043,0.5802928483986854
345,traffic,41f9af6ab1b86f6fe5ef4323c149934cbaf2f1c6c4b6bb60ffda29c7857cf618,923807b928ca4f5a8f179ee210ecd506,randomized_smoothing,randomized_smoothing,rs_backbonebaseline_std0.25_samples30_alpha0.25,PatchTST,RandomizedSmoothing,1,attenuation,1.1986247142075537,1.1936685907306832,1.2037447764123508,0.6137979935497045,0.6093875400596857,0.618357223804295
346,traffic,41f9af6ab1b86f6fe5ef4323c149934cbaf2f1c6c4b6bb60ffda29c7857cf618,923807b928ca4f5a8f179ee210ecd506,randomized_smoothing,randomized_smoothing,rs_backbonebaseline_std0.25_samples30_alpha0.25,PatchTST,RandomizedSmoothing,2,noise,1.1429308424943818,1.1397613099673658,1.1458859461822344,0.5852779853224754,0.5812811417096854,0.589518473713249
347,traffic,41f9af6ab1b86f6fe5ef4323c149934cbaf2f1c6c4b6bb60ffda29c7857cf618,923807b928ca4f5a8f179ee210ecd506,randomized_smoothing,randomized_smoothing,rs_backbonebaseline_std0.25_samples30_alpha0.25,PatchTST,RandomizedSmoothing,3,spike,1.0040466219089974,1.0037923678108327,1.0042958487575109,0.514157429471612,0.510517708793655,0.5178251801743358
348,traffic,41f9af6ab1b86f6fe5ef4323c149934cbaf2f1c6c4b6bb60ffda29c7857cf618,923807b928ca4f5a8f179ee210ecd506,randomized_smoothing,randomized_smoothing,rs_backbonebaseline_std0.25_samples30_alpha0.25,PatchTST,RandomizedSmoothing,4,time_stretch,1.2044783718793513,1.2003488512103095,1.2088644226049723,0.6167955650925636,0.6128207030601054,0.621029374813363
349,traffic,41f9af6ab1b86f6fe5ef4323c149934cbaf2f1c6c4b6bb60ffda29c7857cf618,923807b928ca4f5a8f179ee210ecd506,randomized_smoothing,randomized_smoothing,rs_backbonebaseline_std0.25_samples30_alpha0.25,PatchTST,RandomizedSmoothing,5,time_compress,1.22381725922901,1.2177967690127784,1.2300729581835823,0.6266987233638763,0.6220112004065513,0.6312941991037875
350,traffic,41f9af6ab1b86f6fe5ef4323c149934cbaf2f1c6c4b6bb60ffda29c7857cf618,923807b928ca4f5a8f179ee210ecd506,randomized_smoothing,randomized_smoothing,rs_backbonebaseline_std0.25_samples30_alpha0.25,PatchTST,RandomizedSmoothing,6,stuck_sensor,1.5120819822569675,1.499628389737524,1.5249210593112161,0.7743148258090019,0.7669584686160087,0.7816128049569577
351,traffic,41f9af6ab1b86f6fe5ef4323c149934cbaf2f1c6c4b6bb60ffda29c7857cf618,923807b928ca4f5a8f179ee210ecd506,randomized_smoothing,randomized_smoothing,rs_backbonebaseline_std0.25_samples30_alpha0.25,PatchTST,RandomizedSmoothing,7,missing_data,1.5720208105033624,1.55699596276949,1.5873292955689506,0.80500861351192,0.7974033948244155,0.8130242248040438
352,traffic,41f9af6ab1b86f6fe5ef4323c149934cbaf2f1c6c4b6bb60ffda29c7857cf618,e624ca50cb7f486e825e3d5bb51efacd,randomized_smoothing,randomized_smoothing,rs_backbonebaseline_std0.25_samples30_alpha0.25,TSMixer,RandomizedSmoothing,0,drift,1.0484638043459829,1.047114834963494,1.0497351376945654,0.6640705953329802,0.6607155302117019,0.6673458328606933
353,traffic,41f9af6ab1b86f6fe5ef4323c149934cbaf2f1c6c4b6bb60ffda29c7857cf618,e624ca50cb7f486e825e3d5bb51efacd,randomized_smoothing,randomized_smoothing,rs_backbonebaseline_std0.25_samples30_alpha0.25,TSMixer,RandomizedSmoothing,1,attenuation,1.070894180569429,1.0679254829298017,1.0738529988472971,0.678277431306243,0.6750113348385692,0.6816888227422536
354,traffic,41f9af6ab1b86f6fe5ef4323c149934cbaf2f1c6c4b6bb60ffda29c7857cf618,e624ca50cb7f486e825e3d5bb51efacd,randomized_smoothing,randomized_smoothing,rs_backbonebaseline_std0.25_samples30_alpha0.25,TSMixer,RandomizedSmoothing,2,noise,1.0372428724530447,1.0362690289910268,1.0382668385695109,0.6569635393798351,0.6537541181486844,0.660171578719467
355,traffic,41f9af6ab1b86f6fe5ef4323c149934cbaf2f1c6c4b6bb60ffda29c7857cf618,e624ca50cb7f486e825e3d5bb51efacd,randomized_smoothing,randomized_smoothing,rs_backbonebaseline_std0.25_samples30_alpha0.25,TSMixer,RandomizedSmoothing,3,spike,1.023634130305934,1.02296028541145,1.0243086688940182,0.6483441044867039,0.6450613075423985,0.6515476578447967
356,traffic,41f9af6ab1b86f6fe5ef4323c149934cbaf2f1c6c4b6bb60ffda29c7857cf618,e624ca50cb7f486e825e3d5bb51efacd,randomized_smoothing,randomized_smoothing,rs_backbonebaseline_std0.25_samples30_alpha0.25,TSMixer,RandomizedSmoothing,4,time_stretch,1.0967373117850518,1.0941775665954554,1.0993360134962622,0.6946458204299212,0.6911866444129496,0.6980787553896756
357,traffic,41f9af6ab1b86f6fe5ef4323c149934cbaf2f1c6c4b6bb60ffda29c7857cf618,e624ca50cb7f486e825e3d5bb51efacd,randomized_smoothing,randomized_smoothing,rs_backbonebaseline_std0.25_samples30_alpha0.25,TSMixer,RandomizedSmoothing,5,time_compress,1.1192963126480142,1.1159296694665195,1.1224740400024253,0.7089341240137815,0.7052455562420189,0.7126091166784615
358,traffic,41f9af6ab1b86f6fe5ef4323c149934cbaf2f1c6c4b6bb60ffda29c7857cf618,e624ca50cb7f486e825e3d5bb51efacd,randomized_smoothing,randomized_smoothing,rs_backbonebaseline_std0.25_samples30_alpha0.25,TSMixer,RandomizedSmoothing,6,stuck_sensor,1.2243145374347455,1.2179043818586726,1.230782360423474,0.7754500254362822,0.7703322712273151,0.7803924949119241
359,traffic,41f9af6ab1b86f6fe5ef4323c149934cbaf2f1c6c4b6bb60ffda29c7857cf618,e624ca50cb7f486e825e3d5bb51efacd,randomized_smoothing,randomized_smoothing,rs_backbonebaseline_std0.25_samples30_alpha0.25,TSMixer,RandomizedSmoothing,7,missing_data,1.2875120742367332,1.278440140748115,1.2962120457669752,0.8154777552574873,0.809152120326236,0.8217501683291047
360,traffic,41f9af6ab1b86f6fe5ef4323c149934cbaf2f1c6c4b6bb60ffda29c7857cf618,c71aeebb723841c2b7fe8bdb650eac1e,randomized_smoothing,randomized_smoothing,rs_backbonebaseline_std0.25_samples30_alpha0.25,DLinear,RandomizedSmoothing,0,drift,1.0208516921115751,1.020127208682338,1.0216293780002226,0.6991492914319039,0.6951754149646312,0.7030460441289097
361,traffic,41f9af6ab1b86f6fe5ef4323c149934cbaf2f1c6c4b6bb60ffda29c7857cf618,c71aeebb723841c2b7fe8bdb650eac1e,randomized_smoothing,randomized_smoothing,rs_backbonebaseline_std0.25_samples30_alpha0.25,DLinear,RandomizedSmoothing,1,attenuation,1.084591034012994,1.0817023239543402,1.0874283241909375,0.7428023666739464,0.7388560520976036,0.7472754453443735
362,traffic,41f9af6ab1b86f6fe5ef4323c149934cbaf2f1c6c4b6bb60ffda29c7857cf618,c71aeebb723841c2b7fe8bdb650eac1e,randomized_smoothing,randomized_smoothing,rs_backbonebaseline_std0.25_samples30_alpha0.25,DLinear,RandomizedSmoothing,2,noise,1.0308296471131053,1.0301030656622236,1.031484545406733,0.7059828797221184,0.7019944975043088,0.7099966261950135
363,traffic,41f9af6ab1b86f6fe5ef4323c149934cbaf2f1c6c4b6bb60ffda29c7857cf618,c71aeebb723841c2b7fe8bdb650eac1e,randomized_smoothing,randomized_smoothing,rs_backbonebaseline_std0.25_samples30_alpha0.25,DLinear,RandomizedSmoothing,3,spike,1.0157800819868754,1.0154117170597377,1.0161617654575712,0.6956759047955274,0.6916858201336861,0.6997715429169684
364,traffic,41f9af6ab1b86f6fe5ef4323c149934cbaf2f1c6c4b6bb60ffda29c7857cf618,c71aeebb723841c2b7fe8bdb650eac1e,randomized_smoothing,randomized_smoothing,rs_backbonebaseline_std0.25_samples30_alpha0.25,DLinear,RandomizedSmoothing,4,time_stretch,1.0756036533961548,1.0731901273234823,1.078100340356906,0.736647191697359,0.7325995175629855,0.7407459794174879
365,traffic,41f9af6ab1b86f6fe5ef4323c149934cbaf2f1c6c4b6bb60ffda29c7857cf618,c71aeebb723841c2b7fe8bdb650eac1e,randomized_smoothing,randomized_smoothing,rs_backbonebaseline_std0.25_samples30_alpha0.25,DLinear,RandomizedSmoothing,5,time_compress,1.076143102169207,1.0739037957950948,1.0783820000884328,0.7370166432350874,0.7329439433990419,0.7411743727498501
366,traffic,41f9af6ab1b86f6fe5ef4323c149934cbaf2f1c6c4b6bb60ffda29c7857cf618,c71aeebb723841c2b7fe8bdb650eac1e,randomized_smoothing,randomized_smoothing,rs_backbonebaseline_std0.25_samples30_alpha0.25,DLinear,RandomizedSmoothing,6,stuck_sensor,1.1691911208537369,1.1646047220093803,1.1737777289825166,0.8007423115521669,0.795938463666588,0.8058688677314669
367,traffic,41f9af6ab1b86f6fe5ef4323c149934cbaf2f1c6c4b6bb60ffda29c7857cf618,c71aeebb723841c2b7fe8bdb650eac1e,randomized_smoothing,randomized_smoothing,rs_backbonebaseline_std0.25_samples30_alpha0.25,DLinear,RandomizedSmoothing,7,missing_data,1.176910058514208,1.1703101882012275,1.183362383921313,0.806028769749403,0.8002420737213641,0.811265420089215
368,traffic,41f9af6ab1b86f6fe5ef4323c149934cbaf2f1c6c4b6bb60ffda29c7857cf618,2cc8069a83dc4647b5407833906aab7d,ensemble,ensemble,ensemble_top10_mean,ModernTCN,Ensemble,0,drift,1.044063243991062,1.0425674287607412,1.0454831671146914,0.5968891469925642,0.5938749709908664,0.5998581415886433
369,traffic,41f9af6ab1b86f6fe5ef4323c149934cbaf2f1c6c4b6bb60ffda29c7857cf618,2cc8069a83dc4647b5407833906aab7d,ensemble,ensemble,ensemble_top10_mean,ModernTCN,Ensemble,1,attenuation,1.084748266930493,1.0826624101542142,1.086893774147108,0.6201487040907144,0.6170975460262597,0.623300557975769
370,traffic,41f9af6ab1b86f6fe5ef4323c149934cbaf2f1c6c4b6bb60ffda29c7857cf618,2cc8069a83dc4647b5407833906aab7d,ensemble,ensemble,ensemble_top10_mean,ModernTCN,Ensemble,2,noise,1.035018409102307,1.0338726196239993,1.0361550139922953,0.5917182305634022,0.5888850632196665,0.5947182707934082
371,traffic,41f9af6ab1b86f6fe5ef4323c149934cbaf2f1c6c4b6bb60ffda29c7857cf618,2cc8069a83dc4647b5407833906aab7d,ensemble,ensemble,ensemble_top10_mean,ModernTCN,Ensemble,3,spike,1.0202287829344217,1.0194602095407899,1.0209735681078493,0.5832630269169807,0.5804408691100776,0.5860951425148547
372,traffic,41f9af6ab1b86f6fe5ef4323c149934cbaf2f1c6c4b6bb60ffda29c7857cf618,2cc8069a83dc4647b5407833906aab7d,ensemble,ensemble,ensemble_top10_mean,ModernTCN,Ensemble,4,time_stretch,1.1187512535222823,1.1162195856107207,1.1212280077510848,0.639588152590394,0.6361237865386904,0.6429040155634284
373,traffic,41f9af6ab1b86f6fe5ef4323c149934cbaf2f1c6c4b6bb60ffda29c7857cf618,2cc8069a83dc4647b5407833906aab7d,ensemble,ensemble,ensemble_top10_mean,ModernTCN,Ensemble,5,time_compress,1.1224601633863551,1.1200205326514638,1.1248201666707212,0.6417085299313069,0.6385577600465715,0.6447392517419159
374,traffic,41f9af6ab1b86f6fe5ef4323c149934cbaf2f1c6c4b6bb60ffda29c7857cf618,2cc8069a83dc4647b5407833906aab7d,ensemble,ensemble,ensemble_top10_mean,ModernTCN,Ensemble,6,stuck_sensor,1.2171358203758014,1.212341737080911,1.2222768562893422,0.6958344389379024,0.6916061673751474,0.7002322085542977
375,traffic,41f9af6ab1b86f6fe5ef4323c149934cbaf2f1c6c4b6bb60ffda29c7857cf618,2cc8069a83dc4647b5407833906aab7d,ensemble,ensemble,ensemble_top10_mean,ModernTCN,Ensemble,7,missing_data,1.2563376753199658,1.2507735144182834,1.2616863609955489,0.7182460714638234,0.7139273121784627,0.7224485896524787
376,traffic,41f9af6ab1b86f6fe5ef4323c149934cbaf2f1c6c4b6bb60ffda29c7857cf618,8ce688ba76254d329bc5d01cdbec4625,ensemble,ensemble,ensemble_top3_mean,GRU,Ensemble,0,drift,1.0381562629517733,1.0364085349508654,1.0398398493887162,0.7308430673509836,0.7277559900155663,0.7339335023320466
377,traffic,41f9af6ab1b86f6fe5ef4323c149934cbaf2f1c6c4b6bb60ffda29c7857cf618,8ce688ba76254d329bc5d01cdbec4625,ensemble,ensemble,ensemble_top3_mean,GRU,Ensemble,1,attenuation,0.9918485974489415,0.9909946658747488,0.9926972458329815,0.6982433157473803,0.6954499947230517,0.7011317148981989
378,traffic,41f9af6ab1b86f6fe5ef4323c149934cbaf2f1c6c4b6bb60ffda29c7857cf618,8ce688ba76254d329bc5d01cdbec4625,ensemble,ensemble,ensemble_top3_mean,GRU,Ensemble,2,noise,1.0031537287689263,1.0025644714436568,1.0037415051309422,0.706201921927929,0.7032461594215781,0.709163313819766
379,traffic,41f9af6ab1b86f6fe5ef4323c149934cbaf2f1c6c4b6bb60ffda29c7857cf618,8ce688ba76254d329bc5d01cdbec4625,ensemble,ensemble,ensemble_top3_mean,GRU,Ensemble,3,spike,1.0029789254009345,1.002518979324835,1.0034177085389795,0.7060788635462523,0.7031355969385803,0.7089918479906768
380,traffic,41f9af6ab1b86f6fe5ef4323c149934cbaf2f1c6c4b6bb60ffda29c7857cf618,8ce688ba76254d329bc5d01cdbec4625,ensemble,ensemble,ensemble_top3_mean,GRU,Ensemble,4,time_stretch,1.060789523920319,1.0573285641125572,1.064361351510717,0.7467764701157809,0.7432711331742258,0.7503113763834536
381,traffic,41f9af6ab1b86f6fe5ef4323c149934cbaf2f1c6c4b6bb60ffda29c7857cf618,8ce688ba76254d329bc5d01cdbec4625,ensemble,ensemble,ensemble_top3_mean,GRU,Ensemble,5,time_compress,1.0516534604467402,1.048858470999062,1.054533081662993,0.7403448481231928,0.7372093103275448,0.7437447177864611
382,traffic,41f9af6ab1b86f6fe5ef4323c149934cbaf2f1c6c4b6bb60ffda29c7857cf618,8ce688ba76254d329bc5d01cdbec4625,ensemble,ensemble,ensemble_top3_mean,GRU,Ensemble,6,stuck_sensor,1.0891579220910004,1.0850806347842399,1.0940328499572562,0.7667473048299551,0.7627522328235209,0.7711621182086318
383,traffic,41f9af6ab1b86f6fe5ef4323c149934cbaf2f1c6c4b6bb60ffda29c7857cf618,8ce688ba76254d329bc5d01cdbec4625,ensemble,ensemble,ensemble_top3_mean,GRU,Ensemble,7,missing_data,1.1867706896224548,1.17813281763721,1.1957051522545519,0.8354649121701717,0.8288632175897063,0.8424122060927004
384,traffic,41f9af6ab1b86f6fe5ef4323c149934cbaf2f1c6c4b6bb60ffda29c7857cf618,5cda713228aa4ccd8356971a92f7888b,ensemble,ensemble,ensemble_top3_mean,PatchTST,Ensemble,0,drift,1.155940687707755,1.1523011614411802,1.1597705065088084,0.5143635322451592,0.5111780111597478,0.5175482294398174
385,traffic,41f9af6ab1b86f6fe5ef4323c149934cbaf2f1c6c4b6bb60ffda29c7857cf618,5cda713228aa4ccd8356971a92f7888b,ensemble,ensemble,ensemble_top3_mean,PatchTST,Ensemble,1,attenuation,1.1906069844338663,1.1857637628498365,1.1955752711548464,0.5297891323849558,0.5264728576625883,0.5334206041175499
386,traffic,41f9af6ab1b86f6fe5ef4323c149934cbaf2f1c6c4b6bb60ffda29c7857cf618,5cda713228aa4ccd8356971a92f7888b,ensemble,ensemble,ensemble_top3_mean,PatchTST,Ensemble,2,noise,1.1316879487641531,1.1285384196169916,1.1348166065698257,0.5035716943919659,0.5003255901459976,0.5070613378410042
387,traffic,41f9af6ab1b86f6fe5ef4323c149934cbaf2f1c6c4b6bb60ffda29c7857cf618,5cda713228aa4ccd8356971a92f7888b,ensemble,ensemble,ensemble_top3_mean,PatchTST,Ensemble,3,spike,1.0106445592539646,1.0103843972932194,1.0108970562163604,0.4497105352118611,0.4467530630769953,0.45264922370057553
388,traffic,41f9af6ab1b86f6fe5ef4323c149934cbaf2f1c6c4b6bb60ffda29c7857cf618,5cda713228aa4ccd8356971a92f7888b,ensemble,ensemble,ensemble_top3_mean,PatchTST,Ensemble,4,time_stretch,1.263114609186224,1.2582609201517647,1.2685315628691434,0.5620531389892102,0.5585293448457868,0.565661705984734
389,traffic,41f9af6ab1b86f6fe5ef4323c149934cbaf2f1c6c4b6bb60ffda29c7857cf618,5cda713228aa4ccd8356971a92f7888b,ensemble,ensemble,ensemble_top3_mean,PatchTST,Ensemble,5,time_compress,1.285480512699212,1.27817396569111,1.2927062850708553,0.5720053841650486,0.5678069648925215,0.5761332536322624
390,traffic,41f9af6ab1b86f6fe5ef4323c149934cbaf2f1c6c4b6bb60ffda29c7857cf618,5cda713228aa4ccd8356971a92f7888b,ensemble,ensemble,ensemble_top3_mean,PatchTST,Ensemble,6,stuck_sensor,1.6377789592832797,1.6233067552226306,1.6525809352423535,0.7287690272450447,0.7215901896320656,0.7362054543042184
391,traffic,41f9af6ab1b86f6fe5ef4323c149934cbaf2f1c6c4b6bb60ffda29c7857cf618,5cda713228aa4ccd8356971a92f7888b,ensemble,ensemble,ensemble_top3_mean,PatchTST,Ensemble,7,missing_data,1.709450651914194,1.6909700785245025,1.7274702146655307,0.7606610658034683,0.7526680102250353,0.7688430288764835
392,traffic,41f9af6ab1b86f6fe5ef4323c149934cbaf2f1c6c4b6bb60ffda29c7857cf618,1b70cc19ae7143bcb8cccfb1ea4178da,ensemble,ensemble,ensemble_top10_mean,TSMixer,Ensemble,0,drift,1.023291246626146,1.022606758053865,1.023992303624866,0.594722289353609,0.5916636700132489,0.5978418159285188
393,traffic,41f9af6ab1b86f6fe5ef4323c149934cbaf2f1c6c4b6bb60ffda29c7857cf618,1b70cc19ae7143bcb8cccfb1ea4178da,ensemble,ensemble,ensemble_top10_mean,TSMixer,Ensemble,1,attenuation,1.094113146719791,1.0915554325707573,1.096866620234007,0.6358829683870078,0.6327331411762536,0.6393289536634832
394,traffic,41f9af6ab1b86f6fe5ef4323c149934cbaf2f1c6c4b6bb60ffda29c7857cf618,1b70cc19ae7143bcb8cccfb1ea4178da,ensemble,ensemble,ensemble_top10_mean,TSMixer,Ensemble,2,noise,1.0239414778666798,1.0232932413098113,1.024562548066591,0.5951001944839954,0.5921041396427155,0.5982072031126916
395,traffic,41f9af6ab1b86f6fe5ef4323c149934cbaf2f1c6c4b6bb60ffda29c7857cf618,1b70cc19ae7143bcb8cccfb1ea4178da,ensemble,ensemble,ensemble_top10_mean,TSMixer,Ensemble,3,spike,1.0165127895601742,1.016041916112942,1.0169957801615492,0.5907827467083931,0.5877261638418585,0.5938835123327375
396,traffic,41f9af6ab1b86f6fe5ef4323c149934cbaf2f1c6c4b6bb60ffda29c7857cf618,1b70cc19ae7143bcb8cccfb1ea4178da,ensemble,ensemble,ensemble_top10_mean,TSMixer,Ensemble,4,time_stretch,1.104555716851735,1.1021017926493268,1.1070716057708676,0.6419520413279534,0.6386082192763686,0.6452480012840033
397,traffic,41f9af6ab1b86f6fe5ef4323c149934cbaf2f1c6c4b6bb60ffda29c7857cf618,1b70cc19ae7143bcb8cccfb1ea4178da,ensemble,ensemble,ensemble_top10_mean,TSMixer,Ensemble,5,time_compress,1.119573080074412,1.1168381035094448,1.1222029959239437,0.6506799188166856,0.6474675630282611,0.6539002196351439
398,traffic,41f9af6ab1b86f6fe5ef4323c149934cbaf2f1c6c4b6bb60ffda29c7857cf618,1b70cc19ae7143bcb8cccfb1ea4178da,ensemble,ensemble,ensemble_top10_mean,TSMixer,Ensemble,6,stuck_sensor,1.2225247296809676,1.2167508090148056,1.2283505195765962,0.7105139503777027,0.7058977742794901,0.7150813153565675
399,traffic,41f9af6ab1b86f6fe5ef4323c149934cbaf2f1c6c4b6bb60ffda29c7857cf618,1b70cc19ae7143bcb8cccfb1ea4178da,ensemble,ensemble,ensemble_top10_mean,TSMixer,Ensemble,7,missing_data,1.2691317733572722,1.2616006159113626,1.2758848197863668,0.7376012999534607,0.7326994926925748,0.742445400596857
400,traffic,41f9af6ab1b86f6fe5ef4323c149934cbaf2f1c6c4b6bb60ffda29c7857cf618,3484b84a97594c9fa816b2821ca91b86,ensemble,ensemble,ensemble_top5_mean,DLinear,Ensemble,0,drift,1.020449635940568,1.0197107501443248,1.0212221556873864,0.696774278229475,0.6927605781397224,0.7007758117152005
401,traffic,41f9af6ab1b86f6fe5ef4323c149934cbaf2f1c6c4b6bb60ffda29c7857cf618,3484b84a97594c9fa816b2821ca91b86,ensemble,ensemble,ensemble_top5_mean,DLinear,Ensemble,1,attenuation,1.085490549344968,1.0825874274109872,1.0883335632495952,0.7411849320203066,0.7372314428888261,0.7456073303348572
402,traffic,41f9af6ab1b86f6fe5ef4323c149934cbaf2f1c6c4b6bb60ffda29c7857cf618,3484b84a97594c9fa816b2821ca91b86,ensemble,ensemble,ensemble_top5_mean,DLinear,Ensemble,2,noise,1.032322912681956,1.0315625579913463,1.033010455945238,0.7048814826816321,0.7008905808436872,0.7088825755166263
403,traffic,41f9af6ab1b86f6fe5ef4323c149934cbaf2f1c6c4b6bb60ffda29c7857cf618,3484b84a97594c9fa816b2821ca91b86,ensemble,ensemble,ensemble_top5_mean,DLinear,Ensemble,3,spike,1.0166257436833042,1.016238369725533,1.0170256708243721,0.6941632823765278,0.6902165121339261,0.6982431036689132
404,traffic,41f9af6ab1b86f6fe5ef4323c149934cbaf2f1c6c4b6bb60ffda29c7857cf618,3484b84a97594c9fa816b2821ca91b86,ensemble,ensemble,ensemble_top5_mean,DLinear,Ensemble,4,time_stretch,1.0752722326824127,1.0728716491920336,1.0777716157802741,0.7342077525824309,0.7302381926523894,0.7383355680217594
405,traffic,41f9af6ab1b86f6fe5ef4323c149934cbaf2f1c6c4b6bb60ffda29c7857cf618,3484b84a97594c9fa816b2821ca91b86,ensemble,ensemble,ensemble_top5_mean,DLinear,Ensemble,5,time_compress,1.0764160227155373,1.0741420355254532,1.078723663702208,0.7349887450456619,0.7309597729129345,0.7391587063749879
406,traffic,41f9af6ab1b86f6fe5ef4323c149934cbaf2f1c6c4b6bb60ffda29c7857cf618,3484b84a97594c9fa816b2821ca91b86,ensemble,ensemble,ensemble_top5_mean,DLinear,Ensemble,6,stuck_sensor,1.1698826700259934,1.165244190623244,1.174497557300995,0.7988088037967682,0.7940140539785475,0.8039962328141927
407,traffic,41f9af6ab1b86f6fe5ef4323c149934cbaf2f1c6c4b6bb60ffda29c7857cf618,3484b84a97594c9fa816b2821ca91b86,ensemble,ensemble,ensemble_top5_mean,DLinear,Ensemble,7,missing_data,1.1754802989503865,1.1689353328365533,1.1819277063404052,0.802630926629901,0.7969207063085586,0.8078444470117987
408,traffic,41f9af6ab1b86f6fe5ef4323c149934cbaf2f1c6c4b6bb60ffda29c7857cf618,b315fc3627ae4576a3d1d0e69355a270,fault_augmentation,fault_augmentation,fa_profholdout_simple_mix0.75_sev0.75_frac0.25,GRU,GRU,0,drift,1.025088265239706,1.023509225873937,1.0266493775023648,0.7114410285681486,0.7082463149717451,0.7147494400808215
409,traffic,41f9af6ab1b86f6fe5ef4323c149934cbaf2f1c6c4b6bb60ffda29c7857cf618,b315fc3627ae4576a3d1d0e69355a270,fault_augmentation,fault_augmentation,fa_profholdout_simple_mix0.75_sev0.75_frac0.25,GRU,GRU,1,attenuation,1.002064872259545,1.0013627294280805,1.0027703639659584,0.6954621251523495,0.6924220417891443,0.6987392106402666
410,traffic,41f9af6ab1b86f6fe5ef4323c149934cbaf2f1c6c4b6bb60ffda29c7857cf618,b315fc3627ae4576a3d1d0e69355a270,fault_augmentation,fault_augmentation,fa_profholdout_simple_mix0.75_sev0.75_frac0.25,GRU,GRU,2,noise,1.0055376139524603,1.0048206799803863,1.0062787192291984,0.6978723087489604,0.6948347209625692,0.7011728503368795
411,traffic,41f9af6ab1b86f6fe5ef4323c149934cbaf2f1c6c4b6bb60ffda29c7857cf618,b315fc3627ae4576a3d1d0e69355a270,fault_augmentation,fault_augmentation,fa_profholdout_simple_mix0.75_sev0.75_frac0.25,GRU,GRU,3,spike,1.0036401211409167,1.0030181464614625,1.0041965547734761,0.6965553936272859,0.6935910126484185,0.6998762076877058
412,traffic,41f9af6ab1b86f6fe5ef4323c149934cbaf2f1c6c4b6bb60ffda29c7857cf618,b315fc3627ae4576a3d1d0e69355a270,fault_augmentation,fault_augmentation,fa_profholdout_simple_mix0.75_sev0.75_frac0.25,GRU,GRU,4,time_stretch,1.079282310458178,1.0755053514627932,1.0836313192705216,0.7490532699525356,0.7452910116075725,0.7531134487700463
413,traffic,41f9af6ab1b86f6fe5ef4323c149934cbaf2f1c6c4b6bb60ffda29c7857cf618,b315fc3627ae4576a3d1d0e69355a270,fault_augmentation,fault_augmentation,fa_profholdout_simple_mix0.75_sev0.75_frac0.25,GRU,GRU,5,time_compress,1.07072464026495,1.06691886995517,1.0747585373389312,0.7431139982908964,0.7393401704018563,0.7469423538297415
414,traffic,41f9af6ab1b86f6fe5ef4323c149934cbaf2f1c6c4b6bb60ffda29c7857cf618,b315fc3627ae4576a3d1d0e69355a270,fault_augmentation,fault_augmentation,fa_profholdout_simple_mix0.75_sev0.75_frac0.25,GRU,GRU,6,stuck_sensor,1.1151499465065078,1.1098609768852594,1.12126339216229,0.7739464511036873,0.7690337133927643,0.7790277757050842
415,traffic,41f9af6ab1b86f6fe5ef4323c149934cbaf2f1c6c4b6bb60ffda29c7857cf618,b315fc3627ae4576a3d1d0e69355a270,fault_augmentation,fault_augmentation,fa_profholdout_simple_mix0.75_sev0.75_frac0.25,GRU,GRU,7,missing_data,1.324176257125391,1.3105160682750903,1.338207714967226,0.9190167815983296,0.9090768441547453,0.928724967879653
416,traffic,41f9af6ab1b86f6fe5ef4323c149934cbaf2f1c6c4b6bb60ffda29c7857cf618,37468753e1754d129b2bbc5f0e83f069,fault_augmentation,fault_augmentation,fa_profholdout_varying_mix1.0_sev1.0_frac0.1,PatchTST,PatchTST,0,drift,1.1547187661839926,1.1510839320026394,1.1585035745617212,0.5236293137907981,0.5202983560176194,0.5268102957587316
417,traffic,41f9af6ab1b86f6fe5ef4323c149934cbaf2f1c6c4b6bb60ffda29c7857cf618,37468753e1754d129b2bbc5f0e83f069,fault_augmentation,fault_augmentation,fa_profholdout_varying_mix1.0_sev1.0_frac0.1,PatchTST,PatchTST,1,attenuation,1.1841622264113556,1.1794120273559148,1.188975105252755,0.536981014071405,0.5335751974250376,0.5406920259331539
418,traffic,41f9af6ab1b86f6fe5ef4323c149934cbaf2f1c6c4b6bb60ffda29c7857cf618,37468753e1754d129b2bbc5f0e83f069,fault_augmentation,fault_augmentation,fa_profholdout_varying_mix1.0_sev1.0_frac0.1,PatchTST,PatchTST,2,noise,1.2158297233808046,1.2108838168361042,1.2204925245472948,0.5513412463575602,0.5476054965291173,0.5554459350083396
419,traffic,41f9af6ab1b86f6fe5ef4323c149934cbaf2f1c6c4b6bb60ffda29c7857cf618,37468753e1754d129b2bbc5f0e83f069,fault_augmentation,fault_augmentation,fa_profholdout_varying_mix1.0_sev1.0_frac0.1,PatchTST,PatchTST,3,spike,1.010190447105116,1.0099372328812357,1.0104634058176734,0.45809018274098634,0.4550697466260195,0.4611132490840927
420,traffic,41f9af6ab1b86f6fe5ef4323c149934cbaf2f1c6c4b6bb60ffda29c7857cf618,37468753e1754d129b2bbc5f0e83f069,fault_augmentation,fault_augmentation,fa_profholdout_varying_mix1.0_sev1.0_frac0.1,PatchTST,PatchTST,4,time_stretch,1.2246240299884397,1.220522762682427,1.2291291643546058,0.5553291929200291,0.5518626070266217,0.5588894433404505
421,traffic,41f9af6ab1b86f6fe5ef4323c149934cbaf2f1c6c4b6bb60ffda29c7857cf618,37468753e1754d129b2bbc5f0e83f069,fault_augmentation,fault_augmentation,fa_profholdout_varying_mix1.0_sev1.0_frac0.1,PatchTST,PatchTST,5,time_compress,1.1976832755472946,1.1940713609229872,1.2011729187773428,0.5431123924538493,0.5398030297006667,0.5464515721929073
422,traffic,41f9af6ab1b86f6fe5ef4323c149934cbaf2f1c6c4b6bb60ffda29c7857cf618,37468753e1754d129b2bbc5f0e83f069,fault_augmentation,fault_augmentation,fa_profholdout_varying_mix1.0_sev1.0_frac0.1,PatchTST,PatchTST,6,stuck_sensor,1.5027210961280748,1.4894695948986783,1.5161386344771763,0.6814376274362206,0.6745746620257944,0.6885023704143614
423,traffic,41f9af6ab1b86f6fe5ef4323c149934cbaf2f1c6c4b6bb60ffda29c7857cf618,37468753e1754d129b2bbc5f0e83f069,fault_augmentation,fault_augmentation,fa_profholdout_varying_mix1.0_sev1.0_frac0.1,PatchTST,PatchTST,7,missing_data,1.3932119597789614,1.3848006925506475,1.4011822180785425,0.6317786146968604,0.6271071850518137,0.6364839892713353
424,traffic,41f9af6ab1b86f6fe5ef4323c149934cbaf2f1c6c4b6bb60ffda29c7857cf618,c5a4959e55c74982a2807fce24d90ebd,fault_augmentation,fault_augmentation,fa_profholdout_varying_mix0.75_sev0.75_frac0.1,ModernTCN,ModernTCN,0,drift,1.0135634806667877,1.0125963112999228,1.0144665503204888,0.6024023055613041,0.5995430309806019,0.6053742693778872
425,traffic,41f9af6ab1b86f6fe5ef4323c149934cbaf2f1c6c4b6bb60ffda29c7857cf618,c5a4959e55c74982a2807fce24d90ebd,fault_augmentation,fault_augmentation,fa_profholdout_varying_mix0.75_sev0.75_frac0.1,ModernTCN,ModernTCN,1,attenuation,1.0755833851512058,1.073596851946734,1.0774909993466577,0.6392632759541274,0.6362336579223723,0.6423755803767591
426,traffic,41f9af6ab1b86f6fe5ef4323c149934cbaf2f1c6c4b6bb60ffda29c7857cf618,c5a4959e55c74982a2807fce24d90ebd,fault_augmentation,fault_augmentation,fa_profholdout_varying_mix0.75_sev0.75_frac0.1,ModernTCN,ModernTCN,2,noise,1.0250876415295822,1.0239422307901207,1.026255224434637,0.6092515865445137,0.6063040862086415,0.612301493890807
427,traffic,41f9af6ab1b86f6fe5ef4323c149934cbaf2f1c6c4b6bb60ffda29c7857cf618,c5a4959e55c74982a2807fce24d90ebd,fault_augmentation,fault_augmentation,fa_profholdout_varying_mix0.75_sev0.75_frac0.1,ModernTCN,ModernTCN,3,spike,1.012843420059166,1.0121314907614465,1.0135599227205618,0.6019743440389633,0.5990904821115732,0.6048573675969988
428,traffic,41f9af6ab1b86f6fe5ef4323c149934cbaf2f1c6c4b6bb60ffda29c7857cf618,c5a4959e55c74982a2807fce24d90ebd,fault_augmentation,fault_augmentation,fa_profholdout_varying_mix0.75_sev0.75_frac0.1,ModernTCN,ModernTCN,4,time_stretch,1.0886459358764435,1.0865510623044676,1.0908519034330078,0.6470268850654364,0.6438269709511846,0.6503432275645435
429,traffic,41f9af6ab1b86f6fe5ef4323c149934cbaf2f1c6c4b6bb60ffda29c7857cf618,c5a4959e55c74982a2807fce24d90ebd,fault_augmentation,fault_augmentation,fa_profholdout_varying_mix0.75_sev0.75_frac0.1,ModernTCN,ModernTCN,5,time_compress,1.0926243813829055,1.0906284309326408,1.0946315776637539,0.6493914382398128,0.6463042781658471,0.652446037453115
430,traffic,41f9af6ab1b86f6fe5ef4323c149934cbaf2f1c6c4b6bb60ffda29c7857cf618,c5a4959e55c74982a2807fce24d90ebd,fault_augmentation,fault_augmentation,fa_profholdout_varying_mix0.75_sev0.75_frac0.1,ModernTCN,ModernTCN,6,stuck_sensor,1.1584482179013986,1.1546189892576146,1.162516595939547,0.6885132412999868,0.6848157399466633,0.6923728430189937
431,traffic,41f9af6ab1b86f6fe5ef4323c149934cbaf2f1c6c4b6bb60ffda29c7857cf618,c5a4959e55c74982a2807fce24d90ebd,fault_augmentation,fault_augmentation,fa_profholdout_varying_mix0.75_sev0.75_frac0.1,ModernTCN,ModernTCN,7,missing_data,1.2448162101768596,1.2397406082332292,1.2498450849383222,0.7398452778875828,0.7357044990760089,0.7439017881826312
432,traffic,41f9af6ab1b86f6fe5ef4323c149934cbaf2f1c6c4b6bb60ffda29c7857cf618,d5be2ebf60b247b483afaf6c3b99c588,fault_augmentation,fault_augmentation,fa_profholdout_simple_mix1.0_sev0.75_frac0.1,TSMixer,TSMixer,0,drift,1.049978290598633,1.0486500975610933,1.0512095490465057,0.6078727478861808,0.6046669621182977,0.6110997521443664
433,traffic,41f9af6ab1b86f6fe5ef4323c149934cbaf2f1c6c4b6bb60ffda29c7857cf618,d5be2ebf60b247b483afaf6c3b99c588,fault_augmentation,fault_augmentation,fa_profholdout_simple_mix1.0_sev0.75_frac0.1,TSMixer,TSMixer,1,attenuation,1.1188161672558128,1.1156055027015654,1.122212399159197,0.6477256378144026,0.6442182251376659,0.6514026877924054
434,traffic,41f9af6ab1b86f6fe5ef4323c149934cbaf2f1c6c4b6bb60ffda29c7857cf618,d5be2ebf60b247b483afaf6c3b99c588,fault_augmentation,fault_augmentation,fa_profholdout_simple_mix1.0_sev0.75_frac0.1,TSMixer,TSMixer,2,noise,1.0319449323425647,1.0310956183866928,1.0327831819144069,0.5974325443744659,0.5945740405351668,0.6006151104864478
435,traffic,41f9af6ab1b86f6fe5ef4323c149934cbaf2f1c6c4b6bb60ffda29c7857cf618,d5be2ebf60b247b483afaf6c3b99c588,fault_augmentation,fault_augmentation,fa_profholdout_simple_mix1.0_sev0.75_frac0.1,TSMixer,TSMixer,3,spike,1.0212501637525853,1.0206195222696597,1.0218697664999121,0.5912409321963787,0.58829205532372,0.5944559652374685
436,traffic,41f9af6ab1b86f6fe5ef4323c149934cbaf2f1c6c4b6bb60ffda29c7857cf618,d5be2ebf60b247b483afaf6c3b99c588,fault_augmentation,fault_augmentation,fa_profholdout_simple_mix1.0_sev0.75_frac0.1,TSMixer,TSMixer,4,time_stretch,1.1291582237450826,1.1262458985805897,1.1322612366691078,0.6537130514144898,0.6504177977256477,0.6571792875765264
437,traffic,41f9af6ab1b86f6fe5ef4323c149934cbaf2f1c6c4b6bb60ffda29c7857cf618,d5be2ebf60b247b483afaf6c3b99c588,fault_augmentation,fault_augmentation,fa_profholdout_simple_mix1.0_sev0.75_frac0.1,TSMixer,TSMixer,5,time_compress,1.139595267166246,1.1361472426173473,1.1427938029125546,0.6597554565966129,0.6562861394643038,0.6633263061908632
438,traffic,41f9af6ab1b86f6fe5ef4323c149934cbaf2f1c6c4b6bb60ffda29c7857cf618,d5be2ebf60b247b483afaf6c3b99c588,fault_augmentation,fault_augmentation,fa_profholdout_simple_mix1.0_sev0.75_frac0.1,TSMixer,TSMixer,6,stuck_sensor,1.273500196342904,1.2666499939027278,1.2806110993999016,0.7372781615734101,0.7322670923966914,0.742478928790167
439,traffic,41f9af6ab1b86f6fe5ef4323c149934cbaf2f1c6c4b6bb60ffda29c7857cf618,d5be2ebf60b247b483afaf6c3b99c588,fault_augmentation,fault_augmentation,fa_profholdout_simple_mix1.0_sev0.75_frac0.1,TSMixer,TSMixer,7,missing_data,1.3197454201302796,1.3112264289172215,1.3278992991604333,0.7640512972772121,0.7583251184493304,0.7694745641166717
440,traffic,41f9af6ab1b86f6fe5ef4323c149934cbaf2f1c6c4b6bb60ffda29c7857cf618,fe8c0758a0324806b078b75380387d86,fault_augmentation,fault_augmentation,fa_profholdout_varying_mix0.75_sev0.75_frac0.1,DLinear,DLinear,0,drift,1.020444031011229,1.0197332253306133,1.0212165333391572,0.6987323215395213,0.6947554363387078,0.7026158348852396
441,traffic,41f9af6ab1b86f6fe5ef4323c149934cbaf2f1c6c4b6bb60ffda29c7857cf618,fe8c0758a0324806b078b75380387d86,fault_augmentation,fault_augmentation,fa_profholdout_varying_mix0.75_sev0.75_frac0.1,DLinear,DLinear,1,attenuation,1.0848448453667496,1.081948962971421,1.0876915036192603,0.7428297234117984,0.7389071509752423,0.7472980918426811
442,traffic,41f9af6ab1b86f6fe5ef4323c149934cbaf2f1c6c4b6bb60ffda29c7857cf618,fe8c0758a0324806b078b75380387d86,fault_augmentation,fault_augmentation,fa_profholdout_varying_mix0.75_sev0.75_frac0.1,DLinear,DLinear,2,noise,1.0306313760652244,1.029911016667093,1.031282280121741,0.7057079390585422,0.7017358710690588,0.7097096945359558
443,traffic,41f9af6ab1b86f6fe5ef4323c149934cbaf2f1c6c4b6bb60ffda29c7857cf618,fe8c0758a0324806b078b75380387d86,fault_augmentation,fault_augmentation,fa_profholdout_varying_mix0.75_sev0.75_frac0.1,DLinear,DLinear,3,spike,1.0156446543628805,1.0152784430010486,1.0160222407325352,0.695446027058363,0.6914807173512132,0.6995418443670124
444,traffic,41f9af6ab1b86f6fe5ef4323c149934cbaf2f1c6c4b6bb60ffda29c7857cf618,fe8c0758a0324806b078b75380387d86,fault_augmentation,fault_augmentation,fa_profholdout_varying_mix0.75_sev0.75_frac0.1,DLinear,DLinear,4,time_stretch,1.0753396416735965,1.0729303509608663,1.0778374451033828,0.7363211910068989,0.7322767897691578,0.7404081008910388
445,traffic,41f9af6ab1b86f6fe5ef4323c149934cbaf2f1c6c4b6bb60ffda29c7857cf618,fe8c0758a0324806b078b75380387d86,fault_augmentation,fault_augmentation,fa_profholdout_varying_mix0.75_sev0.75_frac0.1,DLinear,DLinear,5,time_compress,1.075859444289682,1.0736186555146376,1.0780985351603702,0.7366771173268557,0.732640973328203,0.7408218219890446
446,traffic,41f9af6ab1b86f6fe5ef4323c149934cbaf2f1c6c4b6bb60ffda29c7857cf618,fe8c0758a0324806b078b75380387d86,fault_augmentation,fault_augmentation,fa_profholdout_varying_mix0.75_sev0.75_frac0.1,DLinear,DLinear,6,stuck_sensor,1.1686581538000989,1.1640950448401335,1.173234845065002,0.8002195123642682,0.7954234936627,0.8053582078112662
447,traffic,41f9af6ab1b86f6fe5ef4323c149934cbaf2f1c6c4b6bb60ffda29c7857cf618,fe8c0758a0324806b078b75380387d86,fault_augmentation,fault_augmentation,fa_profholdout_varying_mix0.75_sev0.75_frac0.1,DLinear,DLinear,7,missing_data,1.1762015543293813,1.1696519522556073,1.1826446195948084,0.8053847322136164,0.7996211876194179,0.8106186041484773
448,traffic,41f9af6ab1b86f6fe5ef4323c149934cbaf2f1c6c4b6bb60ffda29c7857cf618,e599a3a2526046d19fe3b9d3e585339b,randomized_training,randomized_training,rt_spaceraw_std0.3_channelscontinuous,GRU,GRU,0,drift,1.0390430249605753,1.03646067316291,1.041664950325054,0.7279726486563682,0.7246470016513764,0.7315711525043844
449,traffic,41f9af6ab1b86f6fe5ef4323c149934cbaf2f1c6c4b6bb60ffda29c7857cf618,e599a3a2526046d19fe3b9d3e585339b,randomized_training,randomized_training,rt_spaceraw_std0.3_channelscontinuous,GRU,GRU,1,attenuation,0.9986243988415641,0.9973580195741979,0.9997880195569112,0.6996546160012483,0.6966401102373748,0.7027559760551155
450,traffic,41f9af6ab1b86f6fe5ef4323c149934cbaf2f1c6c4b6bb60ffda29c7857cf618,e599a3a2526046d19fe3b9d3e585339b,randomized_training,randomized_training,rt_spaceraw_std0.3_channelscontinuous,GRU,GRU,2,noise,1.0038827580114893,1.0030944424301265,1.0047557029403642,0.7033387191236019,0.7004346880698203,0.706380576845929
451,traffic,41f9af6ab1b86f6fe5ef4323c149934cbaf2f1c6c4b6bb60ffda29c7857cf618,e599a3a2526046d19fe3b9d3e585339b,randomized_training,randomized_training,rt_spaceraw_std0.3_channelscontinuous,GRU,GRU,3,spike,1.0031991488342942,1.002452930188896,1.0039300701581382,0.7028597699642182,0.6999048672558367,0.7058534279574454
452,traffic,41f9af6ab1b86f6fe5ef4323c149934cbaf2f1c6c4b6bb60ffda29c7857cf618,e599a3a2526046d19fe3b9d3e585339b,randomized_training,randomized_training,rt_spaceraw_std0.3_channelscontinuous,GRU,GRU,4,time_stretch,1.0775246216439456,1.0726744231109882,1.0824810200973893,0.7549335628718138,0.7507607407404482,0.7593524389442057
453,traffic,41f9af6ab1b86f6fe5ef4323c149934cbaf2f1c6c4b6bb60ffda29c7857cf618,e599a3a2526046d19fe3b9d3e585339b,randomized_training,randomized_training,rt_spaceraw_std0.3_channelscontinuous,GRU,GRU,5,time_compress,1.0686827225650557,1.0643663830725056,1.0733349180164191,0.748738765797019,0.7448894558226317,0.7526645398741215
454,traffic,41f9af6ab1b86f6fe5ef4323c149934cbaf2f1c6c4b6bb60ffda29c7857cf618,e599a3a2526046d19fe3b9d3e585339b,randomized_training,randomized_training,rt_spaceraw_std0.3_channelscontinuous,GRU,GRU,6,stuck_sensor,1.1023965151205029,1.0966974445240132,1.1086998215608135,0.7723592687726021,0.7677864384105801,0.7773014424538612
455,traffic,41f9af6ab1b86f6fe5ef4323c149934cbaf2f1c6c4b6bb60ffda29c7857cf618,e599a3a2526046d19fe3b9d3e585339b,randomized_training,randomized_training,rt_spaceraw_std0.3_channelscontinuous,GRU,GRU,7,missing_data,1.313902418045812,1.3012516917966077,1.3259661745651241,0.9205441934198141,0.9115492246561497,0.9297162012318522
456,traffic,41f9af6ab1b86f6fe5ef4323c149934cbaf2f1c6c4b6bb60ffda29c7857cf618,63a976d881324c90a3825d1a2fffe933,adaptive_robust_loss,adaptive_robust_loss,arl_alo0.001_ainit1.0_slo0.01_sinit1.0,PatchTST,PatchTST,0,drift,1.1047813443907912,1.1020953118567642,1.1077414225388102,0.5987237330213189,0.595256850929372,0.6022214140275866
457,traffic,41f9af6ab1b86f6fe5ef4323c149934cbaf2f1c6c4b6bb60ffda29c7857cf618,63a976d881324c90a3825d1a2fffe933,adaptive_robust_loss,adaptive_robust_loss,arl_alo0.001_ainit1.0_slo0.01_sinit1.0,PatchTST,PatchTST,1,attenuation,1.1478972158743508,1.1441907374204288,1.151451303037957,0.6220898910924793,0.6181142574992775,0.6262596515920386
458,traffic,41f9af6ab1b86f6fe5ef4323c149934cbaf2f1c6c4b6bb60ffda29c7857cf618,63a976d881324c90a3825d1a2fffe933,adaptive_robust_loss,adaptive_robust_loss,arl_alo0.001_ainit1.0_slo0.01_sinit1.0,PatchTST,PatchTST,2,noise,1.1408818609884264,1.1377830686367538,1.1439250301098007,0.6182879989922047,0.6141614589299634,0.6225869971395657
459,traffic,41f9af6ab1b86f6fe5ef4323c149934cbaf2f1c6c4b6bb60ffda29c7857cf618,63a976d881324c90a3825d1a2fffe933,adaptive_robust_loss,adaptive_robust_loss,arl_alo0.001_ainit1.0_slo0.01_sinit1.0,PatchTST,PatchTST,3,spike,1.0072425523734525,1.0070236233526977,1.0074507052953139,0.5458636897489428,0.5424610600010678,0.5495084976627678
460,traffic,41f9af6ab1b86f6fe5ef4323c149934cbaf2f1c6c4b6bb60ffda29c7857cf618,63a976d881324c90a3825d1a2fffe933,adaptive_robust_loss,adaptive_robust_loss,arl_alo0.001_ainit1.0_slo0.01_sinit1.0,PatchTST,PatchTST,4,time_stretch,1.1751426467779487,1.1715037595968565,1.178968191724475,0.6368552436947823,0.632975394250825,0.6410282404578477
461,traffic,41f9af6ab1b86f6fe5ef4323c149934cbaf2f1c6c4b6bb60ffda29c7857cf618,63a976d881324c90a3825d1a2fffe933,adaptive_robust_loss,adaptive_robust_loss,arl_alo0.001_ainit1.0_slo0.01_sinit1.0,PatchTST,PatchTST,5,time_compress,1.2336313843972815,1.2269996076995076,1.240554624508906,0.6685525524020195,0.6636625928855687,0.673517727032043
462,traffic,41f9af6ab1b86f6fe5ef4323c149934cbaf2f1c6c4b6bb60ffda29c7857cf618,63a976d881324c90a3825d1a2fffe933,adaptive_robust_loss,adaptive_robust_loss,arl_alo0.001_ainit1.0_slo0.01_sinit1.0,PatchTST,PatchTST,6,stuck_sensor,1.586786070472316,1.5735432794138438,1.6009924630004304,0.8599407334700226,0.8518345820593833,0.8684416681624576
463,traffic,41f9af6ab1b86f6fe5ef4323c149934cbaf2f1c6c4b6bb60ffda29c7857cf618,63a976d881324c90a3825d1a2fffe933,adaptive_robust_loss,adaptive_robust_loss,arl_alo0.001_ainit1.0_slo0.01_sinit1.0,PatchTST,PatchTST,7,missing_data,1.5890787885550561,1.5711778629219495,1.606650971160423,0.8611832460597157,0.8517355010207742,0.8708506459633261
464,traffic,41f9af6ab1b86f6fe5ef4323c149934cbaf2f1c6c4b6bb60ffda29c7857cf618,37d49563e7a34e0a96fd52093b0dca58,adaptive_robust_loss,adaptive_robust_loss,arl_alo0.001_ainit1.0_slo1e-05_sinit0.1,ModernTCN,ModernTCN,0,drift,1.0819145516709956,1.079551431595653,1.084022478723558,0.7231426604598761,0.7188149125961959,0.7275407886161656
465,traffic,41f9af6ab1b86f6fe5ef4323c149934cbaf2f1c6c4b6bb60ffda29c7857cf618,37d49563e7a34e0a96fd52093b0dca58,adaptive_robust_loss,adaptive_robust_loss,arl_alo0.001_ainit1.0_slo1e-05_sinit0.1,ModernTCN,ModernTCN,1,attenuation,1.067189840430134,1.065348458731556,1.0689440464750082,0.7133007863074541,0.7094260047019273,0.7173291816228629
466,traffic,41f9af6ab1b86f6fe5ef4323c149934cbaf2f1c6c4b6bb60ffda29c7857cf618,37d49563e7a34e0a96fd52093b0dca58,adaptive_robust_loss,adaptive_robust_loss,arl_alo0.001_ainit1.0_slo1e-05_sinit0.1,ModernTCN,ModernTCN,2,noise,1.0336795345566194,1.0325843788815128,1.034762497241303,0.6909027774214744,0.6869369518107921,0.6949502898067236
467,traffic,41f9af6ab1b86f6fe5ef4323c149934cbaf2f1c6c4b6bb60ffda29c7857cf618,37d49563e7a34e0a96fd52093b0dca58,adaptive_robust_loss,adaptive_robust_loss,arl_alo0.001_ainit1.0_slo1e-05_sinit0.1,ModernTCN,ModernTCN,3,spike,1.0243312069557022,1.0235433609654045,1.0251431931157053,0.6846544332414866,0.6809662073524296,0.6885389882994443
468,traffic,41f9af6ab1b86f6fe5ef4323c149934cbaf2f1c6c4b6bb60ffda29c7857cf618,37d49563e7a34e0a96fd52093b0dca58,adaptive_robust_loss,adaptive_robust_loss,arl_alo0.001_ainit1.0_slo1e-05_sinit0.1,ModernTCN,ModernTCN,4,time_stretch,1.1174896637735379,1.1150632120843926,1.1200474472391333,0.7469207686036825,0.7424029235405475,0.7513304923629016
469,traffic,41f9af6ab1b86f6fe5ef4323c149934cbaf2f1c6c4b6bb60ffda29c7857cf618,37d49563e7a34e0a96fd52093b0dca58,adaptive_robust_loss,adaptive_robust_loss,arl_alo0.001_ainit1.0_slo1e-05_sinit0.1,ModernTCN,ModernTCN,5,time_compress,1.121139921879143,1.1187345873495627,1.123541874646914,0.7493605706691742,0.7449986026986689,0.7536453534396738
470,traffic,41f9af6ab1b86f6fe5ef4323c149934cbaf2f1c6c4b6bb60ffda29c7857cf618,37d49563e7a34e0a96fd52093b0dca58,adaptive_robust_loss,adaptive_robust_loss,arl_alo0.001_ainit1.0_slo1e-05_sinit0.1,ModernTCN,ModernTCN,6,stuck_sensor,1.204632651108027,1.2003858090101789,1.2093790205888002,0.805166414347291,0.8000193326362968,0.8108236054445058
471,traffic,41f9af6ab1b86f6fe5ef4323c149934cbaf2f1c6c4b6bb60ffda29c7857cf618,37d49563e7a34e0a96fd52093b0dca58,adaptive_robust_loss,adaptive_robust_loss,arl_alo0.001_ainit1.0_slo1e-05_sinit0.1,ModernTCN,ModernTCN,7,missing_data,1.2378795075082505,1.232764653420539,1.2429636548581977,0.8273883358031511,0.8220323773770035,0.8327359173114598
472,traffic,41f9af6ab1b86f6fe5ef4323c149934cbaf2f1c6c4b6bb60ffda29c7857cf618,9b012ee144c049c0acebe0ff09798ea8,baseline,baseline,baseline,Chronos2,Chronos2,0,drift,1.1171510272506378,1.1141576609886892,1.1204455056377036,0.6720366191029549,0.6663437719001248,0.6772486989632249
473,traffic,41f9af6ab1b86f6fe5ef4323c149934cbaf2f1c6c4b6bb60ffda29c7857cf618,9b012ee144c049c0acebe0ff09798ea8,baseline,baseline,baseline,Chronos2,Chronos2,1,attenuation,1.0890231489866453,1.0853901768126464,1.093104631794828,0.6551159308969975,0.6504497668934613,0.6599842435650155
474,traffic,41f9af6ab1b86f6fe5ef4323c149934cbaf2f1c6c4b6bb60ffda29c7857cf618,9b012ee144c049c0acebe0ff09798ea8,baseline,baseline,baseline,Chronos2,Chronos2,2,noise,1.072549857451735,1.0702710027298887,1.0747788472260282,0.6452062097594142,0.6401806834660098,0.6503112983407081
475,traffic,41f9af6ab1b86f6fe5ef4323c149934cbaf2f1c6c4b6bb60ffda29c7857cf618,9b012ee144c049c0acebe0ff09798ea8,baseline,baseline,baseline,Chronos2,Chronos2,3,spike,1.0164383556097698,1.015068539638496,1.0175896909004587,0.6114516116157174,0.6063274053574353,0.6163800221472605
476,traffic,41f9af6ab1b86f6fe5ef4323c149934cbaf2f1c6c4b6bb60ffda29c7857cf618,9b012ee144c049c0acebe0ff09798ea8,baseline,baseline,baseline,Chronos2,Chronos2,4,time_stretch,1.3110714040740041,1.30440582373859,1.3186663919828925,0.7886919246405363,0.7828162163236737,0.7945816860294341
477,traffic,41f9af6ab1b86f6fe5ef4323c149934cbaf2f1c6c4b6bb60ffda29c7857cf618,9b012ee144c049c0acebe0ff09798ea8,baseline,baseline,baseline,Chronos2,Chronos2,5,time_compress,1.3168470947296091,1.3082935194547332,1.325164497817172,0.7921663658991456,0.7856633345846459,0.7982305214761569
478,traffic,41f9af6ab1b86f6fe5ef4323c149934cbaf2f1c6c4b6bb60ffda29c7857cf618,9b012ee144c049c0acebe0ff09798ea8,baseline,baseline,baseline,Chronos2,Chronos2,6,stuck_sensor,1.9111663966479222,1.8733296854387556,1.9568396854173737,1.1496868126302957,1.1259021780765428,1.1752093113616109
479,traffic,41f9af6ab1b86f6fe5ef4323c149934cbaf2f1c6c4b6bb60ffda29c7857cf618,9b012ee144c049c0acebe0ff09798ea8,baseline,baseline,baseline,Chronos2,Chronos2,7,missing_data,1.5093456571868358,1.4930047934884378,1.5243634940769484,0.9079663606539369,0.8986325647937506,0.917491928277947
480,traffic,41f9af6ab1b86f6fe5ef4323c149934cbaf2f1c6c4b6bb60ffda29c7857cf618,838a10bc5c7846968cd5371be73022b2,adversarial_training,adversarial_training,advtrain_eps0.05_steps5_alpha0.02_channelsall,PatchTST,PatchTST,0,drift,1.161977604262079,1.158244904697014,1.1659062234698638,0.507878327600658,0.50439016353257,0.5112815177712962
481,traffic,41f9af6ab1b86f6fe5ef4323c149934cbaf2f1c6c4b6bb60ffda29c7857cf618,838a10bc5c7846968cd5371be73022b2,adversarial_training,adversarial_training,advtrain_eps0.05_steps5_alpha0.02_channelsall,PatchTST,PatchTST,1,attenuation,1.1867799560449666,1.1817186012800682,1.1919129212342046,0.5187189641997219,0.5152097764437646,0.5226110672379658
482,traffic,41f9af6ab1b86f6fe5ef4323c149934cbaf2f1c6c4b6bb60ffda29c7857cf618,838a10bc5c7846968cd5371be73022b2,adversarial_training,adversarial_training,advtrain_eps0.05_steps5_alpha0.02_channelsall,PatchTST,PatchTST,2,noise,1.1085235788455639,1.1055685773720294,1.1112886835050388,0.48451458897739647,0.4810559019478038,0.4880970020632818
483,traffic,41f9af6ab1b86f6fe5ef4323c149934cbaf2f1c6c4b6bb60ffda29c7857cf618,838a10bc5c7846968cd5371be73022b2,adversarial_training,adversarial_training,advtrain_eps0.05_steps5_alpha0.02_channelsall,PatchTST,PatchTST,3,spike,1.0102715034754615,1.010032123294736,1.0105158358268373,0.4415704741001129,0.4383204369293153,0.4447088863225654
484,traffic,41f9af6ab1b86f6fe5ef4323c149934cbaf2f1c6c4b6bb60ffda29c7857cf618,838a10bc5c7846968cd5371be73022b2,adversarial_training,adversarial_training,advtrain_eps0.05_steps5_alpha0.02_channelsall,PatchTST,PatchTST,4,time_stretch,1.2807375205193718,1.274973156241578,1.2866363497853233,0.5597860299810767,0.555986045335196,0.5635677485837415
485,traffic,41f9af6ab1b86f6fe5ef4323c149934cbaf2f1c6c4b6bb60ffda29c7857cf618,838a10bc5c7846968cd5371be73022b2,adversarial_training,adversarial_training,advtrain_eps0.05_steps5_alpha0.02_channelsall,PatchTST,PatchTST,5,time_compress,1.2938829278971586,1.2861594347601113,1.3018427583583259,0.5655316377192736,0.561227126354836,0.5697739541207626
486,traffic,41f9af6ab1b86f6fe5ef4323c149934cbaf2f1c6c4b6bb60ffda29c7857cf618,838a10bc5c7846968cd5371be73022b2,adversarial_training,adversarial_training,advtrain_eps0.05_steps5_alpha0.02_channelsall,PatchTST,PatchTST,6,stuck_sensor,1.6632751146345328,1.6469413909472226,1.6797461522303763,0.7269859422951936,0.7192042340987548,0.7345604900569841
487,traffic,41f9af6ab1b86f6fe5ef4323c149934cbaf2f1c6c4b6bb60ffda29c7857cf618,838a10bc5c7846968cd5371be73022b2,adversarial_training,adversarial_training,advtrain_eps0.05_steps5_alpha0.02_channelsall,PatchTST,PatchTST,7,missing_data,1.7395664827517925,1.7191351913946,1.7595857664587045,0.7603314493924379,0.7517078960520774,0.7688404681860282
488,traffic,41f9af6ab1b86f6fe5ef4323c149934cbaf2f1c6c4b6bb60ffda29c7857cf618,dc191f65eb0d486eb3389cc4c4bcea9f,adversarial_training,adversarial_training,advtrain_eps0.1_steps5_alpha0.02_channelsall,ModernTCN,ModernTCN,0,drift,1.0263653404078927,1.0254057301690174,1.0272688387810793,0.5966441559195519,0.593600611973554,0.5997137180063129
489,traffic,41f9af6ab1b86f6fe5ef4323c149934cbaf2f1c6c4b6bb60ffda29c7857cf618,dc191f65eb0d486eb3389cc4c4bcea9f,adversarial_training,adversarial_training,advtrain_eps0.1_steps5_alpha0.02_channelsall,ModernTCN,ModernTCN,1,attenuation,1.0755074212036884,1.0734422293391102,1.077567256470417,0.6252113085329533,0.6220465379492193,0.6285206997656823
490,traffic,41f9af6ab1b86f6fe5ef4323c149934cbaf2f1c6c4b6bb60ffda29c7857cf618,dc191f65eb0d486eb3389cc4c4bcea9f,adversarial_training,adversarial_training,advtrain_eps0.1_steps5_alpha0.02_channelsall,ModernTCN,ModernTCN,2,noise,1.0261192356899564,1.0251738856999821,1.0271277180716463,0.5965010909348726,0.5935090789739788,0.5995585760013014
491,traffic,41f9af6ab1b86f6fe5ef4323c149934cbaf2f1c6c4b6bb60ffda29c7857cf618,dc191f65eb0d486eb3389cc4c4bcea9f,adversarial_training,adversarial_training,advtrain_eps0.1_steps5_alpha0.02_channelsall,ModernTCN,ModernTCN,3,spike,1.0139893003979927,1.013416170319748,1.0145730629394538,0.5894497470140457,0.5864893868251145,0.5924593797586858
492,traffic,41f9af6ab1b86f6fe5ef4323c149934cbaf2f1c6c4b6bb60ffda29c7857cf618,dc191f65eb0d486eb3389cc4c4bcea9f,adversarial_training,adversarial_training,advtrain_eps0.1_steps5_alpha0.02_channelsall,ModernTCN,ModernTCN,4,time_stretch,1.0954533079252302,1.0934115588672877,1.0974026027175452,0.636806201967597,0.6334424003445357,0.6403272937728465
493,traffic,41f9af6ab1b86f6fe5ef4323c149934cbaf2f1c6c4b6bb60ffda29c7857cf618,dc191f65eb0d486eb3389cc4c4bcea9f,adversarial_training,adversarial_training,advtrain_eps0.1_steps5_alpha0.02_channelsall,ModernTCN,ModernTCN,5,time_compress,1.100830785910873,1.0987522200686342,1.1028404923964776,0.6399322241425515,0.6366357253550737,0.6431496619555354
494,traffic,41f9af6ab1b86f6fe5ef4323c149934cbaf2f1c6c4b6bb60ffda29c7857cf618,dc191f65eb0d486eb3389cc4c4bcea9f,adversarial_training,adversarial_training,advtrain_eps0.1_steps5_alpha0.02_channelsall,ModernTCN,ModernTCN,6,stuck_sensor,1.1814781528262532,1.177357132535907,1.1858107832449456,0.6868139515995979,0.6828522138039768,0.6909449321754277
495,traffic,41f9af6ab1b86f6fe5ef4323c149934cbaf2f1c6c4b6bb60ffda29c7857cf618,dc191f65eb0d486eb3389cc4c4bcea9f,adversarial_training,adversarial_training,advtrain_eps0.1_steps5_alpha0.02_channelsall,ModernTCN,ModernTCN,7,missing_data,1.2368736346140272,1.231782351286382,1.2418965454024524,0.71901631577909,0.7147916979560256,0.7231999791220576
496,traffic,41f9af6ab1b86f6fe5ef4323c149934cbaf2f1c6c4b6bb60ffda29c7857cf618,a0eefe5e33a24ca08431fa8cda7d59ee,adaptive_robust_loss,adaptive_robust_loss,arl_alo0.001_ainit1.5_slo0.001_sinit0.1,GRU,GRU,0,drift,1.065904446888471,1.0635939466024376,1.0682437770100952,0.8259092848479748,0.8214571076573431,0.8300269194564224
497,traffic,41f9af6ab1b86f6fe5ef4323c149934cbaf2f1c6c4b6bb60ffda29c7857cf618,a0eefe5e33a24ca08431fa8cda7d59ee,adaptive_robust_loss,adaptive_robust_loss,arl_alo0.001_ainit1.5_slo0.001_sinit0.1,GRU,GRU,1,attenuation,0.9952393609580754,0.9942138123550904,0.9961949089053505,0.7711548922240734,0.7677577750613541,0.7747723749829084
498,traffic,41f9af6ab1b86f6fe5ef4323c149934cbaf2f1c6c4b6bb60ffda29c7857cf618,a0eefe5e33a24ca08431fa8cda7d59ee,adaptive_robust_loss,adaptive_robust_loss,arl_alo0.001_ainit1.5_slo0.001_sinit0.1,GRU,GRU,2,noise,1.0076650393535973,1.0066057357657725,1.0086484890878513,0.7807828501403332,0.7772350383298844,0.7843003710257263
499,traffic,41f9af6ab1b86f6fe5ef4323c149934cbaf2f1c6c4b6bb60ffda29c7857cf618,a0eefe5e33a24ca08431fa8cda7d59ee,adaptive_robust_loss,adaptive_robust_loss,arl_alo0.001_ainit1.5_slo0.001_sinit0.1,GRU,GRU,3,spike,1.008072167517833,1.007216198961538,1.0088987031206238,0.7810983108103275,0.7777651125683634,0.784652646990642
500,traffic,41f9af6ab1b86f6fe5ef4323c149934cbaf2f1c6c4b6bb60ffda29c7857cf618,a0eefe5e33a24ca08431fa8cda7d59ee,adaptive_robust_loss,adaptive_robust_loss,arl_alo0.001_ainit1.5_slo0.001_sinit0.1,GRU,GRU,4,time_stretch,1.065126476443867,1.0615124324911103,1.0690125074008463,0.8253064793944359,0.8208243893937022,0.8295775311786682
501,traffic,41f9af6ab1b86f6fe5ef4323c149934cbaf2f1c6c4b6bb60ffda29c7857cf618,a0eefe5e33a24ca08431fa8cda7d59ee,adaptive_robust_loss,adaptive_robust_loss,arl_alo0.001_ainit1.5_slo0.001_sinit0.1,GRU,GRU,5,time_compress,1.0587508802993726,1.0554709692287803,1.0621579058710378,0.8203663892507553,0.8164813569122552,0.8243997245110571
502,traffic,41f9af6ab1b86f6fe5ef4323c149934cbaf2f1c6c4b6bb60ffda29c7857cf618,a0eefe5e33a24ca08431fa8cda7d59ee,adaptive_robust_loss,adaptive_robust_loss,arl_alo0.001_ainit1.5_slo0.001_sinit0.1,GRU,GRU,6,stuck_sensor,1.0924241238156314,1.0878110543012678,1.0976361323902226,0.8464578879326582,0.8412846912319213,0.8518863666174561
503,traffic,41f9af6ab1b86f6fe5ef4323c149934cbaf2f1c6c4b6bb60ffda29c7857cf618,a0eefe5e33a24ca08431fa8cda7d59ee,adaptive_robust_loss,adaptive_robust_loss,arl_alo0.001_ainit1.5_slo0.001_sinit0.1,GRU,GRU,7,missing_data,1.2338540707279715,1.2238560963563774,1.244485362397618,0.9560439832448959,0.9477409049898385,0.9647514241745323
504,traffic,41f9af6ab1b86f6fe5ef4323c149934cbaf2f1c6c4b6bb60ffda29c7857cf618,f5a25ed0c0484a14a097b0e68bff21a0,randomized_training,randomized_training,rt_spaceraw_std0.1_channelscontinuous,PatchTST,PatchTST,0,drift,1.164477958167882,1.1606502903490383,1.1684286782842912,0.5241321727350354,0.5208613539019972,0.5273626558263228
505,traffic,41f9af6ab1b86f6fe5ef4323c149934cbaf2f1c6c4b6bb60ffda29c7857cf618,f5a25ed0c0484a14a097b0e68bff21a0,randomized_training,randomized_training,rt_spaceraw_std0.1_channelscontinuous,PatchTST,PatchTST,1,attenuation,1.1858217567534588,1.1811078511546735,1.190576586706547,0.5337390282779932,0.5304711980590596,0.5373372383494676
506,traffic,41f9af6ab1b86f6fe5ef4323c149934cbaf2f1c6c4b6bb60ffda29c7857cf618,f5a25ed0c0484a14a097b0e68bff21a0,randomized_training,randomized_training,rt_spaceraw_std0.1_channelscontinuous,PatchTST,PatchTST,2,noise,1.1604634966979601,1.1564330449103184,1.1643796979241678,0.5223252614080905,0.5189011311317235,0.5259563358327374
507,traffic,41f9af6ab1b86f6fe5ef4323c149934cbaf2f1c6c4b6bb60ffda29c7857cf618,f5a25ed0c0484a14a097b0e68bff21a0,randomized_training,randomized_training,rt_spaceraw_std0.1_channelscontinuous,PatchTST,PatchTST,3,spike,1.0116206361454119,1.011339591559983,1.0119068033890202,0.4553310075879097,0.4523895787751675,0.45824590582072733
508,traffic,41f9af6ab1b86f6fe5ef4323c149934cbaf2f1c6c4b6bb60ffda29c7857cf618,f5a25ed0c0484a14a097b0e68bff21a0,randomized_training,randomized_training,rt_spaceraw_std0.1_channelscontinuous,PatchTST,PatchTST,4,time_stretch,1.278863370664895,1.2734948743669927,1.2847129593906859,0.5756171101361514,0.5719558949206769,0.5794444611147419
509,traffic,41f9af6ab1b86f6fe5ef4323c149934cbaf2f1c6c4b6bb60ffda29c7857cf618,f5a25ed0c0484a14a097b0e68bff21a0,randomized_training,randomized_training,rt_spaceraw_std0.1_channelscontinuous,PatchTST,PatchTST,5,time_compress,1.2844881632299925,1.2771388419463958,1.2915761341122416,0.5781488323792815,0.5739500048946962,0.5822391748629883
510,traffic,41f9af6ab1b86f6fe5ef4323c149934cbaf2f1c6c4b6bb60ffda29c7857cf618,f5a25ed0c0484a14a097b0e68bff21a0,randomized_training,randomized_training,rt_spaceraw_std0.1_channelscontinuous,PatchTST,PatchTST,6,stuck_sensor,1.6449765967638037,1.629947138528625,1.6604568656424912,0.7404048756033182,0.733087474202402,0.7478165946011246
511,traffic,41f9af6ab1b86f6fe5ef4323c149934cbaf2f1c6c4b6bb60ffda29c7857cf618,f5a25ed0c0484a14a097b0e68bff21a0,randomized_training,randomized_training,rt_spaceraw_std0.1_channelscontinuous,PatchTST,PatchTST,7,missing_data,1.7082759433321197,1.690353224483108,1.726188052521261,0.7688959464877844,0.7607496136321872,0.7765710433878378
512,traffic,41f9af6ab1b86f6fe5ef4323c149934cbaf2f1c6c4b6bb60ffda29c7857cf618,57c86f7f4005474b80f8cc3d3dc959f3,adaptive_robust_loss,adaptive_robust_loss,arl_alo0.001_ainit1.0_slo1e-05_sinit1.0,TSMixer,TSMixer,0,drift,1.0784867885021445,1.0765390352319437,1.0804402243366147,0.7235704723924399,0.7192944494144619,0.7276975603434443
513,traffic,41f9af6ab1b86f6fe5ef4323c149934cbaf2f1c6c4b6bb60ffda29c7857cf618,57c86f7f4005474b80f8cc3d3dc959f3,adaptive_robust_loss,adaptive_robust_loss,arl_alo0.001_ainit1.0_slo1e-05_sinit1.0,TSMixer,TSMixer,1,attenuation,1.066186436041851,1.0632897636471585,1.0693717779096186,0.7153180098354817,0.7113730292162299,0.7192694027320296
514,traffic,41f9af6ab1b86f6fe5ef4323c149934cbaf2f1c6c4b6bb60ffda29c7857cf618,57c86f7f4005474b80f8cc3d3dc959f3,adaptive_robust_loss,adaptive_robust_loss,arl_alo0.001_ainit1.0_slo1e-05_sinit1.0,TSMixer,TSMixer,2,noise,1.071830356233291,1.0700428520393004,1.07348578937552,0.7191045875132084,0.715169307519272,0.7231305087977647
515,traffic,41f9af6ab1b86f6fe5ef4323c149934cbaf2f1c6c4b6bb60ffda29c7857cf618,57c86f7f4005474b80f8cc3d3dc959f3,adaptive_robust_loss,adaptive_robust_loss,arl_alo0.001_ainit1.0_slo1e-05_sinit1.0,TSMixer,TSMixer,3,spike,1.0434948480986934,1.0424310926999056,1.0445793751252956,0.7000939355283976,0.6958841916985065,0.7040985440880805
516,traffic,41f9af6ab1b86f6fe5ef4323c149934cbaf2f1c6c4b6bb60ffda29c7857cf618,57c86f7f4005474b80f8cc3d3dc959f3,adaptive_robust_loss,adaptive_robust_loss,arl_alo0.001_ainit1.0_slo1e-05_sinit1.0,TSMixer,TSMixer,4,time_stretch,1.1319646164854271,1.1277882462784266,1.1358702191715981,0.7594494258195161,0.7547461831258983,0.7639835339298099
517,traffic,41f9af6ab1b86f6fe5ef4323c149934cbaf2f1c6c4b6bb60ffda29c7857cf618,57c86f7f4005474b80f8cc3d3dc959f3,adaptive_robust_loss,adaptive_robust_loss,arl_alo0.001_ainit1.0_slo1e-05_sinit1.0,TSMixer,TSMixer,5,time_compress,1.1496722458358055,1.145255640157416,1.1540518011610628,0.7713296990603209,0.7667198402091115,0.7759925053917617
518,traffic,41f9af6ab1b86f6fe5ef4323c149934cbaf2f1c6c4b6bb60ffda29c7857cf618,57c86f7f4005474b80f8cc3d3dc959f3,adaptive_robust_loss,adaptive_robust_loss,arl_alo0.001_ainit1.0_slo1e-05_sinit1.0,TSMixer,TSMixer,6,stuck_sensor,1.316857530898368,1.3081376409998289,1.3264420511254331,0.8834964283883572,0.8765240272434801,0.8903947677181662
519,traffic,41f9af6ab1b86f6fe5ef4323c149934cbaf2f1c6c4b6bb60ffda29c7857cf618,57c86f7f4005474b80f8cc3d3dc959f3,adaptive_robust_loss,adaptive_robust_loss,arl_alo0.001_ainit1.0_slo1e-05_sinit1.0,TSMixer,TSMixer,7,missing_data,1.3205050797246007,1.3099788218782353,1.331318802110795,0.8859436151832342,0.8776770276895166,0.8937508316350729
520,traffic,41f9af6ab1b86f6fe5ef4323c149934cbaf2f1c6c4b6bb60ffda29c7857cf618,f4e82708557f4a2a915c4c502dc3115e,adaptive_robust_loss,adaptive_robust_loss,arl_alo0.001_ainit1.9_slo0.01_sinit0.1,DLinear,DLinear,0,drift,1.0778183008543172,1.0757929348017095,1.0798868194799651,0.8489540912181139,0.8425420044257491,0.8553937662043423
521,traffic,41f9af6ab1b86f6fe5ef4323c149934cbaf2f1c6c4b6bb60ffda29c7857cf618,f4e82708557f4a2a915c4c502dc3115e,adaptive_robust_loss,adaptive_robust_loss,arl_alo0.001_ainit1.9_slo0.01_sinit0.1,DLinear,DLinear,1,attenuation,1.0251175666686256,1.0227031847283417,1.027766216237252,0.8074438442111015,0.8023241646631062,0.8125665075125545
522,traffic,41f9af6ab1b86f6fe5ef4323c149934cbaf2f1c6c4b6bb60ffda29c7857cf618,f4e82708557f4a2a915c4c502dc3115e,adaptive_robust_loss,adaptive_robust_loss,arl_alo0.001_ainit1.9_slo0.01_sinit0.1,DLinear,DLinear,2,noise,1.1113970698839286,1.108794896889286,1.113839097619527,0.8754027359694242,0.8694539207664133,0.8815273817812652
523,traffic,41f9af6ab1b86f6fe5ef4323c149934cbaf2f1c6c4b6bb60ffda29c7857cf618,f4e82708557f4a2a915c4c502dc3115e,adaptive_robust_loss,adaptive_robust_loss,arl_alo0.001_ainit1.9_slo0.01_sinit0.1,DLinear,DLinear,3,spike,1.0625452610801298,1.0610749588498705,1.0639922829959452,0.8369241325587035,0.8310717084057629,0.8428911127419769
524,traffic,41f9af6ab1b86f6fe5ef4323c149934cbaf2f1c6c4b6bb60ffda29c7857cf618,f4e82708557f4a2a915c4c502dc3115e,adaptive_robust_loss,adaptive_robust_loss,arl_alo0.001_ainit1.9_slo0.01_sinit0.1,DLinear,DLinear,4,time_stretch,1.0994154696071192,1.096021738574719,1.1030511266050276,0.8659653117150068,0.8599049162191154,0.8719513190822303
525,traffic,41f9af6ab1b86f6fe5ef4323c149934cbaf2f1c6c4b6bb60ffda29c7857cf618,f4e82708557f4a2a915c4c502dc3115e,adaptive_robust_loss,adaptive_robust_loss,arl_alo0.001_ainit1.9_slo0.01_sinit0.1,DLinear,DLinear,5,time_compress,1.1136577024079048,1.11031328101739,1.1171711465639513,0.8771833452135325,0.8712195635607094,0.8827802356024086
526,traffic,41f9af6ab1b86f6fe5ef4323c149934cbaf2f1c6c4b6bb60ffda29c7857cf618,f4e82708557f4a2a915c4c502dc3115e,adaptive_robust_loss,adaptive_robust_loss,arl_alo0.001_ainit1.9_slo0.01_sinit0.1,DLinear,DLinear,6,stuck_sensor,1.2516137031058874,1.2443019111054265,1.2589537916659035,0.9858457339555025,0.9782735475417971,0.9932823133981228
527,traffic,41f9af6ab1b86f6fe5ef4323c149934cbaf2f1c6c4b6bb60ffda29c7857cf618,f4e82708557f4a2a915c4c502dc3115e,adaptive_robust_loss,adaptive_robust_loss,arl_alo0.001_ainit1.9_slo0.01_sinit0.1,DLinear,DLinear,7,missing_data,1.2779837170983068,1.2679371235021206,1.2883179037029333,1.0066163325309754,0.9974826122999191,1.0159050559853016
528,traffic,41f9af6ab1b86f6fe5ef4323c149934cbaf2f1c6c4b6bb60ffda29c7857cf618,a0e8984d69dd41dfb12d40a94b1d7126,adversarial_training,adversarial_training,advtrain_eps0.2_steps7_alpha0.02_channelsall,GRU,GRU,0,drift,1.04314317851293,1.040993753417352,1.0453267401190236,0.7261501322567463,0.7224356737913936,0.7297850957148523
529,traffic,41f9af6ab1b86f6fe5ef4323c149934cbaf2f1c6c4b6bb60ffda29c7857cf618,a0e8984d69dd41dfb12d40a94b1d7126,adversarial_training,adversarial_training,advtrain_eps0.2_steps7_alpha0.02_channelsall,GRU,GRU,1,attenuation,1.0004415825936328,0.999132626278454,1.001713045938206,0.6964248077154159,0.6931879586147517,0.6997538218131661
530,traffic,41f9af6ab1b86f6fe5ef4323c149934cbaf2f1c6c4b6bb60ffda29c7857cf618,a0e8984d69dd41dfb12d40a94b1d7126,adversarial_training,adversarial_training,advtrain_eps0.2_steps7_alpha0.02_channelsall,GRU,GRU,2,noise,1.0013118981680973,1.0007854032290044,1.0019042107216396,0.6970306495428086,0.6938020512136818,0.700251614793241
531,traffic,41f9af6ab1b86f6fe5ef4323c149934cbaf2f1c6c4b6bb60ffda29c7857cf618,a0e8984d69dd41dfb12d40a94b1d7126,adversarial_training,adversarial_training,advtrain_eps0.2_steps7_alpha0.02_channelsall,GRU,GRU,3,spike,1.0028238366443585,1.0024437595622353,1.003231884165108,0.6980831362456084,0.6949121118131281,0.7012273306788503
532,traffic,41f9af6ab1b86f6fe5ef4323c149934cbaf2f1c6c4b6bb60ffda29c7857cf618,a0e8984d69dd41dfb12d40a94b1d7126,adversarial_training,adversarial_training,advtrain_eps0.2_steps7_alpha0.02_channelsall,GRU,GRU,4,time_stretch,1.0464151351876745,1.043139551705777,1.0503076034906214,0.7284277982771397,0.7244207795765252,0.7328558446539938
533,traffic,41f9af6ab1b86f6fe5ef4323c149934cbaf2f1c6c4b6bb60ffda29c7857cf618,a0e8984d69dd41dfb12d40a94b1d7126,adversarial_training,adversarial_training,advtrain_eps0.2_steps7_alpha0.02_channelsall,GRU,GRU,5,time_compress,1.04014867921078,1.0367873252586155,1.0435843739858193,0.7240656091451645,0.7201635183406622,0.7279117082785814
534,traffic,41f9af6ab1b86f6fe5ef4323c149934cbaf2f1c6c4b6bb60ffda29c7857cf618,a0e8984d69dd41dfb12d40a94b1d7126,adversarial_training,adversarial_training,advtrain_eps0.2_steps7_alpha0.02_channelsall,GRU,GRU,6,stuck_sensor,1.062824618408347,1.0584322730160773,1.0677209640716707,0.7398507253080606,0.7355259026579558,0.7447255121336878
535,traffic,41f9af6ab1b86f6fe5ef4323c149934cbaf2f1c6c4b6bb60ffda29c7857cf618,a0e8984d69dd41dfb12d40a94b1d7126,adversarial_training,adversarial_training,advtrain_eps0.2_steps7_alpha0.02_channelsall,GRU,GRU,7,missing_data,1.2806909604516497,1.269099840771035,1.2922540545759977,0.8915112800121308,0.8830386311770976,0.9002999634868651
536,traffic,41f9af6ab1b86f6fe5ef4323c149934cbaf2f1c6c4b6bb60ffda29c7857cf618,c976e4fb30294b179dd76051c446315e,adversarial_training,adversarial_training,advtrain_eps0.05_steps7_alpha0.02_channelsall,TSMixer,TSMixer,0,drift,1.0379109951618561,1.036965077754065,1.0388793406494352,0.5912031938642264,0.5880972617571055,0.5942277944882214
537,traffic,41f9af6ab1b86f6fe5ef4323c149934cbaf2f1c6c4b6bb60ffda29c7857cf618,c976e4fb30294b179dd76051c446315e,adversarial_training,adversarial_training,advtrain_eps0.05_steps7_alpha0.02_channelsall,TSMixer,TSMixer,1,attenuation,1.0945691880108663,1.0917410515672938,1.0975362895152896,0.6234761967778206,0.6202764466037601,0.6269622111997009
538,traffic,41f9af6ab1b86f6fe5ef4323c149934cbaf2f1c6c4b6bb60ffda29c7857cf618,c976e4fb30294b179dd76051c446315e,adversarial_training,adversarial_training,advtrain_eps0.05_steps7_alpha0.02_channelsall,TSMixer,TSMixer,2,noise,1.021911372582667,1.0213801792020984,1.0224168071827726,0.5820896687030792,0.5791059636044502,0.5851201348937303
539,traffic,41f9af6ab1b86f6fe5ef4323c149934cbaf2f1c6c4b6bb60ffda29c7857cf618,c976e4fb30294b179dd76051c446315e,adversarial_training,adversarial_training,advtrain_eps0.05_steps7_alpha0.02_channelsall,TSMixer,TSMixer,3,spike,1.0154627255737307,1.015094273319774,1.0158587815301683,0.5784164628833532,0.5753196182899922,0.5813482463998347
540,traffic,41f9af6ab1b86f6fe5ef4323c149934cbaf2f1c6c4b6bb60ffda29c7857cf618,c976e4fb30294b179dd76051c446315e,adversarial_training,adversarial_training,advtrain_eps0.05_steps7_alpha0.02_channelsall,TSMixer,TSMixer,4,time_stretch,1.1113647873438792,1.1083952158144121,1.1141766783823701,0.6330431172698736,0.6297238119383901,0.6363942178475112
541,traffic,41f9af6ab1b86f6fe5ef4323c149934cbaf2f1c6c4b6bb60ffda29c7857cf618,c976e4fb30294b179dd76051c446315e,adversarial_training,adversarial_training,advtrain_eps0.05_steps7_alpha0.02_channelsall,TSMixer,TSMixer,5,time_compress,1.1205677034010468,1.1174799791100258,1.123538646492395,0.6382851788640023,0.6348882964880764,0.6414054254236817
542,traffic,41f9af6ab1b86f6fe5ef4323c149934cbaf2f1c6c4b6bb60ffda29c7857cf618,c976e4fb30294b179dd76051c446315e,adversarial_training,adversarial_training,advtrain_eps0.05_steps7_alpha0.02_channelsall,TSMixer,TSMixer,6,stuck_sensor,1.2125555774925254,1.2071105723620374,1.2181633874724709,0.6906822776645422,0.6864603956021369,0.695125988657996
543,traffic,41f9af6ab1b86f6fe5ef4323c149934cbaf2f1c6c4b6bb60ffda29c7857cf618,c976e4fb30294b179dd76051c446315e,adversarial_training,adversarial_training,advtrain_eps0.05_steps7_alpha0.02_channelsall,TSMixer,TSMixer,7,missing_data,1.3731550184994699,1.3633558114660131,1.3820266753436306,0.7821611259460449,0.7762297977172583,0.7880467320439964
544,traffic,41f9af6ab1b86f6fe5ef4323c149934cbaf2f1c6c4b6bb60ffda29c7857cf618,40d70a9aa5c34a129054818eddca46bc,adversarial_training,adversarial_training,advtrain_eps0.05_steps3_alpha0.02_channelsall,DLinear,DLinear,0,drift,1.0204236070844674,1.0196913924223998,1.0212179417442955,0.6978228149563074,0.6938657760707289,0.7018660001328588
545,traffic,41f9af6ab1b86f6fe5ef4323c149934cbaf2f1c6c4b6bb60ffda29c7857cf618,40d70a9aa5c34a129054818eddca46bc,adversarial_training,adversarial_training,advtrain_eps0.05_steps3_alpha0.02_channelsall,DLinear,DLinear,1,attenuation,1.0867232735606869,1.0838140087073755,1.0895195788815761,0.7431622402399778,0.7391568910434096,0.7476587663961202
546,traffic,41f9af6ab1b86f6fe5ef4323c149934cbaf2f1c6c4b6bb60ffda29c7857cf618,40d70a9aa5c34a129054818eddca46bc,adversarial_training,adversarial_training,advtrain_eps0.05_steps3_alpha0.02_channelsall,DLinear,DLinear,2,noise,1.0282351655467263,1.0275671138773856,1.028832109906313,0.7031647961467504,0.6992150442777574,0.707250933085531
547,traffic,41f9af6ab1b86f6fe5ef4323c149934cbaf2f1c6c4b6bb60ffda29c7857cf618,40d70a9aa5c34a129054818eddca46bc,adversarial_training,adversarial_training,advtrain_eps0.05_steps3_alpha0.02_channelsall,DLinear,DLinear,3,spike,1.014483985968347,1.014142444533302,1.0148370975459309,0.6937609693676233,0.6898575331358612,0.6978865332566947
548,traffic,41f9af6ab1b86f6fe5ef4323c149934cbaf2f1c6c4b6bb60ffda29c7857cf618,40d70a9aa5c34a129054818eddca46bc,adversarial_training,adversarial_training,advtrain_eps0.05_steps3_alpha0.02_channelsall,DLinear,DLinear,4,time_stretch,1.0734425385500834,1.071068527127628,1.0759169370089925,0.7340801298052072,0.7300285986498743,0.7381888127818704
549,traffic,41f9af6ab1b86f6fe5ef4323c149934cbaf2f1c6c4b6bb60ffda29c7857cf618,40d70a9aa5c34a129054818eddca46bc,adversarial_training,adversarial_training,advtrain_eps0.05_steps3_alpha0.02_channelsall,DLinear,DLinear,5,time_compress,1.0741699574849233,1.0719849659778502,1.076362819693956,0.7345775796145201,0.7305316355737298,0.7387210589345544
550,traffic,41f9af6ab1b86f6fe5ef4323c149934cbaf2f1c6c4b6bb60ffda29c7857cf618,40d70a9aa5c34a129054818eddca46bc,adversarial_training,adversarial_training,advtrain_eps0.05_steps3_alpha0.02_channelsall,DLinear,DLinear,6,stuck_sensor,1.1709398099181554,1.1663897965555472,1.1755185991153922,0.8007542246460915,0.795913873198852,0.8059108452279121
551,traffic,41f9af6ab1b86f6fe5ef4323c149934cbaf2f1c6c4b6bb60ffda29c7857cf618,40d70a9aa5c34a129054818eddca46bc,adversarial_training,adversarial_training,advtrain_eps0.05_steps3_alpha0.02_channelsall,DLinear,DLinear,7,missing_data,1.1751303215351128,1.1686865973903093,1.1815590811184788,0.8036199311941862,0.7979053344538808,0.8088927244196832
552,traffic,41f9af6ab1b86f6fe5ef4323c149934cbaf2f1c6c4b6bb60ffda29c7857cf618,966a68733399471296c536464bc22275,baseline,baseline,baseline,PatchTST,PatchTST,0,drift,1.1554076538699798,1.1518088865405363,1.159194086426402,0.5231491340354085,0.5199481120680273,0.5262711228596418
553,traffic,41f9af6ab1b86f6fe5ef4323c149934cbaf2f1c6c4b6bb60ffda29c7857cf618,966a68733399471296c536464bc22275,baseline,baseline,baseline,PatchTST,PatchTST,1,attenuation,1.1857897392811714,1.1810510265308847,1.1906007277487878,0.5369056308180093,0.5335581669928133,0.5404920296286047
554,traffic,41f9af6ab1b86f6fe5ef4323c149934cbaf2f1c6c4b6bb60ffda29c7857cf618,966a68733399471296c536464bc22275,baseline,baseline,baseline,PatchTST,PatchTST,2,noise,1.1942363767825441,1.1898480276727137,1.198376696679831,0.5407301260769367,0.5373294115745276,0.5444610986249522
555,traffic,41f9af6ab1b86f6fe5ef4323c149934cbaf2f1c6c4b6bb60ffda29c7857cf618,966a68733399471296c536464bc22275,baseline,baseline,baseline,PatchTST,PatchTST,3,spike,1.0097530032762658,1.0094857483975412,1.0100114841704793,0.45719916038662195,0.4542598166855052,0.460147526791431
556,traffic,41f9af6ab1b86f6fe5ef4323c149934cbaf2f1c6c4b6bb60ffda29c7857cf618,966a68733399471296c536464bc22275,baseline,baseline,baseline,PatchTST,PatchTST,4,time_stretch,1.2596874320728655,1.2548010407511125,1.265060056634553,0.5703652620241046,0.5667647494553402,0.5739918828396872
557,traffic,41f9af6ab1b86f6fe5ef4323c149934cbaf2f1c6c4b6bb60ffda29c7857cf618,966a68733399471296c536464bc22275,baseline,baseline,baseline,PatchTST,PatchTST,5,time_compress,1.2727360200212574,1.2652577569807852,1.2802939458046452,0.5762734429702163,0.5721060377080738,0.580409146729596
558,traffic,41f9af6ab1b86f6fe5ef4323c149934cbaf2f1c6c4b6bb60ffda29c7857cf618,966a68733399471296c536464bc22275,baseline,baseline,baseline,PatchTST,PatchTST,6,stuck_sensor,1.6152910179719042,1.601160188090155,1.6301451171910126,0.7313765790253878,0.724097272595577,0.7387364502701909
559,traffic,41f9af6ab1b86f6fe5ef4323c149934cbaf2f1c6c4b6bb60ffda29c7857cf618,966a68733399471296c536464bc22275,baseline,baseline,baseline,PatchTST,PatchTST,7,missing_data,1.6762216244063644,1.6585931553675963,1.6939764371316326,0.758964931833744,0.7510698468337953,0.7669696736733616
560,traffic,41f9af6ab1b86f6fe5ef4323c149934cbaf2f1c6c4b6bb60ffda29c7857cf618,04316fdbd3304630b9f5deed784a0244,randomized_training,randomized_training,rt_spaceraw_std0.1_channelscontinuous,TSMixer,TSMixer,0,drift,1.047644137507303,1.0464739098028448,1.0487512981200051,0.6041084130257368,0.6010787311241031,0.6071658099387586
561,traffic,41f9af6ab1b86f6fe5ef4323c149934cbaf2f1c6c4b6bb60ffda29c7857cf618,04316fdbd3304630b9f5deed784a0244,randomized_training,randomized_training,rt_spaceraw_std0.1_channelscontinuous,TSMixer,TSMixer,1,attenuation,1.1201285034975252,1.1168913232501365,1.1234935172819152,0.6459054448038339,0.6423425139220804,0.6496820907188208
562,traffic,41f9af6ab1b86f6fe5ef4323c149934cbaf2f1c6c4b6bb60ffda29c7857cf618,04316fdbd3304630b9f5deed784a0244,randomized_training,randomized_training,rt_spaceraw_std0.1_channelscontinuous,TSMixer,TSMixer,2,noise,1.031042392300367,1.0302568890653125,1.0317408213676247,0.5945352635264397,0.5916367593689263,0.5976785098388792
563,traffic,41f9af6ab1b86f6fe5ef4323c149934cbaf2f1c6c4b6bb60ffda29c7857cf618,04316fdbd3304630b9f5deed784a0244,randomized_training,randomized_training,rt_spaceraw_std0.1_channelscontinuous,TSMixer,TSMixer,3,spike,1.020554214329831,1.0200272066413445,1.0210919297394574,0.5884874116629362,0.5854585136431456,0.5914772254641354
564,traffic,41f9af6ab1b86f6fe5ef4323c149934cbaf2f1c6c4b6bb60ffda29c7857cf618,04316fdbd3304630b9f5deed784a0244,randomized_training,randomized_training,rt_spaceraw_std0.1_channelscontinuous,TSMixer,TSMixer,4,time_stretch,1.1218579279619354,1.1190134700647079,1.124746639176852,0.6469026917040348,0.6435690750475228,0.6503035515522957
565,traffic,41f9af6ab1b86f6fe5ef4323c149934cbaf2f1c6c4b6bb60ffda29c7857cf618,04316fdbd3304630b9f5deed784a0244,randomized_training,randomized_training,rt_spaceraw_std0.1_channelscontinuous,TSMixer,TSMixer,5,time_compress,1.1332917892296612,1.130130384443022,1.1363901894167958,0.6534958577781915,0.6501376297499238,0.6570170329353213
566,traffic,41f9af6ab1b86f6fe5ef4323c149934cbaf2f1c6c4b6bb60ffda29c7857cf618,04316fdbd3304630b9f5deed784a0244,randomized_training,randomized_training,rt_spaceraw_std0.1_channelscontinuous,TSMixer,TSMixer,6,stuck_sensor,1.2574265137208465,1.251028397186354,1.264043483354078,0.7250763007253408,0.7202747154886275,0.7301077645010501
567,traffic,41f9af6ab1b86f6fe5ef4323c149934cbaf2f1c6c4b6bb60ffda29c7857cf618,04316fdbd3304630b9f5deed784a0244,randomized_training,randomized_training,rt_spaceraw_std0.1_channelscontinuous,TSMixer,TSMixer,7,missing_data,1.3295169577894699,1.3205923963810449,1.3379863530571705,0.7666461832851171,0.7610325375445187,0.7721889095718413
568,traffic,41f9af6ab1b86f6fe5ef4323c149934cbaf2f1c6c4b6bb60ffda29c7857cf618,567f8fdda8d940c4ac009331bbe3f1ec,randomized_training,randomized_training,rt_spaceraw_std0.1_channelscontinuous,DLinear,DLinear,0,drift,1.0202141104552909,1.0195064868002695,1.0209849047860946,0.6988533126175404,0.6948995733215659,0.702791984160617
569,traffic,41f9af6ab1b86f6fe5ef4323c149934cbaf2f1c6c4b6bb60ffda29c7857cf618,567f8fdda8d940c4ac009331bbe3f1ec,randomized_training,randomized_training,rt_spaceraw_std0.1_channelscontinuous,DLinear,DLinear,1,attenuation,1.0855594624462888,1.0826646270807192,1.0883740553153258,0.7436153044730425,0.7396836114269495,0.7480275680965185
570,traffic,41f9af6ab1b86f6fe5ef4323c149934cbaf2f1c6c4b6bb60ffda29c7857cf618,567f8fdda8d940c4ac009331bbe3f1ec,randomized_training,randomized_training,rt_spaceraw_std0.1_channelscontinuous,DLinear,DLinear,2,noise,1.0280093424040908,1.0273516044947095,1.028604706837522,0.7041930972903967,0.7002568217056244,0.7082562659934908
571,traffic,41f9af6ab1b86f6fe5ef4323c149934cbaf2f1c6c4b6bb60ffda29c7857cf618,567f8fdda8d940c4ac009331bbe3f1ec,randomized_training,randomized_training,rt_spaceraw_std0.1_channelscontinuous,DLinear,DLinear,3,spike,1.014465006094891,1.0141231012426617,1.0148159298653048,0.6949151386737823,0.6909396142461152,0.6990068844129145
572,traffic,41f9af6ab1b86f6fe5ef4323c149934cbaf2f1c6c4b6bb60ffda29c7857cf618,567f8fdda8d940c4ac009331bbe3f1ec,randomized_training,randomized_training,rt_spaceraw_std0.1_channelscontinuous,DLinear,DLinear,4,time_stretch,1.075191354046316,1.0728125487969375,1.077675527950571,0.7365130826681853,0.7324899527555704,0.7406033939351887
573,traffic,41f9af6ab1b86f6fe5ef4323c149934cbaf2f1c6c4b6bb60ffda29c7857cf618,567f8fdda8d940c4ac009331bbe3f1ec,randomized_training,randomized_training,rt_spaceraw_std0.1_channelscontinuous,DLinear,DLinear,5,time_compress,1.075248034348379,1.0730308952944998,1.07746368313956,0.736551909044385,0.732501493672654,0.7406710203801096
574,traffic,41f9af6ab1b86f6fe5ef4323c149934cbaf2f1c6c4b6bb60ffda29c7857cf618,567f8fdda8d940c4ac009331bbe3f1ec,randomized_training,randomized_training,rt_spaceraw_std0.1_channelscontinuous,DLinear,DLinear,6,stuck_sensor,1.1690016835353083,1.164454600454975,1.1735576645546484,0.8007737695664168,0.7959649181909114,0.8058935551204532
575,traffic,41f9af6ab1b86f6fe5ef4323c149934cbaf2f1c6c4b6bb60ffda29c7857cf618,567f8fdda8d940c4ac009331bbe3f1ec,randomized_training,randomized_training,rt_spaceraw_std0.1_channelscontinuous,DLinear,DLinear,7,missing_data,1.1752956515863178,1.1688015769841644,1.1816431314783982,0.8050851786881685,0.7993289688302576,0.8103188830453902
576,traffic,41f9af6ab1b86f6fe5ef4323c149934cbaf2f1c6c4b6bb60ffda29c7857cf618,6e29a8d896df4547952293b7002c06cd,revin,revin,revin_affineTrue_eps1e-5,ModernTCN,ModernTCN,0,drift,1.1375423997583494,1.134358767283998,1.1409563414321735,0.588548382678628,0.5855313193280249,0.5915042746837437
577,traffic,41f9af6ab1b86f6fe5ef4323c149934cbaf2f1c6c4b6bb60ffda29c7857cf618,6e29a8d896df4547952293b7002c06cd,revin,revin,revin_affineTrue_eps1e-5,ModernTCN,ModernTCN,1,attenuation,1.1304990919014348,1.1270550611546817,1.133956592096781,0.5849042746007442,0.5817414291650057,0.5880903173431009
578,traffic,41f9af6ab1b86f6fe5ef4323c149934cbaf2f1c6c4b6bb60ffda29c7857cf618,6e29a8d896df4547952293b7002c06cd,revin,revin,revin_affineTrue_eps1e-5,ModernTCN,ModernTCN,2,noise,1.0332794038765465,1.0320532837742724,1.0346234883987622,0.534604180148244,0.5319194023654238,0.5373195787091926
579,traffic,41f9af6ab1b86f6fe5ef4323c149934cbaf2f1c6c4b6bb60ffda29c7857cf618,6e29a8d896df4547952293b7002c06cd,revin,revin,revin_affineTrue_eps1e-5,ModernTCN,ModernTCN,3,spike,1.018247457757133,1.0174842138511455,1.019043237234256,0.5268268633827567,0.5242094216631353,0.5293740894258394
580,traffic,41f9af6ab1b86f6fe5ef4323c149934cbaf2f1c6c4b6bb60ffda29c7857cf618,6e29a8d896df4547952293b7002c06cd,revin,revin,revin_affineTrue_eps1e-5,ModernTCN,ModernTCN,4,time_stretch,1.1891190026319827,1.18537114644653,1.1926612755152557,0.6152333890676498,0.6121190278174728,0.6183340958169102
581,traffic,41f9af6ab1b86f6fe5ef4323c149934cbaf2f1c6c4b6bb60ffda29c7857cf618,6e29a8d896df4547952293b7002c06cd,revin,revin,revin_affineTrue_eps1e-5,ModernTCN,ModernTCN,5,time_compress,1.1989567714397362,1.1939140608216352,1.203764514178448,0.6203233118012548,0.6168012947833538,0.6235493849844486
582,traffic,41f9af6ab1b86f6fe5ef4323c149934cbaf2f1c6c4b6bb60ffda29c7857cf618,6e29a8d896df4547952293b7002c06cd,revin,revin,revin_affineTrue_eps1e-5,ModernTCN,ModernTCN,6,stuck_sensor,1.6038457255561744,1.5895421755324715,1.6189936707441472,0.8298071421712637,0.822083281474188,0.838206798839718
583,traffic,41f9af6ab1b86f6fe5ef4323c149934cbaf2f1c6c4b6bb60ffda29c7857cf618,6e29a8d896df4547952293b7002c06cd,revin,revin,revin_affineTrue_eps1e-5,ModernTCN,ModernTCN,7,missing_data,1.6017632665291355,1.586291248671757,1.6166203895064315,0.82872970726192,0.8209669265881926,0.8364611656656116
584,traffic,41f9af6ab1b86f6fe5ef4323c149934cbaf2f1c6c4b6bb60ffda29c7857cf618,1026cf427efa4ad6a681379f8bcaf1d8,randomized_training,randomized_training,rt_spaceraw_std0.1_channelscontinuous,ModernTCN,ModernTCN,0,drift,1.0404131581638971,1.0388071394546503,1.0419574050402096,0.6494365664154291,0.6460127390848099,0.6529345144467801
585,traffic,41f9af6ab1b86f6fe5ef4323c149934cbaf2f1c6c4b6bb60ffda29c7857cf618,1026cf427efa4ad6a681379f8bcaf1d8,randomized_training,randomized_training,rt_spaceraw_std0.1_channelscontinuous,ModernTCN,ModernTCN,1,attenuation,1.0449885532946355,1.0434533033859605,1.0464902300922572,0.6522925749927759,0.6490934217619151,0.6554739131008089
586,traffic,41f9af6ab1b86f6fe5ef4323c149934cbaf2f1c6c4b6bb60ffda29c7857cf618,1026cf427efa4ad6a681379f8bcaf1d8,randomized_training,randomized_training,rt_spaceraw_std0.1_channelscontinuous,ModernTCN,ModernTCN,2,noise,1.0112821871837896,1.0107303247918398,1.0118597505929812,0.6312527154892683,0.6282568258443475,0.6343675920820981
587,traffic,41f9af6ab1b86f6fe5ef4323c149934cbaf2f1c6c4b6bb60ffda29c7857cf618,1026cf427efa4ad6a681379f8bcaf1d8,randomized_training,randomized_training,rt_spaceraw_std0.1_channelscontinuous,ModernTCN,ModernTCN,3,spike,1.0083824443786378,1.0079281342583193,1.008828936997212,0.6294426662832499,0.6264406669695676,0.6325874802904576
588,traffic,41f9af6ab1b86f6fe5ef4323c149934cbaf2f1c6c4b6bb60ffda29c7857cf618,1026cf427efa4ad6a681379f8bcaf1d8,randomized_training,randomized_training,rt_spaceraw_std0.1_channelscontinuous,ModernTCN,ModernTCN,4,time_stretch,1.0778856910564285,1.0757009230304972,1.0800153380910988,0.6728273058593273,0.6693553841118515,0.6764468713032454
589,traffic,41f9af6ab1b86f6fe5ef4323c149934cbaf2f1c6c4b6bb60ffda29c7857cf618,1026cf427efa4ad6a681379f8bcaf1d8,randomized_training,randomized_training,rt_spaceraw_std0.1_channelscontinuous,ModernTCN,ModernTCN,5,time_compress,1.0758418836299033,1.0738095394294127,1.077876784617103,0.6715515402972698,0.6681511171430349,0.6749203227186948
590,traffic,41f9af6ab1b86f6fe5ef4323c149934cbaf2f1c6c4b6bb60ffda29c7857cf618,1026cf427efa4ad6a681379f8bcaf1d8,randomized_training,randomized_training,rt_spaceraw_std0.1_channelscontinuous,ModernTCN,ModernTCN,6,stuck_sensor,1.1535565426899475,1.1497825309062852,1.157916607368939,0.7200618277192116,0.7159927966410666,0.7245760149146616
591,traffic,41f9af6ab1b86f6fe5ef4323c149934cbaf2f1c6c4b6bb60ffda29c7857cf618,1026cf427efa4ad6a681379f8bcaf1d8,randomized_training,randomized_training,rt_spaceraw_std0.1_channelscontinuous,ModernTCN,ModernTCN,7,missing_data,1.2196580262273378,1.2145402949652344,1.2246826474117976,0.7613230518460273,0.7569347316463292,0.7657696777436137
592,traffic,41f9af6ab1b86f6fe5ef4323c149934cbaf2f1c6c4b6bb60ffda29c7857cf618,a0a6f9b2a8754ae0aaf937850b4287bf,baseline,baseline,baseline,ModernTCN,ModernTCN,0,drift,1.058546186532695,1.0563987489440974,1.0605587673940904,0.608604663926363,0.6053152192992717,0.6118205617123842
593,traffic,41f9af6ab1b86f6fe5ef4323c149934cbaf2f1c6c4b6bb60ffda29c7857cf618,a0a6f9b2a8754ae0aaf937850b4287bf,baseline,baseline,baseline,ModernTCN,ModernTCN,1,attenuation,1.0812700214843596,1.0791437984111656,1.083423135163735,0.6216695940256118,0.6184374346674234,0.6249034216855467
594,traffic,41f9af6ab1b86f6fe5ef4323c149934cbaf2f1c6c4b6bb60ffda29c7857cf618,a0a6f9b2a8754ae0aaf937850b4287bf,baseline,baseline,baseline,ModernTCN,ModernTCN,2,noise,1.026893257490616,1.0258464711975968,1.0279817822866937,0.5904060057222843,0.587455847306773,0.5933564353585242
595,traffic,41f9af6ab1b86f6fe5ef4323c149934cbaf2f1c6c4b6bb60ffda29c7857cf618,a0a6f9b2a8754ae0aaf937850b4287bf,baseline,baseline,baseline,ModernTCN,ModernTCN,3,spike,1.016054276194334,1.0152973510880612,1.016788954843519,0.5841741996347904,0.5812175349763036,0.5870028944474458
596,traffic,41f9af6ab1b86f6fe5ef4323c149934cbaf2f1c6c4b6bb60ffda29c7857cf618,a0a6f9b2a8754ae0aaf937850b4287bf,baseline,baseline,baseline,ModernTCN,ModernTCN,4,time_stretch,1.1139764285584113,1.111266779930384,1.1167304248718928,0.640473942989111,0.6369511864604801,0.6438902771152556
597,traffic,41f9af6ab1b86f6fe5ef4323c149934cbaf2f1c6c4b6bb60ffda29c7857cf618,a0a6f9b2a8754ae0aaf937850b4287bf,baseline,baseline,baseline,ModernTCN,ModernTCN,5,time_compress,1.1124162455446933,1.1099615979292796,1.1148375324457591,0.6395769252955914,0.6363872735514492,0.6426110284455121
598,traffic,41f9af6ab1b86f6fe5ef4323c149934cbaf2f1c6c4b6bb60ffda29c7857cf618,a0a6f9b2a8754ae0aaf937850b4287bf,baseline,baseline,baseline,ModernTCN,ModernTCN,6,stuck_sensor,1.2163045531160988,1.211160521954732,1.2215531883683752,0.6993068731427192,0.6950645068626852,0.703761104342565
599,traffic,41f9af6ab1b86f6fe5ef4323c149934cbaf2f1c6c4b6bb60ffda29c7857cf618,a0a6f9b2a8754ae0aaf937850b4287bf,baseline,baseline,baseline,ModernTCN,ModernTCN,7,missing_data,1.2654827591551185,1.2594514541840258,1.2711196059406806,0.7275815823048353,0.723105432023555,0.7319374398290366
600,traffic,41f9af6ab1b86f6fe5ef4323c149934cbaf2f1c6c4b6bb60ffda29c7857cf618,bc93326746314a9a8104677ede3f460c,baseline,baseline,baseline,SeasonalNaive,SeasonalNaive,0,drift,1.0562817350932072,1.0543436161964561,1.0582221853139375,1.341767324268818,1.3339027656827123,1.3497559959765524
601,traffic,41f9af6ab1b86f6fe5ef4323c149934cbaf2f1c6c4b6bb60ffda29c7857cf618,bc93326746314a9a8104677ede3f460c,baseline,baseline,baseline,SeasonalNaive,SeasonalNaive,1,attenuation,0.9598465537829759,0.9584502103801639,0.9612232379995643,1.2192682116806508,1.2120604997672886,1.2262076500519363
602,traffic,41f9af6ab1b86f6fe5ef4323c149934cbaf2f1c6c4b6bb60ffda29c7857cf618,bc93326746314a9a8104677ede3f460c,baseline,baseline,baseline,SeasonalNaive,SeasonalNaive,2,noise,1.0990083559525052,1.0967612125136883,1.1011205615328588,1.3960418438792228,1.3877851478277892,1.4042542392375321
603,traffic,41f9af6ab1b86f6fe5ef4323c149934cbaf2f1c6c4b6bb60ffda29c7857cf618,bc93326746314a9a8104677ede3f460c,baseline,baseline,baseline,SeasonalNaive,SeasonalNaive,3,spike,1.0579127886309896,1.0565620540976677,1.0592894236491477,1.3438392093241214,1.3360775021094085,1.35185897303544
604,traffic,41f9af6ab1b86f6fe5ef4323c149934cbaf2f1c6c4b6bb60ffda29c7857cf618,bc93326746314a9a8104677ede3f460c,baseline,baseline,baseline,SeasonalNaive,SeasonalNaive,4,time_stretch,1.0771665737551621,1.0741478190843918,1.0804657483550877,1.368296793782711,1.3595119958417117,1.3769998950858415
605,traffic,41f9af6ab1b86f6fe5ef4323c149934cbaf2f1c6c4b6bb60ffda29c7857cf618,bc93326746314a9a8104677ede3f460c,baseline,baseline,baseline,SeasonalNaive,SeasonalNaive,5,time_compress,1.0833299122884972,1.0789028866030714,1.0874360678606292,1.3761259230554104,1.366798035044223,1.3851640374936909
606,traffic,41f9af6ab1b86f6fe5ef4323c149934cbaf2f1c6c4b6bb60ffda29c7857cf618,bc93326746314a9a8104677ede3f460c,baseline,baseline,baseline,SeasonalNaive,SeasonalNaive,6,stuck_sensor,1.1512152650394054,1.1468142842417213,1.1560784699448603,1.4623589280307292,1.4531720889088513,1.4718564627844841
607,traffic,41f9af6ab1b86f6fe5ef4323c149934cbaf2f1c6c4b6bb60ffda29c7857cf618,bc93326746314a9a8104677ede3f460c,baseline,baseline,baseline,SeasonalNaive,SeasonalNaive,7,missing_data,1.210176325550878,1.1984693890393292,1.2209366926403753,1.537255635765195,1.5225265558765828,1.5521482806957514
608,traffic,41f9af6ab1b86f6fe5ef4323c149934cbaf2f1c6c4b6bb60ffda29c7857cf618,6a448cc510df4c5f9dde75af206b06ae,revin,revin,revin_affineFalse_eps1e-5,GRU,GRU,0,drift,1.0997363505061235,1.097309989587072,1.102120896552633,0.7018016372293234,0.6989605750440061,0.7045814474294334
609,traffic,41f9af6ab1b86f6fe5ef4323c149934cbaf2f1c6c4b6bb60ffda29c7857cf618,6a448cc510df4c5f9dde75af206b06ae,revin,revin,revin_affineFalse_eps1e-5,GRU,GRU,1,attenuation,1.0720362060458495,1.069742748271299,1.0745532217486478,0.6841246669948101,0.681066308278963,0.6873828945107758
610,traffic,41f9af6ab1b86f6fe5ef4323c149934cbaf2f1c6c4b6bb60ffda29c7857cf618,6a448cc510df4c5f9dde75af206b06ae,revin,revin,revin_affineFalse_eps1e-5,GRU,GRU,2,noise,1.0321640626359767,1.0309449686800796,1.0333449702493636,0.6586800815612077,0.6562096711555868,0.6612526607839019
611,traffic,41f9af6ab1b86f6fe5ef4323c149934cbaf2f1c6c4b6bb60ffda29c7857cf618,6a448cc510df4c5f9dde75af206b06ae,revin,revin,revin_affineFalse_eps1e-5,GRU,GRU,3,spike,1.0139592044670998,1.0130713212672067,1.0148004827261963,0.6470625704526901,0.6444454739079625,0.6496969075180591
612,traffic,41f9af6ab1b86f6fe5ef4323c149934cbaf2f1c6c4b6bb60ffda29c7857cf618,6a448cc510df4c5f9dde75af206b06ae,revin,revin,revin_affineFalse_eps1e-5,GRU,GRU,4,time_stretch,1.1216871694960229,1.1164931646366876,1.1273414158129642,0.7158096498757601,0.7114450188097358,0.7202997491105646
613,traffic,41f9af6ab1b86f6fe5ef4323c149934cbaf2f1c6c4b6bb60ffda29c7857cf618,6a448cc510df4c5f9dde75af206b06ae,revin,revin,revin_affineFalse_eps1e-5,GRU,GRU,5,time_compress,1.1057895370607982,1.1008292549156673,1.111092254712535,0.7056645051181316,0.7014940020406246,0.7098620065447688
614,traffic,41f9af6ab1b86f6fe5ef4323c149934cbaf2f1c6c4b6bb60ffda29c7857cf618,6a448cc510df4c5f9dde75af206b06ae,revin,revin,revin_affineFalse_eps1e-5,GRU,GRU,6,stuck_sensor,1.4279353282713103,1.4166953765682615,1.4405805004663177,0.9112432727873325,0.9034262524686009,0.9197428655784576
615,traffic,41f9af6ab1b86f6fe5ef4323c149934cbaf2f1c6c4b6bb60ffda29c7857cf618,6a448cc510df4c5f9dde75af206b06ae,revin,revin,revin_affineFalse_eps1e-5,GRU,GRU,7,missing_data,1.531201708814832,1.5136403173371369,1.5486551317861617,0.9771431722521782,0.965872670999989,0.988170736753866
616,traffic,41f9af6ab1b86f6fe5ef4323c149934cbaf2f1c6c4b6bb60ffda29c7857cf618,130478b6c656458bac702a6d267e7918,baseline,baseline,baseline,GRU,GRU,0,drift,1.0479342271468535,1.0457635495152906,1.050016680742797,0.7609349047899246,0.7577052615628391,0.7641239453409613
617,traffic,41f9af6ab1b86f6fe5ef4323c149934cbaf2f1c6c4b6bb60ffda29c7857cf618,130478b6c656458bac702a6d267e7918,baseline,baseline,baseline,GRU,GRU,1,attenuation,0.9958728595209653,0.9946565015859954,0.9970474054036729,0.7231316621899605,0.7200209950899333,0.7263360573395342
618,traffic,41f9af6ab1b86f6fe5ef4323c149934cbaf2f1c6c4b6bb60ffda29c7857cf618,130478b6c656458bac702a6d267e7918,baseline,baseline,baseline,GRU,GRU,2,noise,1.0018497424349142,1.000905438947825,1.002895663739083,0.7274716471940279,0.7244611673137545,0.7304777242836356
619,traffic,41f9af6ab1b86f6fe5ef4323c149934cbaf2f1c6c4b6bb60ffda29c7857cf618,130478b6c656458bac702a6d267e7918,baseline,baseline,baseline,GRU,GRU,3,spike,1.0039942996384288,1.0031785165222389,1.004822803590305,0.7290288712918759,0.7260976108814031,0.7319730399098991
620,traffic,41f9af6ab1b86f6fe5ef4323c149934cbaf2f1c6c4b6bb60ffda29c7857cf618,130478b6c656458bac702a6d267e7918,baseline,baseline,baseline,GRU,GRU,4,time_stretch,1.0661243164590726,1.0613582493991782,1.070758739147747,0.7741432469934225,0.7700542318774015,0.7779984306526183
621,traffic,41f9af6ab1b86f6fe5ef4323c149934cbaf2f1c6c4b6bb60ffda29c7857cf618,130478b6c656458bac702a6d267e7918,baseline,baseline,baseline,GRU,GRU,5,time_compress,1.0614678652525604,1.0574085559122453,1.0657875153863592,0.7707620650798083,0.766984419362694,0.7743545204029232
622,traffic,41f9af6ab1b86f6fe5ef4323c149934cbaf2f1c6c4b6bb60ffda29c7857cf618,130478b6c656458bac702a6d267e7918,baseline,baseline,baseline,GRU,GRU,6,stuck_sensor,1.1052556192012783,1.0992995007165882,1.1117806084683053,0.80255760101974,0.7974564679518342,0.807865392177105
623,traffic,41f9af6ab1b86f6fe5ef4323c149934cbaf2f1c6c4b6bb60ffda29c7857cf618,130478b6c656458bac702a6d267e7918,baseline,baseline,baseline,GRU,GRU,7,missing_data,1.2838151072418158,1.2700498752432634,1.2973795676304407,0.9322147336065769,0.9222099424307794,0.9423172212070227
624,traffic,41f9af6ab1b86f6fe5ef4323c149934cbaf2f1c6c4b6bb60ffda29c7857cf618,c482e008db7145da86be3e190630c6ab,revin,revin,revin_affineFalse_eps1e-5,TSMixer,TSMixer,0,drift,1.141926672503299,1.1386672689641082,1.1455189454672676,0.6052709395080805,0.6014537046518177,0.6088009822114556
625,traffic,41f9af6ab1b86f6fe5ef4323c149934cbaf2f1c6c4b6bb60ffda29c7857cf618,c482e008db7145da86be3e190630c6ab,revin,revin,revin_affineFalse_eps1e-5,TSMixer,TSMixer,1,attenuation,1.1230604172950334,1.1194771694693568,1.1267366040619506,0.5952710014298558,0.5917858197179064,0.5990261787717417
626,traffic,41f9af6ab1b86f6fe5ef4323c149934cbaf2f1c6c4b6bb60ffda29c7857cf618,c482e008db7145da86be3e190630c6ab,revin,revin,revin_affineFalse_eps1e-5,TSMixer,TSMixer,2,noise,1.0468131689752873,1.0454795368931105,1.0482668912413222,0.5548566344335675,0.5515836440338566,0.5582074936088174
627,traffic,41f9af6ab1b86f6fe5ef4323c149934cbaf2f1c6c4b6bb60ffda29c7857cf618,c482e008db7145da86be3e190630c6ab,revin,revin,revin_affineFalse_eps1e-5,TSMixer,TSMixer,3,spike,1.0300193397846338,1.0290613112209834,1.0310798433663895,0.5459551725298166,0.5425421798585356,0.5490865240835026
628,traffic,41f9af6ab1b86f6fe5ef4323c149934cbaf2f1c6c4b6bb60ffda29c7857cf618,c482e008db7145da86be3e190630c6ab,revin,revin,revin_affineFalse_eps1e-5,TSMixer,TSMixer,4,time_stretch,1.2080504771527543,1.202947310533803,1.2129228320354832,0.640319439843297,0.6364308706453442,0.6440669200326503
629,traffic,41f9af6ab1b86f6fe5ef4323c149934cbaf2f1c6c4b6bb60ffda29c7857cf618,c482e008db7145da86be3e190630c6ab,revin,revin,revin_affineFalse_eps1e-5,TSMixer,TSMixer,5,time_compress,1.2366628961270825,1.230203308567896,1.2430014292084053,0.6554852697789669,0.6509037025653571,0.6597843367755413
630,traffic,41f9af6ab1b86f6fe5ef4323c149934cbaf2f1c6c4b6bb60ffda29c7857cf618,c482e008db7145da86be3e190630c6ab,revin,revin,revin_affineFalse_eps1e-5,TSMixer,TSMixer,6,stuck_sensor,1.636326301672437,1.619216487293866,1.6538822622939164,0.8673243053197861,0.8578198804216086,0.877005750669688
631,traffic,41f9af6ab1b86f6fe5ef4323c149934cbaf2f1c6c4b6bb60ffda29c7857cf618,c482e008db7145da86be3e190630c6ab,revin,revin,revin_affineFalse_eps1e-5,TSMixer,TSMixer,7,missing_data,1.5556784043090286,1.5399485706440013,1.5716617520698184,0.8245774024039507,0.8166470974583925,0.8332300192562491
632,traffic,41f9af6ab1b86f6fe5ef4323c149934cbaf2f1c6c4b6bb60ffda29c7857cf618,892bc9a58a1a4da6b051823d2ca08e2a,baseline,baseline,baseline,TSMixer,TSMixer,0,drift,1.0469112122272333,1.0456011821051112,1.0481694159770116,0.6604111938595771,0.6570434067017584,0.6636348391605169
633,traffic,41f9af6ab1b86f6fe5ef4323c149934cbaf2f1c6c4b6bb60ffda29c7857cf618,892bc9a58a1a4da6b051823d2ca08e2a,baseline,baseline,baseline,TSMixer,TSMixer,1,attenuation,1.0710045773453736,1.0679773371681347,1.0739759405350806,0.6756097396731376,0.6723160903564841,0.6790508356672526
634,traffic,41f9af6ab1b86f6fe5ef4323c149934cbaf2f1c6c4b6bb60ffda29c7857cf618,892bc9a58a1a4da6b051823d2ca08e2a,baseline,baseline,baseline,TSMixer,TSMixer,2,noise,1.0368152511254012,1.0358579623553954,1.0378399935462228,0.6540424725711346,0.6508540657264739,0.6572002300672979
635,traffic,41f9af6ab1b86f6fe5ef4323c149934cbaf2f1c6c4b6bb60ffda29c7857cf618,892bc9a58a1a4da6b051823d2ca08e2a,baseline,baseline,baseline,TSMixer,TSMixer,3,spike,1.0231116015921746,1.022415041469771,1.0237959112556436,0.6453979538738728,0.6421088923593611,0.6485685989721119
636,traffic,41f9af6ab1b86f6fe5ef4323c149934cbaf2f1c6c4b6bb60ffda29c7857cf618,892bc9a58a1a4da6b051823d2ca08e2a,baseline,baseline,baseline,TSMixer,TSMixer,4,time_stretch,1.0959448288486962,1.0934124049642475,1.0985868186428809,0.6913425172746182,0.6878697032407671,0.6947087169174105
637,traffic,41f9af6ab1b86f6fe5ef4323c149934cbaf2f1c6c4b6bb60ffda29c7857cf618,892bc9a58a1a4da6b051823d2ca08e2a,baseline,baseline,baseline,TSMixer,TSMixer,5,time_compress,1.1185266889021428,1.1151761998102991,1.1217361772289947,0.705587577393651,0.7019014470103383,0.7092278803706914
638,traffic,41f9af6ab1b86f6fe5ef4323c149934cbaf2f1c6c4b6bb60ffda29c7857cf618,892bc9a58a1a4da6b051823d2ca08e2a,baseline,baseline,baseline,TSMixer,TSMixer,6,stuck_sensor,1.2242697828601443,1.2179058698858134,1.230776348823556,0.7722923008769751,0.7670989098405838,0.7772659255520254
639,traffic,41f9af6ab1b86f6fe5ef4323c149934cbaf2f1c6c4b6bb60ffda29c7857cf618,892bc9a58a1a4da6b051823d2ca08e2a,baseline,baseline,baseline,TSMixer,TSMixer,7,missing_data,1.2898319247098935,1.2806574094823775,1.2986301340085147,0.8136501274675131,0.8072903058488666,0.8200176699267328
640,traffic,41f9af6ab1b86f6fe5ef4323c149934cbaf2f1c6c4b6bb60ffda29c7857cf618,35b18fd9052e48c79601794a0c3f0b42,revin,revin,revin_affineTrue_eps1e-5,DLinear,DLinear,0,drift,1.099621504064698,1.0969267964085048,1.1024182038835086,0.7443637395918369,0.7396448494282365,0.7487897249466181
641,traffic,41f9af6ab1b86f6fe5ef4323c149934cbaf2f1c6c4b6bb60ffda29c7857cf618,35b18fd9052e48c79601794a0c3f0b42,revin,revin,revin_affineTrue_eps1e-5,DLinear,DLinear,1,attenuation,1.0801248017943283,1.0772263488974598,1.0831508841607262,0.7311658909156918,0.7269278326554596,0.7357151913978159
642,traffic,41f9af6ab1b86f6fe5ef4323c149934cbaf2f1c6c4b6bb60ffda29c7857cf618,35b18fd9052e48c79601794a0c3f0b42,revin,revin,revin_affineTrue_eps1e-5,DLinear,DLinear,2,noise,1.0380170797627644,1.0371175029879225,1.0388442658210775,0.7026620272487402,0.6985105599799006,0.7068648535270243
643,traffic,41f9af6ab1b86f6fe5ef4323c149934cbaf2f1c6c4b6bb60ffda29c7857cf618,35b18fd9052e48c79601794a0c3f0b42,revin,revin,revin_affineTrue_eps1e-5,DLinear,DLinear,3,spike,1.019800959458397,1.0193159143555677,1.020291928117935,0.6903310393765568,0.686090962005183,0.6944694447338208
644,traffic,41f9af6ab1b86f6fe5ef4323c149934cbaf2f1c6c4b6bb60ffda29c7857cf618,35b18fd9052e48c79601794a0c3f0b42,revin,revin,revin_affineTrue_eps1e-5,DLinear,DLinear,4,time_stretch,1.0866527856212223,1.0839449802631453,1.0896512512340644,0.7355848609298468,0.7314430426312238,0.7401086180115491
645,traffic,41f9af6ab1b86f6fe5ef4323c149934cbaf2f1c6c4b6bb60ffda29c7857cf618,35b18fd9052e48c79601794a0c3f0b42,revin,revin,revin_affineTrue_eps1e-5,DLinear,DLinear,5,time_compress,1.0938741640807013,1.091186718205307,1.096630594006388,0.7404732086524367,0.7360465448102356,0.7448302897176519
646,traffic,41f9af6ab1b86f6fe5ef4323c149934cbaf2f1c6c4b6bb60ffda29c7857cf618,35b18fd9052e48c79601794a0c3f0b42,revin,revin,revin_affineTrue_eps1e-5,DLinear,DLinear,6,stuck_sensor,1.3117161778514839,1.302470773068249,1.3218030169579609,0.887936399769783,0.8805985679659992,0.8958289111921935
647,traffic,41f9af6ab1b86f6fe5ef4323c149934cbaf2f1c6c4b6bb60ffda29c7857cf618,35b18fd9052e48c79601794a0c3f0b42,revin,revin,revin_affineTrue_eps1e-5,DLinear,DLinear,7,missing_data,1.2591586714170062,1.2501990659941404,1.268236250234293,0.8523587924852968,0.8451636386881768,0.85924828328982
648,traffic,41f9af6ab1b86f6fe5ef4323c149934cbaf2f1c6c4b6bb60ffda29c7857cf618,8a356407910a4d0fbf91309723d1cc26,baseline,baseline,baseline,DLinear,DLinear,0,drift,1.020866316372103,1.0201446249514956,1.021645758329961,0.69874049051404,0.6947639051534235,0.7026366337524355
649,traffic,41f9af6ab1b86f6fe5ef4323c149934cbaf2f1c6c4b6bb60ffda29c7857cf618,8a356407910a4d0fbf91309723d1cc26,baseline,baseline,baseline,DLinear,DLinear,1,attenuation,1.084642266918398,1.0817472724589412,1.0874907016237318,0.7423924733966589,0.7384455830883235,0.7468642742196471
650,traffic,41f9af6ab1b86f6fe5ef4323c149934cbaf2f1c6c4b6bb60ffda29c7857cf618,8a356407910a4d0fbf91309723d1cc26,baseline,baseline,baseline,DLinear,DLinear,2,noise,1.0308474920676365,1.0301221113206807,1.031503095211787,0.7055721897184849,0.7015838027831167,0.7095856398373097
651,traffic,41f9af6ab1b86f6fe5ef4323c149934cbaf2f1c6c4b6bb60ffda29c7857cf618,8a356407910a4d0fbf91309723d1cc26,baseline,baseline,baseline,DLinear,DLinear,3,spike,1.0157870824442108,1.0154172051427,1.0161677665531672,0.6952639663606882,0.6912745424997061,0.6993605147520452
652,traffic,41f9af6ab1b86f6fe5ef4323c149934cbaf2f1c6c4b6bb60ffda29c7857cf618,8a356407910a4d0fbf91309723d1cc26,baseline,baseline,baseline,DLinear,DLinear,4,time_stretch,1.0756511926669878,1.0732354390170649,1.078154044470068,0.7362384574085474,0.7321904022914917,0.7403362700550258
653,traffic,41f9af6ab1b86f6fe5ef4323c149934cbaf2f1c6c4b6bb60ffda29c7857cf618,8a356407910a4d0fbf91309723d1cc26,baseline,baseline,baseline,DLinear,DLinear,5,time_compress,1.0761798022095859,1.0739434010167297,1.0784228888247953,0.7366002686321735,0.7325262547893822,0.7407584183657169
654,traffic,41f9af6ab1b86f6fe5ef4323c149934cbaf2f1c6c4b6bb60ffda29c7857cf618,8a356407910a4d0fbf91309723d1cc26,baseline,baseline,baseline,DLinear,DLinear,6,stuck_sensor,1.169291290405945,1.1647041762134274,1.1738847515639756,0.8003312056720256,0.7955269077834487,0.8054609378833324
655,traffic,41f9af6ab1b86f6fe5ef4323c149934cbaf2f1c6c4b6bb60ffda29c7857cf618,8a356407910a4d0fbf91309723d1cc26,baseline,baseline,baseline,DLinear,DLinear,7,missing_data,1.177012938993062,1.1704089455682416,1.1834709064702562,0.8056163526445628,0.7998296334411205,0.8108512987925113
656,BeijingAir_Tiantan,4c5e0908fb1a9097c1bed37a3c29e849947e6fbd5828b63bc6ba2909525a5089,b22e34592bd842199e36a43e45786935,randomized_smoothing,randomized_smoothing,rs_backbonebaseline_std0.25_samples30_alpha0.25,ModernTCN,RandomizedSmoothing,0,drift,1.1250906754071788,1.1089476634724182,1.1426566390866197,0.3469874209747097,0.3280675482401926,0.3683956716105885
657,BeijingAir_Tiantan,4c5e0908fb1a9097c1bed37a3c29e849947e6fbd5828b63bc6ba2909525a5089,b22e34592bd842199e36a43e45786935,randomized_smoothing,randomized_smoothing,rs_backbonebaseline_std0.25_samples30_alpha0.25,ModernTCN,RandomizedSmoothing,1,attenuation,1.2845164620324225,1.2407084365915313,1.3324131677214945,0.3961556735850492,0.3706241209400601,0.4248403638496473
658,BeijingAir_Tiantan,4c5e0908fb1a9097c1bed37a3c29e849947e6fbd5828b63bc6ba2909525a5089,b22e34592bd842199e36a43e45786935,randomized_smoothing,randomized_smoothing,rs_backbonebaseline_std0.25_samples30_alpha0.25,ModernTCN,RandomizedSmoothing,2,noise,1.4925139905467752,1.4404597668495522,1.5421013126642582,0.460303859652087,0.43650115385591126,0.48416352154836695
659,BeijingAir_Tiantan,4c5e0908fb1a9097c1bed37a3c29e849947e6fbd5828b63bc6ba2909525a5089,b22e34592bd842199e36a43e45786935,randomized_smoothing,randomized_smoothing,rs_backbonebaseline_std0.25_samples30_alpha0.25,ModernTCN,RandomizedSmoothing,3,spike,1.2920879903115896,1.211226934930395,1.3850396365321047,0.3984907965470047,0.36812689256149506,0.4342429335552708
660,BeijingAir_Tiantan,4c5e0908fb1a9097c1bed37a3c29e849947e6fbd5828b63bc6ba2909525a5089,b22e34592bd842199e36a43e45786935,randomized_smoothing,randomized_smoothing,rs_backbonebaseline_std0.25_samples30_alpha0.25,ModernTCN,RandomizedSmoothing,4,time_stretch,1.029309237783819,1.014053220626304,1.047397256005726,0.317447620543823,0.2983859451125385,0.33871136512643857
661,BeijingAir_Tiantan,4c5e0908fb1a9097c1bed37a3c29e849947e6fbd5828b63bc6ba2909525a5089,b22e34592bd842199e36a43e45786935,randomized_smoothing,randomized_smoothing,rs_backbonebaseline_std0.25_samples30_alpha0.25,ModernTCN,RandomizedSmoothing,5,time_compress,1.0048482279945021,0.9968963558411723,1.0136573031644733,0.3099036395236617,0.2906375806169263,0.33139949074638686
662,BeijingAir_Tiantan,4c5e0908fb1a9097c1bed37a3c29e849947e6fbd5828b63bc6ba2909525a5089,b22e34592bd842199e36a43e45786935,randomized_smoothing,randomized_smoothing,rs_backbonebaseline_std0.25_samples30_alpha0.25,ModernTCN,RandomizedSmoothing,6,stuck_sensor,1.1407894823873395,1.0990646399511799,1.1889638784681467,0.35182906499993843,0.32877441077065495,0.3771016171910329
663,BeijingAir_Tiantan,4c5e0908fb1a9097c1bed37a3c29e849947e6fbd5828b63bc6ba2909525a5089,b22e34592bd842199e36a43e45786935,randomized_smoothing,randomized_smoothing,rs_backbonebaseline_std0.25_samples30_alpha0.25,ModernTCN,RandomizedSmoothing,7,missing_data,1.0666186115346992,1.0429905137903457,1.0949921506699078,0.3289541450035642,0.3090304991114572,0.3509034950204915
664,BeijingAir_Tiantan,4c5e0908fb1a9097c1bed37a3c29e849947e6fbd5828b63bc6ba2909525a5089,cbf1633413d840079faaf3c8bcb2a434,randomized_smoothing,randomized_smoothing,rs_backbonebaseline_std0.25_samples30_alpha0.25,GRU,RandomizedSmoothing,0,drift,1.106712895741035,1.0924385324979133,1.1213110653318243,0.3131803810152705,0.2957389268892005,0.3326222602999828
665,BeijingAir_Tiantan,4c5e0908fb1a9097c1bed37a3c29e849947e6fbd5828b63bc6ba2909525a5089,cbf1633413d840079faaf3c8bcb2a434,randomized_smoothing,randomized_smoothing,rs_backbonebaseline_std0.25_samples30_alpha0.25,GRU,RandomizedSmoothing,1,attenuation,1.2513725227309727,1.2112595614747261,1.2957650712380684,0.3541165237787471,0.3325356087718836,0.3783933269045476
666,BeijingAir_Tiantan,4c5e0908fb1a9097c1bed37a3c29e849947e6fbd5828b63bc6ba2909525a5089,cbf1633413d840079faaf3c8bcb2a434,randomized_smoothing,randomized_smoothing,rs_backbonebaseline_std0.25_samples30_alpha0.25,GRU,RandomizedSmoothing,2,noise,1.2460354786611842,1.2152828550910812,1.2775514940922486,0.3526062337101088,0.33391245720385054,0.37442272480811284
667,BeijingAir_Tiantan,4c5e0908fb1a9097c1bed37a3c29e849947e6fbd5828b63bc6ba2909525a5089,cbf1633413d840079faaf3c8bcb2a434,randomized_smoothing,randomized_smoothing,rs_backbonebaseline_std0.25_samples30_alpha0.25,GRU,RandomizedSmoothing,3,spike,1.1185987314322274,1.0892475505356785,1.1512183760206003,0.31654386450297317,0.296966380676552,0.3382645200160229
668,BeijingAir_Tiantan,4c5e0908fb1a9097c1bed37a3c29e849947e6fbd5828b63bc6ba2909525a5089,cbf1633413d840079faaf3c8bcb2a434,randomized_smoothing,randomized_smoothing,rs_backbonebaseline_std0.25_samples30_alpha0.25,GRU,RandomizedSmoothing,4,time_stretch,1.0340310490779157,1.0184549219149994,1.0516766353661042,0.2926126904078454,0.2744754191037399,0.3126015382313432
669,BeijingAir_Tiantan,4c5e0908fb1a9097c1bed37a3c29e849947e6fbd5828b63bc6ba2909525a5089,cbf1633413d840079faaf3c8bcb2a434,randomized_smoothing,randomized_smoothing,rs_backbonebaseline_std0.25_samples30_alpha0.25,GRU,RandomizedSmoothing,5,time_compress,1.0047617410700969,0.9993765857321659,1.0099305192982495,0.28432998848106944,0.2662930684044869,0.3037957403077722
670,BeijingAir_Tiantan,4c5e0908fb1a9097c1bed37a3c29e849947e6fbd5828b63bc6ba2909525a5089,cbf1633413d840079faaf3c8bcb2a434,randomized_smoothing,randomized_smoothing,rs_backbonebaseline_std0.25_samples30_alpha0.25,GRU,RandomizedSmoothing,6,stuck_sensor,1.1402407659331162,1.1003929097947376,1.1891736785875748,0.322668181511492,0.3016034520139694,0.3472205058653081
671,BeijingAir_Tiantan,4c5e0908fb1a9097c1bed37a3c29e849947e6fbd5828b63bc6ba2909525a5089,cbf1633413d840079faaf3c8bcb2a434,randomized_smoothing,randomized_smoothing,rs_backbonebaseline_std0.25_samples30_alpha0.25,GRU,RandomizedSmoothing,7,missing_data,1.0869783471526202,1.0589689640289617,1.121050454526749,0.3075958491372483,0.28827733507932335,0.32787080562664944
672,BeijingAir_Tiantan,4c5e0908fb1a9097c1bed37a3c29e849947e6fbd5828b63bc6ba2909525a5089,a4ae224a5b37421ba166660aa19a795b,randomized_smoothing,randomized_smoothing,rs_backbonebaseline_std0.25_samples30_alpha0.25,PatchTST,RandomizedSmoothing,0,drift,1.180876473654725,1.1605288395466011,1.2020138834384475,0.3992473810219555,0.3795872314664474,0.4210283523363901
673,BeijingAir_Tiantan,4c5e0908fb1a9097c1bed37a3c29e849947e6fbd5828b63bc6ba2909525a5089,a4ae224a5b37421ba166660aa19a795b,randomized_smoothing,randomized_smoothing,rs_backbonebaseline_std0.25_samples30_alpha0.25,PatchTST,RandomizedSmoothing,1,attenuation,1.2642419878077789,1.2239077256653752,1.311361905395176,0.4274327703795279,0.4026552005531242,0.4540919502016576
674,BeijingAir_Tiantan,4c5e0908fb1a9097c1bed37a3c29e849947e6fbd5828b63bc6ba2909525a5089,a4ae224a5b37421ba166660aa19a795b,randomized_smoothing,randomized_smoothing,rs_backbonebaseline_std0.25_samples30_alpha0.25,PatchTST,RandomizedSmoothing,2,noise,1.3824695018467599,1.341829506700021,1.423196587985272,0.467404796580298,0.4464136715987718,0.49111081200444545
675,BeijingAir_Tiantan,4c5e0908fb1a9097c1bed37a3c29e849947e6fbd5828b63bc6ba2909525a5089,a4ae224a5b37421ba166660aa19a795b,randomized_smoothing,randomized_smoothing,rs_backbonebaseline_std0.25_samples30_alpha0.25,PatchTST,RandomizedSmoothing,3,spike,1.2024891285468675,1.1224573398971802,1.2907868929589943,0.40655449235419655,0.37555923906291233,0.4447183348926835
676,BeijingAir_Tiantan,4c5e0908fb1a9097c1bed37a3c29e849947e6fbd5828b63bc6ba2909525a5089,a4ae224a5b37421ba166660aa19a795b,randomized_smoothing,randomized_smoothing,rs_backbonebaseline_std0.25_samples30_alpha0.25,PatchTST,RandomizedSmoothing,4,time_stretch,1.036686803542395,1.0194172665803432,1.0583519198779328,0.35049770275577685,0.3298920403304607,0.37192394618168345
677,BeijingAir_Tiantan,4c5e0908fb1a9097c1bed37a3c29e849947e6fbd5828b63bc6ba2909525a5089,a4ae224a5b37421ba166660aa19a795b,randomized_smoothing,randomized_smoothing,rs_backbonebaseline_std0.25_samples30_alpha0.25,PatchTST,RandomizedSmoothing,5,time_compress,1.0024960026535774,0.996451110223666,1.009114765519421,0.33893799434050453,0.3191892357066133,0.3612785257155729
678,BeijingAir_Tiantan,4c5e0908fb1a9097c1bed37a3c29e849947e6fbd5828b63bc6ba2909525a5089,a4ae224a5b37421ba166660aa19a795b,randomized_smoothing,randomized_smoothing,rs_backbonebaseline_std0.25_samples30_alpha0.25,PatchTST,RandomizedSmoothing,6,stuck_sensor,1.1752672142886655,1.1287606458996042,1.2294490777867377,0.3973509234657802,0.37206790099147313,0.4256336369564606
679,BeijingAir_Tiantan,4c5e0908fb1a9097c1bed37a3c29e849947e6fbd5828b63bc6ba2909525a5089,a4ae224a5b37421ba166660aa19a795b,randomized_smoothing,randomized_smoothing,rs_backbonebaseline_std0.25_samples30_alpha0.25,PatchTST,RandomizedSmoothing,7,missing_data,1.0770419746122972,1.0535298571356697,1.1051685973107153,0.3641415484244833,0.34323008179107845,0.3859666801252932
680,BeijingAir_Tiantan,4c5e0908fb1a9097c1bed37a3c29e849947e6fbd5828b63bc6ba2909525a5089,55e8def8826e447193b8dc52cb805d2d,randomized_smoothing,randomized_smoothing,rs_backbonebaseline_std0.25_samples30_alpha0.25,TSMixer,RandomizedSmoothing,0,drift,1.096343477897827,1.0847485799759269,1.1091787963044695,0.38779322228273083,0.3665692710546976,0.4119257506512806
681,BeijingAir_Tiantan,4c5e0908fb1a9097c1bed37a3c29e849947e6fbd5828b63bc6ba2909525a5089,55e8def8826e447193b8dc52cb805d2d,randomized_smoothing,randomized_smoothing,rs_backbonebaseline_std0.25_samples30_alpha0.25,TSMixer,RandomizedSmoothing,1,attenuation,1.1606313184243573,1.1243558042855992,1.2032388041381101,0.4105328010132798,0.38620126910109437,0.4386290771602648
682,BeijingAir_Tiantan,4c5e0908fb1a9097c1bed37a3c29e849947e6fbd5828b63bc6ba2909525a5089,55e8def8826e447193b8dc52cb805d2d,randomized_smoothing,randomized_smoothing,rs_backbonebaseline_std0.25_samples30_alpha0.25,TSMixer,RandomizedSmoothing,2,noise,1.120077466305962,1.1026234658378984,1.1377786207998828,0.3961882919191732,0.3753680854808072,0.41998992594238344
683,BeijingAir_Tiantan,4c5e0908fb1a9097c1bed37a3c29e849947e6fbd5828b63bc6ba2909525a5089,55e8def8826e447193b8dc52cb805d2d,randomized_smoothing,randomized_smoothing,rs_backbonebaseline_std0.25_samples30_alpha0.25,TSMixer,RandomizedSmoothing,3,spike,1.0701934122411747,1.0458025388547798,1.0982599167864406,0.3785435496861988,0.35564896323459505,0.40355920533341216
684,BeijingAir_Tiantan,4c5e0908fb1a9097c1bed37a3c29e849947e6fbd5828b63bc6ba2909525a5089,55e8def8826e447193b8dc52cb805d2d,randomized_smoothing,randomized_smoothing,rs_backbonebaseline_std0.25_samples30_alpha0.25,TSMixer,RandomizedSmoothing,4,time_stretch,0.9892164746569384,0.9765728815800324,1.0023161663436604,0.34990078563510907,0.3290533960286705,0.37219398445238516
685,BeijingAir_Tiantan,4c5e0908fb1a9097c1bed37a3c29e849947e6fbd5828b63bc6ba2909525a5089,55e8def8826e447193b8dc52cb805d2d,randomized_smoothing,randomized_smoothing,rs_backbonebaseline_std0.25_samples30_alpha0.25,TSMixer,RandomizedSmoothing,5,time_compress,1.006724360655389,0.9914241783844722,1.022476287810433,0.3560935889522923,0.3357003902431562,0.38155470153182763
686,BeijingAir_Tiantan,4c5e0908fb1a9097c1bed37a3c29e849947e6fbd5828b63bc6ba2909525a5089,55e8def8826e447193b8dc52cb805d2d,randomized_smoothing,randomized_smoothing,rs_backbonebaseline_std0.25_samples30_alpha0.25,TSMixer,RandomizedSmoothing,6,stuck_sensor,1.0460878697430518,1.0194876654324398,1.0798618090066638,0.37001705576465466,0.3475284598629238,0.3945221433846111
687,BeijingAir_Tiantan,4c5e0908fb1a9097c1bed37a3c29e849947e6fbd5828b63bc6ba2909525a5089,55e8def8826e447193b8dc52cb805d2d,randomized_smoothing,randomized_smoothing,rs_backbonebaseline_std0.25_samples30_alpha0.25,TSMixer,RandomizedSmoothing,7,missing_data,1.0722483412557162,1.0446315927495475,1.103999221583581,0.37927040906939075,0.3574370084902751,0.40566789884490345
688,BeijingAir_Tiantan,4c5e0908fb1a9097c1bed37a3c29e849947e6fbd5828b63bc6ba2909525a5089,b5e0ca11d169491caef03e3501299c11,randomized_smoothing,randomized_smoothing,rs_backbonebaseline_std0.25_samples30_alpha0.25,DLinear,RandomizedSmoothing,0,drift,1.11347762717407,1.0977122434914957,1.1297451432174577,0.3704265351764654,0.35078651563226737,0.3921137748485322
689,BeijingAir_Tiantan,4c5e0908fb1a9097c1bed37a3c29e849947e6fbd5828b63bc6ba2909525a5089,b5e0ca11d169491caef03e3501299c11,randomized_smoothing,randomized_smoothing,rs_backbonebaseline_std0.25_samples30_alpha0.25,DLinear,RandomizedSmoothing,1,attenuation,1.2690748303056352,1.2287799543416817,1.3198941175463175,0.4221898858110479,0.39741509678174597,0.4492909282537052
690,BeijingAir_Tiantan,4c5e0908fb1a9097c1bed37a3c29e849947e6fbd5828b63bc6ba2909525a5089,b5e0ca11d169491caef03e3501299c11,randomized_smoothing,randomized_smoothing,rs_backbonebaseline_std0.25_samples30_alpha0.25,DLinear,RandomizedSmoothing,2,noise,1.6271961280371914,1.5616463321686331,1.6906755791887256,0.5413280061056386,0.5159865213287967,0.5676240176809506
691,BeijingAir_Tiantan,4c5e0908fb1a9097c1bed37a3c29e849947e6fbd5828b63bc6ba2909525a5089,b5e0ca11d169491caef03e3501299c11,randomized_smoothing,randomized_smoothing,rs_backbonebaseline_std0.25_samples30_alpha0.25,DLinear,RandomizedSmoothing,3,spike,1.3780334352898282,1.2451326281978226,1.5256230866852631,0.45843772549543355,0.4122043418975646,0.5105599365601592
692,BeijingAir_Tiantan,4c5e0908fb1a9097c1bed37a3c29e849947e6fbd5828b63bc6ba2909525a5089,b5e0ca11d169491caef03e3501299c11,randomized_smoothing,randomized_smoothing,rs_backbonebaseline_std0.25_samples30_alpha0.25,DLinear,RandomizedSmoothing,4,time_stretch,1.0297621252606348,1.0144851827513137,1.0485468352855964,0.3425764530934917,0.32250148712988785,0.3644182451923602
693,BeijingAir_Tiantan,4c5e0908fb1a9097c1bed37a3c29e849947e6fbd5828b63bc6ba2909525a5089,b5e0ca11d169491caef03e3501299c11,randomized_smoothing,randomized_smoothing,rs_backbonebaseline_std0.25_samples30_alpha0.25,DLinear,RandomizedSmoothing,5,time_compress,1.0091014687239839,1.0018543066154806,1.0166873778970436,0.33570316239723763,0.31588760059831,0.3574962799089191
694,BeijingAir_Tiantan,4c5e0908fb1a9097c1bed37a3c29e849947e6fbd5828b63bc6ba2909525a5089,b5e0ca11d169491caef03e3501299c11,randomized_smoothing,randomized_smoothing,rs_backbonebaseline_std0.25_samples30_alpha0.25,DLinear,RandomizedSmoothing,6,stuck_sensor,1.1540278521827392,1.110607792221628,1.2053281519039898,0.38391659459392247,0.3601625383514544,0.41139025376860233
695,BeijingAir_Tiantan,4c5e0908fb1a9097c1bed37a3c29e849947e6fbd5828b63bc6ba2909525a5089,b5e0ca11d169491caef03e3501299c11,randomized_smoothing,randomized_smoothing,rs_backbonebaseline_std0.25_samples30_alpha0.25,DLinear,RandomizedSmoothing,7,missing_data,1.0646594629156232,1.0395460002588792,1.093505415605225,0.3541859363547119,0.33329635381609846,0.3770491188691434
696,BeijingAir_Tiantan,4c5e0908fb1a9097c1bed37a3c29e849947e6fbd5828b63bc6ba2909525a5089,7c2a137a453746cdbe3d1b60a3bb7b4a,ensemble,ensemble,ensemble_top5_mean,ModernTCN,Ensemble,0,drift,1.1508092363007818,1.1342848802561598,1.1682406746962026,0.3411352926097577,0.3228233358661459,0.3621840138535152
697,BeijingAir_Tiantan,4c5e0908fb1a9097c1bed37a3c29e849947e6fbd5828b63bc6ba2909525a5089,7c2a137a453746cdbe3d1b60a3bb7b4a,ensemble,ensemble,ensemble_top5_mean,ModernTCN,Ensemble,1,attenuation,1.2731549917398575,1.2324820320715972,1.3203368682975147,0.37740234171290066,0.3531342241930121,0.40429704983150033
698,BeijingAir_Tiantan,4c5e0908fb1a9097c1bed37a3c29e849947e6fbd5828b63bc6ba2909525a5089,7c2a137a453746cdbe3d1b60a3bb7b4a,ensemble,ensemble,ensemble_top5_mean,ModernTCN,Ensemble,2,noise,1.5181333088135582,1.4666897315376277,1.570387768932306,0.4500214581066975,0.42657843342372853,0.47309058457246794
699,BeijingAir_Tiantan,4c5e0908fb1a9097c1bed37a3c29e849947e6fbd5828b63bc6ba2909525a5089,7c2a137a453746cdbe3d1b60a3bb7b4a,ensemble,ensemble,ensemble_top5_mean,ModernTCN,Ensemble,3,spike,1.3163289745038922,1.2326572927758113,1.4113276659754392,0.39020043958938333,0.36062646381039887,0.42435158603763845
700,BeijingAir_Tiantan,4c5e0908fb1a9097c1bed37a3c29e849947e6fbd5828b63bc6ba2909525a5089,7c2a137a453746cdbe3d1b60a3bb7b4a,ensemble,ensemble,ensemble_top5_mean,ModernTCN,Ensemble,4,time_stretch,1.0339489420461034,1.0196748847368116,1.0524977934281023,0.3064943031064264,0.28743077187502825,0.3269309509279364
701,BeijingAir_Tiantan,4c5e0908fb1a9097c1bed37a3c29e849947e6fbd5828b63bc6ba2909525a5089,7c2a137a453746cdbe3d1b60a3bb7b4a,ensemble,ensemble,ensemble_top5_mean,ModernTCN,Ensemble,5,time_compress,1.0061870279979792,0.9979962303436224,1.014017702203603,0.29826481695574475,0.27981439737963415,0.3190842140673396
702,BeijingAir_Tiantan,4c5e0908fb1a9097c1bed37a3c29e849947e6fbd5828b63bc6ba2909525a5089,7c2a137a453746cdbe3d1b60a3bb7b4a,ensemble,ensemble,ensemble_top5_mean,ModernTCN,Ensemble,6,stuck_sensor,1.1458291211408422,1.1021451320398867,1.1955494034129053,0.3396590331318817,0.3167708253400208,0.36389522456218215
703,BeijingAir_Tiantan,4c5e0908fb1a9097c1bed37a3c29e849947e6fbd5828b63bc6ba2909525a5089,7c2a137a453746cdbe3d1b60a3bb7b4a,ensemble,ensemble,ensemble_top5_mean,ModernTCN,Ensemble,7,missing_data,1.0756256066197127,1.0499888367252876,1.1044837840319306,0.3188485497668182,0.29959623566092425,0.3409380354801116
704,BeijingAir_Tiantan,4c5e0908fb1a9097c1bed37a3c29e849947e6fbd5828b63bc6ba2909525a5089,c7c0c8ad29454524aedcf5df2111d3d2,ensemble,ensemble,ensemble_top3_mean,GRU,Ensemble,0,drift,1.155559351747921,1.1381573649982581,1.173755652813468,0.3349127292793215,0.31709613330558517,0.3548443184013331
705,BeijingAir_Tiantan,4c5e0908fb1a9097c1bed37a3c29e849947e6fbd5828b63bc6ba2909525a5089,c7c0c8ad29454524aedcf5df2111d3d2,ensemble,ensemble,ensemble_top3_mean,GRU,Ensemble,1,attenuation,1.2248951441071678,1.1842569954424007,1.2704491645842173,0.35500813971466993,0.33142955006226943,0.38122337794634026
706,BeijingAir_Tiantan,4c5e0908fb1a9097c1bed37a3c29e849947e6fbd5828b63bc6ba2909525a5089,c7c0c8ad29454524aedcf5df2111d3d2,ensemble,ensemble,ensemble_top3_mean,GRU,Ensemble,2,noise,1.2594103620052266,1.2249995938785216,1.2944674946654784,0.36501159458734617,0.3450750040271823,0.3865450845779484
707,BeijingAir_Tiantan,4c5e0908fb1a9097c1bed37a3c29e849947e6fbd5828b63bc6ba2909525a5089,c7c0c8ad29454524aedcf5df2111d3d2,ensemble,ensemble,ensemble_top3_mean,GRU,Ensemble,3,spike,1.1416848825956551,1.10751569679821,1.1800405530131552,0.3308915283569644,0.31076092373838526,0.3539094038239507
708,BeijingAir_Tiantan,4c5e0908fb1a9097c1bed37a3c29e849947e6fbd5828b63bc6ba2909525a5089,c7c0c8ad29454524aedcf5df2111d3d2,ensemble,ensemble,ensemble_top3_mean,GRU,Ensemble,4,time_stretch,1.038009553963325,1.0241757757125065,1.052562389310474,0.3008435803924891,0.2825633543865731,0.3205938403495456
709,BeijingAir_Tiantan,4c5e0908fb1a9097c1bed37a3c29e849947e6fbd5828b63bc6ba2909525a5089,c7c0c8ad29454524aedcf5df2111d3d2,ensemble,ensemble,ensemble_top3_mean,GRU,Ensemble,5,time_compress,1.0140766395547969,1.00706338245723,1.021060064383635,0.2939071667223092,0.27614039981912525,0.31370799925066584
710,BeijingAir_Tiantan,4c5e0908fb1a9097c1bed37a3c29e849947e6fbd5828b63bc6ba2909525a5089,c7c0c8ad29454524aedcf5df2111d3d2,ensemble,ensemble,ensemble_top3_mean,GRU,Ensemble,6,stuck_sensor,1.1555222973637451,1.1175171391447096,1.1984282805304518,0.3349019899045612,0.31356220371307353,0.3587280632068824
711,BeijingAir_Tiantan,4c5e0908fb1a9097c1bed37a3c29e849947e6fbd5828b63bc6ba2909525a5089,c7c0c8ad29454524aedcf5df2111d3d2,ensemble,ensemble,ensemble_top3_mean,GRU,Ensemble,7,missing_data,1.0930402666556815,1.0652212500864884,1.1245105697020086,0.3167929871919798,0.29705273883004296,0.3380661071498649
712,BeijingAir_Tiantan,4c5e0908fb1a9097c1bed37a3c29e849947e6fbd5828b63bc6ba2909525a5089,f0f2eafeffce491ca7abf254bbfb2ac4,ensemble,ensemble,ensemble_top3_mean,PatchTST,Ensemble,0,drift,1.1951599242498765,1.1744836033738657,1.2166075873178028,0.39544011626926656,0.37502235317278226,0.41768044519189135
713,BeijingAir_Tiantan,4c5e0908fb1a9097c1bed37a3c29e849947e6fbd5828b63bc6ba2909525a5089,f0f2eafeffce491ca7abf254bbfb2ac4,ensemble,ensemble,ensemble_top3_mean,PatchTST,Ensemble,1,attenuation,1.2541788064944703,1.2140628958187374,1.3008129636893067,0.4149675729579874,0.39059659074662106,0.44188137848721676
714,BeijingAir_Tiantan,4c5e0908fb1a9097c1bed37a3c29e849947e6fbd5828b63bc6ba2909525a5089,f0f2eafeffce491ca7abf254bbfb2ac4,ensemble,ensemble,ensemble_top3_mean,PatchTST,Ensemble,2,noise,1.3683816365765744,1.329006873553727,1.4077349422768162,0.45275362944267983,0.43141169688606823,0.4769913317445302
715,BeijingAir_Tiantan,4c5e0908fb1a9097c1bed37a3c29e849947e6fbd5828b63bc6ba2909525a5089,f0f2eafeffce491ca7abf254bbfb2ac4,ensemble,ensemble,ensemble_top3_mean,PatchTST,Ensemble,3,spike,1.2157328457626848,1.1283610060019893,1.3161986936750467,0.4022470366737718,0.36719726610141906,0.4430930975455729
716,BeijingAir_Tiantan,4c5e0908fb1a9097c1bed37a3c29e849947e6fbd5828b63bc6ba2909525a5089,f0f2eafeffce491ca7abf254bbfb2ac4,ensemble,ensemble,ensemble_top3_mean,PatchTST,Ensemble,4,time_stretch,1.0356241063562022,1.0188336191173393,1.0576266174262963,0.3426548269561375,0.32177435180055436,0.3642611114745147
717,BeijingAir_Tiantan,4c5e0908fb1a9097c1bed37a3c29e849947e6fbd5828b63bc6ba2909525a5089,f0f2eafeffce491ca7abf254bbfb2ac4,ensemble,ensemble,ensemble_top3_mean,PatchTST,Ensemble,5,time_compress,1.0014182901888138,0.9960263806777852,1.0070427505374926,0.33133721861949017,0.3114014274728467,0.35384125038504505
718,BeijingAir_Tiantan,4c5e0908fb1a9097c1bed37a3c29e849947e6fbd5828b63bc6ba2909525a5089,f0f2eafeffce491ca7abf254bbfb2ac4,ensemble,ensemble,ensemble_top3_mean,PatchTST,Ensemble,6,stuck_sensor,1.1743782313834865,1.1269902651143047,1.2309111825469439,0.3885641201145969,0.3628310519458315,0.41769642399585855
719,BeijingAir_Tiantan,4c5e0908fb1a9097c1bed37a3c29e849947e6fbd5828b63bc6ba2909525a5089,f0f2eafeffce491ca7abf254bbfb2ac4,ensemble,ensemble,ensemble_top3_mean,PatchTST,Ensemble,7,missing_data,1.0719923369468174,1.0472574313127099,1.1024239590691738,0.35468790892404795,0.3334730990335785,0.3762545480804651
720,BeijingAir_Tiantan,4c5e0908fb1a9097c1bed37a3c29e849947e6fbd5828b63bc6ba2909525a5089,353ebcf1101b470ca06070a21575ac8e,ensemble,ensemble,ensemble_top10_mean,TSMixer,Ensemble,0,drift,1.088894176776707,1.077384818895877,1.1008614436374036,0.3463672060390527,0.32688733201312226,0.36824361334935046
721,BeijingAir_Tiantan,4c5e0908fb1a9097c1bed37a3c29e849947e6fbd5828b63bc6ba2909525a5089,353ebcf1101b470ca06070a21575ac8e,ensemble,ensemble,ensemble_top10_mean,TSMixer,Ensemble,1,attenuation,1.19239710724387,1.1546007586733666,1.236896458985903,0.3792905346850806,0.35542170551461916,0.40520157907207577
722,BeijingAir_Tiantan,4c5e0908fb1a9097c1bed37a3c29e849947e6fbd5828b63bc6ba2909525a5089,353ebcf1101b470ca06070a21575ac8e,ensemble,ensemble,ensemble_top10_mean,TSMixer,Ensemble,2,noise,1.1510520925068923,1.1313056267941128,1.1712424617760417,0.36613906639412014,0.3461463695804282,0.3875309657318206
723,BeijingAir_Tiantan,4c5e0908fb1a9097c1bed37a3c29e849947e6fbd5828b63bc6ba2909525a5089,353ebcf1101b470ca06070a21575ac8e,ensemble,ensemble,ensemble_top10_mean,TSMixer,Ensemble,3,spike,1.1135681602310756,1.0729542593699248,1.161021175267757,0.35421577286327954,0.33079222522749374,0.3806666569804344
724,BeijingAir_Tiantan,4c5e0908fb1a9097c1bed37a3c29e849947e6fbd5828b63bc6ba2909525a5089,353ebcf1101b470ca06070a21575ac8e,ensemble,ensemble,ensemble_top10_mean,TSMixer,Ensemble,4,time_stretch,1.0020663816126376,0.9905305926991065,1.0151848460647788,0.31874808431086565,0.29898166496470574,0.33935796093420406
725,BeijingAir_Tiantan,4c5e0908fb1a9097c1bed37a3c29e849947e6fbd5828b63bc6ba2909525a5089,353ebcf1101b470ca06070a21575ac8e,ensemble,ensemble,ensemble_top10_mean,TSMixer,Ensemble,5,time_compress,0.9972535178509524,0.985164308364097,1.0092398889882574,0.3172171566874706,0.2976676173018273,0.34003463576713705
726,BeijingAir_Tiantan,4c5e0908fb1a9097c1bed37a3c29e849947e6fbd5828b63bc6ba2909525a5089,353ebcf1101b470ca06070a21575ac8e,ensemble,ensemble,ensemble_top10_mean,TSMixer,Ensemble,6,stuck_sensor,1.0712439824306916,1.0412968417891784,1.106081518566649,0.34075284182252946,0.3191915290868054,0.3644681605395493
727,BeijingAir_Tiantan,4c5e0908fb1a9097c1bed37a3c29e849947e6fbd5828b63bc6ba2909525a5089,353ebcf1101b470ca06070a21575ac8e,ensemble,ensemble,ensemble_top10_mean,TSMixer,Ensemble,7,missing_data,1.0647159342032573,1.0378254434743621,1.0952332317975924,0.3386763298219623,0.31852746273485266,0.3621797754220278
728,BeijingAir_Tiantan,4c5e0908fb1a9097c1bed37a3c29e849947e6fbd5828b63bc6ba2909525a5089,bf2cdbef5c834ef3aa8106834079827a,ensemble,ensemble,ensemble_top10_mean,DLinear,Ensemble,0,drift,1.1195472206433021,1.104697871434672,1.135607033220337,0.36626111378993953,0.3471867509680083,0.3882642657152166
729,BeijingAir_Tiantan,4c5e0908fb1a9097c1bed37a3c29e849947e6fbd5828b63bc6ba2909525a5089,bf2cdbef5c834ef3aa8106834079827a,ensemble,ensemble,ensemble_top10_mean,DLinear,Ensemble,1,attenuation,1.268732966365183,1.227561045428544,1.3182314232632264,0.41506739581373986,0.3906289294176284,0.4424275251948177
730,BeijingAir_Tiantan,4c5e0908fb1a9097c1bed37a3c29e849947e6fbd5828b63bc6ba2909525a5089,bf2cdbef5c834ef3aa8106834079827a,ensemble,ensemble,ensemble_top10_mean,DLinear,Ensemble,2,noise,1.6083681826327587,1.5440171868605332,1.6705821980853233,0.5261794331612764,0.5014417931223039,0.5520226276132613
731,BeijingAir_Tiantan,4c5e0908fb1a9097c1bed37a3c29e849947e6fbd5828b63bc6ba2909525a5089,bf2cdbef5c834ef3aa8106834079827a,ensemble,ensemble,ensemble_top10_mean,DLinear,Ensemble,3,spike,1.3690362846663469,1.2378498959767492,1.5180165492287883,0.44788173754083693,0.4016506085917952,0.5000343820780219
732,BeijingAir_Tiantan,4c5e0908fb1a9097c1bed37a3c29e849947e6fbd5828b63bc6ba2909525a5089,bf2cdbef5c834ef3aa8106834079827a,ensemble,ensemble,ensemble_top10_mean,DLinear,Ensemble,4,time_stretch,1.029858717625012,1.015448263454376,1.0485489301970548,0.33691942064478064,0.3166411485914061,0.3583380692165995
733,BeijingAir_Tiantan,4c5e0908fb1a9097c1bed37a3c29e849947e6fbd5828b63bc6ba2909525a5089,bf2cdbef5c834ef3aa8106834079827a,ensemble,ensemble,ensemble_top10_mean,DLinear,Ensemble,5,time_compress,1.0068912362990428,1.0019640574726398,1.0122127850834362,0.3294055836790067,0.309756222559101,0.35086781390508187
734,BeijingAir_Tiantan,4c5e0908fb1a9097c1bed37a3c29e849947e6fbd5828b63bc6ba2909525a5089,bf2cdbef5c834ef3aa8106834079827a,ensemble,ensemble,ensemble_top10_mean,DLinear,Ensemble,6,stuck_sensor,1.1551187493596153,1.1116727372601658,1.2064336838691119,0.37789837882585414,0.3543691822707365,0.40502813215189365
735,BeijingAir_Tiantan,4c5e0908fb1a9097c1bed37a3c29e849947e6fbd5828b63bc6ba2909525a5089,bf2cdbef5c834ef3aa8106834079827a,ensemble,ensemble,ensemble_top10_mean,DLinear,Ensemble,7,missing_data,1.0642606885764154,1.0396445362315403,1.092632971160575,0.3481740635619324,0.3272840853358795,0.3706385072974769
736,BeijingAir_Tiantan,4c5e0908fb1a9097c1bed37a3c29e849947e6fbd5828b63bc6ba2909525a5089,85060b2607b94afba7ae400723ffc861,fault_augmentation,fault_augmentation,fa_profholdout_varying_mix0.75_sev0.75_frac0.1,ModernTCN,ModernTCN,0,drift,1.1152502792785806,1.1014431588242812,1.1303636536026194,0.34175453443255976,0.3231615828790689,0.3625666350852526
737,BeijingAir_Tiantan,4c5e0908fb1a9097c1bed37a3c29e849947e6fbd5828b63bc6ba2909525a5089,85060b2607b94afba7ae400723ffc861,fault_augmentation,fault_augmentation,fa_profholdout_varying_mix0.75_sev0.75_frac0.1,ModernTCN,ModernTCN,1,attenuation,1.2748896102082508,1.2351899302202276,1.3200928034192982,0.39067401576574196,0.365414306870908,0.4186932915376874
738,BeijingAir_Tiantan,4c5e0908fb1a9097c1bed37a3c29e849947e6fbd5828b63bc6ba2909525a5089,85060b2607b94afba7ae400723ffc861,fault_augmentation,fault_augmentation,fa_profholdout_varying_mix0.75_sev0.75_frac0.1,ModernTCN,ModernTCN,2,noise,1.482658114038014,1.4331169824532968,1.5291145194595557,0.4543420816836646,0.4309765723297461,0.4777971796357272
739,BeijingAir_Tiantan,4c5e0908fb1a9097c1bed37a3c29e849947e6fbd5828b63bc6ba2909525a5089,85060b2607b94afba7ae400723ffc861,fault_augmentation,fault_augmentation,fa_profholdout_varying_mix0.75_sev0.75_frac0.1,ModernTCN,ModernTCN,3,spike,1.284798404489367,1.2061688621254372,1.3743302308343202,0.3937104421529395,0.36457700159730233,0.4278051478166602
740,BeijingAir_Tiantan,4c5e0908fb1a9097c1bed37a3c29e849947e6fbd5828b63bc6ba2909525a5089,85060b2607b94afba7ae400723ffc861,fault_augmentation,fault_augmentation,fa_profholdout_varying_mix0.75_sev0.75_frac0.1,ModernTCN,ModernTCN,4,time_stretch,1.0284542819312152,1.0151384492604063,1.0460285411062569,0.31515698389596947,0.29575660643559415,0.336262128281094
741,BeijingAir_Tiantan,4c5e0908fb1a9097c1bed37a3c29e849947e6fbd5828b63bc6ba2909525a5089,85060b2607b94afba7ae400723ffc861,fault_augmentation,fault_augmentation,fa_profholdout_varying_mix0.75_sev0.75_frac0.1,ModernTCN,ModernTCN,5,time_compress,1.0038248083358154,0.9961140869318341,1.0111031813346063,0.30760958898533136,0.28806931919946555,0.3292780510980783
742,BeijingAir_Tiantan,4c5e0908fb1a9097c1bed37a3c29e849947e6fbd5828b63bc6ba2909525a5089,85060b2607b94afba7ae400723ffc861,fault_augmentation,fault_augmentation,fa_profholdout_varying_mix0.75_sev0.75_frac0.1,ModernTCN,ModernTCN,6,stuck_sensor,1.128966383551483,1.0908959149564794,1.173308679694964,0.34595766346745804,0.32301906397921154,0.37050447248912166
743,BeijingAir_Tiantan,4c5e0908fb1a9097c1bed37a3c29e849947e6fbd5828b63bc6ba2909525a5089,85060b2607b94afba7ae400723ffc861,fault_augmentation,fault_augmentation,fa_profholdout_varying_mix0.75_sev0.75_frac0.1,ModernTCN,ModernTCN,7,missing_data,1.0662766965681532,1.04356811816209,1.0931190591473503,0.32674719099614014,0.30689416217651355,0.34886477480501277
744,BeijingAir_Tiantan,4c5e0908fb1a9097c1bed37a3c29e849947e6fbd5828b63bc6ba2909525a5089,83ca5bcbbe234ecba2323b66ed99090e,fault_augmentation,fault_augmentation,fa_profholdout_varying_mix0.75_sev0.75_frac0.1,GRU,GRU,0,drift,1.1674233149854227,1.1506974600657223,1.184893328718889,0.3490198876424809,0.3301990323515469,0.37051994561183976
745,BeijingAir_Tiantan,4c5e0908fb1a9097c1bed37a3c29e849947e6fbd5828b63bc6ba2909525a5089,83ca5bcbbe234ecba2323b66ed99090e,fault_augmentation,fault_augmentation,fa_profholdout_varying_mix0.75_sev0.75_frac0.1,GRU,GRU,1,attenuation,1.1438129142140812,1.1089086488857671,1.1846159412600248,0.34196118038639833,0.32214960408898996,0.3655865292251879
746,BeijingAir_Tiantan,4c5e0908fb1a9097c1bed37a3c29e849947e6fbd5828b63bc6ba2909525a5089,83ca5bcbbe234ecba2323b66ed99090e,fault_augmentation,fault_augmentation,fa_profholdout_varying_mix0.75_sev0.75_frac0.1,GRU,GRU,2,noise,1.2597794028954556,1.2276043988194074,1.2917401757231404,0.3766312185210845,0.3561932763020123,0.39929397050087817
747,BeijingAir_Tiantan,4c5e0908fb1a9097c1bed37a3c29e849947e6fbd5828b63bc6ba2909525a5089,83ca5bcbbe234ecba2323b66ed99090e,fault_augmentation,fault_augmentation,fa_profholdout_varying_mix0.75_sev0.75_frac0.1,GRU,GRU,3,spike,1.1476366403967388,1.1103688014045427,1.1880639524053862,0.3431043445373245,0.320975137823212,0.36795571936364263
748,BeijingAir_Tiantan,4c5e0908fb1a9097c1bed37a3c29e849947e6fbd5828b63bc6ba2909525a5089,83ca5bcbbe234ecba2323b66ed99090e,fault_augmentation,fault_augmentation,fa_profholdout_varying_mix0.75_sev0.75_frac0.1,GRU,GRU,4,time_stretch,1.0349768952429168,1.0203331237120363,1.052044249417509,0.30942291031317726,0.28994358628058897,0.3312764165007869
749,BeijingAir_Tiantan,4c5e0908fb1a9097c1bed37a3c29e849947e6fbd5828b63bc6ba2909525a5089,83ca5bcbbe234ecba2323b66ed99090e,fault_augmentation,fault_augmentation,fa_profholdout_varying_mix0.75_sev0.75_frac0.1,GRU,GRU,5,time_compress,1.0061244998506915,1.0025249112712304,1.010179560174782,0.3007970248535086,0.2819287635312,0.32165781380827496
750,BeijingAir_Tiantan,4c5e0908fb1a9097c1bed37a3c29e849947e6fbd5828b63bc6ba2909525a5089,83ca5bcbbe234ecba2323b66ed99090e,fault_augmentation,fault_augmentation,fa_profholdout_varying_mix0.75_sev0.75_frac0.1,GRU,GRU,6,stuck_sensor,1.1292347796652271,1.0915149769809267,1.175263085266493,0.33760281370229495,0.3153809680909408,0.3635509757838899
751,BeijingAir_Tiantan,4c5e0908fb1a9097c1bed37a3c29e849947e6fbd5828b63bc6ba2909525a5089,83ca5bcbbe234ecba2323b66ed99090e,fault_augmentation,fault_augmentation,fa_profholdout_varying_mix0.75_sev0.75_frac0.1,GRU,GRU,7,missing_data,1.0936510965725086,1.0639053603717772,1.1307058978036564,0.3269645020329059,0.305593891898831,0.349450257042293
752,BeijingAir_Tiantan,4c5e0908fb1a9097c1bed37a3c29e849947e6fbd5828b63bc6ba2909525a5089,268d64b80ac342678bb036cd9076282b,fault_augmentation,fault_augmentation,fa_profholdout_simple_mix0.75_sev0.75_frac0.25,PatchTST,PatchTST,0,drift,1.1833592151375179,1.162809387976077,1.2038913733709489,0.39453091624204534,0.3742390650735144,0.4160592938177401
753,BeijingAir_Tiantan,4c5e0908fb1a9097c1bed37a3c29e849947e6fbd5828b63bc6ba2909525a5089,268d64b80ac342678bb036cd9076282b,fault_augmentation,fault_augmentation,fa_profholdout_simple_mix0.75_sev0.75_frac0.25,PatchTST,PatchTST,1,attenuation,1.2598866053241542,1.2200555721218325,1.3075492738154615,0.4200450804803637,0.39567134818108113,0.44742364311963395
754,BeijingAir_Tiantan,4c5e0908fb1a9097c1bed37a3c29e849947e6fbd5828b63bc6ba2909525a5089,268d64b80ac342678bb036cd9076282b,fault_augmentation,fault_augmentation,fa_profholdout_simple_mix0.75_sev0.75_frac0.25,PatchTST,PatchTST,2,noise,1.3126610959948664,1.2788516213568966,1.3477107095002863,0.4376400490175409,0.4162486474418569,0.46081119393816
755,BeijingAir_Tiantan,4c5e0908fb1a9097c1bed37a3c29e849947e6fbd5828b63bc6ba2909525a5089,268d64b80ac342678bb036cd9076282b,fault_augmentation,fault_augmentation,fa_profholdout_simple_mix0.75_sev0.75_frac0.25,PatchTST,PatchTST,3,spike,1.1642634049801246,1.09609318697829,1.239555363158529,0.38816439001619,0.35962483180207927,0.4230553955837371
756,BeijingAir_Tiantan,4c5e0908fb1a9097c1bed37a3c29e849947e6fbd5828b63bc6ba2909525a5089,268d64b80ac342678bb036cd9076282b,fault_augmentation,fault_augmentation,fa_profholdout_simple_mix0.75_sev0.75_frac0.25,PatchTST,PatchTST,4,time_stretch,1.0356539890888532,1.0186984911433266,1.05705579663448,0.3452861244482483,0.3244354214052335,0.3668933711673794
757,BeijingAir_Tiantan,4c5e0908fb1a9097c1bed37a3c29e849947e6fbd5828b63bc6ba2909525a5089,268d64b80ac342678bb036cd9076282b,fault_augmentation,fault_augmentation,fa_profholdout_simple_mix0.75_sev0.75_frac0.25,PatchTST,PatchTST,5,time_compress,0.9977232377420777,0.9932779380530883,1.0022292306498668,0.33264004547986553,0.31295798037943984,0.3547166441804421
758,BeijingAir_Tiantan,4c5e0908fb1a9097c1bed37a3c29e849947e6fbd5828b63bc6ba2909525a5089,268d64b80ac342678bb036cd9076282b,fault_augmentation,fault_augmentation,fa_profholdout_simple_mix0.75_sev0.75_frac0.25,PatchTST,PatchTST,6,stuck_sensor,1.1792165282897489,1.13182276270462,1.234352158432618,0.39314974810911774,0.36752985376742325,0.4212218360405057
759,BeijingAir_Tiantan,4c5e0908fb1a9097c1bed37a3c29e849947e6fbd5828b63bc6ba2909525a5089,268d64b80ac342678bb036cd9076282b,fault_augmentation,fault_augmentation,fa_profholdout_simple_mix0.75_sev0.75_frac0.25,PatchTST,PatchTST,7,missing_data,1.0714801115757455,1.0479046231905593,1.1004060696939946,0.35723052201522953,0.33618535262067945,0.3792024935466632
760,BeijingAir_Tiantan,4c5e0908fb1a9097c1bed37a3c29e849947e6fbd5828b63bc6ba2909525a5089,d8035d46cf5f4e1fb82fa36952007ecf,fault_augmentation,fault_augmentation,fa_profholdout_varying_mix0.75_sev1.0_frac0.1,TSMixer,TSMixer,0,drift,1.0889624779245803,1.076287161419412,1.1017777426858986,0.39093571159130663,0.36998078461270023,0.4144987087440441
761,BeijingAir_Tiantan,4c5e0908fb1a9097c1bed37a3c29e849947e6fbd5828b63bc6ba2909525a5089,d8035d46cf5f4e1fb82fa36952007ecf,fault_augmentation,fault_augmentation,fa_profholdout_varying_mix0.75_sev1.0_frac0.1,TSMixer,TSMixer,1,attenuation,1.1034564734954795,1.0728603893209263,1.138720135574105,0.39613903180405613,0.37261598476244284,0.42094426954718783
762,BeijingAir_Tiantan,4c5e0908fb1a9097c1bed37a3c29e849947e6fbd5828b63bc6ba2909525a5089,d8035d46cf5f4e1fb82fa36952007ecf,fault_augmentation,fault_augmentation,fa_profholdout_varying_mix0.75_sev1.0_frac0.1,TSMixer,TSMixer,2,noise,1.0863517204346338,1.0688870903689323,1.1040536271036152,0.3899984540109814,0.3694302264690904,0.4130285443697385
763,BeijingAir_Tiantan,4c5e0908fb1a9097c1bed37a3c29e849947e6fbd5828b63bc6ba2909525a5089,d8035d46cf5f4e1fb82fa36952007ecf,fault_augmentation,fault_augmentation,fa_profholdout_varying_mix0.75_sev1.0_frac0.1,TSMixer,TSMixer,3,spike,1.0548994249059356,1.0353066995416917,1.0786999492693599,0.3787071324246528,0.35820499629201363,0.40346301435890347
764,BeijingAir_Tiantan,4c5e0908fb1a9097c1bed37a3c29e849947e6fbd5828b63bc6ba2909525a5089,d8035d46cf5f4e1fb82fa36952007ecf,fault_augmentation,fault_augmentation,fa_profholdout_varying_mix0.75_sev1.0_frac0.1,TSMixer,TSMixer,4,time_stretch,0.9940288973983148,0.9812472059060804,1.0081455764584792,0.35685471467056923,0.3358497887174495,0.379481784805976
765,BeijingAir_Tiantan,4c5e0908fb1a9097c1bed37a3c29e849947e6fbd5828b63bc6ba2909525a5089,d8035d46cf5f4e1fb82fa36952007ecf,fault_augmentation,fault_augmentation,fa_profholdout_varying_mix0.75_sev1.0_frac0.1,TSMixer,TSMixer,5,time_compress,0.9933489018352225,0.9790379081860122,1.0091626302069594,0.3566105973986472,0.33663338735676906,0.38016260349060554
766,BeijingAir_Tiantan,4c5e0908fb1a9097c1bed37a3c29e849947e6fbd5828b63bc6ba2909525a5089,d8035d46cf5f4e1fb82fa36952007ecf,fault_augmentation,fault_augmentation,fa_profholdout_varying_mix0.75_sev1.0_frac0.1,TSMixer,TSMixer,6,stuck_sensor,1.045102055961599,1.017380523978292,1.077977260733293,0.3751898933299904,0.3528416211628187,0.40018873537788896
767,BeijingAir_Tiantan,4c5e0908fb1a9097c1bed37a3c29e849947e6fbd5828b63bc6ba2909525a5089,d8035d46cf5f4e1fb82fa36952007ecf,fault_augmentation,fault_augmentation,fa_profholdout_varying_mix0.75_sev1.0_frac0.1,TSMixer,TSMixer,7,missing_data,1.0700576344133415,1.0426962566245037,1.1033947432974365,0.38414890433172694,0.36297654409687996,0.40878881244453424
768,BeijingAir_Tiantan,4c5e0908fb1a9097c1bed37a3c29e849947e6fbd5828b63bc6ba2909525a5089,62c610bd88bc4766a4880fb809d3f45d,fault_augmentation,fault_augmentation,fa_profholdout_simple_mix1.0_sev1.0_frac0.25,DLinear,DLinear,0,drift,1.092306528259395,1.0788671643728758,1.106654833334112,0.36487882293218865,0.3453637466040512,0.3865547358463341
769,BeijingAir_Tiantan,4c5e0908fb1a9097c1bed37a3c29e849947e6fbd5828b63bc6ba2909525a5089,62c610bd88bc4766a4880fb809d3f45d,fault_augmentation,fault_augmentation,fa_profholdout_simple_mix1.0_sev1.0_frac0.25,DLinear,DLinear,1,attenuation,1.279555701838522,1.2392885020129216,1.327957513772178,0.42742835118544464,0.4019243069684472,0.4544727557561419
770,BeijingAir_Tiantan,4c5e0908fb1a9097c1bed37a3c29e849947e6fbd5828b63bc6ba2909525a5089,62c610bd88bc4766a4880fb809d3f45d,fault_augmentation,fault_augmentation,fa_profholdout_simple_mix1.0_sev1.0_frac0.25,DLinear,DLinear,2,noise,1.5572979092255952,1.497109828632039,1.613579081016121,0.5202065659888234,0.4953408875828344,0.5455303420062432
771,BeijingAir_Tiantan,4c5e0908fb1a9097c1bed37a3c29e849947e6fbd5828b63bc6ba2909525a5089,62c610bd88bc4766a4880fb809d3f45d,fault_augmentation,fault_augmentation,fa_profholdout_simple_mix1.0_sev1.0_frac0.25,DLinear,DLinear,3,spike,1.3378848674791157,1.2193054853323442,1.4731576104816635,0.4469128793384269,0.4047816048758154,0.4977800463863095
772,BeijingAir_Tiantan,4c5e0908fb1a9097c1bed37a3c29e849947e6fbd5828b63bc6ba2909525a5089,62c610bd88bc4766a4880fb809d3f45d,fault_augmentation,fault_augmentation,fa_profholdout_simple_mix1.0_sev1.0_frac0.25,DLinear,DLinear,4,time_stretch,1.0272360263357407,1.0142016665238953,1.0440426062727965,0.3431423894904292,0.322789959152943,0.3652059987894908
773,BeijingAir_Tiantan,4c5e0908fb1a9097c1bed37a3c29e849947e6fbd5828b63bc6ba2909525a5089,62c610bd88bc4766a4880fb809d3f45d,fault_augmentation,fault_augmentation,fa_profholdout_simple_mix1.0_sev1.0_frac0.25,DLinear,DLinear,5,time_compress,1.0059251035831274,1.00118826335772,1.0109745870948155,0.3360235961770144,0.3159224178001421,0.35759916860344626
774,BeijingAir_Tiantan,4c5e0908fb1a9097c1bed37a3c29e849947e6fbd5828b63bc6ba2909525a5089,62c610bd88bc4766a4880fb809d3f45d,fault_augmentation,fault_augmentation,fa_profholdout_simple_mix1.0_sev1.0_frac0.25,DLinear,DLinear,6,stuck_sensor,1.1448527799292127,1.1031599356132078,1.1922131906874887,0.38243160135358484,0.3591489912994643,0.40896944426327264
775,BeijingAir_Tiantan,4c5e0908fb1a9097c1bed37a3c29e849947e6fbd5828b63bc6ba2909525a5089,62c610bd88bc4766a4880fb809d3f45d,fault_augmentation,fault_augmentation,fa_profholdout_simple_mix1.0_sev1.0_frac0.25,DLinear,DLinear,7,missing_data,1.059631247319647,1.0363582095793318,1.085958514802886,0.3539638299885206,0.33294963777211245,0.3770139148137452
776,BeijingAir_Tiantan,4c5e0908fb1a9097c1bed37a3c29e849947e6fbd5828b63bc6ba2909525a5089,706dc10764014afcaa70e5009a882797,adaptive_robust_loss,adaptive_robust_loss,arl_alo0.001_ainit1.0_slo0.01_sinit0.1,PatchTST,PatchTST,0,drift,1.1878800608372686,1.1666111236069683,1.2098944939530514,0.39043474448893395,0.3698778365323684,0.41313400380017296
777,BeijingAir_Tiantan,4c5e0908fb1a9097c1bed37a3c29e849947e6fbd5828b63bc6ba2909525a5089,706dc10764014afcaa70e5009a882797,adaptive_robust_loss,adaptive_robust_loss,arl_alo0.001_ainit1.0_slo0.01_sinit0.1,PatchTST,PatchTST,1,attenuation,1.2541727558722084,1.212098078885625,1.3023247123895614,0.41222395730660355,0.3876709506871873,0.43997528146329423
778,BeijingAir_Tiantan,4c5e0908fb1a9097c1bed37a3c29e849947e6fbd5828b63bc6ba2909525a5089,706dc10764014afcaa70e5009a882797,adaptive_robust_loss,adaptive_robust_loss,arl_alo0.001_ainit1.0_slo0.01_sinit0.1,PatchTST,PatchTST,2,noise,1.3663162450319133,1.3254505825024026,1.4055472556949746,0.4490834989216935,0.4266019235650524,0.474148229174843
779,BeijingAir_Tiantan,4c5e0908fb1a9097c1bed37a3c29e849947e6fbd5828b63bc6ba2909525a5089,706dc10764014afcaa70e5009a882797,adaptive_robust_loss,adaptive_robust_loss,arl_alo0.001_ainit1.0_slo0.01_sinit0.1,PatchTST,PatchTST,3,spike,1.1499526472209682,1.0935261854375498,1.2144633591732785,0.37796868791250743,0.3508858006576429,0.4093191988377705
780,BeijingAir_Tiantan,4c5e0908fb1a9097c1bed37a3c29e849947e6fbd5828b63bc6ba2909525a5089,706dc10764014afcaa70e5009a882797,adaptive_robust_loss,adaptive_robust_loss,arl_alo0.001_ainit1.0_slo0.01_sinit0.1,PatchTST,PatchTST,4,time_stretch,1.047609815497308,1.0283962775480024,1.0719782737280847,0.3443304455750302,0.32254712344733066,0.36763061945024433
781,BeijingAir_Tiantan,4c5e0908fb1a9097c1bed37a3c29e849947e6fbd5828b63bc6ba2909525a5089,706dc10764014afcaa70e5009a882797,adaptive_robust_loss,adaptive_robust_loss,arl_alo0.001_ainit1.0_slo0.01_sinit0.1,PatchTST,PatchTST,5,time_compress,0.9993756924819369,0.9930896972072514,1.0055700009009338,0.3284767595708385,0.3080443257990061,0.35139678926089385
782,BeijingAir_Tiantan,4c5e0908fb1a9097c1bed37a3c29e849947e6fbd5828b63bc6ba2909525a5089,706dc10764014afcaa70e5009a882797,adaptive_robust_loss,adaptive_robust_loss,arl_alo0.001_ainit1.0_slo0.01_sinit0.1,PatchTST,PatchTST,6,stuck_sensor,1.194184361775943,1.1464581393091702,1.2515401286871533,0.39250685446646627,0.366444729088218,0.42172098677681247
783,BeijingAir_Tiantan,4c5e0908fb1a9097c1bed37a3c29e849947e6fbd5828b63bc6ba2909525a5089,706dc10764014afcaa70e5009a882797,adaptive_robust_loss,adaptive_robust_loss,arl_alo0.001_ainit1.0_slo0.01_sinit0.1,PatchTST,PatchTST,7,missing_data,1.0861617941306958,1.0592469535945166,1.1189163533853428,0.35700178540428895,0.33511301808300814,0.3802125408844216
784,BeijingAir_Tiantan,4c5e0908fb1a9097c1bed37a3c29e849947e6fbd5828b63bc6ba2909525a5089,d8193aea68954391adcc600410d1860c,adaptive_robust_loss,adaptive_robust_loss,arl_alo0.001_ainit1.0_slo0.01_sinit0.1,ModernTCN,ModernTCN,0,drift,1.1545262751729586,1.1374814109966083,1.172375034158154,0.3411052124050795,0.3211718430731252,0.36253187502368983
785,BeijingAir_Tiantan,4c5e0908fb1a9097c1bed37a3c29e849947e6fbd5828b63bc6ba2909525a5089,d8193aea68954391adcc600410d1860c,adaptive_robust_loss,adaptive_robust_loss,arl_alo0.001_ainit1.0_slo0.01_sinit0.1,ModernTCN,ModernTCN,1,attenuation,1.2678934457346132,1.2233212972854055,1.318577381994568,0.3745995846214268,0.3499149992961654,0.4022813350810699
786,BeijingAir_Tiantan,4c5e0908fb1a9097c1bed37a3c29e849947e6fbd5828b63bc6ba2909525a5089,d8193aea68954391adcc600410d1860c,adaptive_robust_loss,adaptive_robust_loss,arl_alo0.001_ainit1.0_slo0.01_sinit0.1,ModernTCN,ModernTCN,2,noise,1.402467770964769,1.360424392677224,1.4446021675278247,0.414359618480358,0.39089029834112937,0.4379552999997128
787,BeijingAir_Tiantan,4c5e0908fb1a9097c1bed37a3c29e849947e6fbd5828b63bc6ba2909525a5089,d8193aea68954391adcc600410d1860c,adaptive_robust_loss,adaptive_robust_loss,arl_alo0.001_ainit1.0_slo0.01_sinit0.1,ModernTCN,ModernTCN,3,spike,1.2261288003736555,1.16093857146661,1.300955748861572,0.36226020479679866,0.33728584793942806,0.3928730585196972
788,BeijingAir_Tiantan,4c5e0908fb1a9097c1bed37a3c29e849947e6fbd5828b63bc6ba2909525a5089,d8193aea68954391adcc600410d1860c,adaptive_robust_loss,adaptive_robust_loss,arl_alo0.001_ainit1.0_slo0.01_sinit0.1,ModernTCN,ModernTCN,4,time_stretch,1.0364267231380457,1.021372509102076,1.0552146126701154,0.306212656342829,0.28602041235999714,0.3274046293333074
789,BeijingAir_Tiantan,4c5e0908fb1a9097c1bed37a3c29e849947e6fbd5828b63bc6ba2909525a5089,d8193aea68954391adcc600410d1860c,adaptive_robust_loss,adaptive_robust_loss,arl_alo0.001_ainit1.0_slo0.01_sinit0.1,ModernTCN,ModernTCN,5,time_compress,1.008098784938631,1.0001838494065567,1.016017975818445,0.29784315658842825,0.27801889649942924,0.31918218243426405
790,BeijingAir_Tiantan,4c5e0908fb1a9097c1bed37a3c29e849947e6fbd5828b63bc6ba2909525a5089,d8193aea68954391adcc600410d1860c,adaptive_robust_loss,adaptive_robust_loss,arl_alo0.001_ainit1.0_slo0.01_sinit0.1,ModernTCN,ModernTCN,6,stuck_sensor,1.1544878525904663,1.1123739446304628,1.2031349163460696,0.34109386043895795,0.317142286661806,0.3673197375972575
791,BeijingAir_Tiantan,4c5e0908fb1a9097c1bed37a3c29e849947e6fbd5828b63bc6ba2909525a5089,d8193aea68954391adcc600410d1860c,adaptive_robust_loss,adaptive_robust_loss,arl_alo0.001_ainit1.0_slo0.01_sinit0.1,ModernTCN,ModernTCN,7,missing_data,1.0813924260807346,1.0561759868163623,1.1113035360146128,0.3194977898066922,0.2985257929469778,0.3421735147251096
792,BeijingAir_Tiantan,4c5e0908fb1a9097c1bed37a3c29e849947e6fbd5828b63bc6ba2909525a5089,3e96e701a1b843b58e28e227e798802a,adaptive_robust_loss,adaptive_robust_loss,arl_alo0.001_ainit1.0_slo1e-05_sinit0.1,GRU,GRU,0,drift,1.1623547396255693,1.1412126173704347,1.1867879225877866,0.39827676570039183,0.37638668078945026,0.42336348952933006
793,BeijingAir_Tiantan,4c5e0908fb1a9097c1bed37a3c29e849947e6fbd5828b63bc6ba2909525a5089,3e96e701a1b843b58e28e227e798802a,adaptive_robust_loss,adaptive_robust_loss,arl_alo0.001_ainit1.0_slo1e-05_sinit0.1,GRU,GRU,1,attenuation,1.1800503158713895,1.132996244940661,1.2319574185666216,0.40434009269870586,0.3781629390355857,0.43485392829209835
794,BeijingAir_Tiantan,4c5e0908fb1a9097c1bed37a3c29e849947e6fbd5828b63bc6ba2909525a5089,3e96e701a1b843b58e28e227e798802a,adaptive_robust_loss,adaptive_robust_loss,arl_alo0.001_ainit1.0_slo1e-05_sinit0.1,GRU,GRU,2,noise,1.271484000839847,1.236507794627221,1.3081181809495535,0.43566952345152093,0.41124141745590953,0.46184893218480677
795,BeijingAir_Tiantan,4c5e0908fb1a9097c1bed37a3c29e849947e6fbd5828b63bc6ba2909525a5089,3e96e701a1b843b58e28e227e798802a,adaptive_robust_loss,adaptive_robust_loss,arl_alo0.001_ainit1.0_slo1e-05_sinit0.1,GRU,GRU,3,spike,1.1628211326239588,1.1204388157254852,1.2089036572297318,0.39843657362185625,0.3744844743157292,0.4277785823991929
796,BeijingAir_Tiantan,4c5e0908fb1a9097c1bed37a3c29e849947e6fbd5828b63bc6ba2909525a5089,3e96e701a1b843b58e28e227e798802a,adaptive_robust_loss,adaptive_robust_loss,arl_alo0.001_ainit1.0_slo1e-05_sinit0.1,GRU,GRU,4,time_stretch,1.0489045642450998,1.0276220533116862,1.0697095201067053,0.359403461898808,0.337384796556499,0.3846278108081653
797,BeijingAir_Tiantan,4c5e0908fb1a9097c1bed37a3c29e849947e6fbd5828b63bc6ba2909525a5089,3e96e701a1b843b58e28e227e798802a,adaptive_robust_loss,adaptive_robust_loss,arl_alo0.001_ainit1.0_slo1e-05_sinit0.1,GRU,GRU,5,time_compress,1.0068663580898667,0.9901133722502982,1.0244870731026896,0.34499921832963226,0.32353366346333123,0.3687801476960288
798,BeijingAir_Tiantan,4c5e0908fb1a9097c1bed37a3c29e849947e6fbd5828b63bc6ba2909525a5089,3e96e701a1b843b58e28e227e798802a,adaptive_robust_loss,adaptive_robust_loss,arl_alo0.001_ainit1.0_slo1e-05_sinit0.1,GRU,GRU,6,stuck_sensor,1.197792488473474,1.1524690705692,1.2466999482642818,0.4104193857747014,0.3840204484895087,0.43932431690212165
799,BeijingAir_Tiantan,4c5e0908fb1a9097c1bed37a3c29e849947e6fbd5828b63bc6ba2909525a5089,3e96e701a1b843b58e28e227e798802a,adaptive_robust_loss,adaptive_robust_loss,arl_alo0.001_ainit1.0_slo1e-05_sinit0.1,GRU,GRU,7,missing_data,1.1084200256090322,1.072798034671529,1.1468232090308779,0.37979622553035586,0.3549004057517421,0.4057872110572781
800,BeijingAir_Tiantan,4c5e0908fb1a9097c1bed37a3c29e849947e6fbd5828b63bc6ba2909525a5089,f90e701acfe84dbb8310b2b954d76b17,adaptive_robust_loss,adaptive_robust_loss,arl_alo0.001_ainit1.0_slo0.001_sinit0.1,TSMixer,TSMixer,0,drift,1.1015626406581598,1.0875842943377614,1.1166438901101803,0.3519201471060733,0.33324031043717156,0.37372959552782314
801,BeijingAir_Tiantan,4c5e0908fb1a9097c1bed37a3c29e849947e6fbd5828b63bc6ba2909525a5089,f90e701acfe84dbb8310b2b954d76b17,adaptive_robust_loss,adaptive_robust_loss,arl_alo0.001_ainit1.0_slo0.001_sinit0.1,TSMixer,TSMixer,1,attenuation,1.2055417246359457,1.1662440693882001,1.2476621051870724,0.38513871605423045,0.36208682883368876,0.41116757682312804
802,BeijingAir_Tiantan,4c5e0908fb1a9097c1bed37a3c29e849947e6fbd5828b63bc6ba2909525a5089,f90e701acfe84dbb8310b2b954d76b17,adaptive_robust_loss,adaptive_robust_loss,arl_alo0.001_ainit1.0_slo0.001_sinit0.1,TSMixer,TSMixer,2,noise,1.1869137767045361,1.1627713890495568,1.209658708150466,0.37918757906542594,0.35855904662042554,0.4021698228557344
803,BeijingAir_Tiantan,4c5e0908fb1a9097c1bed37a3c29e849947e6fbd5828b63bc6ba2909525a5089,f90e701acfe84dbb8310b2b954d76b17,adaptive_robust_loss,adaptive_robust_loss,arl_alo0.001_ainit1.0_slo0.001_sinit0.1,TSMixer,TSMixer,3,spike,1.1537162898520175,1.101640568236192,1.2119804659798512,0.3685818594944445,0.34245881164677244,0.3978332916535892
804,BeijingAir_Tiantan,4c5e0908fb1a9097c1bed37a3c29e849947e6fbd5828b63bc6ba2909525a5089,f90e701acfe84dbb8310b2b954d76b17,adaptive_robust_loss,adaptive_robust_loss,arl_alo0.001_ainit1.0_slo0.001_sinit0.1,TSMixer,TSMixer,4,time_stretch,1.0115069010919742,0.9993889563272137,1.0259713707089932,0.32314971867456554,0.3034892454807013,0.3448483322592571
805,BeijingAir_Tiantan,4c5e0908fb1a9097c1bed37a3c29e849947e6fbd5828b63bc6ba2909525a5089,f90e701acfe84dbb8310b2b954d76b17,adaptive_robust_loss,adaptive_robust_loss,arl_alo0.001_ainit1.0_slo0.001_sinit0.1,TSMixer,TSMixer,5,time_compress,1.0017199183822383,0.9898412315261207,1.013420984622911,0.32002303638904706,0.3006223030919404,0.34236310337195125
806,BeijingAir_Tiantan,4c5e0908fb1a9097c1bed37a3c29e849947e6fbd5828b63bc6ba2909525a5089,f90e701acfe84dbb8310b2b954d76b17,adaptive_robust_loss,adaptive_robust_loss,arl_alo0.001_ainit1.0_slo0.001_sinit0.1,TSMixer,TSMixer,6,stuck_sensor,1.0797453176710246,1.0497026699843315,1.1126055458744606,0.34495008908875896,0.3232967936289723,0.3701356360948317
807,BeijingAir_Tiantan,4c5e0908fb1a9097c1bed37a3c29e849947e6fbd5828b63bc6ba2909525a5089,f90e701acfe84dbb8310b2b954d76b17,adaptive_robust_loss,adaptive_robust_loss,arl_alo0.001_ainit1.0_slo0.001_sinit0.1,TSMixer,TSMixer,7,missing_data,1.0755856746765577,1.0478948314701333,1.1040179161050692,0.3436211931000144,0.32264510819146536,0.3665030189008105
808,BeijingAir_Tiantan,4c5e0908fb1a9097c1bed37a3c29e849947e6fbd5828b63bc6ba2909525a5089,06a4a44316734fe4b0a2320a5e9c8ac0,adaptive_robust_loss,adaptive_robust_loss,arl_alo0.001_ainit1.9_slo0.001_sinit0.1,DLinear,DLinear,0,drift,1.1728440489639311,1.1538394259073315,1.193816751302153,0.385280814146169,0.3642028436409721,0.40984575039026383
809,BeijingAir_Tiantan,4c5e0908fb1a9097c1bed37a3c29e849947e6fbd5828b63bc6ba2909525a5089,06a4a44316734fe4b0a2320a5e9c8ac0,adaptive_robust_loss,adaptive_robust_loss,arl_alo0.001_ainit1.9_slo0.001_sinit0.1,DLinear,DLinear,1,attenuation,1.222359435026445,1.1802398760860031,1.2750551326027346,0.40154668365523105,0.3778730536291189,0.42847258252268355
810,BeijingAir_Tiantan,4c5e0908fb1a9097c1bed37a3c29e849947e6fbd5828b63bc6ba2909525a5089,06a4a44316734fe4b0a2320a5e9c8ac0,adaptive_robust_loss,adaptive_robust_loss,arl_alo0.001_ainit1.9_slo0.001_sinit0.1,DLinear,DLinear,2,noise,1.5434555280276436,1.4850661367608537,1.6033900262043472,0.5070271729325061,0.48217973638829914,0.5341529960651431
811,BeijingAir_Tiantan,4c5e0908fb1a9097c1bed37a3c29e849947e6fbd5828b63bc6ba2909525a5089,06a4a44316734fe4b0a2320a5e9c8ac0,adaptive_robust_loss,adaptive_robust_loss,arl_alo0.001_ainit1.9_slo0.001_sinit0.1,DLinear,DLinear,3,spike,1.3270549336001025,1.1963037111713475,1.4730264213012576,0.4359392927694018,0.38737852898463,0.4905569197045954
812,BeijingAir_Tiantan,4c5e0908fb1a9097c1bed37a3c29e849947e6fbd5828b63bc6ba2909525a5089,06a4a44316734fe4b0a2320a5e9c8ac0,adaptive_robust_loss,adaptive_robust_loss,arl_alo0.001_ainit1.9_slo0.001_sinit0.1,DLinear,DLinear,4,time_stretch,1.0320953159222426,1.0161106935242918,1.0537406795414317,0.33904467004478794,0.31649666093056045,0.3628963475818313
813,BeijingAir_Tiantan,4c5e0908fb1a9097c1bed37a3c29e849947e6fbd5828b63bc6ba2909525a5089,06a4a44316734fe4b0a2320a5e9c8ac0,adaptive_robust_loss,adaptive_robust_loss,arl_alo0.001_ainit1.9_slo0.001_sinit0.1,DLinear,DLinear,5,time_compress,1.0000740953516494,0.997827991914519,1.0025050830854667,0.3285256569310746,0.307501008537302,0.35197956382993506
814,BeijingAir_Tiantan,4c5e0908fb1a9097c1bed37a3c29e849947e6fbd5828b63bc6ba2909525a5089,06a4a44316734fe4b0a2320a5e9c8ac0,adaptive_robust_loss,adaptive_robust_loss,arl_alo0.001_ainit1.9_slo0.001_sinit0.1,DLinear,DLinear,6,stuck_sensor,1.1613994441783646,1.115249415501996,1.2134600607206139,0.38152124640716795,0.3547198548039066,0.4113562088184429
815,BeijingAir_Tiantan,4c5e0908fb1a9097c1bed37a3c29e849947e6fbd5828b63bc6ba2909525a5089,06a4a44316734fe4b0a2320a5e9c8ac0,adaptive_robust_loss,adaptive_robust_loss,arl_alo0.001_ainit1.9_slo0.001_sinit0.1,DLinear,DLinear,7,missing_data,1.0651967309907224,1.0396267417530258,1.0957980691092317,0.3499185284731444,0.3277727277258023,0.3736763888546532
816,BeijingAir_Tiantan,4c5e0908fb1a9097c1bed37a3c29e849947e6fbd5828b63bc6ba2909525a5089,85f668cf69794d92a27b4f17017ff337,adversarial_training,adversarial_training,advtrain_eps0.1_steps3_alpha0.02_channelsall,PatchTST,PatchTST,0,drift,1.1806570177174955,1.1600952389980101,1.2010840085895456,0.4032256042239591,0.3824303846875909,0.42567825852468233
817,BeijingAir_Tiantan,4c5e0908fb1a9097c1bed37a3c29e849947e6fbd5828b63bc6ba2909525a5089,85f668cf69794d92a27b4f17017ff337,adversarial_training,adversarial_training,advtrain_eps0.1_steps3_alpha0.02_channelsall,PatchTST,PatchTST,1,attenuation,1.259165810660164,1.219977410977523,1.3048398840491722,0.4300384338570744,0.40523285170321616,0.4580663350794772
818,BeijingAir_Tiantan,4c5e0908fb1a9097c1bed37a3c29e849947e6fbd5828b63bc6ba2909525a5089,85f668cf69794d92a27b4f17017ff337,adversarial_training,adversarial_training,advtrain_eps0.1_steps3_alpha0.02_channelsall,PatchTST,PatchTST,2,noise,1.2299351235140614,1.2032176194281472,1.2565571308784724,0.42005538093866196,0.39887231675365503,0.44321146538148687
819,BeijingAir_Tiantan,4c5e0908fb1a9097c1bed37a3c29e849947e6fbd5828b63bc6ba2909525a5089,85f668cf69794d92a27b4f17017ff337,adversarial_training,adversarial_training,advtrain_eps0.1_steps3_alpha0.02_channelsall,PatchTST,PatchTST,3,spike,1.1112689352575222,1.0615822996095314,1.1659789105976073,0.3795277384966583,0.3538867962398953,0.4096234584183426
820,BeijingAir_Tiantan,4c5e0908fb1a9097c1bed37a3c29e849947e6fbd5828b63bc6ba2909525a5089,85f668cf69794d92a27b4f17017ff337,adversarial_training,adversarial_training,advtrain_eps0.1_steps3_alpha0.02_channelsall,PatchTST,PatchTST,4,time_stretch,1.0361922047150511,1.0200594670702003,1.0570032811352281,0.35388704896374695,0.3327881537066128,0.37612684288591597
821,BeijingAir_Tiantan,4c5e0908fb1a9097c1bed37a3c29e849947e6fbd5828b63bc6ba2909525a5089,85f668cf69794d92a27b4f17017ff337,adversarial_training,adversarial_training,advtrain_eps0.1_steps3_alpha0.02_channelsall,PatchTST,PatchTST,5,time_compress,0.9945192862681091,0.9896645113002047,1.0000776338053419,0.33965464491381425,0.31966561450297687,0.36179809893502196
822,BeijingAir_Tiantan,4c5e0908fb1a9097c1bed37a3c29e849947e6fbd5828b63bc6ba2909525a5089,85f668cf69794d92a27b4f17017ff337,adversarial_training,adversarial_training,advtrain_eps0.1_steps3_alpha0.02_channelsall,PatchTST,PatchTST,6,stuck_sensor,1.1712126352069296,1.1251357279722494,1.2248402151269355,0.4000000977583241,0.3743347968044444,0.4279104251441423
823,BeijingAir_Tiantan,4c5e0908fb1a9097c1bed37a3c29e849947e6fbd5828b63bc6ba2909525a5089,85f668cf69794d92a27b4f17017ff337,adversarial_training,adversarial_training,advtrain_eps0.1_steps3_alpha0.02_channelsall,PatchTST,PatchTST,7,missing_data,1.0735901901518465,1.0512265400337615,1.1018602266725883,0.366659450303184,0.34493799203970715,0.38910887295435903
824,BeijingAir_Tiantan,4c5e0908fb1a9097c1bed37a3c29e849947e6fbd5828b63bc6ba2909525a5089,f0420cde0ea04422bac35a2576b86fc4,randomized_training,randomized_training,rt_spaceraw_std0.1_channelscontinuous,PatchTST,PatchTST,0,drift,1.1847136109913012,1.164591980709851,1.205402099404887,0.4021224143207306,0.3811352707406588,0.42474158731842426
825,BeijingAir_Tiantan,4c5e0908fb1a9097c1bed37a3c29e849947e6fbd5828b63bc6ba2909525a5089,f0420cde0ea04422bac35a2576b86fc4,randomized_training,randomized_training,rt_spaceraw_std0.1_channelscontinuous,PatchTST,PatchTST,1,attenuation,1.244918009474316,1.206395790045081,1.292789180757508,0.4225573429364827,0.3980646861923608,0.4499579060353141
826,BeijingAir_Tiantan,4c5e0908fb1a9097c1bed37a3c29e849947e6fbd5828b63bc6ba2909525a5089,f0420cde0ea04422bac35a2576b86fc4,randomized_training,randomized_training,rt_spaceraw_std0.1_channelscontinuous,PatchTST,PatchTST,2,noise,1.247820738003427,1.218235397766955,1.276288050847517,0.4235426040100574,0.4017423751475089,0.4474299604226716
827,BeijingAir_Tiantan,4c5e0908fb1a9097c1bed37a3c29e849947e6fbd5828b63bc6ba2909525a5089,f0420cde0ea04422bac35a2576b86fc4,randomized_training,randomized_training,rt_spaceraw_std0.1_channelscontinuous,PatchTST,PatchTST,3,spike,1.0999752016409838,1.0593524653859412,1.1457824002077448,0.3733600084215228,0.3492645633970354,0.4017309177707511
828,BeijingAir_Tiantan,4c5e0908fb1a9097c1bed37a3c29e849947e6fbd5828b63bc6ba2909525a5089,f0420cde0ea04422bac35a2576b86fc4,randomized_training,randomized_training,rt_spaceraw_std0.1_channelscontinuous,PatchTST,PatchTST,4,time_stretch,1.0371448646766088,1.0196772369059228,1.059660650572609,0.3520337684270664,0.33059719419657563,0.37424050543881876
829,BeijingAir_Tiantan,4c5e0908fb1a9097c1bed37a3c29e849947e6fbd5828b63bc6ba2909525a5089,f0420cde0ea04422bac35a2576b86fc4,randomized_training,randomized_training,rt_spaceraw_std0.1_channelscontinuous,PatchTST,PatchTST,5,time_compress,0.9997245822490383,0.9948170730219776,1.0048910867663734,0.33933235757575747,0.3183065493031091,0.3620371781133548
830,BeijingAir_Tiantan,4c5e0908fb1a9097c1bed37a3c29e849947e6fbd5828b63bc6ba2909525a5089,f0420cde0ea04422bac35a2576b86fc4,randomized_training,randomized_training,rt_spaceraw_std0.1_channelscontinuous,PatchTST,PatchTST,6,stuck_sensor,1.1711495950534516,1.1250555199186494,1.225815168952931,0.39751843679720994,0.3712580524103211,0.42635818326605457
831,BeijingAir_Tiantan,4c5e0908fb1a9097c1bed37a3c29e849947e6fbd5828b63bc6ba2909525a5089,f0420cde0ea04422bac35a2576b86fc4,randomized_training,randomized_training,rt_spaceraw_std0.1_channelscontinuous,PatchTST,PatchTST,7,missing_data,1.0743524328240135,1.0502953314388386,1.1052637219627397,0.3646629785548357,0.3428883577384236,0.38771522876980247
832,BeijingAir_Tiantan,4c5e0908fb1a9097c1bed37a3c29e849947e6fbd5828b63bc6ba2909525a5089,bf9287ea69da4512a922e1e6f4087986,baseline,baseline,baseline,PatchTST,PatchTST,0,drift,1.1743618031855438,1.1541916878104346,1.1949118064968338,0.3967415302876514,0.37704149677550375,0.4182240090854728
833,BeijingAir_Tiantan,4c5e0908fb1a9097c1bed37a3c29e849947e6fbd5828b63bc6ba2909525a5089,bf9287ea69da4512a922e1e6f4087986,baseline,baseline,baseline,PatchTST,PatchTST,1,attenuation,1.260407407882351,1.220887332380198,1.3062806316501256,0.42581082119045166,0.40141650797537737,0.45269786608912876
834,BeijingAir_Tiantan,4c5e0908fb1a9097c1bed37a3c29e849947e6fbd5828b63bc6ba2909525a5089,bf9287ea69da4512a922e1e6f4087986,baseline,baseline,baseline,PatchTST,PatchTST,2,noise,1.3761617485550213,1.33716212551124,1.4180652704926038,0.4649167884752693,0.443679673176837,0.4886500577571087
835,BeijingAir_Tiantan,4c5e0908fb1a9097c1bed37a3c29e849947e6fbd5828b63bc6ba2909525a5089,bf9287ea69da4512a922e1e6f4087986,baseline,baseline,baseline,PatchTST,PatchTST,3,spike,1.1989719546229376,1.119106420094837,1.2867114139785412,0.40505572197491274,0.37406697574407066,0.4434745855549996
836,BeijingAir_Tiantan,4c5e0908fb1a9097c1bed37a3c29e849947e6fbd5828b63bc6ba2909525a5089,bf9287ea69da4512a922e1e6f4087986,baseline,baseline,baseline,PatchTST,PatchTST,4,time_stretch,1.0352179247647022,1.0189501405643613,1.0563956640060967,0.34973373839157795,0.3290625544268479,0.37113426738707206
837,BeijingAir_Tiantan,4c5e0908fb1a9097c1bed37a3c29e849947e6fbd5828b63bc6ba2909525a5089,bf9287ea69da4512a922e1e6f4087986,baseline,baseline,baseline,PatchTST,PatchTST,5,time_compress,0.9982963450582139,0.9934661604670137,1.0032155380747907,0.3372603047413562,0.31723649145618604,0.35951262548111623
838,BeijingAir_Tiantan,4c5e0908fb1a9097c1bed37a3c29e849947e6fbd5828b63bc6ba2909525a5089,bf9287ea69da4512a922e1e6f4087986,baseline,baseline,baseline,PatchTST,PatchTST,6,stuck_sensor,1.175376665349626,1.1284510360515974,1.230183418462562,0.39708438712011723,0.3715328714200666,0.4249582169650506
839,BeijingAir_Tiantan,4c5e0908fb1a9097c1bed37a3c29e849947e6fbd5828b63bc6ba2909525a5089,bf9287ea69da4512a922e1e6f4087986,baseline,baseline,baseline,PatchTST,PatchTST,7,missing_data,1.0745551886287257,1.0520341118842187,1.1032797046724245,0.3630232767777954,0.3419174344245995,0.38486615838519117
840,BeijingAir_Tiantan,4c5e0908fb1a9097c1bed37a3c29e849947e6fbd5828b63bc6ba2909525a5089,0954926880684284a2d1e51f42ef8fc2,adversarial_training,adversarial_training,advtrain_eps0.05_steps7_alpha0.02_channelsall,GRU,GRU,0,drift,1.1687184188073803,1.151136233086988,1.1875733294070012,0.3430427754415548,0.3255823808027766,0.3639154663629041
841,BeijingAir_Tiantan,4c5e0908fb1a9097c1bed37a3c29e849947e6fbd5828b63bc6ba2909525a5089,0954926880684284a2d1e51f42ef8fc2,adversarial_training,adversarial_training,advtrain_eps0.05_steps7_alpha0.02_channelsall,GRU,GRU,1,attenuation,1.2328350572872404,1.1947226874471912,1.2779577749251945,0.3618623210756166,0.34059428585407425,0.38677521481760674
842,BeijingAir_Tiantan,4c5e0908fb1a9097c1bed37a3c29e849947e6fbd5828b63bc6ba2909525a5089,0954926880684284a2d1e51f42ef8fc2,adversarial_training,adversarial_training,advtrain_eps0.05_steps7_alpha0.02_channelsall,GRU,GRU,2,noise,1.221150401540259,1.1927936583740013,1.2489948569662694,0.3584326354704099,0.33935083174733033,0.3800194700682419
843,BeijingAir_Tiantan,4c5e0908fb1a9097c1bed37a3c29e849947e6fbd5828b63bc6ba2909525a5089,0954926880684284a2d1e51f42ef8fc2,adversarial_training,adversarial_training,advtrain_eps0.05_steps7_alpha0.02_channelsall,GRU,GRU,3,spike,1.1014424891093728,1.0620197305095098,1.1437817572683247,0.3232959131754789,0.3034012495698526,0.3474700243792444
844,BeijingAir_Tiantan,4c5e0908fb1a9097c1bed37a3c29e849947e6fbd5828b63bc6ba2909525a5089,0954926880684284a2d1e51f42ef8fc2,adversarial_training,adversarial_training,advtrain_eps0.05_steps7_alpha0.02_channelsall,GRU,GRU,4,time_stretch,1.0263843921557954,1.0132221328796545,1.0434592054000937,0.3012648255465261,0.28275891189907576,0.32208704130053534
845,BeijingAir_Tiantan,4c5e0908fb1a9097c1bed37a3c29e849947e6fbd5828b63bc6ba2909525a5089,0954926880684284a2d1e51f42ef8fc2,adversarial_training,adversarial_training,advtrain_eps0.05_steps7_alpha0.02_channelsall,GRU,GRU,5,time_compress,1.0027232511450257,1.001471780581982,1.0042901208370818,0.29431979640021455,0.2763907236165694,0.3150262498991945
846,BeijingAir_Tiantan,4c5e0908fb1a9097c1bed37a3c29e849947e6fbd5828b63bc6ba2909525a5089,0954926880684284a2d1e51f42ef8fc2,adversarial_training,adversarial_training,advtrain_eps0.05_steps7_alpha0.02_channelsall,GRU,GRU,6,stuck_sensor,1.123821336592239,1.088519799959094,1.1663352078649731,0.32986456292734945,0.30811374995863705,0.35434946515780597
847,BeijingAir_Tiantan,4c5e0908fb1a9097c1bed37a3c29e849947e6fbd5828b63bc6ba2909525a5089,0954926880684284a2d1e51f42ef8fc2,adversarial_training,adversarial_training,advtrain_eps0.05_steps7_alpha0.02_channelsall,GRU,GRU,7,missing_data,1.0721720615407768,1.0461188816429274,1.1036237352830203,0.3147044436222408,0.29469961201729444,0.335909489963392
848,BeijingAir_Tiantan,4c5e0908fb1a9097c1bed37a3c29e849947e6fbd5828b63bc6ba2909525a5089,c08994e7448e4ec49627ff352f7a4d8f,adversarial_training,adversarial_training,advtrain_eps0.05_steps3_alpha0.02_channelsall,ModernTCN,ModernTCN,0,drift,1.1117766556405473,1.0981901720464113,1.1266912275134309,0.3556350903593411,0.3360172430591485,0.3769583702465401
849,BeijingAir_Tiantan,4c5e0908fb1a9097c1bed37a3c29e849947e6fbd5828b63bc6ba2909525a5089,c08994e7448e4ec49627ff352f7a4d8f,adversarial_training,adversarial_training,advtrain_eps0.05_steps3_alpha0.02_channelsall,ModernTCN,ModernTCN,1,attenuation,1.2953548594589543,1.2568281018136231,1.3410700203249115,0.41435808186283685,0.3887351240821606,0.44322864802979767
850,BeijingAir_Tiantan,4c5e0908fb1a9097c1bed37a3c29e849947e6fbd5828b63bc6ba2909525a5089,c08994e7448e4ec49627ff352f7a4d8f,adversarial_training,adversarial_training,advtrain_eps0.05_steps3_alpha0.02_channelsall,ModernTCN,ModernTCN,2,noise,1.225543224676467,1.1988205433450068,1.2522596934338737,0.39202673777673624,0.3711624404820558,0.4138275745516532
851,BeijingAir_Tiantan,4c5e0908fb1a9097c1bed37a3c29e849947e6fbd5828b63bc6ba2909525a5089,c08994e7448e4ec49627ff352f7a4d8f,adversarial_training,adversarial_training,advtrain_eps0.05_steps3_alpha0.02_channelsall,ModernTCN,ModernTCN,3,spike,1.1282682768480699,1.0738996955395133,1.188963890427484,0.36091042976186727,0.3361037048093733,0.39140599330287135
852,BeijingAir_Tiantan,4c5e0908fb1a9097c1bed37a3c29e849947e6fbd5828b63bc6ba2909525a5089,c08994e7448e4ec49627ff352f7a4d8f,adversarial_training,adversarial_training,advtrain_eps0.05_steps3_alpha0.02_channelsall,ModernTCN,ModernTCN,4,time_stretch,1.0258230721537747,1.014310368921075,1.0409815441789556,0.32814026010279485,0.308456486554736,0.3493749220018777
853,BeijingAir_Tiantan,4c5e0908fb1a9097c1bed37a3c29e849947e6fbd5828b63bc6ba2909525a5089,c08994e7448e4ec49627ff352f7a4d8f,adversarial_training,adversarial_training,advtrain_eps0.05_steps3_alpha0.02_channelsall,ModernTCN,ModernTCN,5,time_compress,1.004438143159179,1.002116161715335,1.0071214036934875,0.32129964952086154,0.3013278464122267,0.3431917343120641
854,BeijingAir_Tiantan,4c5e0908fb1a9097c1bed37a3c29e849947e6fbd5828b63bc6ba2909525a5089,c08994e7448e4ec49627ff352f7a4d8f,adversarial_training,adversarial_training,advtrain_eps0.05_steps3_alpha0.02_channelsall,ModernTCN,ModernTCN,6,stuck_sensor,1.1236548729849003,1.0880104612282706,1.1636843060272393,0.3594346942430304,0.3365827933400411,0.38559558632060664
855,BeijingAir_Tiantan,4c5e0908fb1a9097c1bed37a3c29e849947e6fbd5828b63bc6ba2909525a5089,c08994e7448e4ec49627ff352f7a4d8f,adversarial_training,adversarial_training,advtrain_eps0.05_steps3_alpha0.02_channelsall,ModernTCN,ModernTCN,7,missing_data,1.06015289529423,1.0408189463072242,1.0835196656402248,0.3391216831185011,0.31811070487244064,0.36126059829062324
856,BeijingAir_Tiantan,4c5e0908fb1a9097c1bed37a3c29e849947e6fbd5828b63bc6ba2909525a5089,ff851d62b9a74fb5b20f05187e60de8e,adversarial_training,adversarial_training,advtrain_eps0.1_steps3_alpha0.02_channelsall,TSMixer,TSMixer,0,drift,1.0918944500721228,1.0780119306984095,1.1061762369088182,0.37762794601170174,0.3564151933776994,0.4018085267882286
857,BeijingAir_Tiantan,4c5e0908fb1a9097c1bed37a3c29e849947e6fbd5828b63bc6ba2909525a5089,ff851d62b9a74fb5b20f05187e60de8e,adversarial_training,adversarial_training,advtrain_eps0.1_steps3_alpha0.02_channelsall,TSMixer,TSMixer,1,attenuation,1.1211313562980416,1.0977832979704238,1.1498682879268274,0.38773942963092994,0.36511895515247644,0.413208606092792
858,BeijingAir_Tiantan,4c5e0908fb1a9097c1bed37a3c29e849947e6fbd5828b63bc6ba2909525a5089,ff851d62b9a74fb5b20f05187e60de8e,adversarial_training,adversarial_training,advtrain_eps0.1_steps3_alpha0.02_channelsall,TSMixer,TSMixer,2,noise,1.1479505457680765,1.1278605035731801,1.1678128053170445,0.39701475421253124,0.3743394835679903,0.4224007309723106
859,BeijingAir_Tiantan,4c5e0908fb1a9097c1bed37a3c29e849947e6fbd5828b63bc6ba2909525a5089,ff851d62b9a74fb5b20f05187e60de8e,adversarial_training,adversarial_training,advtrain_eps0.1_steps3_alpha0.02_channelsall,TSMixer,TSMixer,3,spike,1.1031774981544717,1.0601427325363248,1.1520039818987413,0.38153014944519964,0.35636669414232036,0.41099768631303185
860,BeijingAir_Tiantan,4c5e0908fb1a9097c1bed37a3c29e849947e6fbd5828b63bc6ba2909525a5089,ff851d62b9a74fb5b20f05187e60de8e,adversarial_training,adversarial_training,advtrain_eps0.1_steps3_alpha0.02_channelsall,TSMixer,TSMixer,4,time_stretch,1.0007339118563285,0.9863499743783473,1.0156054235545944,0.3461003869134045,0.32550184020638406,0.36892702462714544
861,BeijingAir_Tiantan,4c5e0908fb1a9097c1bed37a3c29e849947e6fbd5828b63bc6ba2909525a5089,ff851d62b9a74fb5b20f05187e60de8e,adversarial_training,adversarial_training,advtrain_eps0.1_steps3_alpha0.02_channelsall,TSMixer,TSMixer,5,time_compress,0.9897093052142681,0.9776215419639087,1.002506843970592,0.34228756456454723,0.3208423676442721,0.3666532500850779
862,BeijingAir_Tiantan,4c5e0908fb1a9097c1bed37a3c29e849947e6fbd5828b63bc6ba2909525a5089,ff851d62b9a74fb5b20f05187e60de8e,adversarial_training,adversarial_training,advtrain_eps0.1_steps3_alpha0.02_channelsall,TSMixer,TSMixer,6,stuck_sensor,1.069798731272046,1.0404247370660804,1.1055810524449143,0.3699862175409929,0.3475721841803453,0.3971297921669874
863,BeijingAir_Tiantan,4c5e0908fb1a9097c1bed37a3c29e849947e6fbd5828b63bc6ba2909525a5089,ff851d62b9a74fb5b20f05187e60de8e,adversarial_training,adversarial_training,advtrain_eps0.1_steps3_alpha0.02_channelsall,TSMixer,TSMixer,7,missing_data,1.0507060800361807,1.0221130869527528,1.0835880813656744,0.363383089674887,0.3414851516015574,0.3888302233387868
864,BeijingAir_Tiantan,4c5e0908fb1a9097c1bed37a3c29e849947e6fbd5828b63bc6ba2909525a5089,a25afb6afae14c079aa7a573a25da968,adversarial_training,adversarial_training,advtrain_eps0.05_steps3_alpha0.02_channelsall,DLinear,DLinear,0,drift,1.1189471056614537,1.1041483559708778,1.13538974687605,0.36758510017911905,0.34726635432077196,0.38978945801929016
865,BeijingAir_Tiantan,4c5e0908fb1a9097c1bed37a3c29e849947e6fbd5828b63bc6ba2909525a5089,a25afb6afae14c079aa7a573a25da968,adversarial_training,adversarial_training,advtrain_eps0.05_steps3_alpha0.02_channelsall,DLinear,DLinear,1,attenuation,1.2730547197842899,1.2326411901004133,1.3246105278558151,0.41821096308996786,0.39335044102700195,0.44554396855266865
866,BeijingAir_Tiantan,4c5e0908fb1a9097c1bed37a3c29e849947e6fbd5828b63bc6ba2909525a5089,a25afb6afae14c079aa7a573a25da968,adversarial_training,adversarial_training,advtrain_eps0.05_steps3_alpha0.02_channelsall,DLinear,DLinear,2,noise,1.2927019277510408,1.2600118816788246,1.325473050459939,0.4246652636303217,0.4029158937226329,0.4488199846663641
867,BeijingAir_Tiantan,4c5e0908fb1a9097c1bed37a3c29e849947e6fbd5828b63bc6ba2909525a5089,a25afb6afae14c079aa7a573a25da968,adversarial_training,adversarial_training,advtrain_eps0.05_steps3_alpha0.02_channelsall,DLinear,DLinear,3,spike,1.168864946862911,1.094299277491206,1.2533640620946336,0.3839836006675905,0.35341766391898766,0.42082710398489687
868,BeijingAir_Tiantan,4c5e0908fb1a9097c1bed37a3c29e849947e6fbd5828b63bc6ba2909525a5089,a25afb6afae14c079aa7a573a25da968,adversarial_training,adversarial_training,advtrain_eps0.05_steps3_alpha0.02_channelsall,DLinear,DLinear,4,time_stretch,1.0265502469151266,1.0128919567909347,1.044577356487097,0.33723182574223026,0.3167577437211256,0.3598125362564912
869,BeijingAir_Tiantan,4c5e0908fb1a9097c1bed37a3c29e849947e6fbd5828b63bc6ba2909525a5089,a25afb6afae14c079aa7a573a25da968,adversarial_training,adversarial_training,advtrain_eps0.05_steps3_alpha0.02_channelsall,DLinear,DLinear,5,time_compress,1.0014201549990567,1.0003444575590434,1.0026199849519486,0.3289763440418523,0.30901645467580396,0.35189867241731304
870,BeijingAir_Tiantan,4c5e0908fb1a9097c1bed37a3c29e849947e6fbd5828b63bc6ba2909525a5089,a25afb6afae14c079aa7a573a25da968,adversarial_training,adversarial_training,advtrain_eps0.05_steps3_alpha0.02_channelsall,DLinear,DLinear,6,stuck_sensor,1.1318050957034769,1.092154856903834,1.1774789754840858,0.3718090760344436,0.3485634052178046,0.39848351873814436
871,BeijingAir_Tiantan,4c5e0908fb1a9097c1bed37a3c29e849947e6fbd5828b63bc6ba2909525a5089,a25afb6afae14c079aa7a573a25da968,adversarial_training,adversarial_training,advtrain_eps0.05_steps3_alpha0.02_channelsall,DLinear,DLinear,7,missing_data,1.0558107580971323,1.0339183638307339,1.0831621668520637,0.34684419068755235,0.32552794679203917,0.3698080799776225
872,BeijingAir_Tiantan,4c5e0908fb1a9097c1bed37a3c29e849947e6fbd5828b63bc6ba2909525a5089,24f9ae74884a4895bed21cc4218b061e,randomized_training,randomized_training,rt_spaceraw_std0.1_channelscontinuous,ModernTCN,ModernTCN,0,drift,1.1510961511546023,1.1350577167048725,1.1685163151323776,0.3515879760564043,0.3322818569878859,0.37295604102494234
873,BeijingAir_Tiantan,4c5e0908fb1a9097c1bed37a3c29e849947e6fbd5828b63bc6ba2909525a5089,24f9ae74884a4895bed21cc4218b061e,randomized_training,randomized_training,rt_spaceraw_std0.1_channelscontinuous,ModernTCN,ModernTCN,1,attenuation,1.2791434789812899,1.2393308284138966,1.3238938719157975,0.3906984367984187,0.3660666341355981,0.4187003370010195
874,BeijingAir_Tiantan,4c5e0908fb1a9097c1bed37a3c29e849947e6fbd5828b63bc6ba2909525a5089,24f9ae74884a4895bed21cc4218b061e,randomized_training,randomized_training,rt_spaceraw_std0.1_channelscontinuous,ModernTCN,ModernTCN,2,noise,1.169459188980432,1.1496852510408224,1.190503854526283,0.3571967371463921,0.33621705582205225,0.3788101799957233
875,BeijingAir_Tiantan,4c5e0908fb1a9097c1bed37a3c29e849947e6fbd5828b63bc6ba2909525a5089,24f9ae74884a4895bed21cc4218b061e,randomized_training,randomized_training,rt_spaceraw_std0.1_channelscontinuous,ModernTCN,ModernTCN,3,spike,1.0972667626739943,1.0629294520618364,1.1370460242658709,0.3351464600898471,0.31357303467249814,0.3611932016893416
876,BeijingAir_Tiantan,4c5e0908fb1a9097c1bed37a3c29e849947e6fbd5828b63bc6ba2909525a5089,24f9ae74884a4895bed21cc4218b061e,randomized_training,randomized_training,rt_spaceraw_std0.1_channelscontinuous,ModernTCN,ModernTCN,4,time_stretch,1.0287515076610518,1.016097069964876,1.0449024246508023,0.31421932918525125,0.29545587560230835,0.3351446257186733
877,BeijingAir_Tiantan,4c5e0908fb1a9097c1bed37a3c29e849947e6fbd5828b63bc6ba2909525a5089,24f9ae74884a4895bed21cc4218b061e,randomized_training,randomized_training,rt_spaceraw_std0.1_channelscontinuous,ModernTCN,ModernTCN,5,time_compress,1.0045519508998988,0.999360700768931,1.0099379420410517,0.30682787611281964,0.28733906299605527,0.32842785840657696
878,BeijingAir_Tiantan,4c5e0908fb1a9097c1bed37a3c29e849947e6fbd5828b63bc6ba2909525a5089,24f9ae74884a4895bed21cc4218b061e,randomized_training,randomized_training,rt_spaceraw_std0.1_channelscontinuous,ModernTCN,ModernTCN,6,stuck_sensor,1.1331599298209365,1.0978132793795328,1.1767073547345372,0.3461095807455713,0.32296006192595655,0.3712184861503874
879,BeijingAir_Tiantan,4c5e0908fb1a9097c1bed37a3c29e849947e6fbd5828b63bc6ba2909525a5089,24f9ae74884a4895bed21cc4218b061e,randomized_training,randomized_training,rt_spaceraw_std0.1_channelscontinuous,ModernTCN,ModernTCN,7,missing_data,1.069862990272794,1.0468404234742328,1.0968727416629946,0.3267763192765153,0.30681786314310433,0.34829553681558106
880,BeijingAir_Tiantan,4c5e0908fb1a9097c1bed37a3c29e849947e6fbd5828b63bc6ba2909525a5089,f00ca3f812ad4a07a3dd523122a81df0,randomized_training,randomized_training,rt_spaceraw_std0.1_channelscontinuous,GRU,GRU,0,drift,1.1194631323160875,1.1066997206969122,1.134330477649849,0.33184392960981784,0.3134223157503755,0.3526754075910008
881,BeijingAir_Tiantan,4c5e0908fb1a9097c1bed37a3c29e849947e6fbd5828b63bc6ba2909525a5089,f00ca3f812ad4a07a3dd523122a81df0,randomized_training,randomized_training,rt_spaceraw_std0.1_channelscontinuous,GRU,GRU,1,attenuation,1.2337253544618325,1.1951977362441188,1.2761022791411587,0.3657148304981267,0.3442238236153259,0.39124953225669146
882,BeijingAir_Tiantan,4c5e0908fb1a9097c1bed37a3c29e849947e6fbd5828b63bc6ba2909525a5089,f00ca3f812ad4a07a3dd523122a81df0,randomized_training,randomized_training,rt_spaceraw_std0.1_channelscontinuous,GRU,GRU,2,noise,1.1309063568306554,1.112253156858784,1.1484263174555216,0.3352360597128121,0.31645142865406617,0.3560006842714588
883,BeijingAir_Tiantan,4c5e0908fb1a9097c1bed37a3c29e849947e6fbd5828b63bc6ba2909525a5089,f00ca3f812ad4a07a3dd523122a81df0,randomized_training,randomized_training,rt_spaceraw_std0.1_channelscontinuous,GRU,GRU,3,spike,1.064856806691636,1.0478545744309686,1.0842639948063422,0.3156569046389457,0.29618601857661014,0.3370784892315512
884,BeijingAir_Tiantan,4c5e0908fb1a9097c1bed37a3c29e849947e6fbd5828b63bc6ba2909525a5089,f00ca3f812ad4a07a3dd523122a81df0,randomized_training,randomized_training,rt_spaceraw_std0.1_channelscontinuous,GRU,GRU,4,time_stretch,1.026958458890571,1.0137022368376445,1.0420572979773053,0.30442264752321063,0.2855992069000593,0.3253672090196506
885,BeijingAir_Tiantan,4c5e0908fb1a9097c1bed37a3c29e849947e6fbd5828b63bc6ba2909525a5089,f00ca3f812ad4a07a3dd523122a81df0,randomized_training,randomized_training,rt_spaceraw_std0.1_channelscontinuous,GRU,GRU,5,time_compress,1.002813361962554,0.9993170650475119,1.0064764602101892,0.297265284664082,0.2784278330866044,0.3177877481785651
886,BeijingAir_Tiantan,4c5e0908fb1a9097c1bed37a3c29e849947e6fbd5828b63bc6ba2909525a5089,f00ca3f812ad4a07a3dd523122a81df0,randomized_training,randomized_training,rt_spaceraw_std0.1_channelscontinuous,GRU,GRU,6,stuck_sensor,1.119565937807118,1.0846409288710497,1.1593968695962644,0.3318744043768238,0.31057822641859895,0.3561548649472516
887,BeijingAir_Tiantan,4c5e0908fb1a9097c1bed37a3c29e849947e6fbd5828b63bc6ba2909525a5089,f00ca3f812ad4a07a3dd523122a81df0,randomized_training,randomized_training,rt_spaceraw_std0.1_channelscontinuous,GRU,GRU,7,missing_data,1.0673014829586875,1.0408472616931472,1.0988631052616844,0.3163815832421649,0.2957685219507447,0.3377998299316598
888,BeijingAir_Tiantan,4c5e0908fb1a9097c1bed37a3c29e849947e6fbd5828b63bc6ba2909525a5089,d99eb3f8058543958bcfd350251f3c42,randomized_training,randomized_training,rt_spaceraw_std0.1_channelscontinuous,TSMixer,TSMixer,0,drift,1.0613751643885707,1.0500534588074781,1.0725370117805542,0.4922546293143998,0.46818995925761414,0.5188287966465845
889,BeijingAir_Tiantan,4c5e0908fb1a9097c1bed37a3c29e849947e6fbd5828b63bc6ba2909525a5089,d99eb3f8058543958bcfd350251f3c42,randomized_training,randomized_training,rt_spaceraw_std0.1_channelscontinuous,TSMixer,TSMixer,1,attenuation,1.0561401474141934,1.025561328702653,1.0914676346965013,0.4898266835449496,0.46426501880420723,0.5160044704815113
890,BeijingAir_Tiantan,4c5e0908fb1a9097c1bed37a3c29e849947e6fbd5828b63bc6ba2909525a5089,d99eb3f8058543958bcfd350251f3c42,randomized_training,randomized_training,rt_spaceraw_std0.1_channelscontinuous,TSMixer,TSMixer,2,noise,1.1146754924862206,1.0956605097980523,1.1338532571707511,0.5169747604521574,0.4945491940008925,0.5417954012812408
891,BeijingAir_Tiantan,4c5e0908fb1a9097c1bed37a3c29e849947e6fbd5828b63bc6ba2909525a5089,d99eb3f8058543958bcfd350251f3c42,randomized_training,randomized_training,rt_spaceraw_std0.1_channelscontinuous,TSMixer,TSMixer,3,spike,1.0854793295095553,1.061348359282584,1.1110900447593393,0.5034338873794768,0.4773811803604802,0.53118817961291
892,BeijingAir_Tiantan,4c5e0908fb1a9097c1bed37a3c29e849947e6fbd5828b63bc6ba2909525a5089,d99eb3f8058543958bcfd350251f3c42,randomized_training,randomized_training,rt_spaceraw_std0.1_channelscontinuous,TSMixer,TSMixer,4,time_stretch,1.0029754791195857,0.9925078343874539,1.0144398842140427,0.4651694699959015,0.44135142030591845,0.49020525045994845
893,BeijingAir_Tiantan,4c5e0908fb1a9097c1bed37a3c29e849947e6fbd5828b63bc6ba2909525a5089,d99eb3f8058543958bcfd350251f3c42,randomized_training,randomized_training,rt_spaceraw_std0.1_channelscontinuous,TSMixer,TSMixer,5,time_compress,0.9977158812281097,0.9874446436362814,1.009519345521948,0.46273012385583717,0.4391017290630395,0.48861000253084585
894,BeijingAir_Tiantan,4c5e0908fb1a9097c1bed37a3c29e849947e6fbd5828b63bc6ba2909525a5089,d99eb3f8058543958bcfd350251f3c42,randomized_training,randomized_training,rt_spaceraw_std0.1_channelscontinuous,TSMixer,TSMixer,6,stuck_sensor,1.039458371393181,1.0148378264254008,1.0676461621079207,0.4820898514171131,0.4567874429486942,0.5090642458563013
895,BeijingAir_Tiantan,4c5e0908fb1a9097c1bed37a3c29e849947e6fbd5828b63bc6ba2909525a5089,d99eb3f8058543958bcfd350251f3c42,randomized_training,randomized_training,rt_spaceraw_std0.1_channelscontinuous,TSMixer,TSMixer,7,missing_data,1.0786059052348316,1.045588459947864,1.1175764988608403,0.5002460655498376,0.47443039414361426,0.527024452674793
896,BeijingAir_Tiantan,4c5e0908fb1a9097c1bed37a3c29e849947e6fbd5828b63bc6ba2909525a5089,95629275d08b42c1babe91f2ed0dbe24,randomized_training,randomized_training,rt_spaceraw_std0.1_channelscontinuous,DLinear,DLinear,0,drift,1.1158197830428733,1.1019759409700058,1.1317081047280628,0.3700067503098224,0.3505148651289924,0.39177683702356125
897,BeijingAir_Tiantan,4c5e0908fb1a9097c1bed37a3c29e849947e6fbd5828b63bc6ba2909525a5089,95629275d08b42c1babe91f2ed0dbe24,randomized_training,randomized_training,rt_spaceraw_std0.1_channelscontinuous,DLinear,DLinear,1,attenuation,1.2692866358641541,1.2290563679398676,1.318553711570946,0.4208964838990825,0.395689293881958,0.4478986905926374
898,BeijingAir_Tiantan,4c5e0908fb1a9097c1bed37a3c29e849947e6fbd5828b63bc6ba2909525a5089,95629275d08b42c1babe91f2ed0dbe24,randomized_training,randomized_training,rt_spaceraw_std0.1_channelscontinuous,DLinear,DLinear,2,noise,1.304390376255376,1.2711755779370824,1.3376995869920771,0.43253691284940576,0.41090105495778434,0.45634052485610427
899,BeijingAir_Tiantan,4c5e0908fb1a9097c1bed37a3c29e849947e6fbd5828b63bc6ba2909525a5089,95629275d08b42c1babe91f2ed0dbe24,randomized_training,randomized_training,rt_spaceraw_std0.1_channelscontinuous,DLinear,DLinear,3,spike,1.1759466309637017,1.103986460665463,1.2569436456897303,0.3899448621300748,0.3600627109975333,0.42578640907437776
900,BeijingAir_Tiantan,4c5e0908fb1a9097c1bed37a3c29e849947e6fbd5828b63bc6ba2909525a5089,95629275d08b42c1babe91f2ed0dbe24,randomized_training,randomized_training,rt_spaceraw_std0.1_channelscontinuous,DLinear,DLinear,4,time_stretch,1.027450876019096,1.013679816787099,1.0451290416920145,0.3407035486519948,0.32032423003020133,0.3622983619715458
901,BeijingAir_Tiantan,4c5e0908fb1a9097c1bed37a3c29e849947e6fbd5828b63bc6ba2909525a5089,95629275d08b42c1babe91f2ed0dbe24,randomized_training,randomized_training,rt_spaceraw_std0.1_channelscontinuous,DLinear,DLinear,5,time_compress,1.0045674236235138,1.0004885598941506,1.0089410948112716,0.3331153771699755,0.3131190023986915,0.35593780245586487
902,BeijingAir_Tiantan,4c5e0908fb1a9097c1bed37a3c29e849947e6fbd5828b63bc6ba2909525a5089,95629275d08b42c1babe91f2ed0dbe24,randomized_training,randomized_training,rt_spaceraw_std0.1_channelscontinuous,DLinear,DLinear,6,stuck_sensor,1.1303097379550466,1.090916157346379,1.1748049379423537,0.37481163117917604,0.3513115051350866,0.40184012354528553
903,BeijingAir_Tiantan,4c5e0908fb1a9097c1bed37a3c29e849947e6fbd5828b63bc6ba2909525a5089,95629275d08b42c1babe91f2ed0dbe24,randomized_training,randomized_training,rt_spaceraw_std0.1_channelscontinuous,DLinear,DLinear,7,missing_data,1.0592473400709541,1.0354977274474646,1.0872181711557014,0.3512472820702067,0.32955449163575784,0.3739100377163517
904,BeijingAir_Tiantan,4c5e0908fb1a9097c1bed37a3c29e849947e6fbd5828b63bc6ba2909525a5089,b3e7b9a229724d3cab077d959057c670,baseline,baseline,baseline,Chronos2,Chronos2,0,drift,1.1971544833238643,1.1774899283871372,1.2183119845175345,0.41758017763414934,0.3948492235151093,0.4442402443773189
905,BeijingAir_Tiantan,4c5e0908fb1a9097c1bed37a3c29e849947e6fbd5828b63bc6ba2909525a5089,b3e7b9a229724d3cab077d959057c670,baseline,baseline,baseline,Chronos2,Chronos2,1,attenuation,1.1810537467365454,1.1377926801654903,1.2321214122726956,0.41196406999070967,0.3880025550499294,0.438277670779239
906,BeijingAir_Tiantan,4c5e0908fb1a9097c1bed37a3c29e849947e6fbd5828b63bc6ba2909525a5089,b3e7b9a229724d3cab077d959057c670,baseline,baseline,baseline,Chronos2,Chronos2,2,noise,1.0774189585534297,1.0584490116595104,1.09763195948261,0.3758151569962657,0.35348163799457283,0.40105214994835725
907,BeijingAir_Tiantan,4c5e0908fb1a9097c1bed37a3c29e849947e6fbd5828b63bc6ba2909525a5089,b3e7b9a229724d3cab077d959057c670,baseline,baseline,baseline,Chronos2,Chronos2,3,spike,1.1197525616023127,1.0686872476237395,1.1807747802547082,0.39058156661782484,0.36153095364863136,0.42057474003466044
908,BeijingAir_Tiantan,4c5e0908fb1a9097c1bed37a3c29e849947e6fbd5828b63bc6ba2909525a5089,b3e7b9a229724d3cab077d959057c670,baseline,baseline,baseline,Chronos2,Chronos2,4,time_stretch,1.0342113036111702,1.0133751314321615,1.0584317021982792,0.3607438688064167,0.3359620527245942,0.38770265954657324
909,BeijingAir_Tiantan,4c5e0908fb1a9097c1bed37a3c29e849947e6fbd5828b63bc6ba2909525a5089,b3e7b9a229724d3cab077d959057c670,baseline,baseline,baseline,Chronos2,Chronos2,5,time_compress,1.0064566476873151,0.9954228914017644,1.0182814885808278,0.35106275052778035,0.3288176961063211,0.3757049422660407
910,BeijingAir_Tiantan,4c5e0908fb1a9097c1bed37a3c29e849947e6fbd5828b63bc6ba2909525a5089,b3e7b9a229724d3cab077d959057c670,baseline,baseline,baseline,Chronos2,Chronos2,6,stuck_sensor,1.23019314263883,1.176381337707304,1.2956125855582445,0.4291044123237548,0.4021756709720172,0.4608151532370092
911,BeijingAir_Tiantan,4c5e0908fb1a9097c1bed37a3c29e849947e6fbd5828b63bc6ba2909525a5089,b3e7b9a229724d3cab077d959057c670,baseline,baseline,baseline,Chronos2,Chronos2,7,missing_data,1.1109243931905954,1.0707391610967902,1.1547729236847533,0.38750220786763767,0.3579592253740667,0.41947464224532494
912,BeijingAir_Tiantan,4c5e0908fb1a9097c1bed37a3c29e849947e6fbd5828b63bc6ba2909525a5089,2accda0b4aba4824be952a1fd0a49ed1,baseline,baseline,baseline,SeasonalNaive,SeasonalNaive,0,drift,1.1949897826727633,1.1751507669704297,1.217367319088041,0.4213873312634418,0.3988784941612188,0.449284042309791
913,BeijingAir_Tiantan,4c5e0908fb1a9097c1bed37a3c29e849947e6fbd5828b63bc6ba2909525a5089,2accda0b4aba4824be952a1fd0a49ed1,baseline,baseline,baseline,SeasonalNaive,SeasonalNaive,1,attenuation,1.1713579481013678,1.1329050859542509,1.222135461496249,0.4130540753249461,0.38855408195244234,0.4409314970302906
914,BeijingAir_Tiantan,4c5e0908fb1a9097c1bed37a3c29e849947e6fbd5828b63bc6ba2909525a5089,2accda0b4aba4824be952a1fd0a49ed1,baseline,baseline,baseline,SeasonalNaive,SeasonalNaive,2,noise,1.3531651711672756,1.3130540440460514,1.392813702103115,0.4771644649224272,0.45133522589081193,0.5064398743941649
915,BeijingAir_Tiantan,4c5e0908fb1a9097c1bed37a3c29e849947e6fbd5828b63bc6ba2909525a5089,2accda0b4aba4824be952a1fd0a49ed1,baseline,baseline,baseline,SeasonalNaive,SeasonalNaive,3,spike,1.2066193000888508,1.1143605964415702,1.3105404580906665,0.42548822934550407,0.38564716905731455,0.46925854640585213
916,BeijingAir_Tiantan,4c5e0908fb1a9097c1bed37a3c29e849947e6fbd5828b63bc6ba2909525a5089,2accda0b4aba4824be952a1fd0a49ed1,baseline,baseline,baseline,SeasonalNaive,SeasonalNaive,4,time_stretch,1.0298983226792502,1.0127962864421487,1.0523106519093848,0.3631713943995681,0.3390854739037473,0.39034058862590476
917,BeijingAir_Tiantan,4c5e0908fb1a9097c1bed37a3c29e849947e6fbd5828b63bc6ba2909525a5089,2accda0b4aba4824be952a1fd0a49ed1,baseline,baseline,baseline,SeasonalNaive,SeasonalNaive,5,time_compress,1.0,1.0,1.0,0.3526283968059957,0.3300305588617838,0.3786439996831652
918,BeijingAir_Tiantan,4c5e0908fb1a9097c1bed37a3c29e849947e6fbd5828b63bc6ba2909525a5089,2accda0b4aba4824be952a1fd0a49ed1,baseline,baseline,baseline,SeasonalNaive,SeasonalNaive,6,stuck_sensor,1.1460995577146134,1.1018686079821682,1.1990932873860223,0.40414724961696485,0.37561647946179993,0.43614402690833676
919,BeijingAir_Tiantan,4c5e0908fb1a9097c1bed37a3c29e849947e6fbd5828b63bc6ba2909525a5089,2accda0b4aba4824be952a1fd0a49ed1,baseline,baseline,baseline,SeasonalNaive,SeasonalNaive,7,missing_data,1.059670998078703,1.0342046606232003,1.0914335493624505,0.3736700851943024,0.35023388021629237,0.39963981399650084
920,BeijingAir_Tiantan,4c5e0908fb1a9097c1bed37a3c29e849947e6fbd5828b63bc6ba2909525a5089,38cfc9a0190d44c1b164fa585c155782,revin,revin,revin_affineFalse_eps1e-5,ModernTCN,ModernTCN,0,drift,1.2006759593524692,1.1788160679713384,1.2230671304351106,0.38483512350976523,0.36507894967249677,0.4067200688757846
921,BeijingAir_Tiantan,4c5e0908fb1a9097c1bed37a3c29e849947e6fbd5828b63bc6ba2909525a5089,38cfc9a0190d44c1b164fa585c155782,revin,revin,revin_affineFalse_eps1e-5,ModernTCN,ModernTCN,1,attenuation,1.2682169080764565,1.2264387567164117,1.3181442622470125,0.4064830370385578,0.3817989500582945,0.433456610305958
922,BeijingAir_Tiantan,4c5e0908fb1a9097c1bed37a3c29e849947e6fbd5828b63bc6ba2909525a5089,38cfc9a0190d44c1b164fa585c155782,revin,revin,revin_affineFalse_eps1e-5,ModernTCN,ModernTCN,2,noise,1.4414925453089134,1.395652093453052,1.4891002644501856,0.46202054550299654,0.43930428551813433,0.48556371421298705
923,BeijingAir_Tiantan,4c5e0908fb1a9097c1bed37a3c29e849947e6fbd5828b63bc6ba2909525a5089,38cfc9a0190d44c1b164fa585c155782,revin,revin,revin_affineFalse_eps1e-5,ModernTCN,ModernTCN,3,spike,1.2647427202894739,1.1698557578178346,1.3692326887814328,0.4053695063846913,0.3700244582614913,0.44652780324528674
924,BeijingAir_Tiantan,4c5e0908fb1a9097c1bed37a3c29e849947e6fbd5828b63bc6ba2909525a5089,38cfc9a0190d44c1b164fa585c155782,revin,revin,revin_affineFalse_eps1e-5,ModernTCN,ModernTCN,4,time_stretch,1.0404284653631042,1.0231408677290048,1.0619718065271408,0.33347333545931906,0.31328780954343355,0.3553519215060051
925,BeijingAir_Tiantan,4c5e0908fb1a9097c1bed37a3c29e849947e6fbd5828b63bc6ba2909525a5089,38cfc9a0190d44c1b164fa585c155782,revin,revin,revin_affineFalse_eps1e-5,ModernTCN,ModernTCN,5,time_compress,1.001591340313851,0.9958515976502612,1.0082598297068297,0.3210254391733353,0.3012632182373675,0.3437122254974391
926,BeijingAir_Tiantan,4c5e0908fb1a9097c1bed37a3c29e849947e6fbd5828b63bc6ba2909525a5089,38cfc9a0190d44c1b164fa585c155782,revin,revin,revin_affineFalse_eps1e-5,ModernTCN,ModernTCN,6,stuck_sensor,1.1955019966902238,1.144496460029474,1.2567761413542324,0.38317678884865153,0.35736063459396,0.41065665564790643
927,BeijingAir_Tiantan,4c5e0908fb1a9097c1bed37a3c29e849947e6fbd5828b63bc6ba2909525a5089,38cfc9a0190d44c1b164fa585c155782,revin,revin,revin_affineFalse_eps1e-5,ModernTCN,ModernTCN,7,missing_data,1.0794871658042762,1.053992085803955,1.1099097672324465,0.34599225006848283,0.3252739377788753,0.36846134107577394
928,BeijingAir_Tiantan,4c5e0908fb1a9097c1bed37a3c29e849947e6fbd5828b63bc6ba2909525a5089,bffc3cf719dd48b497ad3b9b0a32a8da,baseline,baseline,baseline,ModernTCN,ModernTCN,0,drift,1.154491011423021,1.1378496018565893,1.172652819316734,0.3475870173160511,0.32886556494561725,0.3685182929816403
929,BeijingAir_Tiantan,4c5e0908fb1a9097c1bed37a3c29e849947e6fbd5828b63bc6ba2909525a5089,bffc3cf719dd48b497ad3b9b0a32a8da,baseline,baseline,baseline,ModernTCN,ModernTCN,1,attenuation,1.276158317907815,1.233837501292915,1.3243377704111714,0.3842178578747844,0.3594213799281428,0.4123791559703072
930,BeijingAir_Tiantan,4c5e0908fb1a9097c1bed37a3c29e849947e6fbd5828b63bc6ba2909525a5089,bffc3cf719dd48b497ad3b9b0a32a8da,baseline,baseline,baseline,ModernTCN,ModernTCN,2,noise,1.5019724269220764,1.4513467846821544,1.5525794281740692,0.45220457396311686,0.4288522173782799,0.4756634507611662
931,BeijingAir_Tiantan,4c5e0908fb1a9097c1bed37a3c29e849947e6fbd5828b63bc6ba2909525a5089,bffc3cf719dd48b497ad3b9b0a32a8da,baseline,baseline,baseline,ModernTCN,ModernTCN,3,spike,1.3031570362956826,1.218224966182445,1.398519585182205,0.3923464651163667,0.3614464841423404,0.42752301771421497
932,BeijingAir_Tiantan,4c5e0908fb1a9097c1bed37a3c29e849947e6fbd5828b63bc6ba2909525a5089,bffc3cf719dd48b497ad3b9b0a32a8da,baseline,baseline,baseline,ModernTCN,ModernTCN,4,time_stretch,1.0304335311838102,1.0157441473256685,1.049190941151669,0.31023655801802524,0.29112935624342,0.33120718649823133
933,BeijingAir_Tiantan,4c5e0908fb1a9097c1bed37a3c29e849947e6fbd5828b63bc6ba2909525a5089,bffc3cf719dd48b497ad3b9b0a32a8da,baseline,baseline,baseline,ModernTCN,ModernTCN,5,time_compress,1.0055566172396861,0.9986323934284884,1.0124929071422684,0.30274677054258353,0.2840297830221452,0.3233291761616546
934,BeijingAir_Tiantan,4c5e0908fb1a9097c1bed37a3c29e849947e6fbd5828b63bc6ba2909525a5089,bffc3cf719dd48b497ad3b9b0a32a8da,baseline,baseline,baseline,ModernTCN,ModernTCN,6,stuck_sensor,1.1438623373549368,1.1003860977179878,1.1927783804797263,0.34438700182801696,0.32160655949707667,0.36940784564299056
935,BeijingAir_Tiantan,4c5e0908fb1a9097c1bed37a3c29e849947e6fbd5828b63bc6ba2909525a5089,bffc3cf719dd48b497ad3b9b0a32a8da,baseline,baseline,baseline,ModernTCN,ModernTCN,7,missing_data,1.0697707973463562,1.0451528032855792,1.0982597590933154,0.3220799789537617,0.3022098762086604,0.34336641078229146
936,BeijingAir_Tiantan,4c5e0908fb1a9097c1bed37a3c29e849947e6fbd5828b63bc6ba2909525a5089,105fe629e4624431854118ffa2c491d2,revin,revin,revin_affineFalse_eps1e-5,GRU,GRU,0,drift,1.2040880877057365,1.183317276843573,1.2267204187871892,0.36371737564274226,0.3433150826976097,0.38560755671983327
937,BeijingAir_Tiantan,4c5e0908fb1a9097c1bed37a3c29e849947e6fbd5828b63bc6ba2909525a5089,105fe629e4624431854118ffa2c491d2,revin,revin,revin_affineFalse_eps1e-5,GRU,GRU,1,attenuation,1.2378629946572446,1.1958171727043623,1.2934546232178725,0.3739197193453423,0.3512933581982269,0.39937597724771445
938,BeijingAir_Tiantan,4c5e0908fb1a9097c1bed37a3c29e849947e6fbd5828b63bc6ba2909525a5089,105fe629e4624431854118ffa2c491d2,revin,revin,revin_affineFalse_eps1e-5,GRU,GRU,2,noise,1.208549925883377,1.1826766559192925,1.2343316899211765,0.3650651574944888,0.34471562413764556,0.38676350242460594
939,BeijingAir_Tiantan,4c5e0908fb1a9097c1bed37a3c29e849947e6fbd5828b63bc6ba2909525a5089,105fe629e4624431854118ffa2c491d2,revin,revin,revin_affineFalse_eps1e-5,GRU,GRU,3,spike,1.1048187839471935,1.0823739182622445,1.1334904715707437,0.3337312217943676,0.3129911954854679,0.35557075082552797
940,BeijingAir_Tiantan,4c5e0908fb1a9097c1bed37a3c29e849947e6fbd5828b63bc6ba2909525a5089,105fe629e4624431854118ffa2c491d2,revin,revin,revin_affineFalse_eps1e-5,GRU,GRU,4,time_stretch,1.0673696662954153,1.0453615006534023,1.0924204210951878,0.322419013882408,0.30290397805087393,0.3436609962144768
941,BeijingAir_Tiantan,4c5e0908fb1a9097c1bed37a3c29e849947e6fbd5828b63bc6ba2909525a5089,105fe629e4624431854118ffa2c491d2,revin,revin,revin_affineFalse_eps1e-5,GRU,GRU,5,time_compress,1.039642373630864,1.0202554004588218,1.0643667778593786,0.3140434654282708,0.29264838761994044,0.33708969012097006
942,BeijingAir_Tiantan,4c5e0908fb1a9097c1bed37a3c29e849947e6fbd5828b63bc6ba2909525a5089,105fe629e4624431854118ffa2c491d2,revin,revin,revin_affineFalse_eps1e-5,GRU,GRU,6,stuck_sensor,1.484677652120728,1.4090824692114754,1.5748606123982947,0.4484747127875824,0.4201747140422543,0.4819414839700899
943,BeijingAir_Tiantan,4c5e0908fb1a9097c1bed37a3c29e849947e6fbd5828b63bc6ba2909525a5089,105fe629e4624431854118ffa2c491d2,revin,revin,revin_affineFalse_eps1e-5,GRU,GRU,7,missing_data,1.1042762489205835,1.072411589732833,1.1460973178419447,0.333567338920608,0.31268307910855153,0.35598239810405635
944,BeijingAir_Tiantan,4c5e0908fb1a9097c1bed37a3c29e849947e6fbd5828b63bc6ba2909525a5089,a821a9e98c12454bb58f62ed3ab0772a,baseline,baseline,baseline,GRU,GRU,0,drift,1.1111997871331667,1.0970041410929687,1.1255298627517352,0.31246365933221093,0.2952069136339767,0.3319773197931523
945,BeijingAir_Tiantan,4c5e0908fb1a9097c1bed37a3c29e849947e6fbd5828b63bc6ba2909525a5089,a821a9e98c12454bb58f62ed3ab0772a,baseline,baseline,baseline,GRU,GRU,1,attenuation,1.251110537493348,1.21000301806482,1.2961251127696378,0.3518058420284884,0.33008019735333577,0.3760550786211364
946,BeijingAir_Tiantan,4c5e0908fb1a9097c1bed37a3c29e849947e6fbd5828b63bc6ba2909525a5089,a821a9e98c12454bb58f62ed3ab0772a,baseline,baseline,baseline,GRU,GRU,2,noise,1.2486401072433793,1.218568588311949,1.2804200576100324,0.3511111697607572,0.33226328611434314,0.3721395143147961
947,BeijingAir_Tiantan,4c5e0908fb1a9097c1bed37a3c29e849947e6fbd5828b63bc6ba2909525a5089,a821a9e98c12454bb58f62ed3ab0772a,baseline,baseline,baseline,GRU,GRU,3,spike,1.1213368628998632,1.0911958869311913,1.1529109952609347,0.31531415284891845,0.29563539440527276,0.3369490555880048
948,BeijingAir_Tiantan,4c5e0908fb1a9097c1bed37a3c29e849947e6fbd5828b63bc6ba2909525a5089,a821a9e98c12454bb58f62ed3ab0772a,baseline,baseline,baseline,GRU,GRU,4,time_stretch,1.0338311485026273,1.0186114374565838,1.051640777931097,0.29070799646764206,0.27233556321384356,0.3108340994323173
949,BeijingAir_Tiantan,4c5e0908fb1a9097c1bed37a3c29e849947e6fbd5828b63bc6ba2909525a5089,a821a9e98c12454bb58f62ed3ab0772a,baseline,baseline,baseline,GRU,GRU,5,time_compress,1.0042582757491505,1.0011325577038324,1.0075221462740305,0.28239225689991143,0.2643009450735197,0.3018388326204539
950,BeijingAir_Tiantan,4c5e0908fb1a9097c1bed37a3c29e849947e6fbd5828b63bc6ba2909525a5089,a821a9e98c12454bb58f62ed3ab0772a,baseline,baseline,baseline,GRU,GRU,6,stuck_sensor,1.1391297140318637,1.1003841994372132,1.1865261057628524,0.32031741098398486,0.2991404686641357,0.3446971139609036
951,BeijingAir_Tiantan,4c5e0908fb1a9097c1bed37a3c29e849947e6fbd5828b63bc6ba2909525a5089,a821a9e98c12454bb58f62ed3ab0772a,baseline,baseline,baseline,GRU,GRU,7,missing_data,1.0879532579351314,1.060334396822659,1.1237455846535016,0.30592685500224326,0.2867730805860025,0.32634479548871376
952,BeijingAir_Tiantan,4c5e0908fb1a9097c1bed37a3c29e849947e6fbd5828b63bc6ba2909525a5089,12dfa2584f574666b50a46bd33ea62ef,revin,revin,revin_affineFalse_eps1e-5,TSMixer,TSMixer,0,drift,1.197773225443562,1.1764457886872721,1.2182124201607827,0.39950263027664623,0.37841846553077196,0.42259385679735173
953,BeijingAir_Tiantan,4c5e0908fb1a9097c1bed37a3c29e849947e6fbd5828b63bc6ba2909525a5089,12dfa2584f574666b50a46bd33ea62ef,revin,revin,revin_affineFalse_eps1e-5,TSMixer,TSMixer,1,attenuation,1.235958321474731,1.1959497346897991,1.2830222002600944,0.41223880268204377,0.3877669475511948,0.4403220968782916
954,BeijingAir_Tiantan,4c5e0908fb1a9097c1bed37a3c29e849947e6fbd5828b63bc6ba2909525a5089,12dfa2584f574666b50a46bd33ea62ef,revin,revin,revin_affineFalse_eps1e-5,TSMixer,TSMixer,2,noise,1.1335000987946098,1.1141746901637275,1.1518286413915986,0.37806511388630315,0.3581893839005813,0.4005771020504288
955,BeijingAir_Tiantan,4c5e0908fb1a9097c1bed37a3c29e849947e6fbd5828b63bc6ba2909525a5089,12dfa2584f574666b50a46bd33ea62ef,revin,revin,revin_affineFalse_eps1e-5,TSMixer,TSMixer,3,spike,1.0954124698339134,1.0652119212664133,1.1295076725273143,0.36536145043184226,0.3445982427643159,0.3898441461967062
956,BeijingAir_Tiantan,4c5e0908fb1a9097c1bed37a3c29e849947e6fbd5828b63bc6ba2909525a5089,12dfa2584f574666b50a46bd33ea62ef,revin,revin,revin_affineFalse_eps1e-5,TSMixer,TSMixer,4,time_stretch,1.0424576606367053,1.0271665872121851,1.0606759516450828,0.34769902059062735,0.32775388391874094,0.3691217125342366
957,BeijingAir_Tiantan,4c5e0908fb1a9097c1bed37a3c29e849947e6fbd5828b63bc6ba2909525a5089,12dfa2584f574666b50a46bd33ea62ef,revin,revin,revin_affineFalse_eps1e-5,TSMixer,TSMixer,5,time_compress,1.0259109552153451,1.0121827061694961,1.0411298115114842,0.3421800690914417,0.3217191489334424,0.3656129461533159
958,BeijingAir_Tiantan,4c5e0908fb1a9097c1bed37a3c29e849947e6fbd5828b63bc6ba2909525a5089,12dfa2584f574666b50a46bd33ea62ef,revin,revin,revin_affineFalse_eps1e-5,TSMixer,TSMixer,6,stuck_sensor,1.385564295990549,1.3217358712244145,1.4587634578851274,0.462138048260886,0.43292524380558306,0.4946399748466887
959,BeijingAir_Tiantan,4c5e0908fb1a9097c1bed37a3c29e849947e6fbd5828b63bc6ba2909525a5089,12dfa2584f574666b50a46bd33ea62ef,revin,revin,revin_affineFalse_eps1e-5,TSMixer,TSMixer,7,missing_data,1.0647181133666104,1.0357110735467299,1.0980615072464308,0.35512372271940695,0.3336751564363592,0.3786497954926796
960,BeijingAir_Tiantan,4c5e0908fb1a9097c1bed37a3c29e849947e6fbd5828b63bc6ba2909525a5089,f26ecf129f89445c806cd2def2c60008,baseline,baseline,baseline,TSMixer,TSMixer,0,drift,1.0927806985790038,1.0812669785173892,1.1053519576429367,0.3921519494670938,0.3706546795582431,0.4165508714804171
961,BeijingAir_Tiantan,4c5e0908fb1a9097c1bed37a3c29e849947e6fbd5828b63bc6ba2909525a5089,f26ecf129f89445c806cd2def2c60008,baseline,baseline,baseline,TSMixer,TSMixer,1,attenuation,1.1527123329503948,1.1172708827890505,1.1970491637961653,0.4136588330385654,0.38891448822595087,0.4418646261431387
962,BeijingAir_Tiantan,4c5e0908fb1a9097c1bed37a3c29e849947e6fbd5828b63bc6ba2909525a5089,f26ecf129f89445c806cd2def2c60008,baseline,baseline,baseline,TSMixer,TSMixer,2,noise,1.116342668312177,1.0996789397304563,1.1344143223557386,0.40060732608214894,0.3793791765772381,0.42460586369104336
963,BeijingAir_Tiantan,4c5e0908fb1a9097c1bed37a3c29e849947e6fbd5828b63bc6ba2909525a5089,f26ecf129f89445c806cd2def2c60008,baseline,baseline,baseline,TSMixer,TSMixer,3,spike,1.0695573894922208,1.045322257870847,1.0985278146265358,0.38381810357898355,0.3606853528445933,0.4088499315178882
964,BeijingAir_Tiantan,4c5e0908fb1a9097c1bed37a3c29e849947e6fbd5828b63bc6ba2909525a5089,f26ecf129f89445c806cd2def2c60008,baseline,baseline,baseline,TSMixer,TSMixer,4,time_stretch,0.9880374114405026,0.9754645753422528,1.0016201061123478,0.35456409281994855,0.33372067800714816,0.37739500575104545
965,BeijingAir_Tiantan,4c5e0908fb1a9097c1bed37a3c29e849947e6fbd5828b63bc6ba2909525a5089,f26ecf129f89445c806cd2def2c60008,baseline,baseline,baseline,TSMixer,TSMixer,5,time_compress,1.0071662700109518,0.9918526095867547,1.0234449202321592,0.3614286166802587,0.3404914120003265,0.38690477155356745
966,BeijingAir_Tiantan,4c5e0908fb1a9097c1bed37a3c29e849947e6fbd5828b63bc6ba2909525a5089,f26ecf129f89445c806cd2def2c60008,baseline,baseline,baseline,TSMixer,TSMixer,6,stuck_sensor,1.0425220562788753,1.014823438422422,1.075304444472509,0.3741162863361533,0.35131318257714084,0.39887958779378646
967,BeijingAir_Tiantan,4c5e0908fb1a9097c1bed37a3c29e849947e6fbd5828b63bc6ba2909525a5089,f26ecf129f89445c806cd2def2c60008,baseline,baseline,baseline,TSMixer,TSMixer,7,missing_data,1.0756495313897962,1.0482286026480117,1.1073250634305911,0.38600431104464517,0.36356554020161347,0.4131420240304261
968,BeijingAir_Tiantan,4c5e0908fb1a9097c1bed37a3c29e849947e6fbd5828b63bc6ba2909525a5089,e00d9e58ff9040eb9156864264bc53c9,revin,revin,revin_affineFalse_eps1e-5,DLinear,DLinear,0,drift,1.1847572377063622,1.1643831431605345,1.2067799775184052,0.39617976272314553,0.3756827272984684,0.41985366245013644
969,BeijingAir_Tiantan,4c5e0908fb1a9097c1bed37a3c29e849947e6fbd5828b63bc6ba2909525a5089,e00d9e58ff9040eb9156864264bc53c9,revin,revin,revin_affineFalse_eps1e-5,DLinear,DLinear,1,attenuation,1.2287609056920925,1.1891620777924494,1.2768990862360265,0.4108944757349731,0.3864539855391985,0.4382605229607892
970,BeijingAir_Tiantan,4c5e0908fb1a9097c1bed37a3c29e849947e6fbd5828b63bc6ba2909525a5089,e00d9e58ff9040eb9156864264bc53c9,revin,revin,revin_affineFalse_eps1e-5,DLinear,DLinear,2,noise,1.433577463751843,1.3874366969628567,1.4794944817225328,0.47938460416919554,0.4559256618737166,0.5049106135296318
971,BeijingAir_Tiantan,4c5e0908fb1a9097c1bed37a3c29e849947e6fbd5828b63bc6ba2909525a5089,e00d9e58ff9040eb9156864264bc53c9,revin,revin,revin_affineFalse_eps1e-5,DLinear,DLinear,3,spike,1.2522696917005915,1.1502764073259115,1.3665877121914036,0.4187557531058439,0.3786330019380795,0.46445760432097766
972,BeijingAir_Tiantan,4c5e0908fb1a9097c1bed37a3c29e849947e6fbd5828b63bc6ba2909525a5089,e00d9e58ff9040eb9156864264bc53c9,revin,revin,revin_affineFalse_eps1e-5,DLinear,DLinear,4,time_stretch,1.03287927457491,1.015490360233642,1.0548572429000784,0.34539216381150545,0.32314392229845673,0.36801590902751713
973,BeijingAir_Tiantan,4c5e0908fb1a9097c1bed37a3c29e849947e6fbd5828b63bc6ba2909525a5089,e00d9e58ff9040eb9156864264bc53c9,revin,revin,revin_affineFalse_eps1e-5,DLinear,DLinear,5,time_compress,1.0017090468431884,0.9966687383072121,1.006894389239822,0.33496892010067825,0.31403162200704554,0.3584110352032812
974,BeijingAir_Tiantan,4c5e0908fb1a9097c1bed37a3c29e849947e6fbd5828b63bc6ba2909525a5089,e00d9e58ff9040eb9156864264bc53c9,revin,revin,revin_affineFalse_eps1e-5,DLinear,DLinear,6,stuck_sensor,1.1617265649528723,1.114358300455385,1.2176169471975617,0.3884783651908576,0.3616748169489345,0.4186306757457021
975,BeijingAir_Tiantan,4c5e0908fb1a9097c1bed37a3c29e849947e6fbd5828b63bc6ba2909525a5089,e00d9e58ff9040eb9156864264bc53c9,revin,revin,revin_affineFalse_eps1e-5,DLinear,DLinear,7,missing_data,1.0642665502596296,1.038377875645794,1.095851026408913,0.355887987797668,0.3342584051876903,0.37914840179780696
976,BeijingAir_Tiantan,4c5e0908fb1a9097c1bed37a3c29e849947e6fbd5828b63bc6ba2909525a5089,e765a57955e6486ca3ea08dd793c8c4b,baseline,baseline,baseline,DLinear,DLinear,0,drift,1.113738604080401,1.0992180734078343,1.1293648773192282,0.36652350245138804,0.34718735682975116,0.38834084917895
977,BeijingAir_Tiantan,4c5e0908fb1a9097c1bed37a3c29e849947e6fbd5828b63bc6ba2909525a5089,e765a57955e6486ca3ea08dd793c8c4b,baseline,baseline,baseline,DLinear,DLinear,1,attenuation,1.2675183218640644,1.2262015396662134,1.3164981469103814,0.41713132062483926,0.3923833802961059,0.4445304427483343
978,BeijingAir_Tiantan,4c5e0908fb1a9097c1bed37a3c29e849947e6fbd5828b63bc6ba2909525a5089,e765a57955e6486ca3ea08dd793c8c4b,baseline,baseline,baseline,DLinear,DLinear,2,noise,1.6276289092837974,1.5609503418385484,1.6917460264033124,0.5356411696031719,0.5106160264562707,0.561673749950613
979,BeijingAir_Tiantan,4c5e0908fb1a9097c1bed37a3c29e849947e6fbd5828b63bc6ba2909525a5089,e765a57955e6486ca3ea08dd793c8c4b,baseline,baseline,baseline,DLinear,DLinear,3,spike,1.383043782377693,1.2497906458912293,1.5339932343650842,0.45514993312029695,0.40819799710749227,0.5073340793018206
980,BeijingAir_Tiantan,4c5e0908fb1a9097c1bed37a3c29e849947e6fbd5828b63bc6ba2909525a5089,e765a57955e6486ca3ea08dd793c8c4b,baseline,baseline,baseline,DLinear,DLinear,4,time_stretch,1.0301257766911003,1.0157758396279692,1.0486833416870405,0.33900711195157784,0.3189397177178486,0.3604167545289941
981,BeijingAir_Tiantan,4c5e0908fb1a9097c1bed37a3c29e849947e6fbd5828b63bc6ba2909525a5089,e765a57955e6486ca3ea08dd793c8c4b,baseline,baseline,baseline,DLinear,DLinear,5,time_compress,1.0070234529481048,1.0018701056816983,1.0122984223204918,0.33140430050010616,0.31184198367830757,0.35262921380334783
982,BeijingAir_Tiantan,4c5e0908fb1a9097c1bed37a3c29e849947e6fbd5828b63bc6ba2909525a5089,e765a57955e6486ca3ea08dd793c8c4b,baseline,baseline,baseline,DLinear,DLinear,6,stuck_sensor,1.1554613494428303,1.1114937688462796,1.206118595830195,0.38025416304454557,0.3566902525296372,0.4071390322663794
983,BeijingAir_Tiantan,4c5e0908fb1a9097c1bed37a3c29e849947e6fbd5828b63bc6ba2909525a5089,e765a57955e6486ca3ea08dd793c8c4b,baseline,baseline,baseline,DLinear,DLinear,7,missing_data,1.0643012262740799,1.0399796005081217,1.0926865562978492,0.3502540108496789,0.32920593872614334,0.37282856017407756
984,ETTh1,4a82efae1ffe76a156a2bf948861e2da349ef1c1c994d9f24654525f47fbf14d,fe60ffe33a81422b8f134c564c62cf8c,randomized_smoothing,randomized_smoothing,rs_backbonebaseline_std0.25_samples30_alpha0.25,ModernTCN,RandomizedSmoothing,0,drift,1.076672833229526,1.0736054849946506,1.0796253261894706,0.4975427777186036,0.49325451311130075,0.5018717720558494
985,ETTh1,4a82efae1ffe76a156a2bf948861e2da349ef1c1c994d9f24654525f47fbf14d,fe60ffe33a81422b8f134c564c62cf8c,randomized_smoothing,randomized_smoothing,rs_backbonebaseline_std0.25_samples30_alpha0.25,ModernTCN,RandomizedSmoothing,1,attenuation,1.136451797439396,1.1321510481665362,1.1406581971100491,0.5251673178613185,0.5208720225276798,0.529458513786085
986,ETTh1,4a82efae1ffe76a156a2bf948861e2da349ef1c1c994d9f24654525f47fbf14d,fe60ffe33a81422b8f134c564c62cf8c,randomized_smoothing,randomized_smoothing,rs_backbonebaseline_std0.25_samples30_alpha0.25,ModernTCN,RandomizedSmoothing,2,noise,1.0425640793081732,1.0412930714102082,1.0439686166020938,0.48178073409050703,0.47785271082904185,0.48590615335971116
987,ETTh1,4a82efae1ffe76a156a2bf948861e2da349ef1c1c994d9f24654525f47fbf14d,fe60ffe33a81422b8f134c564c62cf8c,randomized_smoothing,randomized_smoothing,rs_backbonebaseline_std0.25_samples30_alpha0.25,ModernTCN,RandomizedSmoothing,3,spike,1.0234309978119696,1.0221721777416253,1.0247986967617728,0.47293911923766135,0.4690228892255947,0.47707641397383066
988,ETTh1,4a82efae1ffe76a156a2bf948861e2da349ef1c1c994d9f24654525f47fbf14d,fe60ffe33a81422b8f134c564c62cf8c,randomized_smoothing,randomized_smoothing,rs_backbonebaseline_std0.25_samples30_alpha0.25,ModernTCN,RandomizedSmoothing,4,time_stretch,1.1023692079804994,1.0990685744502349,1.1056848667811567,0.509417365129292,0.5053458663941548,0.5134800027939305
989,ETTh1,4a82efae1ffe76a156a2bf948861e2da349ef1c1c994d9f24654525f47fbf14d,fe60ffe33a81422b8f134c564c62cf8c,randomized_smoothing,randomized_smoothing,rs_backbonebaseline_std0.25_samples30_alpha0.25,ModernTCN,RandomizedSmoothing,5,time_compress,1.1269110929058013,1.1224910147333222,1.1314551474176398,0.5207584496438503,0.5162516104544327,0.525105515854694
990,ETTh1,4a82efae1ffe76a156a2bf948861e2da349ef1c1c994d9f24654525f47fbf14d,fe60ffe33a81422b8f134c564c62cf8c,randomized_smoothing,randomized_smoothing,rs_backbonebaseline_std0.25_samples30_alpha0.25,ModernTCN,RandomizedSmoothing,6,stuck_sensor,1.2157497598822447,1.2078028904503977,1.2239604234563441,0.5618118093758822,0.5564616280608251,0.5670822265746072
991,ETTh1,4a82efae1ffe76a156a2bf948861e2da349ef1c1c994d9f24654525f47fbf14d,fe60ffe33a81422b8f134c564c62cf8c,randomized_smoothing,randomized_smoothing,rs_backbonebaseline_std0.25_samples30_alpha0.25,ModernTCN,RandomizedSmoothing,7,missing_data,1.1854764919540342,1.1790681387880348,1.1923113666327652,0.5478221875049174,0.5428856056015193,0.5525038358973152
992,ETTh1,4a82efae1ffe76a156a2bf948861e2da349ef1c1c994d9f24654525f47fbf14d,24c205a7407f4e43a0c88eda133084fb,randomized_smoothing,randomized_smoothing,rs_backbonebaseline_std0.25_samples30_alpha0.25,GRU,RandomizedSmoothing,0,drift,0.9981787181613411,0.9961691384213667,1.0000430526735322,0.6637797545224429,0.6592294759309292,0.6677503989236057
993,ETTh1,4a82efae1ffe76a156a2bf948861e2da349ef1c1c994d9f24654525f47fbf14d,24c205a7407f4e43a0c88eda133084fb,randomized_smoothing,randomized_smoothing,rs_backbonebaseline_std0.25_samples30_alpha0.25,GRU,RandomizedSmoothing,1,attenuation,1.0249629521190944,1.0233510075475818,1.0267142230390665,0.681591026109457,0.6775149058781564,0.685402859166339
994,ETTh1,4a82efae1ffe76a156a2bf948861e2da349ef1c1c994d9f24654525f47fbf14d,24c205a7407f4e43a0c88eda133084fb,randomized_smoothing,randomized_smoothing,rs_backbonebaseline_std0.25_samples30_alpha0.25,GRU,RandomizedSmoothing,2,noise,1.0103101736621065,1.0093974899384124,1.0111767056218373,0.6718470619171858,0.6674065614227951,0.6757133400862664
995,ETTh1,4a82efae1ffe76a156a2bf948861e2da349ef1c1c994d9f24654525f47fbf14d,24c205a7407f4e43a0c88eda133084fb,randomized_smoothing,randomized_smoothing,rs_backbonebaseline_std0.25_samples30_alpha0.25,GRU,RandomizedSmoothing,3,spike,1.0011000690718797,1.0004842650903396,1.0017524038709065,0.6657224262654782,0.661422585793063,0.6695962180206925
996,ETTh1,4a82efae1ffe76a156a2bf948861e2da349ef1c1c994d9f24654525f47fbf14d,24c205a7407f4e43a0c88eda133084fb,randomized_smoothing,randomized_smoothing,rs_backbonebaseline_std0.25_samples30_alpha0.25,GRU,RandomizedSmoothing,4,time_stretch,1.017221088761359,1.014930754593548,1.0198030594194176,0.6764427575021982,0.6719348807113618,0.6806989013682305
997,ETTh1,4a82efae1ffe76a156a2bf948861e2da349ef1c1c994d9f24654525f47fbf14d,24c205a7407f4e43a0c88eda133084fb,randomized_smoothing,randomized_smoothing,rs_backbonebaseline_std0.25_samples30_alpha0.25,GRU,RandomizedSmoothing,5,time_compress,1.0144545455582377,1.0124656107209775,1.0165590135332536,0.6746030314743519,0.6701892702189832,0.6787012836360187
998,ETTh1,4a82efae1ffe76a156a2bf948861e2da349ef1c1c994d9f24654525f47fbf14d,24c205a7407f4e43a0c88eda133084fb,randomized_smoothing,randomized_smoothing,rs_backbonebaseline_std0.25_samples30_alpha0.25,GRU,RandomizedSmoothing,6,stuck_sensor,1.0410988445699985,1.0374492538894056,1.045163469273274,0.6923212475970387,0.6875030249449983,0.6970469206715375
999,ETTh1,4a82efae1ffe76a156a2bf948861e2da349ef1c1c994d9f24654525f47fbf14d,24c205a7407f4e43a0c88eda133084fb,randomized_smoothing,randomized_smoothing,rs_backbonebaseline_std0.25_samples30_alpha0.25,GRU,RandomizedSmoothing,7,missing_data,1.0638676540726983,1.0591801683084774,1.0691286514068867,0.7074622985005379,0.7025092873869091,0.7127068050237
1000,ETTh1,4a82efae1ffe76a156a2bf948861e2da349ef1c1c994d9f24654525f47fbf14d,a961f0d0a0ad42029bdd5636d671b7a1,randomized_smoothing,randomized_smoothing,rs_backbonebaseline_std0.25_samples30_alpha0.25,PatchTST,RandomizedSmoothing,0,drift,1.187177211993655,1.1819837237527357,1.1925349694939937,0.510789763827622,0.5065309746542572,0.5151296213512123
1001,ETTh1,4a82efae1ffe76a156a2bf948861e2da349ef1c1c994d9f24654525f47fbf14d,a961f0d0a0ad42029bdd5636d671b7a1,randomized_smoothing,randomized_smoothing,rs_backbonebaseline_std0.25_samples30_alpha0.25,PatchTST,RandomizedSmoothing,1,attenuation,1.1323904896501025,1.127875903223128,1.136711069927896,0.48721746418774126,0.4833476866020262,0.4912157990256697
1002,ETTh1,4a82efae1ffe76a156a2bf948861e2da349ef1c1c994d9f24654525f47fbf14d,a961f0d0a0ad42029bdd5636d671b7a1,randomized_smoothing,randomized_smoothing,rs_backbonebaseline_std0.25_samples30_alpha0.25,PatchTST,RandomizedSmoothing,2,noise,1.045513549330484,1.0436706527756305,1.04733814029684,0.44983816531002524,0.44627002069458366,0.4538779638940096
1003,ETTh1,4a82efae1ffe76a156a2bf948861e2da349ef1c1c994d9f24654525f47fbf14d,a961f0d0a0ad42029bdd5636d671b7a1,randomized_smoothing,randomized_smoothing,rs_backbonebaseline_std0.25_samples30_alpha0.25,PatchTST,RandomizedSmoothing,3,spike,1.066950612654229,1.0619366376265988,1.0724859288245738,0.4590615840226412,0.45481556246720256,0.4634480350022391
1004,ETTh1,4a82efae1ffe76a156a2bf948861e2da349ef1c1c994d9f24654525f47fbf14d,a961f0d0a0ad42029bdd5636d671b7a1,randomized_smoothing,randomized_smoothing,rs_backbonebaseline_std0.25_samples30_alpha0.25,PatchTST,RandomizedSmoothing,4,time_stretch,1.1309953943676698,1.1267026760841663,1.1352991721772787,0.486617216488719,0.4826766985024512,0.49058892185863107
1005,ETTh1,4a82efae1ffe76a156a2bf948861e2da349ef1c1c994d9f24654525f47fbf14d,a961f0d0a0ad42029bdd5636d671b7a1,randomized_smoothing,randomized_smoothing,rs_backbonebaseline_std0.25_samples30_alpha0.25,PatchTST,RandomizedSmoothing,5,time_compress,1.1750905816924802,1.1683635831481707,1.1819112021736529,0.5055894222319126,0.5008712760010734,0.5101806636589021
1006,ETTh1,4a82efae1ffe76a156a2bf948861e2da349ef1c1c994d9f24654525f47fbf14d,a961f0d0a0ad42029bdd5636d671b7a1,randomized_smoothing,randomized_smoothing,rs_backbonebaseline_std0.25_samples30_alpha0.25,PatchTST,RandomizedSmoothing,6,stuck_sensor,1.3082090774264457,1.2965819968913137,1.3204384568927952,0.5628644139602781,0.5569555231778696,0.5689690868267044
1007,ETTh1,4a82efae1ffe76a156a2bf948861e2da349ef1c1c994d9f24654525f47fbf14d,a961f0d0a0ad42029bdd5636d671b7a1,randomized_smoothing,randomized_smoothing,rs_backbonebaseline_std0.25_samples30_alpha0.25,PatchTST,RandomizedSmoothing,7,missing_data,1.2370295173539065,1.2288453971064985,1.2456164976172397,0.5322390024282038,0.5270358445268125,0.5370360754603892
1008,ETTh1,4a82efae1ffe76a156a2bf948861e2da349ef1c1c994d9f24654525f47fbf14d,aa482962ea1f4291b40e5f4c28872482,randomized_smoothing,randomized_smoothing,rs_backbonebaseline_std0.5_samples30_alpha0.25,TSMixer,RandomizedSmoothing,0,drift,1.0881046123292262,1.0847618568513124,1.0913131451152909,0.5120785383224488,0.5079224763042479,0.5163385202138872
1009,ETTh1,4a82efae1ffe76a156a2bf948861e2da349ef1c1c994d9f24654525f47fbf14d,aa482962ea1f4291b40e5f4c28872482,randomized_smoothing,randomized_smoothing,rs_backbonebaseline_std0.5_samples30_alpha0.25,TSMixer,RandomizedSmoothing,1,attenuation,1.1117770466016854,1.1076622888285745,1.1157604429338326,0.5232191450282931,0.5192509065021574,0.5275018034348636
1010,ETTh1,4a82efae1ffe76a156a2bf948861e2da349ef1c1c994d9f24654525f47fbf14d,aa482962ea1f4291b40e5f4c28872482,randomized_smoothing,randomized_smoothing,rs_backbonebaseline_std0.5_samples30_alpha0.25,TSMixer,RandomizedSmoothing,2,noise,1.0657174801382634,1.0635362843015372,1.0679505727959133,0.5015428142756224,0.4976815221289545,0.5057240759348869
1011,ETTh1,4a82efae1ffe76a156a2bf948861e2da349ef1c1c994d9f24654525f47fbf14d,aa482962ea1f4291b40e5f4c28872482,randomized_smoothing,randomized_smoothing,rs_backbonebaseline_std0.5_samples30_alpha0.25,TSMixer,RandomizedSmoothing,3,spike,1.0419512081000342,1.0401676223356344,1.0437300792076887,0.49035804609358313,0.48641131069630383,0.49454266278035935
1012,ETTh1,4a82efae1ffe76a156a2bf948861e2da349ef1c1c994d9f24654525f47fbf14d,aa482962ea1f4291b40e5f4c28872482,randomized_smoothing,randomized_smoothing,rs_backbonebaseline_std0.5_samples30_alpha0.25,TSMixer,RandomizedSmoothing,4,time_stretch,1.0796872051589474,1.0761865997735856,1.083083963644549,0.5081171788066625,0.5040904182587936,0.5122759385088831
1013,ETTh1,4a82efae1ffe76a156a2bf948861e2da349ef1c1c994d9f24654525f47fbf14d,aa482962ea1f4291b40e5f4c28872482,randomized_smoothing,randomized_smoothing,rs_backbonebaseline_std0.5_samples30_alpha0.25,TSMixer,RandomizedSmoothing,5,time_compress,1.103411483465836,1.098994350364086,1.1076885124509885,0.5192821841016412,0.514895108621344,0.5235759089549259
1014,ETTh1,4a82efae1ffe76a156a2bf948861e2da349ef1c1c994d9f24654525f47fbf14d,aa482962ea1f4291b40e5f4c28872482,randomized_smoothing,randomized_smoothing,rs_backbonebaseline_std0.5_samples30_alpha0.25,TSMixer,RandomizedSmoothing,6,stuck_sensor,1.1711472970639638,1.1640137876133425,1.1786142081434048,0.5511596856087446,0.5460799741361664,0.5562406892174855
1015,ETTh1,4a82efae1ffe76a156a2bf948861e2da349ef1c1c994d9f24654525f47fbf14d,aa482962ea1f4291b40e5f4c28872482,randomized_smoothing,randomized_smoothing,rs_backbonebaseline_std0.5_samples30_alpha0.25,TSMixer,RandomizedSmoothing,7,missing_data,1.1673919247203843,1.1613824252561409,1.1737744702253905,0.54939235041067,0.544610641197674,0.5539982555135525
1016,ETTh1,4a82efae1ffe76a156a2bf948861e2da349ef1c1c994d9f24654525f47fbf14d,f6e5b53657ee4bc9b6168214b733c263,randomized_smoothing,randomized_smoothing,rs_backbonebaseline_std0.25_samples30_alpha0.25,DLinear,RandomizedSmoothing,0,drift,1.1194051620351189,1.1157238337121917,1.1232036339052043,0.49061528106331825,0.4866501198688522,0.49481319737549867
1017,ETTh1,4a82efae1ffe76a156a2bf948861e2da349ef1c1c994d9f24654525f47fbf14d,f6e5b53657ee4bc9b6168214b733c263,randomized_smoothing,randomized_smoothing,rs_backbonebaseline_std0.25_samples30_alpha0.25,DLinear,RandomizedSmoothing,1,attenuation,1.125985878396295,1.1213503727876772,1.1307391477629332,0.49349949146062133,0.4893786561932787,0.49757346353877335
1018,ETTh1,4a82efae1ffe76a156a2bf948861e2da349ef1c1c994d9f24654525f47fbf14d,f6e5b53657ee4bc9b6168214b733c263,randomized_smoothing,randomized_smoothing,rs_backbonebaseline_std0.25_samples30_alpha0.25,DLinear,RandomizedSmoothing,2,noise,1.0464722823347503,1.0449590538401052,1.0481009405253392,0.4586501030504703,0.45499569000139833,0.46254500289395456
1019,ETTh1,4a82efae1ffe76a156a2bf948861e2da349ef1c1c994d9f24654525f47fbf14d,f6e5b53657ee4bc9b6168214b733c263,randomized_smoothing,randomized_smoothing,rs_backbonebaseline_std0.25_samples30_alpha0.25,DLinear,RandomizedSmoothing,3,spike,1.0252380143860311,1.0234075859634055,1.0270960022857283,0.44934350282102825,0.44553597438495607,0.45325719814825804
1020,ETTh1,4a82efae1ffe76a156a2bf948861e2da349ef1c1c994d9f24654525f47fbf14d,f6e5b53657ee4bc9b6168214b733c263,randomized_smoothing,randomized_smoothing,rs_backbonebaseline_std0.25_samples30_alpha0.25,DLinear,RandomizedSmoothing,4,time_stretch,1.0914868145697472,1.088091097309909,1.0948697464456785,0.4783791682124138,0.47467893260639166,0.4822044884580746
1021,ETTh1,4a82efae1ffe76a156a2bf948861e2da349ef1c1c994d9f24654525f47fbf14d,f6e5b53657ee4bc9b6168214b733c263,randomized_smoothing,randomized_smoothing,rs_backbonebaseline_std0.25_samples30_alpha0.25,DLinear,RandomizedSmoothing,5,time_compress,1.111186207701196,1.1071471403572344,1.1150362051327647,0.48701306023448704,0.48298931865584105,0.49107916286136954
1022,ETTh1,4a82efae1ffe76a156a2bf948861e2da349ef1c1c994d9f24654525f47fbf14d,f6e5b53657ee4bc9b6168214b733c263,randomized_smoothing,randomized_smoothing,rs_backbonebaseline_std0.25_samples30_alpha0.25,DLinear,RandomizedSmoothing,6,stuck_sensor,1.2504898783426028,1.240550972489477,1.2603974455927007,0.5480673700079322,0.5423983353387192,0.553491750106141
1023,ETTh1,4a82efae1ffe76a156a2bf948861e2da349ef1c1c994d9f24654525f47fbf14d,f6e5b53657ee4bc9b6168214b733c263,randomized_smoothing,randomized_smoothing,rs_backbonebaseline_std0.25_samples30_alpha0.25,DLinear,RandomizedSmoothing,7,missing_data,1.1803668150545337,1.1733741643426245,1.1874791644803229,0.517333684322983,0.5127738440155237,0.5216548794000223
1024,ETTh1,4a82efae1ffe76a156a2bf948861e2da349ef1c1c994d9f24654525f47fbf14d,8b58e043e18c4a539ef68df3ac610a49,ensemble,ensemble,ensemble_top3_mean,ModernTCN,Ensemble,0,drift,1.0819578691547704,1.0789367847733675,1.0848755386770954,0.4950939102739096,0.4910347149190679,0.4992250817416608
1025,ETTh1,4a82efae1ffe76a156a2bf948861e2da349ef1c1c994d9f24654525f47fbf14d,8b58e043e18c4a539ef68df3ac610a49,ensemble,ensemble,ensemble_top3_mean,ModernTCN,Ensemble,1,attenuation,1.1357822521238907,1.1313406882123087,1.1401304017242524,0.5197234499186277,0.5156227773831785,0.5240242049018666
1026,ETTh1,4a82efae1ffe76a156a2bf948861e2da349ef1c1c994d9f24654525f47fbf14d,8b58e043e18c4a539ef68df3ac610a49,ensemble,ensemble,ensemble_top3_mean,ModernTCN,Ensemble,2,noise,1.0441973750653886,1.0428804901647728,1.0456753096972633,0.4778150575518608,0.47406403682913634,0.48189610521558673
1027,ETTh1,4a82efae1ffe76a156a2bf948861e2da349ef1c1c994d9f24654525f47fbf14d,8b58e043e18c4a539ef68df3ac610a49,ensemble,ensemble,ensemble_top3_mean,ModernTCN,Ensemble,3,spike,1.025633972519416,1.0243180078019094,1.0270643234722057,0.4693206163018942,0.46557044011440124,0.47338885506622497
1028,ETTh1,4a82efae1ffe76a156a2bf948861e2da349ef1c1c994d9f24654525f47fbf14d,8b58e043e18c4a539ef68df3ac610a49,ensemble,ensemble,ensemble_top3_mean,ModernTCN,Ensemble,4,time_stretch,1.0988160499992956,1.095429220314679,1.1023332790887594,0.5028080578505993,0.49882009375363584,0.5068414526154846
1029,ETTh1,4a82efae1ffe76a156a2bf948861e2da349ef1c1c994d9f24654525f47fbf14d,8b58e043e18c4a539ef68df3ac610a49,ensemble,ensemble,ensemble_top3_mean,ModernTCN,Ensemble,5,time_compress,1.1232259364539146,1.1184644947257525,1.1278081022936155,0.5139777960434556,0.5096225409901888,0.5182818845681846
1030,ETTh1,4a82efae1ffe76a156a2bf948861e2da349ef1c1c994d9f24654525f47fbf14d,8b58e043e18c4a539ef68df3ac610a49,ensemble,ensemble,ensemble_top3_mean,ModernTCN,Ensemble,6,stuck_sensor,1.2017476020514897,1.1939063706911712,1.20968227471233,0.5499085837110878,0.5449839212758839,0.5549372584623844
1031,ETTh1,4a82efae1ffe76a156a2bf948861e2da349ef1c1c994d9f24654525f47fbf14d,8b58e043e18c4a539ef68df3ac610a49,ensemble,ensemble,ensemble_top3_mean,ModernTCN,Ensemble,7,missing_data,1.164947777429141,1.1586435625121292,1.1716543817685376,0.5330693244487047,0.5283657854733802,0.5376856184701249
1032,ETTh1,4a82efae1ffe76a156a2bf948861e2da349ef1c1c994d9f24654525f47fbf14d,55384ff06edc48f3b8999f7edf31887b,ensemble,ensemble,ensemble_top5_mean,GRU,Ensemble,0,drift,0.9821596214869303,0.9803221911010297,0.9839410631625539,0.6430756104201079,0.639005853960514,0.6466908617389202
1033,ETTh1,4a82efae1ffe76a156a2bf948861e2da349ef1c1c994d9f24654525f47fbf14d,55384ff06edc48f3b8999f7edf31887b,ensemble,ensemble,ensemble_top5_mean,GRU,Ensemble,1,attenuation,1.0209768356943525,1.019485194684631,1.0225309925884798,0.6684914422005415,0.664640606457442,0.672140350195989
1034,ETTh1,4a82efae1ffe76a156a2bf948861e2da349ef1c1c994d9f24654525f47fbf14d,55384ff06edc48f3b8999f7edf31887b,ensemble,ensemble,ensemble_top5_mean,GRU,Ensemble,2,noise,1.0055160595587675,1.0048287973595271,1.0062005738809938,0.6583683951586485,0.6543495948325843,0.6620503790237754
1035,ETTh1,4a82efae1ffe76a156a2bf948861e2da349ef1c1c994d9f24654525f47fbf14d,55384ff06edc48f3b8999f7edf31887b,ensemble,ensemble,ensemble_top5_mean,GRU,Ensemble,3,spike,0.9981969460019268,0.9977394155822596,0.9986767941230115,0.653576156386733,0.6496031732819975,0.6571623022791743
1036,ETTh1,4a82efae1ffe76a156a2bf948861e2da349ef1c1c994d9f24654525f47fbf14d,55384ff06edc48f3b8999f7edf31887b,ensemble,ensemble,ensemble_top5_mean,GRU,Ensemble,4,time_stretch,1.016596145421432,1.014223452327936,1.0189968825429057,0.6656231558144092,0.6613660057973861,0.6695693543390184
1037,ETTh1,4a82efae1ffe76a156a2bf948861e2da349ef1c1c994d9f24654525f47fbf14d,55384ff06edc48f3b8999f7edf31887b,ensemble,ensemble,ensemble_top5_mean,GRU,Ensemble,5,time_compress,1.0148229011140657,1.0126324018863726,1.0170416211491582,0.6644621121913195,0.6601712019587308,0.6683592380558699
1038,ETTh1,4a82efae1ffe76a156a2bf948861e2da349ef1c1c994d9f24654525f47fbf14d,55384ff06edc48f3b8999f7edf31887b,ensemble,ensemble,ensemble_top5_mean,GRU,Ensemble,6,stuck_sensor,1.0380405072801375,1.0342740897562674,1.0420943795797728,0.6796639958068729,0.6751081282850727,0.6840201798032969
1039,ETTh1,4a82efae1ffe76a156a2bf948861e2da349ef1c1c994d9f24654525f47fbf14d,55384ff06edc48f3b8999f7edf31887b,ensemble,ensemble,ensemble_top5_mean,GRU,Ensemble,7,missing_data,1.0678490485872008,1.0629731633827968,1.073147975278767,0.6991813384845853,0.693976144638285,0.704079705527015
1040,ETTh1,4a82efae1ffe76a156a2bf948861e2da349ef1c1c994d9f24654525f47fbf14d,6e6ea43629ab4ff897ba4fe741254a52,ensemble,ensemble,ensemble_top10_mean,PatchTST,Ensemble,0,drift,1.1759325703162253,1.1709425270191087,1.181108155052841,0.5019042147859931,0.49770015652045607,0.5061407628245279
1041,ETTh1,4a82efae1ffe76a156a2bf948861e2da349ef1c1c994d9f24654525f47fbf14d,6e6ea43629ab4ff897ba4fe741254a52,ensemble,ensemble,ensemble_top10_mean,PatchTST,Ensemble,1,attenuation,1.1436337231837939,1.1388701803842138,1.1482037787730304,0.4881186220422387,0.48419529002636674,0.49219559540484104
1042,ETTh1,4a82efae1ffe76a156a2bf948861e2da349ef1c1c994d9f24654525f47fbf14d,6e6ea43629ab4ff897ba4fe741254a52,ensemble,ensemble,ensemble_top10_mean,PatchTST,Ensemble,2,noise,1.0426865324063561,1.0411003347231935,1.044313694279499,0.4450329708740115,0.44142318022903054,0.4488740273925662
1043,ETTh1,4a82efae1ffe76a156a2bf948861e2da349ef1c1c994d9f24654525f47fbf14d,6e6ea43629ab4ff897ba4fe741254a52,ensemble,ensemble,ensemble_top10_mean,PatchTST,Ensemble,3,spike,1.0405443887244812,1.0384473783659165,1.0427315659326015,0.44411867445111275,0.4405070779980719,0.4479609358062595
1044,ETTh1,4a82efae1ffe76a156a2bf948861e2da349ef1c1c994d9f24654525f47fbf14d,6e6ea43629ab4ff897ba4fe741254a52,ensemble,ensemble,ensemble_top10_mean,PatchTST,Ensemble,4,time_stretch,1.1282657435939465,1.1243895481821164,1.1321457295043449,0.48155935672074557,0.47778371878579257,0.4855632174358889
1045,ETTh1,4a82efae1ffe76a156a2bf948861e2da349ef1c1c994d9f24654525f47fbf14d,6e6ea43629ab4ff897ba4fe741254a52,ensemble,ensemble,ensemble_top10_mean,PatchTST,Ensemble,5,time_compress,1.1647560671161516,1.1587944158655878,1.1707632504531387,0.49713392930850386,0.4926190011988953,0.5015576673755237
1046,ETTh1,4a82efae1ffe76a156a2bf948861e2da349ef1c1c994d9f24654525f47fbf14d,6e6ea43629ab4ff897ba4fe741254a52,ensemble,ensemble,ensemble_top10_mean,PatchTST,Ensemble,6,stuck_sensor,1.303986465998362,1.292106401360196,1.3161968942417235,0.5565593808941544,0.5507606853599287,0.5624312104621156
1047,ETTh1,4a82efae1ffe76a156a2bf948861e2da349ef1c1c994d9f24654525f47fbf14d,6e6ea43629ab4ff897ba4fe741254a52,ensemble,ensemble,ensemble_top10_mean,PatchTST,Ensemble,7,missing_data,1.2515943321982406,1.243061201873551,1.259993233675046,0.5341976966958493,0.5289472287928034,0.5387376289920696
1048,ETTh1,4a82efae1ffe76a156a2bf948861e2da349ef1c1c994d9f24654525f47fbf14d,203e267d19aa40c099fb430583affcc2,ensemble,ensemble,ensemble_top5_mean,TSMixer,Ensemble,0,drift,1.0368189487386064,1.0342816094620255,1.0393716814063332,0.48615758465230463,0.4823539079543576,0.4901588514949009
1049,ETTh1,4a82efae1ffe76a156a2bf948861e2da349ef1c1c994d9f24654525f47fbf14d,203e267d19aa40c099fb430583affcc2,ensemble,ensemble,ensemble_top5_mean,TSMixer,Ensemble,1,attenuation,1.1082623681164445,1.1047200467167528,1.1118131063891885,0.5196569340288639,0.5157330850135535,0.523878875591345
1050,ETTh1,4a82efae1ffe76a156a2bf948861e2da349ef1c1c994d9f24654525f47fbf14d,203e267d19aa40c099fb430583affcc2,ensemble,ensemble,ensemble_top5_mean,TSMixer,Ensemble,2,noise,1.0229453530940709,1.0213797852091,1.024543993159007,0.47965234691798686,0.4761226736142859,0.4833457330121472
1051,ETTh1,4a82efae1ffe76a156a2bf948861e2da349ef1c1c994d9f24654525f47fbf14d,203e267d19aa40c099fb430583affcc2,ensemble,ensemble,ensemble_top5_mean,TSMixer,Ensemble,3,spike,1.0091984488008465,1.0079805446178325,1.0104684421545296,0.4732065139248967,0.46957333767261356,0.4770038206472248
1052,ETTh1,4a82efae1ffe76a156a2bf948861e2da349ef1c1c994d9f24654525f47fbf14d,203e267d19aa40c099fb430583affcc2,ensemble,ensemble,ensemble_top5_mean,TSMixer,Ensemble,4,time_stretch,1.0795883699610092,1.0767402366292627,1.0825630261613735,0.5062118849173188,0.502346477606818,0.5101647239312902
1053,ETTh1,4a82efae1ffe76a156a2bf948861e2da349ef1c1c994d9f24654525f47fbf14d,203e267d19aa40c099fb430583affcc2,ensemble,ensemble,ensemble_top5_mean,TSMixer,Ensemble,5,time_compress,1.0903631729059766,1.0868279005450914,1.0940665131592355,0.5112641191393137,0.5069929575970025,0.5152262006753311
1054,ETTh1,4a82efae1ffe76a156a2bf948861e2da349ef1c1c994d9f24654525f47fbf14d,203e267d19aa40c099fb430583affcc2,ensemble,ensemble,ensemble_top5_mean,TSMixer,Ensemble,6,stuck_sensor,1.1644852981952751,1.1582769276357414,1.1712402352758626,0.5460194960966707,0.5411175462622941,0.5506469527580217
1055,ETTh1,4a82efae1ffe76a156a2bf948861e2da349ef1c1c994d9f24654525f47fbf14d,203e267d19aa40c099fb430583affcc2,ensemble,ensemble,ensemble_top5_mean,TSMixer,Ensemble,7,missing_data,1.1634835971961868,1.158145077531191,1.1689157324750021,0.5455498050875962,0.5410209079676122,0.5500246518849954
1056,ETTh1,4a82efae1ffe76a156a2bf948861e2da349ef1c1c994d9f24654525f47fbf14d,12ccaf5b36de4f6aa4dfecf591653c9b,ensemble,ensemble,ensemble_top5_mean,DLinear,Ensemble,0,drift,1.118294813358169,1.114600058590721,1.1220198132724726,0.49150760059952736,0.48751171672146765,0.4958008156174421
1057,ETTh1,4a82efae1ffe76a156a2bf948861e2da349ef1c1c994d9f24654525f47fbf14d,12ccaf5b36de4f6aa4dfecf591653c9b,ensemble,ensemble,ensemble_top5_mean,DLinear,Ensemble,1,attenuation,1.1258751388156907,1.1212096414181971,1.1305713290450834,0.4948392690762877,0.49067077225446704,0.4989550576559082
1058,ETTh1,4a82efae1ffe76a156a2bf948861e2da349ef1c1c994d9f24654525f47fbf14d,12ccaf5b36de4f6aa4dfecf591653c9b,ensemble,ensemble,ensemble_top5_mean,DLinear,Ensemble,2,noise,1.054673786269748,1.052956399371796,1.0566086262856822,0.46354519033133984,0.4599244416891411,0.46749552439540626
1059,ETTh1,4a82efae1ffe76a156a2bf948861e2da349ef1c1c994d9f24654525f47fbf14d,12ccaf5b36de4f6aa4dfecf591653c9b,ensemble,ensemble,ensemble_top5_mean,DLinear,Ensemble,3,spike,1.0297400014451943,1.0277543924115202,1.0318376434822658,0.4525864121928811,0.44865124851156024,0.4565063958454877
1060,ETTh1,4a82efae1ffe76a156a2bf948861e2da349ef1c1c994d9f24654525f47fbf14d,12ccaf5b36de4f6aa4dfecf591653c9b,ensemble,ensemble,ensemble_top5_mean,DLinear,Ensemble,4,time_stretch,1.0923035823471159,1.0889053290175184,1.0956529828171446,0.4800840587586164,0.4763896250953153,0.4839148436380178
1061,ETTh1,4a82efae1ffe76a156a2bf948861e2da349ef1c1c994d9f24654525f47fbf14d,12ccaf5b36de4f6aa4dfecf591653c9b,ensemble,ensemble,ensemble_top5_mean,DLinear,Ensemble,5,time_compress,1.1139485653531183,1.1099149030598416,1.117924487996083,0.4895973584137857,0.48548427889950574,0.4936902555793896
1062,ETTh1,4a82efae1ffe76a156a2bf948861e2da349ef1c1c994d9f24654525f47fbf14d,12ccaf5b36de4f6aa4dfecf591653c9b,ensemble,ensemble,ensemble_top5_mean,DLinear,Ensemble,6,stuck_sensor,1.250882804329976,1.240820635383104,1.260830266867593,0.5497820417687297,0.5441513691335916,0.5551917643400281
1063,ETTh1,4a82efae1ffe76a156a2bf948861e2da349ef1c1c994d9f24654525f47fbf14d,12ccaf5b36de4f6aa4dfecf591653c9b,ensemble,ensemble,ensemble_top5_mean,DLinear,Ensemble,7,missing_data,1.1828911251755965,1.175878261015975,1.1898837702105969,0.5198986633583903,0.5153191006640345,0.5241779822366684
1064,ETTh1,4a82efae1ffe76a156a2bf948861e2da349ef1c1c994d9f24654525f47fbf14d,2f90ea82f5ba45839a8bd8434fd2c3b7,fault_augmentation,fault_augmentation,fa_profholdout_varying_mix0.75_sev0.75_frac0.1,ModernTCN,ModernTCN,0,drift,1.0696531362827524,1.0667293576500547,1.0724974446433388,0.49648197146207096,0.4923303838057816,0.500723900350444
1065,ETTh1,4a82efae1ffe76a156a2bf948861e2da349ef1c1c994d9f24654525f47fbf14d,2f90ea82f5ba45839a8bd8434fd2c3b7,fault_augmentation,fault_augmentation,fa_profholdout_varying_mix0.75_sev0.75_frac0.1,ModernTCN,ModernTCN,1,attenuation,1.136467160318786,1.1322934830193725,1.140581540758571,0.527493854893744,0.5232801194812731,0.5317358515067772
1066,ETTh1,4a82efae1ffe76a156a2bf948861e2da349ef1c1c994d9f24654525f47fbf14d,2f90ea82f5ba45839a8bd8434fd2c3b7,fault_augmentation,fault_augmentation,fa_profholdout_varying_mix0.75_sev0.75_frac0.1,ModernTCN,ModernTCN,2,noise,1.0420184548875695,1.0407478590396242,1.043467137596285,0.48365527032464745,0.4797718032563478,0.4876744129411503
1067,ETTh1,4a82efae1ffe76a156a2bf948861e2da349ef1c1c994d9f24654525f47fbf14d,2f90ea82f5ba45839a8bd8434fd2c3b7,fault_augmentation,fault_augmentation,fa_profholdout_varying_mix0.75_sev0.75_frac0.1,ModernTCN,ModernTCN,3,spike,1.0230862509957253,1.0219404686245581,1.0243783040980137,0.47486784420162437,0.47095003208171576,0.4789954401051626
1068,ETTh1,4a82efae1ffe76a156a2bf948861e2da349ef1c1c994d9f24654525f47fbf14d,2f90ea82f5ba45839a8bd8434fd2c3b7,fault_augmentation,fault_augmentation,fa_profholdout_varying_mix0.75_sev0.75_frac0.1,ModernTCN,ModernTCN,4,time_stretch,1.101682987489417,1.0985445003441479,1.104839753174117,0.5113487008094788,0.507326699767597,0.5153438430162147
1069,ETTh1,4a82efae1ffe76a156a2bf948861e2da349ef1c1c994d9f24654525f47fbf14d,2f90ea82f5ba45839a8bd8434fd2c3b7,fault_augmentation,fault_augmentation,fa_profholdout_varying_mix0.75_sev0.75_frac0.1,ModernTCN,ModernTCN,5,time_compress,1.1241092347416084,1.119902627965309,1.1284400493024644,0.5217578952208162,0.5173273731807619,0.5260227114001289
1070,ETTh1,4a82efae1ffe76a156a2bf948861e2da349ef1c1c994d9f24654525f47fbf14d,2f90ea82f5ba45839a8bd8434fd2c3b7,fault_augmentation,fault_augmentation,fa_profholdout_varying_mix0.75_sev0.75_frac0.1,ModernTCN,ModernTCN,6,stuck_sensor,1.212045619936293,1.204234743361916,1.220018915481383,0.5625737713247537,0.5572174265046418,0.5677119813775271
1071,ETTh1,4a82efae1ffe76a156a2bf948861e2da349ef1c1c994d9f24654525f47fbf14d,2f90ea82f5ba45839a8bd8434fd2c3b7,fault_augmentation,fault_augmentation,fa_profholdout_varying_mix0.75_sev0.75_frac0.1,ModernTCN,ModernTCN,7,missing_data,1.1821721206916276,1.1760383256489322,1.1884776271892736,0.5487079177163541,0.543971313267909,0.5534216342504695
1072,ETTh1,4a82efae1ffe76a156a2bf948861e2da349ef1c1c994d9f24654525f47fbf14d,d84d6749fbcc4eac86276ed62d28040c,fault_augmentation,fault_augmentation,fa_profholdout_simple_mix1.0_sev0.75_frac0.1,GRU,GRU,0,drift,0.984847147457291,0.9830814763994867,0.9866885460076441,0.6697366489142179,0.6653593348875642,0.6738261959345638
1073,ETTh1,4a82efae1ffe76a156a2bf948861e2da349ef1c1c994d9f24654525f47fbf14d,d84d6749fbcc4eac86276ed62d28040c,fault_augmentation,fault_augmentation,fa_profholdout_simple_mix1.0_sev0.75_frac0.1,GRU,GRU,1,attenuation,1.013889825220927,1.0122677954950152,1.0155329367787376,0.6894868667334318,0.6854988199864328,0.693336787635088
1074,ETTh1,4a82efae1ffe76a156a2bf948861e2da349ef1c1c994d9f24654525f47fbf14d,d84d6749fbcc4eac86276ed62d28040c,fault_augmentation,fault_augmentation,fa_profholdout_simple_mix1.0_sev0.75_frac0.1,GRU,GRU,2,noise,1.0077271782700046,1.0068485747592906,1.008625826185628,0.6852960128247738,0.6809540798257292,0.6892025654294341
1075,ETTh1,4a82efae1ffe76a156a2bf948861e2da349ef1c1c994d9f24654525f47fbf14d,d84d6749fbcc4eac86276ed62d28040c,fault_augmentation,fault_augmentation,fa_profholdout_simple_mix1.0_sev0.75_frac0.1,GRU,GRU,3,spike,0.9992177406511563,0.9986681938901225,0.9997636870748087,0.679509244543314,0.6753242495692521,0.6834009704389423
1076,ETTh1,4a82efae1ffe76a156a2bf948861e2da349ef1c1c994d9f24654525f47fbf14d,d84d6749fbcc4eac86276ed62d28040c,fault_augmentation,fault_augmentation,fa_profholdout_simple_mix1.0_sev0.75_frac0.1,GRU,GRU,4,time_stretch,1.0159126308115707,1.013706300676098,1.0183269293489663,0.6908624579012393,0.6862886060453206,0.694981785703227
1077,ETTh1,4a82efae1ffe76a156a2bf948861e2da349ef1c1c994d9f24654525f47fbf14d,d84d6749fbcc4eac86276ed62d28040c,fault_augmentation,fault_augmentation,fa_profholdout_simple_mix1.0_sev0.75_frac0.1,GRU,GRU,5,time_compress,1.0131763054629714,1.0112172219431208,1.0151260775177102,0.6890016438916325,0.6845786443777382,0.6931930080246552
1078,ETTh1,4a82efae1ffe76a156a2bf948861e2da349ef1c1c994d9f24654525f47fbf14d,d84d6749fbcc4eac86276ed62d28040c,fault_augmentation,fault_augmentation,fa_profholdout_simple_mix1.0_sev0.75_frac0.1,GRU,GRU,6,stuck_sensor,1.0343116137620048,1.030772943763142,1.0380034245861494,0.7033745245873928,0.6985792545025051,0.7080041246599704
1079,ETTh1,4a82efae1ffe76a156a2bf948861e2da349ef1c1c994d9f24654525f47fbf14d,d84d6749fbcc4eac86276ed62d28040c,fault_augmentation,fault_augmentation,fa_profholdout_simple_mix1.0_sev0.75_frac0.1,GRU,GRU,7,missing_data,1.0618729988113416,1.0572624139221345,1.0670120537666463,0.7221174023121595,0.7170182485960425,0.7273780937583744
1080,ETTh1,4a82efae1ffe76a156a2bf948861e2da349ef1c1c994d9f24654525f47fbf14d,ad25c5ba0c9a40839080147d0509a0fe,fault_augmentation,fault_augmentation,fa_profholdout_simple_mix0.75_sev0.75_frac0.25,PatchTST,PatchTST,0,drift,1.1620595929259678,1.1573110337421586,1.1669769321566499,0.49756655511558057,0.49348838047742843,0.5017640659947694
1081,ETTh1,4a82efae1ffe76a156a2bf948861e2da349ef1c1c994d9f24654525f47fbf14d,ad25c5ba0c9a40839080147d0509a0fe,fault_augmentation,fault_augmentation,fa_profholdout_simple_mix0.75_sev0.75_frac0.25,PatchTST,PatchTST,1,attenuation,1.1374188961700273,1.1327032251634,1.1421364735834683,0.48701598896980286,0.4831146402211115,0.49093952322177586
1082,ETTh1,4a82efae1ffe76a156a2bf948861e2da349ef1c1c994d9f24654525f47fbf14d,ad25c5ba0c9a40839080147d0509a0fe,fault_augmentation,fault_augmentation,fa_profholdout_simple_mix0.75_sev0.75_frac0.25,PatchTST,PatchTST,2,noise,1.050539115496834,1.0484527878335774,1.0525543413782057,0.44981611261069776,0.4462562372502312,0.45343460368510335
1083,ETTh1,4a82efae1ffe76a156a2bf948861e2da349ef1c1c994d9f24654525f47fbf14d,ad25c5ba0c9a40839080147d0509a0fe,fault_augmentation,fault_augmentation,fa_profholdout_simple_mix0.75_sev0.75_frac0.25,PatchTST,PatchTST,3,spike,1.056515874508848,1.0536400240309813,1.0594443519904062,0.4523752200871706,0.44856935367304834,0.45631812105208636
1084,ETTh1,4a82efae1ffe76a156a2bf948861e2da349ef1c1c994d9f24654525f47fbf14d,ad25c5ba0c9a40839080147d0509a0fe,fault_augmentation,fault_augmentation,fa_profholdout_simple_mix0.75_sev0.75_frac0.25,PatchTST,PatchTST,4,time_stretch,1.144970766598179,1.1403249147345644,1.1498005929260726,0.49024952206611633,0.4864067210201919,0.49429253927033395
1085,ETTh1,4a82efae1ffe76a156a2bf948861e2da349ef1c1c994d9f24654525f47fbf14d,ad25c5ba0c9a40839080147d0509a0fe,fault_augmentation,fault_augmentation,fa_profholdout_simple_mix0.75_sev0.75_frac0.25,PatchTST,PatchTST,5,time_compress,1.195046261574032,1.186464499359464,1.2032672631328536,0.5116906699061394,0.5063702412495389,0.5167229729525744
1086,ETTh1,4a82efae1ffe76a156a2bf948861e2da349ef1c1c994d9f24654525f47fbf14d,ad25c5ba0c9a40839080147d0509a0fe,fault_augmentation,fault_augmentation,fa_profholdout_simple_mix0.75_sev0.75_frac0.25,PatchTST,PatchTST,6,stuck_sensor,1.320986228370222,1.3089940461827312,1.3339456571807502,0.5656151982277632,0.559785959312655,0.5721056092012301
1087,ETTh1,4a82efae1ffe76a156a2bf948861e2da349ef1c1c994d9f24654525f47fbf14d,ad25c5ba0c9a40839080147d0509a0fe,fault_augmentation,fault_augmentation,fa_profholdout_simple_mix0.75_sev0.75_frac0.25,PatchTST,PatchTST,7,missing_data,1.2731126852047279,1.2633505696721796,1.282927139537043,0.5451168743044138,0.5395038655416854,0.5502821402109973
1088,ETTh1,4a82efae1ffe76a156a2bf948861e2da349ef1c1c994d9f24654525f47fbf14d,fd5140d7b4434176980e10c8da5d87fd,fault_augmentation,fault_augmentation,fa_profholdout_varying_mix0.75_sev0.75_frac0.1,TSMixer,TSMixer,0,drift,1.0388142992629705,1.0360765659096525,1.0413915608341133,0.4944396801427007,0.49049546802002936,0.49866233125977216
1089,ETTh1,4a82efae1ffe76a156a2bf948861e2da349ef1c1c994d9f24654525f47fbf14d,fd5140d7b4434176980e10c8da5d87fd,fault_augmentation,fault_augmentation,fa_profholdout_varying_mix0.75_sev0.75_frac0.1,TSMixer,TSMixer,1,attenuation,1.1031839393098872,1.0995473175177284,1.1070344025752288,0.5250774026483297,0.5210944500766694,0.529179048441127
1090,ETTh1,4a82efae1ffe76a156a2bf948861e2da349ef1c1c994d9f24654525f47fbf14d,fd5140d7b4434176980e10c8da5d87fd,fault_augmentation,fault_augmentation,fa_profholdout_varying_mix0.75_sev0.75_frac0.1,TSMixer,TSMixer,2,noise,1.045731586098179,1.043985611452302,1.0475663895688558,0.49773206944912673,0.4940809844120219,0.5017601594803855
1091,ETTh1,4a82efae1ffe76a156a2bf948861e2da349ef1c1c994d9f24654525f47fbf14d,fd5140d7b4434176980e10c8da5d87fd,fault_augmentation,fault_augmentation,fa_profholdout_varying_mix0.75_sev0.75_frac0.1,TSMixer,TSMixer,3,spike,1.024667883587418,1.0232818527401903,1.0261667110409434,0.48770647552013396,0.4839113349790871,0.4918017116788402
1092,ETTh1,4a82efae1ffe76a156a2bf948861e2da349ef1c1c994d9f24654525f47fbf14d,fd5140d7b4434176980e10c8da5d87fd,fault_augmentation,fault_augmentation,fa_profholdout_varying_mix0.75_sev0.75_frac0.1,TSMixer,TSMixer,4,time_stretch,1.073386679711955,1.0701414129947013,1.0767298746639993,0.5108949375867844,0.507002953536436,0.5149734536617994
1093,ETTh1,4a82efae1ffe76a156a2bf948861e2da349ef1c1c994d9f24654525f47fbf14d,fd5140d7b4434176980e10c8da5d87fd,fault_augmentation,fault_augmentation,fa_profholdout_varying_mix0.75_sev0.75_frac0.1,TSMixer,TSMixer,5,time_compress,1.0925339053191265,1.0886075699013154,1.0964899071806156,0.5200083547890186,0.5157989073352889,0.5242078114888444
1094,ETTh1,4a82efae1ffe76a156a2bf948861e2da349ef1c1c994d9f24654525f47fbf14d,fd5140d7b4434176980e10c8da5d87fd,fault_augmentation,fault_augmentation,fa_profholdout_varying_mix0.75_sev0.75_frac0.1,TSMixer,TSMixer,6,stuck_sensor,1.1593627737178258,1.1525226784424563,1.1668289267460807,0.5518165849402547,0.5467380902642384,0.5567574031235278
1095,ETTh1,4a82efae1ffe76a156a2bf948861e2da349ef1c1c994d9f24654525f47fbf14d,fd5140d7b4434176980e10c8da5d87fd,fault_augmentation,fault_augmentation,fa_profholdout_varying_mix0.75_sev0.75_frac0.1,TSMixer,TSMixer,7,missing_data,1.1653701384679902,1.1592936361141797,1.1714211787810185,0.5546758828029037,0.5498765899242833,0.559321819412671
1096,ETTh1,4a82efae1ffe76a156a2bf948861e2da349ef1c1c994d9f24654525f47fbf14d,1b399d9e22964ab898055f22ff719dbb,fault_augmentation,fault_augmentation,fa_profholdout_simple_mix0.75_sev1.0_frac0.25,DLinear,DLinear,0,drift,1.1083107440276065,1.1048369009301813,1.1118650288917364,0.4846713503032923,0.4808042940919101,0.48872064273960886
1097,ETTh1,4a82efae1ffe76a156a2bf948861e2da349ef1c1c994d9f24654525f47fbf14d,1b399d9e22964ab898055f22ff719dbb,fault_augmentation,fault_augmentation,fa_profholdout_simple_mix0.75_sev1.0_frac0.25,DLinear,DLinear,1,attenuation,1.1316513836527875,1.127083083290772,1.136309479981921,0.49487836073338987,0.4907884125055,0.49888053438637403
1098,ETTh1,4a82efae1ffe76a156a2bf948861e2da349ef1c1c994d9f24654525f47fbf14d,1b399d9e22964ab898055f22ff719dbb,fault_augmentation,fault_augmentation,fa_profholdout_simple_mix0.75_sev1.0_frac0.25,DLinear,DLinear,2,noise,1.042982521456087,1.0416073380668345,1.0445325411827187,0.45610290231406686,0.452540113995336,0.4599259526344016
1099,ETTh1,4a82efae1ffe76a156a2bf948861e2da349ef1c1c994d9f24654525f47fbf14d,1b399d9e22964ab898055f22ff719dbb,fault_augmentation,fault_augmentation,fa_profholdout_simple_mix0.75_sev1.0_frac0.25,DLinear,DLinear,3,spike,1.022830180393085,1.0212814873431262,1.0244238912887997,0.4472901551604271,0.4436231527525187,0.45111977779585866
1100,ETTh1,4a82efae1ffe76a156a2bf948861e2da349ef1c1c994d9f24654525f47fbf14d,1b399d9e22964ab898055f22ff719dbb,fault_augmentation,fault_augmentation,fa_profholdout_simple_mix0.75_sev1.0_frac0.25,DLinear,DLinear,4,time_stretch,1.0920621725100945,1.0887498009725287,1.0953372727773536,0.47756574644595384,0.47390760311212393,0.4813595350622013
1101,ETTh1,4a82efae1ffe76a156a2bf948861e2da349ef1c1c994d9f24654525f47fbf14d,1b399d9e22964ab898055f22ff719dbb,fault_augmentation,fault_augmentation,fa_profholdout_simple_mix0.75_sev1.0_frac0.25,DLinear,DLinear,5,time_compress,1.1097136023232739,1.105883560453018,1.1134514415365029,0.4852848291747272,0.4812951335113868,0.48931338367728516
1102,ETTh1,4a82efae1ffe76a156a2bf948861e2da349ef1c1c994d9f24654525f47fbf14d,1b399d9e22964ab898055f22ff719dbb,fault_augmentation,fault_augmentation,fa_profholdout_simple_mix0.75_sev1.0_frac0.25,DLinear,DLinear,6,stuck_sensor,1.2448941785590102,1.2351544872069358,1.25446230151827,0.544400156506896,0.5388600647770614,0.5497010972459242
1103,ETTh1,4a82efae1ffe76a156a2bf948861e2da349ef1c1c994d9f24654525f47fbf14d,1b399d9e22964ab898055f22ff719dbb,fault_augmentation,fault_augmentation,fa_profholdout_simple_mix0.75_sev1.0_frac0.25,DLinear,DLinear,7,missing_data,1.1804766927634631,1.1739011239012385,1.1871626487453955,0.5162299795128406,0.5117470107481629,0.5204441130656936
1104,ETTh1,4a82efae1ffe76a156a2bf948861e2da349ef1c1c994d9f24654525f47fbf14d,6c193d65055246c8aac185358770c324,adaptive_robust_loss,adaptive_robust_loss,arl_alo0.001_ainit1.0_slo1e-05_sinit0.1,PatchTST,PatchTST,0,drift,1.1491766864394939,1.1444270491306705,1.1539359380378738,0.5064804633319377,0.502121897398606,0.5108921467212587
1105,ETTh1,4a82efae1ffe76a156a2bf948861e2da349ef1c1c994d9f24654525f47fbf14d,6c193d65055246c8aac185358770c324,adaptive_robust_loss,adaptive_robust_loss,arl_alo0.001_ainit1.0_slo1e-05_sinit0.1,PatchTST,PatchTST,1,attenuation,1.11645496120188,1.1117971570895504,1.1211110392587742,0.49205890853106976,0.48815143779609355,0.4962593617931008
1106,ETTh1,4a82efae1ffe76a156a2bf948861e2da349ef1c1c994d9f24654525f47fbf14d,6c193d65055246c8aac185358770c324,adaptive_robust_loss,adaptive_robust_loss,arl_alo0.001_ainit1.0_slo1e-05_sinit0.1,PatchTST,PatchTST,2,noise,1.0420867852575655,1.040685288094782,1.0436717025162088,0.4592823749884963,0.4555033813725412,0.46348158116303384
1107,ETTh1,4a82efae1ffe76a156a2bf948861e2da349ef1c1c994d9f24654525f47fbf14d,6c193d65055246c8aac185358770c324,adaptive_robust_loss,adaptive_robust_loss,arl_alo0.001_ainit1.0_slo1e-05_sinit0.1,PatchTST,PatchTST,3,spike,1.0242210070361126,1.0228433494194846,1.0254582592327102,0.4514083311289549,0.4474916166450456,0.45554216951832177
1108,ETTh1,4a82efae1ffe76a156a2bf948861e2da349ef1c1c994d9f24654525f47fbf14d,6c193d65055246c8aac185358770c324,adaptive_robust_loss,adaptive_robust_loss,arl_alo0.001_ainit1.0_slo1e-05_sinit0.1,PatchTST,PatchTST,4,time_stretch,1.1314016198238075,1.126578667712294,1.1359825450763528,0.4986463991001248,0.4944855597766116,0.5029852471721544
1109,ETTh1,4a82efae1ffe76a156a2bf948861e2da349ef1c1c994d9f24654525f47fbf14d,6c193d65055246c8aac185358770c324,adaptive_robust_loss,adaptive_robust_loss,arl_alo0.001_ainit1.0_slo1e-05_sinit0.1,PatchTST,PatchTST,5,time_compress,1.1769400123710634,1.1692690867016715,1.1844755613477072,0.5187166863143444,0.5136637900459394,0.523665410271231
1110,ETTh1,4a82efae1ffe76a156a2bf948861e2da349ef1c1c994d9f24654525f47fbf14d,6c193d65055246c8aac185358770c324,adaptive_robust_loss,adaptive_robust_loss,arl_alo0.001_ainit1.0_slo1e-05_sinit0.1,PatchTST,PatchTST,6,stuck_sensor,1.329760088372234,1.317332275122357,1.3434305945654013,0.5860695867106318,0.5797672891991213,0.5928217982882262
1111,ETTh1,4a82efae1ffe76a156a2bf948861e2da349ef1c1c994d9f24654525f47fbf14d,6c193d65055246c8aac185358770c324,adaptive_robust_loss,adaptive_robust_loss,arl_alo0.001_ainit1.0_slo1e-05_sinit0.1,PatchTST,PatchTST,7,missing_data,1.260872379637667,1.250925919426319,1.27092805069311,0.5557084777101874,0.5497216450337321,0.5613570494896453
1112,ETTh1,4a82efae1ffe76a156a2bf948861e2da349ef1c1c994d9f24654525f47fbf14d,87b69d9421234eaaa8b2ecd2a6f74530,adaptive_robust_loss,adaptive_robust_loss,arl_alo0.25_ainit1.0_slo1e-05_sinit1.0,ModernTCN,ModernTCN,0,drift,1.0253852885270742,1.0234223190985408,1.027484360687739,0.5252789126977324,0.5215990072336792,0.529099080356583
1113,ETTh1,4a82efae1ffe76a156a2bf948861e2da349ef1c1c994d9f24654525f47fbf14d,87b69d9421234eaaa8b2ecd2a6f74530,adaptive_robust_loss,adaptive_robust_loss,arl_alo0.25_ainit1.0_slo1e-05_sinit1.0,ModernTCN,ModernTCN,1,attenuation,1.1143857344216583,1.1103096879071208,1.118491385998454,0.5708715869560838,0.5669750475592911,0.5751170175754279
1114,ETTh1,4a82efae1ffe76a156a2bf948861e2da349ef1c1c994d9f24654525f47fbf14d,87b69d9421234eaaa8b2ecd2a6f74530,adaptive_robust_loss,adaptive_robust_loss,arl_alo0.25_ainit1.0_slo1e-05_sinit1.0,ModernTCN,ModernTCN,2,noise,1.0385420085991575,1.0369619160009038,1.0401586447267899,0.5320187671616673,0.528343453351967,0.5357332978595792
1115,ETTh1,4a82efae1ffe76a156a2bf948861e2da349ef1c1c994d9f24654525f47fbf14d,87b69d9421234eaaa8b2ecd2a6f74530,adaptive_robust_loss,adaptive_robust_loss,arl_alo0.25_ainit1.0_slo1e-05_sinit1.0,ModernTCN,ModernTCN,3,spike,1.0162043805231213,1.0149463466193698,1.017438148418519,0.5205757660582662,0.516972524059452,0.5243822223610058
1116,ETTh1,4a82efae1ffe76a156a2bf948861e2da349ef1c1c994d9f24654525f47fbf14d,87b69d9421234eaaa8b2ecd2a6f74530,adaptive_robust_loss,adaptive_robust_loss,arl_alo0.25_ainit1.0_slo1e-05_sinit1.0,ModernTCN,ModernTCN,4,time_stretch,1.0895687526791475,1.0866357911048723,1.0924487662351672,0.5581584757655859,0.5544938952937721,0.562016301286146
1117,ETTh1,4a82efae1ffe76a156a2bf948861e2da349ef1c1c994d9f24654525f47fbf14d,87b69d9421234eaaa8b2ecd2a6f74530,adaptive_robust_loss,adaptive_robust_loss,arl_alo0.25_ainit1.0_slo1e-05_sinit1.0,ModernTCN,ModernTCN,5,time_compress,1.0940572980872156,1.0905003516091902,1.0976128617933947,0.5604578438937664,0.5562239724802971,0.5643789802347123
1118,ETTh1,4a82efae1ffe76a156a2bf948861e2da349ef1c1c994d9f24654525f47fbf14d,87b69d9421234eaaa8b2ecd2a6f74530,adaptive_robust_loss,adaptive_robust_loss,arl_alo0.25_ainit1.0_slo1e-05_sinit1.0,ModernTCN,ModernTCN,6,stuck_sensor,1.1895844645404632,1.1820448461303381,1.1973668049179795,0.6093939917877317,0.6039199074881524,0.6143226915371046
1119,ETTh1,4a82efae1ffe76a156a2bf948861e2da349ef1c1c994d9f24654525f47fbf14d,87b69d9421234eaaa8b2ecd2a6f74530,adaptive_robust_loss,adaptive_robust_loss,arl_alo0.25_ainit1.0_slo1e-05_sinit1.0,ModernTCN,ModernTCN,7,missing_data,1.170139274712082,1.1639094709938673,1.1763996786402788,0.5994327135398984,0.5947638828725368,0.6038169480739907
1120,ETTh1,4a82efae1ffe76a156a2bf948861e2da349ef1c1c994d9f24654525f47fbf14d,1989ae08d7ca4dc98fc9202660533153,adaptive_robust_loss,adaptive_robust_loss,arl_alo0.5_ainit1.0_slo0.01_sinit1.0,GRU,GRU,0,drift,0.9995766110168303,0.9956069471246173,1.003251829802727,0.7571331821605564,0.7514123051413522,0.7625776232366264
1121,ETTh1,4a82efae1ffe76a156a2bf948861e2da349ef1c1c994d9f24654525f47fbf14d,1989ae08d7ca4dc98fc9202660533153,adaptive_robust_loss,adaptive_robust_loss,arl_alo0.5_ainit1.0_slo0.01_sinit1.0,GRU,GRU,1,attenuation,1.0602387267641746,1.0562937862148258,1.0643921830857588,0.8030819370895624,0.7973153542468697,0.8090614915367216
1122,ETTh1,4a82efae1ffe76a156a2bf948861e2da349ef1c1c994d9f24654525f47fbf14d,1989ae08d7ca4dc98fc9202660533153,adaptive_robust_loss,adaptive_robust_loss,arl_alo0.5_ainit1.0_slo0.01_sinit1.0,GRU,GRU,2,noise,1.0076195774173495,1.0064686168132826,1.008861021481686,0.7632253582656383,0.7582342645726353,0.7677737109640985
1123,ETTh1,4a82efae1ffe76a156a2bf948861e2da349ef1c1c994d9f24654525f47fbf14d,1989ae08d7ca4dc98fc9202660533153,adaptive_robust_loss,adaptive_robust_loss,arl_alo0.5_ainit1.0_slo0.01_sinit1.0,GRU,GRU,3,spike,0.9996853643199196,0.9989041555814907,1.0004542437357706,0.7572155577719212,0.7522008163286,0.7616360355535895
1124,ETTh1,4a82efae1ffe76a156a2bf948861e2da349ef1c1c994d9f24654525f47fbf14d,1989ae08d7ca4dc98fc9202660533153,adaptive_robust_loss,adaptive_robust_loss,arl_alo0.5_ainit1.0_slo0.01_sinit1.0,GRU,GRU,4,time_stretch,0.9715573437270086,0.968444063675013,0.974545117459749,0.7359098794430494,0.7308776307258754,0.7402304051478953
1125,ETTh1,4a82efae1ffe76a156a2bf948861e2da349ef1c1c994d9f24654525f47fbf14d,1989ae08d7ca4dc98fc9202660533153,adaptive_robust_loss,adaptive_robust_loss,arl_alo0.5_ainit1.0_slo0.01_sinit1.0,GRU,GRU,5,time_compress,0.9661014109264588,0.9634672280876045,0.9686688911205611,0.7317772619754076,0.7268754567094893,0.7363157906888426
1126,ETTh1,4a82efae1ffe76a156a2bf948861e2da349ef1c1c994d9f24654525f47fbf14d,1989ae08d7ca4dc98fc9202660533153,adaptive_robust_loss,adaptive_robust_loss,arl_alo0.5_ainit1.0_slo0.01_sinit1.0,GRU,GRU,6,stuck_sensor,0.9909227875976047,0.9866643018713799,0.9956451671242647,0.7505783100366592,0.7453532302879543,0.75599001700297
1127,ETTh1,4a82efae1ffe76a156a2bf948861e2da349ef1c1c994d9f24654525f47fbf14d,1989ae08d7ca4dc98fc9202660533153,adaptive_robust_loss,adaptive_robust_loss,arl_alo0.5_ainit1.0_slo0.01_sinit1.0,GRU,GRU,7,missing_data,0.9931294081510674,0.9885474833444418,0.997934020066101,0.7522497233361006,0.7467969775623828,0.757457376187183
1128,ETTh1,4a82efae1ffe76a156a2bf948861e2da349ef1c1c994d9f24654525f47fbf14d,2e78eb7f11cf4ba6a187abef3bfff3d7,adaptive_robust_loss,adaptive_robust_loss,arl_alo0.001_ainit1.0_slo0.001_sinit0.1,TSMixer,TSMixer,0,drift,1.0586467555874568,1.0557035432459303,1.0615241043358383,0.501215937255323,0.4969773537489027,0.5056641268989815
1129,ETTh1,4a82efae1ffe76a156a2bf948861e2da349ef1c1c994d9f24654525f47fbf14d,2e78eb7f11cf4ba6a187abef3bfff3d7,adaptive_robust_loss,adaptive_robust_loss,arl_alo0.001_ainit1.0_slo0.001_sinit0.1,TSMixer,TSMixer,1,attenuation,1.092476956679321,1.0882538093638152,1.0969077585200233,0.5172328341647983,0.5129538745245337,0.5216318249276652
1130,ETTh1,4a82efae1ffe76a156a2bf948861e2da349ef1c1c994d9f24654525f47fbf14d,2e78eb7f11cf4ba6a187abef3bfff3d7,adaptive_robust_loss,adaptive_robust_loss,arl_alo0.001_ainit1.0_slo0.001_sinit0.1,TSMixer,TSMixer,2,noise,1.036922802742487,1.0353952472003753,1.0385621570627794,0.4909307393565774,0.48689240546226503,0.4951942563766986
1131,ETTh1,4a82efae1ffe76a156a2bf948861e2da349ef1c1c994d9f24654525f47fbf14d,2e78eb7f11cf4ba6a187abef3bfff3d7,adaptive_robust_loss,adaptive_robust_loss,arl_alo0.001_ainit1.0_slo0.001_sinit0.1,TSMixer,TSMixer,3,spike,1.0193134901958267,1.0179366222345896,1.0207319131803385,0.4825936164721847,0.47835871128153057,0.48683816142622377
1132,ETTh1,4a82efae1ffe76a156a2bf948861e2da349ef1c1c994d9f24654525f47fbf14d,2e78eb7f11cf4ba6a187abef3bfff3d7,adaptive_robust_loss,adaptive_robust_loss,arl_alo0.001_ainit1.0_slo0.001_sinit0.1,TSMixer,TSMixer,4,time_stretch,1.0658020723380832,1.0622830109035275,1.069387298359369,0.5046036194756627,0.5005010066366196,0.5090087491197884
1133,ETTh1,4a82efae1ffe76a156a2bf948861e2da349ef1c1c994d9f24654525f47fbf14d,2e78eb7f11cf4ba6a187abef3bfff3d7,adaptive_robust_loss,adaptive_robust_loss,arl_alo0.001_ainit1.0_slo0.001_sinit0.1,TSMixer,TSMixer,5,time_compress,1.0781996868632133,1.0739380834421488,1.0824310201152347,0.510473265749216,0.5060730191494525,0.5149042212598771
1134,ETTh1,4a82efae1ffe76a156a2bf948861e2da349ef1c1c994d9f24654525f47fbf14d,2e78eb7f11cf4ba6a187abef3bfff3d7,adaptive_robust_loss,adaptive_robust_loss,arl_alo0.001_ainit1.0_slo0.001_sinit0.1,TSMixer,TSMixer,6,stuck_sensor,1.1716036270826216,1.1636439377929133,1.180374829203322,0.5546953286737204,0.5491668563323095,0.5600025324835256
1135,ETTh1,4a82efae1ffe76a156a2bf948861e2da349ef1c1c994d9f24654525f47fbf14d,2e78eb7f11cf4ba6a187abef3bfff3d7,adaptive_robust_loss,adaptive_robust_loss,arl_alo0.001_ainit1.0_slo0.001_sinit0.1,TSMixer,TSMixer,7,missing_data,1.1634697153003366,1.1562172314625347,1.1709453664854272,0.5508443309769034,0.5456861471861042,0.5560173490547202
1136,ETTh1,4a82efae1ffe76a156a2bf948861e2da349ef1c1c994d9f24654525f47fbf14d,db6c66f756434ed488f63131790248c1,adaptive_robust_loss,adaptive_robust_loss,arl_alo0.001_ainit1.0_slo1e-05_sinit0.1,DLinear,DLinear,0,drift,1.1315767197265605,1.1274735590504898,1.135628382202089,0.5095358225926757,0.5051877950616553,0.514001892134063
1137,ETTh1,4a82efae1ffe76a156a2bf948861e2da349ef1c1c994d9f24654525f47fbf14d,db6c66f756434ed488f63131790248c1,adaptive_robust_loss,adaptive_robust_loss,arl_alo0.001_ainit1.0_slo1e-05_sinit0.1,DLinear,DLinear,1,attenuation,1.1121910854557964,1.107670481843472,1.1169258485894327,0.5008066971763968,0.49647594864130024,0.505215797277838
1138,ETTh1,4a82efae1ffe76a156a2bf948861e2da349ef1c1c994d9f24654525f47fbf14d,db6c66f756434ed488f63131790248c1,adaptive_robust_loss,adaptive_robust_loss,arl_alo0.001_ainit1.0_slo1e-05_sinit0.1,DLinear,DLinear,2,noise,1.064148802986379,1.0623223920284057,1.0660244333650883,0.47917381670922043,0.4752368014640734,0.483471030160971
1139,ETTh1,4a82efae1ffe76a156a2bf948861e2da349ef1c1c994d9f24654525f47fbf14d,db6c66f756434ed488f63131790248c1,adaptive_robust_loss,adaptive_robust_loss,arl_alo0.001_ainit1.0_slo1e-05_sinit0.1,DLinear,DLinear,3,spike,1.0357263195553827,1.0337464360092046,1.037876622767966,0.46637550332695243,0.46216165180440993,0.47064422171145676
1140,ETTh1,4a82efae1ffe76a156a2bf948861e2da349ef1c1c994d9f24654525f47fbf14d,db6c66f756434ed488f63131790248c1,adaptive_robust_loss,adaptive_robust_loss,arl_alo0.001_ainit1.0_slo1e-05_sinit0.1,DLinear,DLinear,4,time_stretch,1.0939164828642822,1.0901212360418884,1.0977873831572649,0.4925778563901782,0.48851134246673433,0.49698279733631756
1141,ETTh1,4a82efae1ffe76a156a2bf948861e2da349ef1c1c994d9f24654525f47fbf14d,db6c66f756434ed488f63131790248c1,adaptive_robust_loss,adaptive_robust_loss,arl_alo0.001_ainit1.0_slo1e-05_sinit0.1,DLinear,DLinear,5,time_compress,1.1186037244572729,1.1138953270008227,1.123291604492716,0.5036942338600755,0.49928498377557845,0.5083349784054607
1142,ETTh1,4a82efae1ffe76a156a2bf948861e2da349ef1c1c994d9f24654525f47fbf14d,db6c66f756434ed488f63131790248c1,adaptive_robust_loss,adaptive_robust_loss,arl_alo0.001_ainit1.0_slo1e-05_sinit0.1,DLinear,DLinear,6,stuck_sensor,1.263952089255887,1.2528165251996302,1.2753862583258926,0.5691429103210568,0.5629102272962034,0.575183946746625
1143,ETTh1,4a82efae1ffe76a156a2bf948861e2da349ef1c1c994d9f24654525f47fbf14d,db6c66f756434ed488f63131790248c1,adaptive_robust_loss,adaptive_robust_loss,arl_alo0.001_ainit1.0_slo1e-05_sinit0.1,DLinear,DLinear,7,missing_data,1.1927358587173578,1.1847285714647553,1.2010582891659585,0.5370750708393752,0.5319777009649947,0.5419016784302517
1144,ETTh1,4a82efae1ffe76a156a2bf948861e2da349ef1c1c994d9f24654525f47fbf14d,e4c78d78efed4ebcbe7500c0233cc7bf,adversarial_training,adversarial_training,advtrain_eps0.05_steps7_alpha0.02_channelsall,ModernTCN,ModernTCN,0,drift,1.0677903369586927,1.06499924914258,1.0706292284047043,0.4959790371343493,0.49191159581992777,0.5001151733366027
1145,ETTh1,4a82efae1ffe76a156a2bf948861e2da349ef1c1c994d9f24654525f47fbf14d,e4c78d78efed4ebcbe7500c0233cc7bf,adversarial_training,adversarial_training,advtrain_eps0.05_steps7_alpha0.02_channelsall,ModernTCN,ModernTCN,1,attenuation,1.139365554138849,1.135216089812271,1.1434788761781896,0.529225083732605,0.5249765438126027,0.5335813326763361
1146,ETTh1,4a82efae1ffe76a156a2bf948861e2da349ef1c1c994d9f24654525f47fbf14d,e4c78d78efed4ebcbe7500c0233cc7bf,adversarial_training,adversarial_training,advtrain_eps0.05_steps7_alpha0.02_channelsall,ModernTCN,ModernTCN,2,noise,1.0310954079808423,1.030168614383513,1.0321668768490981,0.47893457165062425,0.47512774771068245,0.48295136264935135
1147,ETTh1,4a82efae1ffe76a156a2bf948861e2da349ef1c1c994d9f24654525f47fbf14d,e4c78d78efed4ebcbe7500c0233cc7bf,adversarial_training,adversarial_training,advtrain_eps0.05_steps7_alpha0.02_channelsall,ModernTCN,ModernTCN,3,spike,1.0165067955868696,1.015592620951092,1.0174816427849624,0.47215829200297593,0.46830375161122534,0.4762909233487025
1148,ETTh1,4a82efae1ffe76a156a2bf948861e2da349ef1c1c994d9f24654525f47fbf14d,e4c78d78efed4ebcbe7500c0233cc7bf,adversarial_training,adversarial_training,advtrain_eps0.05_steps7_alpha0.02_channelsall,ModernTCN,ModernTCN,4,time_stretch,1.1008238655203015,1.0976785110112006,1.104076514092653,0.5113228149548172,0.5071530037672445,0.5154300943075494
1149,ETTh1,4a82efae1ffe76a156a2bf948861e2da349ef1c1c994d9f24654525f47fbf14d,e4c78d78efed4ebcbe7500c0233cc7bf,adversarial_training,adversarial_training,advtrain_eps0.05_steps7_alpha0.02_channelsall,ModernTCN,ModernTCN,5,time_compress,1.1205536038526025,1.1162790268947347,1.1246937828790988,0.5204871015027165,0.516054665116109,0.5248468880086392
1150,ETTh1,4a82efae1ffe76a156a2bf948861e2da349ef1c1c994d9f24654525f47fbf14d,e4c78d78efed4ebcbe7500c0233cc7bf,adversarial_training,adversarial_training,advtrain_eps0.05_steps7_alpha0.02_channelsall,ModernTCN,ModernTCN,6,stuck_sensor,1.2154560664236407,1.2073194777556013,1.2237253712010507,0.5645684444203973,0.559196782006137,0.5698213015317544
1151,ETTh1,4a82efae1ffe76a156a2bf948861e2da349ef1c1c994d9f24654525f47fbf14d,e4c78d78efed4ebcbe7500c0233cc7bf,adversarial_training,adversarial_training,advtrain_eps0.05_steps7_alpha0.02_channelsall,ModernTCN,ModernTCN,7,missing_data,1.1879873064058148,1.1816265025447399,1.1945590575635094,0.5518094516918063,0.5467934890663624,0.5565595024648309
1152,ETTh1,4a82efae1ffe76a156a2bf948861e2da349ef1c1c994d9f24654525f47fbf14d,b6d1db7a2cf244cbaeddf3d1be26a950,randomized_training,randomized_training,rt_spaceraw_std0.1_channelscontinuous,ModernTCN,ModernTCN,0,drift,1.0709220932691308,1.0679907592643285,1.073881299633716,0.4968691201835871,0.4927177269127965,0.5011287766393274
1153,ETTh1,4a82efae1ffe76a156a2bf948861e2da349ef1c1c994d9f24654525f47fbf14d,b6d1db7a2cf244cbaeddf3d1be26a950,randomized_training,randomized_training,rt_spaceraw_std0.1_channelscontinuous,ModernTCN,ModernTCN,1,attenuation,1.1362572104695492,1.1320443647889786,1.140442701246015,0.5271822516471147,0.5228822404692695,0.5314593520547449
1154,ETTh1,4a82efae1ffe76a156a2bf948861e2da349ef1c1c994d9f24654525f47fbf14d,b6d1db7a2cf244cbaeddf3d1be26a950,randomized_training,randomized_training,rt_spaceraw_std0.1_channelscontinuous,ModernTCN,ModernTCN,2,noise,1.0302659347798395,1.0292845951751344,1.0314335329497386,0.4780061330199242,0.4741412361945957,0.4820787620900571
1155,ETTh1,4a82efae1ffe76a156a2bf948861e2da349ef1c1c994d9f24654525f47fbf14d,b6d1db7a2cf244cbaeddf3d1be26a950,randomized_training,randomized_training,rt_spaceraw_std0.1_channelscontinuous,ModernTCN,ModernTCN,3,spike,1.0156548325944685,1.0147937211277442,1.0166336041378974,0.47122711003273726,0.4673215938523412,0.4753935702389851
1156,ETTh1,4a82efae1ffe76a156a2bf948861e2da349ef1c1c994d9f24654525f47fbf14d,b6d1db7a2cf244cbaeddf3d1be26a950,randomized_training,randomized_training,rt_spaceraw_std0.1_channelscontinuous,ModernTCN,ModernTCN,4,time_stretch,1.1028490224778793,1.0996060812295798,1.1060999326021412,0.511682060663402,0.5075858183586225,0.5157969551021233
1157,ETTh1,4a82efae1ffe76a156a2bf948861e2da349ef1c1c994d9f24654525f47fbf14d,b6d1db7a2cf244cbaeddf3d1be26a950,randomized_training,randomized_training,rt_spaceraw_std0.1_channelscontinuous,ModernTCN,ModernTCN,5,time_compress,1.123994039947827,1.1196291919025017,1.1283644183534374,0.5214925840362906,0.5169974095964804,0.5258755837622285
1158,ETTh1,4a82efae1ffe76a156a2bf948861e2da349ef1c1c994d9f24654525f47fbf14d,b6d1db7a2cf244cbaeddf3d1be26a950,randomized_training,randomized_training,rt_spaceraw_std0.1_channelscontinuous,ModernTCN,ModernTCN,6,stuck_sensor,1.2166043839594787,1.2085930921216537,1.224762842761875,0.5644604343011975,0.5590750942087546,0.5696739650706202
1159,ETTh1,4a82efae1ffe76a156a2bf948861e2da349ef1c1c994d9f24654525f47fbf14d,b6d1db7a2cf244cbaeddf3d1be26a950,randomized_training,randomized_training,rt_spaceraw_std0.1_channelscontinuous,ModernTCN,ModernTCN,7,missing_data,1.1870385255113178,1.180734422620817,1.1938800701550083,0.5507429452635347,0.5458121175588109,0.5555393815883063
1160,ETTh1,4a82efae1ffe76a156a2bf948861e2da349ef1c1c994d9f24654525f47fbf14d,eff89d0c19a546478b307cc373bb00fd,adversarial_training,adversarial_training,advtrain_eps0.05_steps7_alpha0.02_channelsall,GRU,GRU,0,drift,0.9946803171741186,0.9926629457879782,0.9967856474505963,0.6296522181928158,0.6253647404912115,0.6334785698542744
1161,ETTh1,4a82efae1ffe76a156a2bf948861e2da349ef1c1c994d9f24654525f47fbf14d,eff89d0c19a546478b307cc373bb00fd,adversarial_training,adversarial_training,advtrain_eps0.05_steps7_alpha0.02_channelsall,GRU,GRU,1,attenuation,1.0316758619452757,1.0296468254687394,1.0339049146483403,0.6530711261838674,0.6490494369441271,0.6567006815325469
1162,ETTh1,4a82efae1ffe76a156a2bf948861e2da349ef1c1c994d9f24654525f47fbf14d,eff89d0c19a546478b307cc373bb00fd,adversarial_training,adversarial_training,advtrain_eps0.05_steps7_alpha0.02_channelsall,GRU,GRU,2,noise,1.0078411313707991,1.0070626610830382,1.0086778448099705,0.6379832726120949,0.6340110432843864,0.6417354559920728
1163,ETTh1,4a82efae1ffe76a156a2bf948861e2da349ef1c1c994d9f24654525f47fbf14d,eff89d0c19a546478b307cc373bb00fd,adversarial_training,adversarial_training,advtrain_eps0.05_steps7_alpha0.02_channelsall,GRU,GRU,3,spike,0.9997144773562738,0.999170084396748,1.0002512379260655,0.6328389406710863,0.6287739927564562,0.6365504131471366
1164,ETTh1,4a82efae1ffe76a156a2bf948861e2da349ef1c1c994d9f24654525f47fbf14d,eff89d0c19a546478b307cc373bb00fd,adversarial_training,adversarial_training,advtrain_eps0.05_steps7_alpha0.02_channelsall,GRU,GRU,4,time_stretch,1.0161210786663961,1.0141972565921993,1.0182056451356487,0.6432246422171592,0.6390727565278113,0.6471597317361831
1165,ETTh1,4a82efae1ffe76a156a2bf948861e2da349ef1c1c994d9f24654525f47fbf14d,eff89d0c19a546478b307cc373bb00fd,adversarial_training,adversarial_training,advtrain_eps0.05_steps7_alpha0.02_channelsall,GRU,GRU,5,time_compress,1.0151383189070085,1.0131633656516916,1.0172162025104867,0.6426025359466672,0.6384622387464344,0.6465249837185815
1166,ETTh1,4a82efae1ffe76a156a2bf948861e2da349ef1c1c994d9f24654525f47fbf14d,eff89d0c19a546478b307cc373bb00fd,adversarial_training,adversarial_training,advtrain_eps0.05_steps7_alpha0.02_channelsall,GRU,GRU,6,stuck_sensor,1.037499494734813,1.0341501238958632,1.0412011516728956,0.6567576003611088,0.6520125608263909,0.6611149093464762
1167,ETTh1,4a82efae1ffe76a156a2bf948861e2da349ef1c1c994d9f24654525f47fbf14d,eff89d0c19a546478b307cc373bb00fd,adversarial_training,adversarial_training,advtrain_eps0.05_steps7_alpha0.02_channelsall,GRU,GRU,7,missing_data,1.0678196133760944,1.0634161763850696,1.072753299671442,0.6759508322253823,0.6712602453889325,0.6807029688772931
1168,ETTh1,4a82efae1ffe76a156a2bf948861e2da349ef1c1c994d9f24654525f47fbf14d,e807db5a30e340a6928a4cc69ad626e9,randomized_training,randomized_training,rt_spaceraw_std0.2_channelscontinuous,GRU,GRU,0,drift,0.989233851302314,0.9874487196440261,0.9909109062498996,0.6882171855092049,0.68372748619169,0.6922749236216397
1169,ETTh1,4a82efae1ffe76a156a2bf948861e2da349ef1c1c994d9f24654525f47fbf14d,e807db5a30e340a6928a4cc69ad626e9,randomized_training,randomized_training,rt_spaceraw_std0.2_channelscontinuous,GRU,GRU,1,attenuation,1.0155442168844326,1.0139727352153896,1.0172232971425974,0.7065214982122183,0.7023750702678413,0.7105761954020708
1170,ETTh1,4a82efae1ffe76a156a2bf948861e2da349ef1c1c994d9f24654525f47fbf14d,e807db5a30e340a6928a4cc69ad626e9,randomized_training,randomized_training,rt_spaceraw_std0.2_channelscontinuous,GRU,GRU,2,noise,1.0060576100800533,1.005256385767031,1.006841383392107,0.6999215968579053,0.695548620167151,0.7039779081562906
1171,ETTh1,4a82efae1ffe76a156a2bf948861e2da349ef1c1c994d9f24654525f47fbf14d,e807db5a30e340a6928a4cc69ad626e9,randomized_training,randomized_training,rt_spaceraw_std0.2_channelscontinuous,GRU,GRU,3,spike,0.9984240789983091,0.9979166859852029,0.9989212811324379,0.6946108937621117,0.6903066384036094,0.6986054584348946
1172,ETTh1,4a82efae1ffe76a156a2bf948861e2da349ef1c1c994d9f24654525f47fbf14d,e807db5a30e340a6928a4cc69ad626e9,randomized_training,randomized_training,rt_spaceraw_std0.2_channelscontinuous,GRU,GRU,4,time_stretch,1.0122603192796193,1.0100846536685621,1.0144425743185097,0.7042368667632342,0.6995300055057555,0.7083269536237419
1173,ETTh1,4a82efae1ffe76a156a2bf948861e2da349ef1c1c994d9f24654525f47fbf14d,e807db5a30e340a6928a4cc69ad626e9,randomized_training,randomized_training,rt_spaceraw_std0.2_channelscontinuous,GRU,GRU,5,time_compress,1.011748288618653,1.009752378596006,1.0138897797293989,0.7038806433081627,0.699209670599103,0.7079978728378564
1174,ETTh1,4a82efae1ffe76a156a2bf948861e2da349ef1c1c994d9f24654525f47fbf14d,e807db5a30e340a6928a4cc69ad626e9,randomized_training,randomized_training,rt_spaceraw_std0.2_channelscontinuous,GRU,GRU,6,stuck_sensor,1.0335320994545543,1.0298583930761904,1.0374788743281507,0.7190357989504933,0.7141631718329713,0.7237121631262824
1175,ETTh1,4a82efae1ffe76a156a2bf948861e2da349ef1c1c994d9f24654525f47fbf14d,e807db5a30e340a6928a4cc69ad626e9,randomized_training,randomized_training,rt_spaceraw_std0.2_channelscontinuous,GRU,GRU,7,missing_data,1.0585904915862097,1.0539739750359283,1.063641490832632,0.7364691046178341,0.7312761157924682,0.7418017930530757
1176,ETTh1,4a82efae1ffe76a156a2bf948861e2da349ef1c1c994d9f24654525f47fbf14d,445bf0933531400cbc4a605c7969ba70,adversarial_training,adversarial_training,advtrain_eps0.1_steps5_alpha0.02_channelsall,PatchTST,PatchTST,0,drift,1.1748999901445456,1.1698897042164733,1.179802467349568,0.5126205301404,0.5085014770554379,0.5168994073178247
1177,ETTh1,4a82efae1ffe76a156a2bf948861e2da349ef1c1c994d9f24654525f47fbf14d,445bf0933531400cbc4a605c7969ba70,adversarial_training,adversarial_training,advtrain_eps0.1_steps5_alpha0.02_channelsall,PatchTST,PatchTST,1,attenuation,1.1390345807527205,1.1344045564306104,1.1434005896085802,0.49697209594994785,0.4930834087387845,0.5010868166339769
1178,ETTh1,4a82efae1ffe76a156a2bf948861e2da349ef1c1c994d9f24654525f47fbf14d,445bf0933531400cbc4a605c7969ba70,adversarial_training,adversarial_training,advtrain_eps0.1_steps5_alpha0.02_channelsall,PatchTST,PatchTST,2,noise,1.0241185723058792,1.022925773485797,1.0253224993111816,0.44683310057520864,0.44334867998477073,0.45044472352001813
1179,ETTh1,4a82efae1ffe76a156a2bf948861e2da349ef1c1c994d9f24654525f47fbf14d,445bf0933531400cbc4a605c7969ba70,adversarial_training,adversarial_training,advtrain_eps0.1_steps5_alpha0.02_channelsall,PatchTST,PatchTST,3,spike,1.028825242064034,1.0273402508657836,1.0304882645899232,0.44888666731864213,0.44531871703621,0.45265421580560505
1180,ETTh1,4a82efae1ffe76a156a2bf948861e2da349ef1c1c994d9f24654525f47fbf14d,445bf0933531400cbc4a605c7969ba70,adversarial_training,adversarial_training,advtrain_eps0.1_steps5_alpha0.02_channelsall,PatchTST,PatchTST,4,time_stretch,1.1382975831191384,1.134189931221975,1.1423243045871356,0.49665053656548264,0.4926449675999209,0.500728808451593
1181,ETTh1,4a82efae1ffe76a156a2bf948861e2da349ef1c1c994d9f24654525f47fbf14d,445bf0933531400cbc4a605c7969ba70,adversarial_training,adversarial_training,advtrain_eps0.1_steps5_alpha0.02_channelsall,PatchTST,PatchTST,5,time_compress,1.1740607601219841,1.1666956996218099,1.1815474472690348,0.5122543657496571,0.507183467924036,0.5172443155002967
1182,ETTh1,4a82efae1ffe76a156a2bf948861e2da349ef1c1c994d9f24654525f47fbf14d,445bf0933531400cbc4a605c7969ba70,adversarial_training,adversarial_training,advtrain_eps0.1_steps5_alpha0.02_channelsall,PatchTST,PatchTST,6,stuck_sensor,1.3060750973975848,1.2947237378457932,1.3181003755154825,0.5698535317450761,0.563974788149111,0.5760360391494259
1183,ETTh1,4a82efae1ffe76a156a2bf948861e2da349ef1c1c994d9f24654525f47fbf14d,445bf0933531400cbc4a605c7969ba70,adversarial_training,adversarial_training,advtrain_eps0.1_steps5_alpha0.02_channelsall,PatchTST,PatchTST,7,missing_data,1.2752752714731868,1.2655303138375096,1.2844602893947599,0.5564152619127184,0.5508607043059357,0.56126839815557
1184,ETTh1,4a82efae1ffe76a156a2bf948861e2da349ef1c1c994d9f24654525f47fbf14d,3f668d43118d4c12a567252b807c5da1,randomized_training,randomized_training,rt_spaceraw_std0.1_channelscontinuous,PatchTST,PatchTST,0,drift,1.1857609034824201,1.1807084752820367,1.190913548612335,0.5244094529479743,0.5199400181178748,0.5288611549993232
1185,ETTh1,4a82efae1ffe76a156a2bf948861e2da349ef1c1c994d9f24654525f47fbf14d,3f668d43118d4c12a567252b807c5da1,randomized_training,randomized_training,rt_spaceraw_std0.1_channelscontinuous,PatchTST,PatchTST,1,attenuation,1.1333011383011176,1.1288803924892163,1.1377020308000643,0.5012088256716728,0.49723026042252777,0.5053918993299081
1186,ETTh1,4a82efae1ffe76a156a2bf948861e2da349ef1c1c994d9f24654525f47fbf14d,3f668d43118d4c12a567252b807c5da1,randomized_training,randomized_training,rt_spaceraw_std0.1_channelscontinuous,PatchTST,PatchTST,2,noise,1.0537180521798504,1.0512342305638918,1.056041105091087,0.46601275660395625,0.4622668435119837,0.4700373874016106
1187,ETTh1,4a82efae1ffe76a156a2bf948861e2da349ef1c1c994d9f24654525f47fbf14d,3f668d43118d4c12a567252b807c5da1,randomized_training,randomized_training,rt_spaceraw_std0.1_channelscontinuous,PatchTST,PatchTST,3,spike,1.1231806522673746,1.1164706393578545,1.1299552498167964,0.49673298359513285,0.4918882959446684,0.5019293595942855
1188,ETTh1,4a82efae1ffe76a156a2bf948861e2da349ef1c1c994d9f24654525f47fbf14d,3f668d43118d4c12a567252b807c5da1,randomized_training,randomized_training,rt_spaceraw_std0.1_channelscontinuous,PatchTST,PatchTST,4,time_stretch,1.139548735257134,1.1348882577924793,1.1438754089431205,0.503971860691905,0.4999112780902907,0.508243120791018
1189,ETTh1,4a82efae1ffe76a156a2bf948861e2da349ef1c1c994d9f24654525f47fbf14d,3f668d43118d4c12a567252b807c5da1,randomized_training,randomized_training,rt_spaceraw_std0.1_channelscontinuous,PatchTST,PatchTST,5,time_compress,1.225267636827939,1.2150799486370536,1.2353280889822957,0.5418815287776292,0.5360947480576859,0.5477309226175212
1190,ETTh1,4a82efae1ffe76a156a2bf948861e2da349ef1c1c994d9f24654525f47fbf14d,3f668d43118d4c12a567252b807c5da1,randomized_training,randomized_training,rt_spaceraw_std0.1_channelscontinuous,PatchTST,PatchTST,6,stuck_sensor,1.2937125803487521,1.2824712780548435,1.305229913058719,0.5721516914077103,0.5659857725757732,0.5783189316043258
1191,ETTh1,4a82efae1ffe76a156a2bf948861e2da349ef1c1c994d9f24654525f47fbf14d,3f668d43118d4c12a567252b807c5da1,randomized_training,randomized_training,rt_spaceraw_std0.1_channelscontinuous,PatchTST,PatchTST,7,missing_data,1.2480878130853947,1.2398207862545463,1.2569526572169785,0.5519738805428147,0.5465648577908985,0.5570441246066242
1192,ETTh1,4a82efae1ffe76a156a2bf948861e2da349ef1c1c994d9f24654525f47fbf14d,519b468e69dd465daa969d3d9b3ffdf0,baseline,baseline,baseline,PatchTST,PatchTST,0,drift,1.1879374480606766,1.1827877482014926,1.1932752513686171,0.5123130159199237,0.5080607630544156,0.5165625910355152
1193,ETTh1,4a82efae1ffe76a156a2bf948861e2da349ef1c1c994d9f24654525f47fbf14d,519b468e69dd465daa969d3d9b3ffdf0,baseline,baseline,baseline,PatchTST,PatchTST,1,attenuation,1.1369346159024063,1.132396069201714,1.1414541043303223,0.4903174009099603,0.48629431080512703,0.49427693592503663
1194,ETTh1,4a82efae1ffe76a156a2bf948861e2da349ef1c1c994d9f24654525f47fbf14d,519b468e69dd465daa969d3d9b3ffdf0,baseline,baseline,baseline,PatchTST,PatchTST,2,noise,1.0454415337512146,1.0434738826703183,1.0473924331540254,0.45085985461473466,0.44731480474378915,0.4547525955509767
1195,ETTh1,4a82efae1ffe76a156a2bf948861e2da349ef1c1c994d9f24654525f47fbf14d,519b468e69dd465daa969d3d9b3ffdf0,baseline,baseline,baseline,PatchTST,PatchTST,3,spike,1.0820398197469172,1.0760242409677618,1.088423570986352,0.46664332731068137,0.4623429797248542,0.47114054723791776
1196,ETTh1,4a82efae1ffe76a156a2bf948861e2da349ef1c1c994d9f24654525f47fbf14d,519b468e69dd465daa969d3d9b3ffdf0,baseline,baseline,baseline,PatchTST,PatchTST,4,time_stretch,1.1303020770574075,1.1260002565066454,1.1346413002891316,0.4874570348322392,0.4835527211899683,0.4914157117478177
1197,ETTh1,4a82efae1ffe76a156a2bf948861e2da349ef1c1c994d9f24654525f47fbf14d,519b468e69dd465daa969d3d9b3ffdf0,baseline,baseline,baseline,PatchTST,PatchTST,5,time_compress,1.1721990256806134,1.1655219990649337,1.1789108954566578,0.5055256226539612,0.5009321130512654,0.5100461846500263
1198,ETTh1,4a82efae1ffe76a156a2bf948861e2da349ef1c1c994d9f24654525f47fbf14d,519b468e69dd465daa969d3d9b3ffdf0,baseline,baseline,baseline,PatchTST,PatchTST,6,stuck_sensor,1.3121988937420432,1.299754370567292,1.3242876519013849,0.5659023325152696,0.5598514757364615,0.5719940165878646
1199,ETTh1,4a82efae1ffe76a156a2bf948861e2da349ef1c1c994d9f24654525f47fbf14d,519b468e69dd465daa969d3d9b3ffdf0,baseline,baseline,baseline,PatchTST,PatchTST,7,missing_data,1.2347501689648888,1.2266207683640058,1.2430238432481764,0.5325015925735235,0.5274047770270146,0.5372145066630655
1200,ETTh1,4a82efae1ffe76a156a2bf948861e2da349ef1c1c994d9f24654525f47fbf14d,18107c26dc5d463bbd33a63c93bc01fb,adversarial_training,adversarial_training,advtrain_eps0.05_steps7_alpha0.02_channelsall,TSMixer,TSMixer,0,drift,1.0432933263974147,1.0405900886426245,1.04600612430891,0.48843502862155436,0.48464590049166234,0.49249817467950285
1201,ETTh1,4a82efae1ffe76a156a2bf948861e2da349ef1c1c994d9f24654525f47fbf14d,18107c26dc5d463bbd33a63c93bc01fb,adversarial_training,adversarial_training,advtrain_eps0.05_steps7_alpha0.02_channelsall,TSMixer,TSMixer,1,attenuation,1.1096643219755287,1.1058009734786576,1.1136829592118702,0.5195077080920338,0.5156396295444667,0.5237026224504038
1202,ETTh1,4a82efae1ffe76a156a2bf948861e2da349ef1c1c994d9f24654525f47fbf14d,18107c26dc5d463bbd33a63c93bc01fb,adversarial_training,adversarial_training,advtrain_eps0.05_steps7_alpha0.02_channelsall,TSMixer,TSMixer,2,noise,1.025588155693113,1.0244463022406056,1.0269083617787618,0.4801460600823164,0.4764925796765834,0.4840498238723353
1203,ETTh1,4a82efae1ffe76a156a2bf948861e2da349ef1c1c994d9f24654525f47fbf14d,18107c26dc5d463bbd33a63c93bc01fb,adversarial_training,adversarial_training,advtrain_eps0.05_steps7_alpha0.02_channelsall,TSMixer,TSMixer,3,spike,1.0146816558741893,1.013522210621014,1.0158946811689331,0.4750400017797947,0.47136769202899187,0.4789607414901257
1204,ETTh1,4a82efae1ffe76a156a2bf948861e2da349ef1c1c994d9f24654525f47fbf14d,18107c26dc5d463bbd33a63c93bc01fb,adversarial_training,adversarial_training,advtrain_eps0.05_steps7_alpha0.02_channelsall,TSMixer,TSMixer,4,time_stretch,1.0726088391950086,1.0695407789363292,1.0758195350503073,0.5021595708668232,0.4984349585698545,0.506153281890303
1205,ETTh1,4a82efae1ffe76a156a2bf948861e2da349ef1c1c994d9f24654525f47fbf14d,18107c26dc5d463bbd33a63c93bc01fb,adversarial_training,adversarial_training,advtrain_eps0.05_steps7_alpha0.02_channelsall,TSMixer,TSMixer,5,time_compress,1.0845313936933818,1.0809174972663926,1.0881362866319646,0.5077413119748235,0.5036711813388765,0.51180513746012
1206,ETTh1,4a82efae1ffe76a156a2bf948861e2da349ef1c1c994d9f24654525f47fbf14d,18107c26dc5d463bbd33a63c93bc01fb,adversarial_training,adversarial_training,advtrain_eps0.05_steps7_alpha0.02_channelsall,TSMixer,TSMixer,6,stuck_sensor,1.1705050770052707,1.1632854302251299,1.178417327013041,0.5479913139700889,0.5430176428562775,0.5527445287354663
1207,ETTh1,4a82efae1ffe76a156a2bf948861e2da349ef1c1c994d9f24654525f47fbf14d,18107c26dc5d463bbd33a63c93bc01fb,adversarial_training,adversarial_training,advtrain_eps0.05_steps7_alpha0.02_channelsall,TSMixer,TSMixer,7,missing_data,1.1625460316367615,1.1570179716065052,1.1684863060537005,0.5442651552245021,0.5398193139990979,0.5487862575118803
1208,ETTh1,4a82efae1ffe76a156a2bf948861e2da349ef1c1c994d9f24654525f47fbf14d,4f1aec131ffe44b894f6f3dd0324889b,randomized_training,randomized_training,rt_spaceraw_std0.1_channelscontinuous,TSMixer,TSMixer,0,drift,1.0366584540402828,1.0340242889035283,1.039226926299214,0.4911458334580064,0.48718302585083995,0.4953514633061364
1209,ETTh1,4a82efae1ffe76a156a2bf948861e2da349ef1c1c994d9f24654525f47fbf14d,4f1aec131ffe44b894f6f3dd0324889b,randomized_training,randomized_training,rt_spaceraw_std0.1_channelscontinuous,TSMixer,TSMixer,1,attenuation,1.1053329406509347,1.1015818787558465,1.1091747376566226,0.5236822853937745,0.519709843156524,0.5278356998368726
1210,ETTh1,4a82efae1ffe76a156a2bf948861e2da349ef1c1c994d9f24654525f47fbf14d,4f1aec131ffe44b894f6f3dd0324889b,randomized_training,randomized_training,rt_spaceraw_std0.1_channelscontinuous,TSMixer,TSMixer,2,noise,1.0259002444931593,1.0245708764175707,1.0273484532181711,0.4860488318622112,0.4823521900177747,0.4899621385543793
1211,ETTh1,4a82efae1ffe76a156a2bf948861e2da349ef1c1c994d9f24654525f47fbf14d,4f1aec131ffe44b894f6f3dd0324889b,randomized_training,randomized_training,rt_spaceraw_std0.1_channelscontinuous,TSMixer,TSMixer,3,spike,1.012381740443191,1.0112121860707823,1.0134756254809425,0.47964406381845476,0.4759023810757324,0.48359867058809847
1212,ETTh1,4a82efae1ffe76a156a2bf948861e2da349ef1c1c994d9f24654525f47fbf14d,4f1aec131ffe44b894f6f3dd0324889b,randomized_training,randomized_training,rt_spaceraw_std0.1_channelscontinuous,TSMixer,TSMixer,4,time_stretch,1.0741290744319627,1.0710390382739283,1.0774193079648768,0.5088985841453075,0.5049403854586184,0.5130648401885107
1213,ETTh1,4a82efae1ffe76a156a2bf948861e2da349ef1c1c994d9f24654525f47fbf14d,4f1aec131ffe44b894f6f3dd0324889b,randomized_training,randomized_training,rt_spaceraw_std0.1_channelscontinuous,TSMixer,TSMixer,5,time_compress,1.0895077937367172,1.0854182770441816,1.09353253493151,0.5161846810087561,0.5118984175846353,0.5201962185846641
1214,ETTh1,4a82efae1ffe76a156a2bf948861e2da349ef1c1c994d9f24654525f47fbf14d,4f1aec131ffe44b894f6f3dd0324889b,randomized_training,randomized_training,rt_spaceraw_std0.1_channelscontinuous,TSMixer,TSMixer,6,stuck_sensor,1.1650284693986572,1.1577447416910518,1.1729472364033333,0.5519647058054805,0.5469671618016809,0.5569571906862408
1215,ETTh1,4a82efae1ffe76a156a2bf948861e2da349ef1c1c994d9f24654525f47fbf14d,4f1aec131ffe44b894f6f3dd0324889b,randomized_training,randomized_training,rt_spaceraw_std0.1_channelscontinuous,TSMixer,TSMixer,7,missing_data,1.1635608028335325,1.15778251787999,1.1697267798095876,0.551269357867539,0.5465794895048439,0.555918166814819
1216,ETTh1,4a82efae1ffe76a156a2bf948861e2da349ef1c1c994d9f24654525f47fbf14d,4b669487f4b1446391128ae461663617,adversarial_training,adversarial_training,advtrain_eps0.2_steps7_alpha0.02_channelsall,DLinear,DLinear,0,drift,1.1121192551548729,1.1085561566039448,1.115684619946391,0.4905643455177546,0.48657453533079476,0.4944776457225531
1217,ETTh1,4a82efae1ffe76a156a2bf948861e2da349ef1c1c994d9f24654525f47fbf14d,4b669487f4b1446391128ae461663617,adversarial_training,adversarial_training,advtrain_eps0.2_steps7_alpha0.02_channelsall,DLinear,DLinear,1,attenuation,1.1347629426839851,1.1301808124228345,1.1393782301932058,0.5005526500105858,0.49643664451051506,0.5046493480006605
1218,ETTh1,4a82efae1ffe76a156a2bf948861e2da349ef1c1c994d9f24654525f47fbf14d,4b669487f4b1446391128ae461663617,adversarial_training,adversarial_training,advtrain_eps0.2_steps7_alpha0.02_channelsall,DLinear,DLinear,2,noise,1.0289851092756968,1.0279986385259128,1.0300642397983668,0.4538932352259755,0.45035727372020484,0.4577760807460919
1219,ETTh1,4a82efae1ffe76a156a2bf948861e2da349ef1c1c994d9f24654525f47fbf14d,4b669487f4b1446391128ae461663617,adversarial_training,adversarial_training,advtrain_eps0.2_steps7_alpha0.02_channelsall,DLinear,DLinear,3,spike,1.0157996401863243,1.0146315943581505,1.017041136228603,0.44807702353447676,0.4445127848694846,0.45180016835689546
1220,ETTh1,4a82efae1ffe76a156a2bf948861e2da349ef1c1c994d9f24654525f47fbf14d,4b669487f4b1446391128ae461663617,adversarial_training,adversarial_training,advtrain_eps0.2_steps7_alpha0.02_channelsall,DLinear,DLinear,4,time_stretch,1.0916460619112336,1.0884713523308982,1.0949434552222803,0.48153346272557973,0.477774154343158,0.4853665892066807
1221,ETTh1,4a82efae1ffe76a156a2bf948861e2da349ef1c1c994d9f24654525f47fbf14d,4b669487f4b1446391128ae461663617,adversarial_training,adversarial_training,advtrain_eps0.2_steps7_alpha0.02_channelsall,DLinear,DLinear,5,time_compress,1.1058257999142778,1.102180611331922,1.1094615851117484,0.4877882540717721,0.48367515858978033,0.4918729822805151
1222,ETTh1,4a82efae1ffe76a156a2bf948861e2da349ef1c1c994d9f24654525f47fbf14d,4b669487f4b1446391128ae461663617,adversarial_training,adversarial_training,advtrain_eps0.2_steps7_alpha0.02_channelsall,DLinear,DLinear,6,stuck_sensor,1.2525031244560707,1.242578312742092,1.2625045817625373,0.5524887485399842,0.5467821101560444,0.5579625376526266
1223,ETTh1,4a82efae1ffe76a156a2bf948861e2da349ef1c1c994d9f24654525f47fbf14d,4b669487f4b1446391128ae461663617,adversarial_training,adversarial_training,advtrain_eps0.2_steps7_alpha0.02_channelsall,DLinear,DLinear,7,missing_data,1.1892017304378026,1.1826750195205984,1.1962205121551577,0.5245660174272955,0.5199977937535383,0.5288117658168078
1224,ETTh1,4a82efae1ffe76a156a2bf948861e2da349ef1c1c994d9f24654525f47fbf14d,901d9b75b2d243b2ba3fa4ce8ae45b00,randomized_training,randomized_training,rt_spaceraw_std0.2_channelscontinuous,DLinear,DLinear,0,drift,1.1158018971316641,1.1120750154773376,1.1195313802520743,0.4921827353641391,0.4881991696176678,0.4964244083193317
1225,ETTh1,4a82efae1ffe76a156a2bf948861e2da349ef1c1c994d9f24654525f47fbf14d,901d9b75b2d243b2ba3fa4ce8ae45b00,randomized_training,randomized_training,rt_spaceraw_std0.2_channelscontinuous,DLinear,DLinear,1,attenuation,1.1274045868713092,1.1228654711917256,1.1319730662368162,0.4973007079973817,0.49327444516450164,0.5014647316767649
1226,ETTh1,4a82efae1ffe76a156a2bf948861e2da349ef1c1c994d9f24654525f47fbf14d,901d9b75b2d243b2ba3fa4ce8ae45b00,randomized_training,randomized_training,rt_spaceraw_std0.2_channelscontinuous,DLinear,DLinear,2,noise,1.0262252560822098,1.025239699577842,1.0273295612975508,0.4526702768087387,0.44905464823964986,0.45651358632203193
1227,ETTh1,4a82efae1ffe76a156a2bf948861e2da349ef1c1c994d9f24654525f47fbf14d,901d9b75b2d243b2ba3fa4ce8ae45b00,randomized_training,randomized_training,rt_spaceraw_std0.2_channelscontinuous,DLinear,DLinear,3,spike,1.0140335678980783,1.01324110499103,1.014837138098033,0.4472924956321716,0.44372399601828305,0.4510072987335548
1228,ETTh1,4a82efae1ffe76a156a2bf948861e2da349ef1c1c994d9f24654525f47fbf14d,901d9b75b2d243b2ba3fa4ce8ae45b00,randomized_training,randomized_training,rt_spaceraw_std0.2_channelscontinuous,DLinear,DLinear,4,time_stretch,1.0935557149723716,1.0901918476329038,1.0968985064410628,0.4823698942005634,0.47866727188531305,0.4862671275500581
1229,ETTh1,4a82efae1ffe76a156a2bf948861e2da349ef1c1c994d9f24654525f47fbf14d,901d9b75b2d243b2ba3fa4ce8ae45b00,randomized_training,randomized_training,rt_spaceraw_std0.2_channelscontinuous,DLinear,DLinear,5,time_compress,1.1098915955304245,1.1059476415539615,1.1136748867772603,0.4895756879873574,0.4855783442762494,0.49362501857414837
1230,ETTh1,4a82efae1ffe76a156a2bf948861e2da349ef1c1c994d9f24654525f47fbf14d,901d9b75b2d243b2ba3fa4ce8ae45b00,randomized_training,randomized_training,rt_spaceraw_std0.2_channelscontinuous,DLinear,DLinear,6,stuck_sensor,1.2572593084673873,1.2469831440450632,1.267584511169129,0.554579918795824,0.5489284944380819,0.560091310947463
1231,ETTh1,4a82efae1ffe76a156a2bf948861e2da349ef1c1c994d9f24654525f47fbf14d,901d9b75b2d243b2ba3fa4ce8ae45b00,randomized_training,randomized_training,rt_spaceraw_std0.2_channelscontinuous,DLinear,DLinear,7,missing_data,1.1882690382848926,1.1813114476779696,1.1954244948535455,0.5241481548964977,0.51958193037102,0.5285301285667717
1232,ETTh1,4a82efae1ffe76a156a2bf948861e2da349ef1c1c994d9f24654525f47fbf14d,89d78f74b7f348cb8520efbfeeb8bb0c,baseline,baseline,baseline,Chronos2,Chronos2,0,drift,1.1464647205730543,1.1422249655487378,1.150952389004203,0.568244197820127,0.5625580081530288,0.5734133853524365
1233,ETTh1,4a82efae1ffe76a156a2bf948861e2da349ef1c1c994d9f24654525f47fbf14d,89d78f74b7f348cb8520efbfeeb8bb0c,baseline,baseline,baseline,Chronos2,Chronos2,1,attenuation,1.0758943858364505,1.0719337462192375,1.0797588719499134,0.5332660754822195,0.5284594914467633,0.5383668471370824
1234,ETTh1,4a82efae1ffe76a156a2bf948861e2da349ef1c1c994d9f24654525f47fbf14d,89d78f74b7f348cb8520efbfeeb8bb0c,baseline,baseline,baseline,Chronos2,Chronos2,2,noise,1.0334578005139399,1.0311368825705176,1.0357411762527076,0.5122324204973876,0.5069901247627101,0.5171242733611353
1235,ETTh1,4a82efae1ffe76a156a2bf948861e2da349ef1c1c994d9f24654525f47fbf14d,89d78f74b7f348cb8520efbfeeb8bb0c,baseline,baseline,baseline,Chronos2,Chronos2,3,spike,1.018665899557167,1.0155912672717353,1.0223196909640346,0.50490082821846,0.49947361030185594,0.5100115339754895
1236,ETTh1,4a82efae1ffe76a156a2bf948861e2da349ef1c1c994d9f24654525f47fbf14d,89d78f74b7f348cb8520efbfeeb8bb0c,baseline,baseline,baseline,Chronos2,Chronos2,4,time_stretch,1.1809461363047142,1.1739720570034495,1.1877391088627065,0.585334880220145,0.5799245248084888,0.5910169250304438
1237,ETTh1,4a82efae1ffe76a156a2bf948861e2da349ef1c1c994d9f24654525f47fbf14d,89d78f74b7f348cb8520efbfeeb8bb0c,baseline,baseline,baseline,Chronos2,Chronos2,5,time_compress,1.1748493907183253,1.1669834740670573,1.1824756977467967,0.5823130338057876,0.5759160401717573,0.5881645424847864
1238,ETTh1,4a82efae1ffe76a156a2bf948861e2da349ef1c1c994d9f24654525f47fbf14d,89d78f74b7f348cb8520efbfeeb8bb0c,baseline,baseline,baseline,Chronos2,Chronos2,6,stuck_sensor,1.4484908927040867,1.4317783499727925,1.466136728004625,0.7179431958124042,0.708818865057733,0.7273962740616873
1239,ETTh1,4a82efae1ffe76a156a2bf948861e2da349ef1c1c994d9f24654525f47fbf14d,89d78f74b7f348cb8520efbfeeb8bb0c,baseline,baseline,baseline,Chronos2,Chronos2,7,missing_data,1.2782693772714881,1.265052608116493,1.2912791096488172,0.6335730562407523,0.6255434488417488,0.6412312615107931
1240,ETTh1,4a82efae1ffe76a156a2bf948861e2da349ef1c1c994d9f24654525f47fbf14d,5d0c98c7baa349728d577856828c860d,baseline,baseline,baseline,SeasonalNaive,SeasonalNaive,0,drift,1.1142930034164265,1.1104401059284255,1.1180048157882372,0.7064576703891158,0.698683656982854,0.7136651185365767
1241,ETTh1,4a82efae1ffe76a156a2bf948861e2da349ef1c1c994d9f24654525f47fbf14d,5d0c98c7baa349728d577856828c860d,baseline,baseline,baseline,SeasonalNaive,SeasonalNaive,1,attenuation,1.0065848756875286,1.0035321573303029,1.0098971219329036,0.6381711131155491,0.6318322926418483,0.6446099621183797
1242,ETTh1,4a82efae1ffe76a156a2bf948861e2da349ef1c1c994d9f24654525f47fbf14d,5d0c98c7baa349728d577856828c860d,baseline,baseline,baseline,SeasonalNaive,SeasonalNaive,2,noise,1.1997892775747685,1.1951201186595066,1.204996058591001,0.7606619941025973,0.7535610021767021,0.7678444869345427
1243,ETTh1,4a82efae1ffe76a156a2bf948861e2da349ef1c1c994d9f24654525f47fbf14d,5d0c98c7baa349728d577856828c860d,baseline,baseline,baseline,SeasonalNaive,SeasonalNaive,3,spike,1.1164506466367934,1.1121377849900402,1.1209653423603774,0.7078256082639098,0.7002814718950168,0.7151229538262636
1244,ETTh1,4a82efae1ffe76a156a2bf948861e2da349ef1c1c994d9f24654525f47fbf14d,5d0c98c7baa349728d577856828c860d,baseline,baseline,baseline,SeasonalNaive,SeasonalNaive,4,time_stretch,1.1191049967681086,1.1120859014764284,1.1257864754791431,0.7095084564954043,0.7016302801986039,0.7168138301003725
1245,ETTh1,4a82efae1ffe76a156a2bf948861e2da349ef1c1c994d9f24654525f47fbf14d,5d0c98c7baa349728d577856828c860d,baseline,baseline,baseline,SeasonalNaive,SeasonalNaive,5,time_compress,1.1214205069097645,1.1132522367785243,1.129057274770415,0.7109764814183116,0.702635622963123,0.719377170936577
1246,ETTh1,4a82efae1ffe76a156a2bf948861e2da349ef1c1c994d9f24654525f47fbf14d,5d0c98c7baa349728d577856828c860d,baseline,baseline,baseline,SeasonalNaive,SeasonalNaive,6,stuck_sensor,1.2221935091091358,1.2121396674942755,1.2336103790656439,0.7748661945849658,0.7660952361824737,0.783270706228353
1247,ETTh1,4a82efae1ffe76a156a2bf948861e2da349ef1c1c994d9f24654525f47fbf14d,5d0c98c7baa349728d577856828c860d,baseline,baseline,baseline,SeasonalNaive,SeasonalNaive,7,missing_data,1.287904387857477,1.2722298888313077,1.304984109602632,0.8165266502976417,0.8045276324312389,0.828731444042325
1248,ETTh1,4a82efae1ffe76a156a2bf948861e2da349ef1c1c994d9f24654525f47fbf14d,1a53c8cc92124bbb870cb1da7deebc89,revin,revin,revin_affineTrue_eps1e-5,ModernTCN,ModernTCN,0,drift,1.1700014618971353,1.165277859199596,1.1748855281746144,0.5197524194151163,0.515588073143065,0.5241130598135666
1249,ETTh1,4a82efae1ffe76a156a2bf948861e2da349ef1c1c994d9f24654525f47fbf14d,1a53c8cc92124bbb870cb1da7deebc89,revin,revin,revin_affineTrue_eps1e-5,ModernTCN,ModernTCN,1,attenuation,1.119502743404842,1.115059922635657,1.1238731654981897,0.4973192584589124,0.4936013638065383,0.5011605100722983
1250,ETTh1,4a82efae1ffe76a156a2bf948861e2da349ef1c1c994d9f24654525f47fbf14d,1a53c8cc92124bbb870cb1da7deebc89,revin,revin,revin_affineTrue_eps1e-5,ModernTCN,ModernTCN,2,noise,1.048987344697634,1.0473879964543888,1.0507946808207362,0.46599404197186234,0.4625737763701379,0.4695961488449946
1251,ETTh1,4a82efae1ffe76a156a2bf948861e2da349ef1c1c994d9f24654525f47fbf14d,1a53c8cc92124bbb870cb1da7deebc89,revin,revin,revin_affineTrue_eps1e-5,ModernTCN,ModernTCN,3,spike,1.0292741377023829,1.027732708032825,1.0307828370845638,0.4572367990419269,0.4537338935900107,0.46090866338312625
1252,ETTh1,4a82efae1ffe76a156a2bf948861e2da349ef1c1c994d9f24654525f47fbf14d,1a53c8cc92124bbb870cb1da7deebc89,revin,revin,revin_affineTrue_eps1e-5,ModernTCN,ModernTCN,4,time_stretch,1.1246718455444014,1.1204771642122968,1.1287505449639759,0.4996155404984951,0.4957274534783885,0.5036098471621051
1253,ETTh1,4a82efae1ffe76a156a2bf948861e2da349ef1c1c994d9f24654525f47fbf14d,1a53c8cc92124bbb870cb1da7deebc89,revin,revin,revin_affineTrue_eps1e-5,ModernTCN,ModernTCN,5,time_compress,1.1406258377334868,1.1358214124197645,1.1452460028975602,0.5067028188563883,0.5024611098043062,0.5107470506640523
1254,ETTh1,4a82efae1ffe76a156a2bf948861e2da349ef1c1c994d9f24654525f47fbf14d,1a53c8cc92124bbb870cb1da7deebc89,revin,revin,revin_affineTrue_eps1e-5,ModernTCN,ModernTCN,6,stuck_sensor,1.3082336001019281,1.2956586542917334,1.320550508654242,0.5811595976218581,0.574946158538796,0.5875118244700507
1255,ETTh1,4a82efae1ffe76a156a2bf948861e2da349ef1c1c994d9f24654525f47fbf14d,1a53c8cc92124bbb870cb1da7deebc89,revin,revin,revin_affineTrue_eps1e-5,ModernTCN,ModernTCN,7,missing_data,1.266731843672452,1.257810307946438,1.2758134472468148,0.5627231776542961,0.5575755823021755,0.5674618784375488
1256,ETTh1,4a82efae1ffe76a156a2bf948861e2da349ef1c1c994d9f24654525f47fbf14d,920f0d5691bd441c95bac6953be76afe,baseline,baseline,baseline,ModernTCN,ModernTCN,0,drift,1.0762990191827573,1.0732179714695673,1.0792437915211197,0.4970748977959156,0.49282060656685384,0.5013862765157968
1257,ETTh1,4a82efae1ffe76a156a2bf948861e2da349ef1c1c994d9f24654525f47fbf14d,920f0d5691bd441c95bac6953be76afe,baseline,baseline,baseline,ModernTCN,ModernTCN,1,attenuation,1.1364467104239142,1.1322582247429864,1.140671141028409,0.5248533375635743,0.5205877407602221,0.5291360670641064
1258,ETTh1,4a82efae1ffe76a156a2bf948861e2da349ef1c1c994d9f24654525f47fbf14d,920f0d5691bd441c95bac6953be76afe,baseline,baseline,baseline,ModernTCN,ModernTCN,2,noise,1.04263339816683,1.0413794238890839,1.0440801384226952,0.4815268625125289,0.4776001932892203,0.48565717286892235
1259,ETTh1,4a82efae1ffe76a156a2bf948861e2da349ef1c1c994d9f24654525f47fbf14d,920f0d5691bd441c95bac6953be76afe,baseline,baseline,baseline,ModernTCN,ModernTCN,3,spike,1.0235061069472697,1.0222582463292182,1.0248876182737243,0.47269316838234665,0.4687828622650355,0.47683009254992004
1260,ETTh1,4a82efae1ffe76a156a2bf948861e2da349ef1c1c994d9f24654525f47fbf14d,920f0d5691bd441c95bac6953be76afe,baseline,baseline,baseline,ModernTCN,ModernTCN,4,time_stretch,1.1025456664403834,1.0992392343231956,1.1057723518501186,0.5091965752020479,0.5051474158897623,0.513266991370879
1261,ETTh1,4a82efae1ffe76a156a2bf948861e2da349ef1c1c994d9f24654525f47fbf14d,920f0d5691bd441c95bac6953be76afe,baseline,baseline,baseline,ModernTCN,ModernTCN,5,time_compress,1.1270805159067465,1.1226645749190656,1.1316023738323533,0.5205276807531715,0.5160412916427851,0.5249168209862337
1262,ETTh1,4a82efae1ffe76a156a2bf948861e2da349ef1c1c994d9f24654525f47fbf14d,920f0d5691bd441c95bac6953be76afe,baseline,baseline,baseline,ModernTCN,ModernTCN,6,stuck_sensor,1.215928962419653,1.207935401810767,1.224134408373835,0.5615611962378025,0.5561880164084211,0.5668137748709321
1263,ETTh1,4a82efae1ffe76a156a2bf948861e2da349ef1c1c994d9f24654525f47fbf14d,920f0d5691bd441c95bac6953be76afe,baseline,baseline,baseline,ModernTCN,ModernTCN,7,missing_data,1.1857790152379117,1.1793032958722314,1.1925364263845533,0.5476368298240006,0.542713825239446,0.5523002069287002
1264,ETTh1,4a82efae1ffe76a156a2bf948861e2da349ef1c1c994d9f24654525f47fbf14d,7779dd45cff240eb9e920f16d674b5ab,revin,revin,revin_affineTrue_eps1e-5,GRU,GRU,0,drift,1.113722827796463,1.10991222386492,1.1174801658068512,0.5832215961650014,0.5793151871737092,0.5869693508239463
1265,ETTh1,4a82efae1ffe76a156a2bf948861e2da349ef1c1c994d9f24654525f47fbf14d,7779dd45cff240eb9e920f16d674b5ab,revin,revin,revin_affineTrue_eps1e-5,GRU,GRU,1,attenuation,1.0906796424911607,1.0869636897612207,1.094352989616755,0.5711546051874756,0.5679003112877533,0.5748512510826066
1266,ETTh1,4a82efae1ffe76a156a2bf948861e2da349ef1c1c994d9f24654525f47fbf14d,7779dd45cff240eb9e920f16d674b5ab,revin,revin,revin_affineTrue_eps1e-5,GRU,GRU,2,noise,1.0326465931952347,1.030804004255742,1.034701113990887,0.5407645235657692,0.5376655661551655,0.5442338465258479
1267,ETTh1,4a82efae1ffe76a156a2bf948861e2da349ef1c1c994d9f24654525f47fbf14d,7779dd45cff240eb9e920f16d674b5ab,revin,revin,revin_affineTrue_eps1e-5,GRU,GRU,3,spike,1.0130837093177665,1.0116739271708375,1.0145349919624904,0.5305200569212437,0.527294192610085,0.5338696031757445
1268,ETTh1,4a82efae1ffe76a156a2bf948861e2da349ef1c1c994d9f24654525f47fbf14d,7779dd45cff240eb9e920f16d674b5ab,revin,revin,revin_affineTrue_eps1e-5,GRU,GRU,4,time_stretch,1.0487405421437843,1.0461304893486483,1.0515584201647576,0.5491924181550741,0.5458714457305893,0.5524839502863214
1269,ETTh1,4a82efae1ffe76a156a2bf948861e2da349ef1c1c994d9f24654525f47fbf14d,7779dd45cff240eb9e920f16d674b5ab,revin,revin,revin_affineTrue_eps1e-5,GRU,GRU,5,time_compress,1.0549941698300926,1.0518867481501908,1.058043776852736,0.5524672461733222,0.548954024301283,0.5560574306064471
1270,ETTh1,4a82efae1ffe76a156a2bf948861e2da349ef1c1c994d9f24654525f47fbf14d,7779dd45cff240eb9e920f16d674b5ab,revin,revin,revin_affineTrue_eps1e-5,GRU,GRU,6,stuck_sensor,1.2730827378450371,1.2613538929526338,1.2842979307222697,0.6666733660161496,0.659946030061245,0.673475175010562
1271,ETTh1,4a82efae1ffe76a156a2bf948861e2da349ef1c1c994d9f24654525f47fbf14d,7779dd45cff240eb9e920f16d674b5ab,revin,revin,revin_affineTrue_eps1e-5,GRU,GRU,7,missing_data,1.1529742635624567,1.1458017552863684,1.1602835276932115,0.6037763378366828,0.5989811317232997,0.6085022522003949
1272,ETTh1,4a82efae1ffe76a156a2bf948861e2da349ef1c1c994d9f24654525f47fbf14d,36598a0f6b774ca4a4d3b82906b8927d,baseline,baseline,baseline,GRU,GRU,0,drift,0.9982363310549927,0.9962245947991555,1.0001780892304368,0.6632393766880036,0.6586756422260405,0.66721783993043
1273,ETTh1,4a82efae1ffe76a156a2bf948861e2da349ef1c1c994d9f24654525f47fbf14d,36598a0f6b774ca4a4d3b82906b8927d,baseline,baseline,baseline,GRU,GRU,1,attenuation,1.024865859081501,1.0231990281855405,1.0266413719919647,0.6809323327749968,0.6769206288982927,0.6846890455205739
1274,ETTh1,4a82efae1ffe76a156a2bf948861e2da349ef1c1c994d9f24654525f47fbf14d,36598a0f6b774ca4a4d3b82906b8927d,baseline,baseline,baseline,GRU,GRU,2,noise,1.0103589712751933,1.0094541448549168,1.0112142587399366,0.6712937943577767,0.6668468078777938,0.6751656876194477
1275,ETTh1,4a82efae1ffe76a156a2bf948861e2da349ef1c1c994d9f24654525f47fbf14d,36598a0f6b774ca4a4d3b82906b8927d,baseline,baseline,baseline,GRU,GRU,3,spike,1.00113490679294,1.0005019388419714,1.001777918110944,0.6651652228087187,0.6608585639173538,0.669069374761507
1276,ETTh1,4a82efae1ffe76a156a2bf948861e2da349ef1c1c994d9f24654525f47fbf14d,36598a0f6b774ca4a4d3b82906b8927d,baseline,baseline,baseline,GRU,GRU,4,time_stretch,1.0173101925589936,1.0148958566443749,1.0198408833651147,0.6759122634798288,0.671376776061356,0.6801797560358047
1277,ETTh1,4a82efae1ffe76a156a2bf948861e2da349ef1c1c994d9f24654525f47fbf14d,36598a0f6b774ca4a4d3b82906b8927d,baseline,baseline,baseline,GRU,GRU,5,time_compress,1.0145021934318978,1.0125193024275339,1.0166409309389721,0.6740465974718333,0.6696151126454025,0.6781491750571876
1278,ETTh1,4a82efae1ffe76a156a2bf948861e2da349ef1c1c994d9f24654525f47fbf14d,36598a0f6b774ca4a4d3b82906b8927d,baseline,baseline,baseline,GRU,GRU,6,stuck_sensor,1.0413568308768808,1.0377640752638047,1.0455168987656582,0.6918891187727452,0.6870532728954405,0.6966152619104461
1279,ETTh1,4a82efae1ffe76a156a2bf948861e2da349ef1c1c994d9f24654525f47fbf14d,36598a0f6b774ca4a4d3b82906b8927d,baseline,baseline,baseline,GRU,GRU,7,missing_data,1.0641139824735013,1.0593880911371976,1.0693072645136994,0.7070092246741057,0.7020787014432996,0.7123068550929427
1280,ETTh1,4a82efae1ffe76a156a2bf948861e2da349ef1c1c994d9f24654525f47fbf14d,9382cd57e4f64ac28bd56dd342b77d99,revin,revin,revin_affineFalse_eps1e-5,TSMixer,TSMixer,0,drift,1.1860491643919402,1.1810518342200007,1.1912925004973671,0.524788579750061,0.5203557379385828,0.5293145464535803
1281,ETTh1,4a82efae1ffe76a156a2bf948861e2da349ef1c1c994d9f24654525f47fbf14d,9382cd57e4f64ac28bd56dd342b77d99,revin,revin,revin_affineFalse_eps1e-5,TSMixer,TSMixer,1,attenuation,1.1103189501209487,1.10581776664197,1.1149404656063218,0.49128039747178553,0.4873118470909819,0.49545968055326495
1282,ETTh1,4a82efae1ffe76a156a2bf948861e2da349ef1c1c994d9f24654525f47fbf14d,9382cd57e4f64ac28bd56dd342b77d99,revin,revin,revin_affineFalse_eps1e-5,TSMixer,TSMixer,2,noise,1.0487823561576541,1.0467087911673552,1.0509705667863882,0.46405243532806634,0.460427747033909,0.468116847246401
1283,ETTh1,4a82efae1ffe76a156a2bf948861e2da349ef1c1c994d9f24654525f47fbf14d,9382cd57e4f64ac28bd56dd342b77d99,revin,revin,revin_affineFalse_eps1e-5,TSMixer,TSMixer,3,spike,1.0264950224072298,1.0250888962468891,1.0279142422363008,0.4541910075083375,0.45054734282325953,0.45825776333663615
1284,ETTh1,4a82efae1ffe76a156a2bf948861e2da349ef1c1c994d9f24654525f47fbf14d,9382cd57e4f64ac28bd56dd342b77d99,revin,revin,revin_affineFalse_eps1e-5,TSMixer,TSMixer,4,time_stretch,1.1089709713630647,1.104513663214547,1.1134568320314673,0.4906839602589607,0.48685689591187986,0.4949446456496045
1285,ETTh1,4a82efae1ffe76a156a2bf948861e2da349ef1c1c994d9f24654525f47fbf14d,9382cd57e4f64ac28bd56dd342b77d99,revin,revin,revin_affineFalse_eps1e-5,TSMixer,TSMixer,5,time_compress,1.1251945139710349,1.1193636198542227,1.1302562255646562,0.4978623556740582,0.493310883446578,0.5021745408933052
1286,ETTh1,4a82efae1ffe76a156a2bf948861e2da349ef1c1c994d9f24654525f47fbf14d,9382cd57e4f64ac28bd56dd342b77d99,revin,revin,revin_affineFalse_eps1e-5,TSMixer,TSMixer,6,stuck_sensor,1.3259035173456337,1.3120258283051194,1.3394385756963076,0.5866696294248104,0.5799182063689082,0.5934179873847961
1287,ETTh1,4a82efae1ffe76a156a2bf948861e2da349ef1c1c994d9f24654525f47fbf14d,9382cd57e4f64ac28bd56dd342b77d99,revin,revin,revin_affineFalse_eps1e-5,TSMixer,TSMixer,7,missing_data,1.2398543597583787,1.2301905729851517,1.2496271610789746,0.5485956468660385,0.5429867021883372,0.5538344874197245
1288,ETTh1,4a82efae1ffe76a156a2bf948861e2da349ef1c1c994d9f24654525f47fbf14d,2d589960c4334ac5adff37c302ad60ee,baseline,baseline,baseline,TSMixer,TSMixer,0,drift,1.048024707337104,1.0452379680039738,1.0508159318732404,0.4976633469969034,0.49364291304800656,0.5018072940593213
1289,ETTh1,4a82efae1ffe76a156a2bf948861e2da349ef1c1c994d9f24654525f47fbf14d,2d589960c4334ac5adff37c302ad60ee,baseline,baseline,baseline,TSMixer,TSMixer,1,attenuation,1.105170410101749,1.1013282510669171,1.108997113543035,0.5247994645953178,0.5208242416144535,0.5290431276268139
1290,ETTh1,4a82efae1ffe76a156a2bf948861e2da349ef1c1c994d9f24654525f47fbf14d,2d589960c4334ac5adff37c302ad60ee,baseline,baseline,baseline,TSMixer,TSMixer,2,noise,1.0527740696653665,1.050814618202155,1.0547327955260688,0.4999186216443777,0.49621617003027346,0.5039535214694217
1291,ETTh1,4a82efae1ffe76a156a2bf948861e2da349ef1c1c994d9f24654525f47fbf14d,2d589960c4334ac5adff37c302ad60ee,baseline,baseline,baseline,TSMixer,TSMixer,3,spike,1.0300129900247421,1.0284824587072847,1.0316213229456208,0.48911033153831956,0.48525357925061136,0.4931970463966951
1292,ETTh1,4a82efae1ffe76a156a2bf948861e2da349ef1c1c994d9f24654525f47fbf14d,2d589960c4334ac5adff37c302ad60ee,baseline,baseline,baseline,TSMixer,TSMixer,4,time_stretch,1.0776538077093682,1.0743709890005886,1.0809759813638131,0.511732974512875,0.5076684383735434,0.5158581914377958
1293,ETTh1,4a82efae1ffe76a156a2bf948861e2da349ef1c1c994d9f24654525f47fbf14d,2d589960c4334ac5adff37c302ad60ee,baseline,baseline,baseline,TSMixer,TSMixer,5,time_compress,1.0978716115724214,1.0936420950693613,1.102134359039107,0.5213335687249899,0.5169392332133278,0.5255959432211146
1294,ETTh1,4a82efae1ffe76a156a2bf948861e2da349ef1c1c994d9f24654525f47fbf14d,2d589960c4334ac5adff37c302ad60ee,baseline,baseline,baseline,TSMixer,TSMixer,6,stuck_sensor,1.1688347780184012,1.1616646559276154,1.1766203354310056,0.5550310251682997,0.549884921493642,0.5598644565667584
1295,ETTh1,4a82efae1ffe76a156a2bf948861e2da349ef1c1c994d9f24654525f47fbf14d,2d589960c4334ac5adff37c302ad60ee,baseline,baseline,baseline,TSMixer,TSMixer,7,missing_data,1.1661320509384496,1.160125863287557,1.172565348164374,0.5537476124823093,0.5489294683090598,0.5585266452108696
1296,ETTh1,4a82efae1ffe76a156a2bf948861e2da349ef1c1c994d9f24654525f47fbf14d,4f6886bbe567453abf068751c5dd47a4,revin,revin,revin_affineTrue_eps1e-5,DLinear,DLinear,0,drift,1.1600360498392808,1.1554502773000128,1.1647870369389957,0.5193523025140167,0.5150196066286415,0.5237349518996104
1297,ETTh1,4a82efae1ffe76a156a2bf948861e2da349ef1c1c994d9f24654525f47fbf14d,4f6886bbe567453abf068751c5dd47a4,revin,revin,revin_affineTrue_eps1e-5,DLinear,DLinear,1,attenuation,1.112427459319533,1.108011366881427,1.1169793445674687,0.498037765686214,0.49393953094638887,0.5022151723396777
1298,ETTh1,4a82efae1ffe76a156a2bf948861e2da349ef1c1c994d9f24654525f47fbf14d,4f6886bbe567453abf068751c5dd47a4,revin,revin,revin_affineTrue_eps1e-5,DLinear,DLinear,2,noise,1.0500750945784,1.0484291094784635,1.0518524438138146,0.47012238822877406,0.46631464846126736,0.47412248522687706
1299,ETTh1,4a82efae1ffe76a156a2bf948861e2da349ef1c1c994d9f24654525f47fbf14d,4f6886bbe567453abf068751c5dd47a4,revin,revin,revin_affineTrue_eps1e-5,DLinear,DLinear,3,spike,1.0275911417894095,1.0254664651405103,1.029754940666877,0.46005624187737704,0.45599395552311095,0.4641106361763552
1300,ETTh1,4a82efae1ffe76a156a2bf948861e2da349ef1c1c994d9f24654525f47fbf14d,4f6886bbe567453abf068751c5dd47a4,revin,revin,revin_affineTrue_eps1e-5,DLinear,DLinear,4,time_stretch,1.0950165166716748,1.0915336709140417,1.098545161320376,0.4902428241804242,0.48626482907682655,0.49435527205225077
1301,ETTh1,4a82efae1ffe76a156a2bf948861e2da349ef1c1c994d9f24654525f47fbf14d,4f6886bbe567453abf068751c5dd47a4,revin,revin,revin_affineTrue_eps1e-5,DLinear,DLinear,5,time_compress,1.1178355722187037,1.1134302345742486,1.1219655884532724,0.5004589972391724,0.49614844157662247,0.5047588813517988
1302,ETTh1,4a82efae1ffe76a156a2bf948861e2da349ef1c1c994d9f24654525f47fbf14d,4f6886bbe567453abf068751c5dd47a4,revin,revin,revin_affineTrue_eps1e-5,DLinear,DLinear,6,stuck_sensor,1.2896153493674019,1.2775776665748642,1.3020160460904142,0.5773654199317098,0.5709560192510857,0.5837086636664719
1303,ETTh1,4a82efae1ffe76a156a2bf948861e2da349ef1c1c994d9f24654525f47fbf14d,4f6886bbe567453abf068751c5dd47a4,revin,revin,revin_affineTrue_eps1e-5,DLinear,DLinear,7,missing_data,1.2027300417848443,1.1949099723303318,1.2107124776535698,0.5384665559232235,0.5336514620476402,0.5431077729043923
1304,ETTh1,4a82efae1ffe76a156a2bf948861e2da349ef1c1c994d9f24654525f47fbf14d,2c53c17080c14c5aaa939b6c45fbe0a3,baseline,baseline,baseline,DLinear,DLinear,0,drift,1.1196123932944662,1.1158988885454373,1.1233669155880033,0.49024632136374713,0.4862478721867874,0.4944552126445994
1305,ETTh1,4a82efae1ffe76a156a2bf948861e2da349ef1c1c994d9f24654525f47fbf14d,2c53c17080c14c5aaa939b6c45fbe0a3,baseline,baseline,baseline,DLinear,DLinear,1,attenuation,1.1261540353298214,1.1214876802767118,1.130907572832582,0.4931107197597623,0.48901200452830645,0.49719827808864414
1306,ETTh1,4a82efae1ffe76a156a2bf948861e2da349ef1c1c994d9f24654525f47fbf14d,2c53c17080c14c5aaa939b6c45fbe0a3,baseline,baseline,baseline,DLinear,DLinear,2,noise,1.0465632140742847,1.0450660438880286,1.0482220344227835,0.4582601700797677,0.4545811464569345,0.46217728119369594
1307,ETTh1,4a82efae1ffe76a156a2bf948861e2da349ef1c1c994d9f24654525f47fbf14d,2c53c17080c14c5aaa939b6c45fbe0a3,baseline,baseline,baseline,DLinear,DLinear,3,spike,1.0253227877289133,1.023538413351154,1.0271714026211514,0.4489595934316516,0.4451853254645318,0.4528516518451273
1308,ETTh1,4a82efae1ffe76a156a2bf948861e2da349ef1c1c994d9f24654525f47fbf14d,2c53c17080c14c5aaa939b6c45fbe0a3,baseline,baseline,baseline,DLinear,DLinear,4,time_stretch,1.091623915667942,1.088209443390803,1.0949730624729705,0.47799096560031173,0.47429003461625424,0.48178440501440317
1309,ETTh1,4a82efae1ffe76a156a2bf948861e2da349ef1c1c994d9f24654525f47fbf14d,2c53c17080c14c5aaa939b6c45fbe0a3,baseline,baseline,baseline,DLinear,DLinear,5,time_compress,1.1113848600446201,1.107405964474233,1.1152961466702842,0.4866437193080783,0.4826096425366402,0.49073004102502016
1310,ETTh1,4a82efae1ffe76a156a2bf948861e2da349ef1c1c994d9f24654525f47fbf14d,2c53c17080c14c5aaa939b6c45fbe0a3,baseline,baseline,baseline,DLinear,DLinear,6,stuck_sensor,1.2507785894272812,1.2406724980294024,1.2607403026116573,0.54768025611341,0.542018803274408,0.55314235665977
1311,ETTh1,4a82efae1ffe76a156a2bf948861e2da349ef1c1c994d9f24654525f47fbf14d,2c53c17080c14c5aaa939b6c45fbe0a3,baseline,baseline,baseline,DLinear,DLinear,7,missing_data,1.1806904905824613,1.173716561741752,1.187699268283385,0.5169906774379313,0.5124290778673254,0.5212930110144988
